time(millisecond),datetime(utc),aligned_time_s,aligned_phase,ideal_flight_phase,original_time(millisecond),original_datetime(utc),original_height_above_takeoff(feet),height_above_ground_at_drone_location(feet),ground_elevation_at_drone_location(feet),original_altitude_above_seaLevel(feet),original_height_sonar(feet),original_speed(mph),distance(feet),mileage(feet),satellites,gpslevel,voltage(v),max_altitude(feet),max_ascent(feet),max_speed(mph),max_distance(feet),xSpeed(mph),ySpeed(mph),original_zSpeed(mph),compass_heading(degrees),original_pitch(degrees),original_roll(degrees),wind_speed(mph),wind_direction(degrees),isPhoto,isVideo,rc_elevator,rc_aileron,rc_throttle,rc_rudder,rc_elevator(percent),rc_aileron(percent),rc_throttle(percent),rc_rudder(percent),gimbal_heading(degrees),gimbal_pitch(degrees),gimbal_roll(degrees),battery_percent,voltageCell1,voltageCell2,voltageCell3,voltageCell4,voltageCell5,voltageCell6,current(A),battery_temperature(f),original_altitude(feet),original_ascent(feet),flycStateRaw,flycState,height_above_takeoff(feet),height_above_takeoff(m),ascent(feet),altitude(feet),altitude_above_seaLevel(feet),height_sonar(feet),zSpeed(mph),speed(mph),pitch(degrees),roll(degrees),estimated_pack_voltage(V),estimated_power(W)
0,2026-05-09 10:19:28.000,0.0,0.0,ground,0,2026-05-09 10:19:28,0.0,Available with any HD 360 subscription,Available with any HD 360 subscription,-11.885298608676,0.0,0.0,0.0,0.0,15,5,0.0,0.0,0.0,0.0,0.0,0.0,0.0,0.0,13.5,6.7,-1.6,Available with Enterprise subscription,,0,0,1024,1024,1024,1024,0,0,0,0,21.3,0.0,0,58,3.767,3.764,3.764,3.764,0,0,0.0,74.66,-11.885298608676,0.0,6,P-GPS,0.0,0.0,0.0,-11.885298608676,-11.885298608676,0.0,0.0,0.0,6.7,-1.6,15.059,0.0
100,2026-05-09 10:19:28.100,0.1,0.001890359168241966,ground,100,2026-05-09 10:19:28,0.0,,,-11.885298608676,0.0,0.0,0.00587188339,0.00587188339,15,5,0.0,0.0,0.0,0.0,0.00587188339,0.0,0.0,0.0,13.5,6.7,-1.6,,,0,0,1024,1024,1024,1024,0,0,0,0,21.3,0.0,0,58,3.767,3.764,3.764,3.764,0,0,0.0,74.66,-11.885298608676,0.0,41,Motors_Started,0.0,0.0,0.0,-11.885298608676,-11.885298608676,0.0,0.0,0.0,6.7,-1.6,15.059,0.0
200,2026-05-09 10:19:28.200,0.2,0.003780718336483932,ground,200,2026-05-09 10:19:28,0.0,,,-11.885298608676,0.0,0.0,0.111436355272,0.112156171568,15,5,0.0,0.0,0.0,0.0,0.111436355272,0.0,0.0,0.0,13.5,6.7,-1.6,,,0,0,1024,1024,1024,1024,0,0,0,0,21.3,0.0,0,58,3.767,3.764,3.764,3.764,0,0,0.0,74.66,-11.885298608676,0.0,41,Motors_Started,0.0,0.0,0.0,-11.885298608676,-11.885298608676,0.0,0.0,0.0,6.7,-1.6,15.059,0.0
300,2026-05-09 10:19:28.300,0.3,0.005671077504725898,ground,300,2026-05-09 10:19:28,0.0,,,-11.885298608676,0.328084,0.0,0.124084321556,0.124934059116,15,5,0.0,0.0,0.0,0.0,0.124084321556,0.0,0.0,0.0,13.5,6.7,-1.6,,,0,0,1024,1024,1024,1024,0,0,0,0,21.3,0.0,0,58,3.767,3.764,3.764,3.764,0,0,0.0,74.66,-11.885298608676,0.0,41,Motors_Started,0.0,0.0,0.0,-11.885298608676,-11.885298608676,0.0,0.0,0.0,6.7,-1.6,15.059,0.0
400,2026-05-09 10:19:28.400,0.4,0.007561436672967864,ground,400,2026-05-09 10:19:28,0.0,,,-11.885298608676,0.328084,0.0,0.146375332768,0.150954401156,15,5,0.0,0.0,0.0,0.0,0.146375332768,0.0,0.0,0.0,13.5,6.7,-1.6,,,0,0,1024,1024,1024,1024,0,0,0,0,21.3,0.0,0,58,3.767,3.764,3.764,3.764,0,0,0.0,74.66,-11.885298608676,0.0,41,Motors_Started,0.0,0.0,0.0,-11.885298608676,-11.885298608676,0.0,0.0,0.0,6.7,-1.6,15.059,0.0
500,2026-05-09 10:19:28.500,0.5,0.00945179584120983,ground,500,2026-05-09 10:19:28,0.0,,,-11.885298608676,0.328084,0.0,0.154456697856,0.161332354244,15,5,0.0,0.0,0.0,0.0,0.154456697856,0.0,0.0,0.0,13.5,6.7,-1.6,,,0,0,1024,1024,1024,1024,0,0,0,0,21.3,0.0,0,58,3.767,3.764,3.764,3.764,0,0,0.0,74.66,-11.885298608676,0.0,41,Motors_Started,0.0,0.0,0.0,-11.885298608676,-11.885298608676,0.0,0.0,0.0,6.7,-1.6,15.059,0.0
600,2026-05-09 10:19:28.600,0.6,0.011342155009451797,ground,600,2026-05-09 10:19:28,0.0,,,-11.885298608676,0.328084,0.0,0.2225803877,0.234678813284,15,5,0.0,0.0,0.0,0.0,0.2225803877,0.0,0.0,0.0,13.4,6.8,-1.6,,,0,0,1024,1024,1024,1024,0,0,0,0,21.3,0.0,0,58,3.767,3.764,3.764,3.764,0,0,0.0,74.66,-11.885298608676,0.0,41,Motors_Started,0.0,0.0,0.0,-11.885298608676,-11.885298608676,0.0,0.0,0.0,6.8,-1.6,15.059,0.0
700,2026-05-09 10:19:28.700,0.7,0.013232514177693762,ground,700,2026-05-09 10:19:28,0.0,,,-11.885298608676,0.328084,0.0,0.238342527312,0.251334325628,15,5,0.0,0.0,0.0,0.0,0.238342527312,0.0,0.0,0.0,13.5,6.7,-1.5,,,0,0,1024,1024,1024,1024,0,0,0,0,21.3,0.0,0,58,3.767,3.764,3.764,3.764,0,0,0.0,74.66,-11.885298608676,0.0,41,Motors_Started,0.0,0.0,0.0,-11.885298608676,-11.885298608676,0.0,0.0,0.0,6.7,-1.5,15.059,0.0
800,2026-05-09 10:19:28.800,0.8,0.015122873345935728,ground,800,2026-05-09 10:19:29,0.0,,,-11.885298608676,0.328084,0.0,0.295655849356,0.313746073032,15,5,0.0,0.0,0.0,0.0,0.295655849356,0.0,0.0,0.0,13.5,6.7,-1.5,,,0,0,1024,1024,1024,1024,0,0,0,0,21.3,0.0,0,58,3.767,3.764,3.764,3.764,0,0,0.0,74.66,-11.885298608676,0.0,41,Motors_Started,0.0,0.0,0.0,-11.885298608676,-11.885298608676,0.0,0.0,0.0,6.7,-1.5,15.059,0.0
900,2026-05-09 10:19:28.900,0.8999999999999999,0.017013232514177693,ground,900,2026-05-09 10:19:29,0.0,,,-11.885298608676,0.328084,0.0,0.303866807624,0.321992792456,15,5,0.0,0.0,0.0,0.0,0.303866807624,0.0,0.0,0.0,13.5,6.7,-1.5,,,0,0,1024,1024,1024,1024,0,0,0,0,21.3,0.0,0,58,3.767,3.764,3.764,3.764,0,0,0.0,74.66,-11.885298608676,0.0,41,Motors_Started,0.0,0.0,0.0,-11.885298608676,-11.885298608676,0.0,0.0,0.0,6.7,-1.5,15.059,0.0
1000,2026-05-09 10:19:29.000,1.0,0.01890359168241966,ground,1000,2026-05-09 10:19:29,0.0,,,-11.885298608676,0.328084,0.0,0.33404200544,0.35471785912,15,5,0.0,0.0,0.0,0.0,0.33404200544,0.0,0.0,0.0,13.5,6.7,-1.6,,,0,0,1024,1024,1024,1024,0,0,0,0,21.3,0.0,0,58,3.767,3.764,3.764,3.764,0,0,0.0,74.66,-11.885298608676,0.0,41,Motors_Started,0.0,0.0,0.0,-11.885298608676,-11.885298608676,0.0,0.0,0.0,6.7,-1.6,15.059,0.0
1100,2026-05-09 10:19:29.100,1.1,0.020793950850661626,ground,1100,2026-05-09 10:19:29,0.0,,,-11.885298608676,0.328084,0.0,0.307868776256,0.3855151042,15,5,0.0,0.0,0.0,0.0,0.33404200544,0.0,0.0,0.0,13.5,6.7,-1.6,,,0,0,1024,1024,1024,1024,0,0,0,0,21.3,0.0,0,58,3.767,3.764,3.764,3.764,0,0,0.0,74.66,-11.885298608676,0.0,41,Motors_Started,0.0,0.0,0.0,-11.885298608676,-11.885298608676,0.0,0.0,0.0,6.7,-1.6,15.059,0.0
1200,2026-05-09 10:19:29.200,1.2,0.022684310018903593,ground,1200,2026-05-09 10:19:29,0.0,,,-11.885298608676,0.328084,0.0,0.42164043344,0.49994096088,15,5,0.0,0.0,0.0,0.0,0.42164043344,0.0,0.0,0.0,13.5,6.7,-1.6,,,0,0,1024,1024,1024,1024,0,0,0,0,21.3,0.0,0,58,3.767,3.764,3.764,3.764,0,0,0.0,74.66,-11.885298608676,0.0,41,Motors_Started,0.0,0.0,0.0,-11.885298608676,-11.885298608676,0.0,0.0,0.0,6.7,-1.6,15.059,0.0
1300,2026-05-09 10:19:29.300,1.3,0.02457466918714556,ground,1300,2026-05-09 10:19:29,0.0,,,-11.885298608676,0.328084,0.0,0.42615815012,0.50466208964,15,5,0.0,0.0,0.0,0.0,0.42615815012,0.0,0.0,0.0,13.5,6.7,-1.6,,,0,0,1024,1024,1024,1024,0,0,0,0,21.3,0.0,0,58,3.767,3.764,3.764,3.764,0,0,0.0,74.66,-11.885298608676,0.0,41,Motors_Started,0.0,0.0,0.0,-11.885298608676,-11.885298608676,0.0,0.0,0.0,6.7,-1.6,15.059,0.0
1400,2026-05-09 10:19:29.400,1.4,0.026465028355387523,ground,1400,2026-05-09 10:19:29,0.0,,,-11.885298608676,0.328084,0.0,0.50927166984,0.58779857524,15,5,0.0,0.0,0.0,0.0,0.50927166984,0.0,0.0,0.0,13.5,6.7,-1.6,,,0,0,1024,1024,1024,1024,0,0,0,0,21.3,0.0,0,58,3.767,3.764,3.764,3.764,0,0,0.0,74.66,-11.885298608676,0.0,41,Motors_Started,0.0,0.0,0.0,-11.885298608676,-11.885298608676,0.0,0.0,0.0,6.7,-1.6,15.059,0.0
1500,2026-05-09 10:19:29.500,1.5,0.02835538752362949,ground,1500,2026-05-09 10:19:29,0.0,,,-11.885298608676,0.328084,0.0,0.51606957032,0.59546589832,15,5,0.0,0.0,0.0,0.0,0.51606957032,0.0,0.0,0.0,13.5,6.7,-1.6,,,0,0,1024,1024,1024,1024,0,0,0,0,21.3,0.0,0,58,3.767,3.764,3.764,3.764,0,0,0.0,74.66,-11.885298608676,0.0,41,Motors_Started,0.0,0.0,0.0,-11.885298608676,-11.885298608676,0.0,0.0,0.0,6.7,-1.6,15.059,0.0
1600,2026-05-09 10:19:29.600,1.6,0.030245746691871456,ground,1600,2026-05-09 10:19:29,0.0,,,-11.885298608676,0.328084,0.0,0.57533794492,0.65829070348,15,5,0.0,0.0,0.0,0.0,0.57533794492,0.0,0.0,0.0,13.5,6.7,-1.6,,,0,0,1024,1024,1024,1024,0,0,0,0,21.3,0.0,0,58,3.767,3.764,3.764,3.764,0,0,0.0,74.66,-11.885298608676,0.0,11,AutoTakeoff,0.0,0.0,0.0,-11.885298608676,-11.885298608676,0.0,0.0,0.0,6.7,-1.6,15.059,0.0
1700,2026-05-09 10:19:29.700,1.7,0.03213610586011342,ground,1700,2026-05-09 10:19:29,0.0,,,-11.885298608676,0.328084,0.0,0.58640421824,0.66983597944,15,5,0.0,0.0,0.0,0.0,0.58640421824,0.0,0.0,0.0,13.5,6.7,-1.6,,,0,0,1024,1024,1024,1024,0,0,0,0,21.3,0.0,0,58,3.767,3.764,3.764,3.764,0,0,0.0,74.66,-11.885298608676,0.0,11,AutoTakeoff,0.0,0.0,0.0,-11.885298608676,-11.885298608676,0.0,0.0,0.0,6.7,-1.6,15.059,0.0
1800,2026-05-09 10:19:29.800,1.7999999999999998,0.034026465028355386,ground,1800,2026-05-09 10:19:30,0.0,,,-11.885298608676,0.328084,0.0,0.61814634524,0.7128609152,15,5,0.0,0.0,0.0,0.0,0.61814634524,0.0,0.0,0.0,13.4,6.7,-1.6,,,0,0,1024,1024,1024,1024,0,0,0,0,21.3,0.0,0,58,3.767,3.764,3.764,3.764,0,0,0.0,74.66,-11.885298608676,0.0,11,AutoTakeoff,0.0,0.0,0.0,-11.885298608676,-11.885298608676,0.0,0.0,0.0,6.7,-1.6,15.059,0.0
1900,2026-05-09 10:19:29.900,1.8999999999999997,0.03591682419659735,ground,1900,2026-05-09 10:19:30,0.0,,,-11.885298608676,0.328084,0.0,0.626558419,0.721374695,15,5,15.131,0.0,0.0,0.0,0.626558419,0.0,0.0,0.0,13.3,6.6,-1.7,,,0,0,1024,1024,1024,1024,0,0,0,0,21.3,0.0,0,58,3.78,3.778,3.781,3.784,0,0,1.512,74.66,-11.885298608676,0.0,11,AutoTakeoff,0.0,0.0,0.0,-11.885298608676,-11.885298608676,0.0,0.0,0.0,6.6,-1.7,15.131,22.878072
2000,2026-05-09 10:19:30.000,2.0,0.03780718336483932,ground,2000,2026-05-09 10:19:30,0.0,,,-11.885298608676,0.328084,0.0,0.66997049388,0.77365159956,15,5,15.131,0.0,0.0,0.0,0.66997049388,0.0,0.0,0.0,12.9,5.9,-1.7,,,0,0,1024,1024,1024,1024,0,0,0,0,21.3,0.0,0,58,3.78,3.778,3.781,3.784,0,0,1.512,74.66,-11.885298608676,0.0,11,AutoTakeoff,0.0,0.0,0.0,-11.885298608676,-11.885298608676,0.0,0.0,0.0,5.9,-1.7,15.131,22.878072
2100,2026-05-09 10:19:30.100,2.1,0.03969754253308129,ground,2100,2026-05-09 10:19:30,0.0,,,-11.885298608676,0.328084,0.0,0.65679792128,0.7954068496,15,5,15.131,0.0,0.0,0.0,0.66997049388,0.0,0.0,0.0,12.6,2.4,-1.6,,,0,0,1024,1024,1024,1024,0,0,0,0,21.3,0.0,0,58,3.78,3.778,3.781,3.784,0,0,1.512,74.66,-11.885298608676,0.0,11,AutoTakeoff,0.0,0.0,0.0,-11.885298608676,-11.885298608676,0.0,0.0,0.0,2.4,-1.6,15.131,22.878072
2200,2026-05-09 10:19:30.200,2.2,0.04158790170132325,ground,2200,2026-05-09 10:19:30,0.0,,,-11.885298608676,0.328084,0.0,0.69254595392,0.8383038326,15,5,15.131,0.0,0.0,0.0,0.69254595392,0.0,0.0,-0.223694,12.8,-0.5,-0.8,,,0,0,1024,1024,1024,1024,0,0,0,0,21.3,0.0,0,58,3.78,3.778,3.781,3.784,0,0,1.512,74.66,-11.885298608676,0.0,11,AutoTakeoff,0.0,0.0,0.0,-11.885298608676,-11.885298608676,0.0,0.0,0.0,-0.5,-0.8,15.131,22.878072
2300,2026-05-09 10:19:30.300,2.3,0.043478260869565216,ground,2300,2026-05-09 10:19:30,0.0,,,-11.885298608676,0.328084,0.0,0.67325789556,0.86371721924,15,5,15.131,0.0,0.0,0.0,0.69254595392,0.0,0.0,-0.671082,13.4,-1.1,-0.1,,,0,0,1024,1024,1024,1024,0,0,0,0,21.3,0.0,0,58,3.78,3.778,3.781,3.784,0,0,1.512,74.66,-11.885298608676,0.0,11,AutoTakeoff,0.0,0.0,0.0,-11.885298608676,-11.885298608676,0.0,0.0,0.0,-1.1,-0.1,15.131,22.878072
2400,2026-05-09 10:19:30.400,2.4,0.045368620037807186,ground,2400,2026-05-09 10:19:30,0.0,,,-11.885298608676,0.656168,0.0,0.61545933728,0.96138126436,15,5,15.131,0.0,0.0,0.0,0.69254595392,0.0,0.0,-1.11847,13.5,-0.9,0.0,,,0,0,1024,1024,1024,1024,0,0,0,0,21.3,0.0,0,58,3.78,3.778,3.781,3.784,0,0,1.512,74.66,-11.885298608676,0.0,11,AutoTakeoff,0.0,0.0,0.0,-11.885298608676,-11.885298608676,0.0,0.0,0.0,-0.9,0.0,15.131,22.878072
2500,2026-05-09 10:19:30.500,2.5,0.04725897920604915,ground,2500,2026-05-09 10:19:30,0.328084,,,-11.557214608676,0.656168,0.0,0.5869750844,0.99232614724,15,5,15.131,0.0,0.328084,0.0,0.69254595392,0.0,0.0,-1.11847,13.5,-0.6,0.0,,,0,0,1024,1024,1024,1024,0,0,0,0,21.3,0.0,0,58,3.78,3.778,3.781,3.784,0,0,1.512,74.66,-11.557214608676,0.328084,11,AutoTakeoff,0.0,0.0,0.0,-11.885298608676,-11.885298608676,0.0,0.0,0.0,-0.6,0.0,15.131,22.878072
2600,2026-05-09 10:19:30.600,2.6,0.04914933837429112,ground,2600,2026-05-09 10:19:30,0.656168,,,-11.229130608676,0.984252,0.0,0.61579398296,1.1209646028,15,5,15.131,0.0,0.656168,0.0,0.69254595392,0.0,0.0,-1.11847,13.6,-0.4,0.0,,,0,0,1024,1024,1024,1024,0,0,0,0,21.3,0.0,0,58,3.78,3.778,3.781,3.784,0,0,1.512,74.66,-11.229130608676,0.656168,11,AutoTakeoff,0.0,0.0,0.0,-11.885298608676,-11.885298608676,0.0,0.0,0.0,-0.4,0.0,15.131,22.878072
2700,2026-05-09 10:19:30.700,2.7,0.05103969754253308,ground,2700,2026-05-09 10:19:30,0.656168,,,-11.229130608676,0.984252,0.0,0.56679463756,1.17408796408,15,5,15.131,0.0,0.656168,0.0,0.69254595392,0.0,0.0,-1.11847,13.5,-0.3,0.0,,,0,0,1024,1024,1024,1024,0,0,0,0,21.3,0.0,0,58,3.78,3.778,3.781,3.784,0,0,1.512,74.66,-11.229130608676,0.656168,11,AutoTakeoff,0.0,0.0,0.0,-11.885298608676,-11.885298608676,0.0,0.0,0.0,-0.3,0.0,15.131,22.878072
2800,2026-05-09 10:19:30.800,2.8,0.052930056710775046,ground,2800,2026-05-09 10:19:31,0.984252,,,-10.901046608676,0.984252,0.0,0.66258860388,1.27223101184,15,5,15.131,0.0,0.984252,0.0,0.69254595392,0.0,0.0,-0.894776,13.5,-0.8,0.3,,,0,0,1024,1024,1024,1024,0,0,0,0,21.3,0.0,0,58,3.78,3.778,3.781,3.784,0,0,1.512,74.66,-10.901046608676,0.984252,11,AutoTakeoff,0.0,0.0,0.0,-11.885298608676,-11.885298608676,0.0,0.0,0.0,-0.8,0.3,15.131,22.878072
2900,2026-05-09 10:19:30.900,2.9,0.054820415879017016,ground,2900,2026-05-09 10:19:31,0.984252,,,-10.901046608676,1.312336,0.0,0.63190946904,1.31510174812,15,5,15.134,0.0,0.984252,0.0,0.69254595392,0.0,0.0,-0.894776,13.6,-1.2,0.6,,,0,0,1024,1024,1024,1024,0,0,0,0,21.3,0.0,0,58,3.755,3.751,3.748,3.744,0,0,2.835,74.66,-10.901046608676,0.984252,11,AutoTakeoff,0.0,0.0,0.0,-11.885298608676,-11.885298608676,0.0,0.0,0.0,-1.2,0.6,15.134,42.90489
3000,2026-05-09 10:19:31.000,3.0,0.05671077504725898,ascent,3000,2026-05-09 10:19:31,1.312336,,,-10.572962608676,1.312336,0.0,0.72420934076,1.43805122712,15,5,15.134,0.0,1.312336,0.0,0.72420934076,0.0,0.0,-0.894776,13.6,-1.1,0.6,,,0,0,1024,1024,1024,1024,0,0,0,0,21.3,0.0,0,58,3.755,3.751,3.748,3.744,0,0,2.835,74.66,-10.572962608676,1.312336,11,AutoTakeoff,0.0,0.0,0.0,-11.885298608676,-11.885298608676,0.0,0.0,0.0,0.0,0.0,15.134,42.90489
3100,2026-05-09 10:19:31.100,3.1,0.05860113421550095,ascent,3100,2026-05-09 10:19:31,1.312336,,,-10.572962608676,1.64042,0.0,0.7233596032,1.45221133256,15,5,15.134,0.0,1.312336,0.0,0.72420934076,0.0,0.0,-0.894776,13.6,-0.9,0.2,,,0,0,1024,1024,1024,1024,0,0,0,0,21.3,0.0,0,58,3.755,3.751,3.748,3.744,0,0,2.835,74.66,-10.572962608676,1.312336,11,AutoTakeoff,0.11444790331441151,0.034883720930232634,0.11444790331441151,-11.770850705361589,-11.770850705361589,0.11444790331441151,0.7803266135073504,0.7803266135073504,0.0,0.0,15.134,42.90489
3200,2026-05-09 10:19:31.200,3.2,0.06049149338374291,ascent,3200,2026-05-09 10:19:31,1.64042,,,-10.244878608676,1.64042,0.0,0.73637141464,1.46538390516,15,5,15.134,0.0,1.64042,0.0,0.73637141464,0.0,0.0,-0.894776,13.6,-0.9,0.0,,,0,0,1024,1024,1024,1024,0,0,0,0,21.3,0.0,0,58,3.755,3.751,3.748,3.744,0,0,2.835,74.66,-10.244878608676,1.64042,11,AutoTakeoff,0.2288958066288226,0.06976744186046513,0.2288958066288226,-11.656402802047179,-11.656402802047179,0.2288958066288226,0.7803266135073477,0.7803266135073477,0.0,0.0,15.134,42.90489
3300,2026-05-09 10:19:31.300,3.3,0.062381852551984876,ascent,3300,2026-05-09 10:19:31,1.64042,,,-10.244878608676,1.968504,0.0,0.74539700548,1.48287734404,15,5,15.134,0.0,1.64042,0.0,0.74539700548,0.0,0.0,-0.894776,13.6,-1.0,-0.1,,,0,0,1024,1024,1024,1024,0,0,0,0,21.3,0.0,0,58,3.755,3.751,3.748,3.744,0,0,2.835,74.66,-10.244878608676,1.64042,11,AutoTakeoff,0.3433437099432337,0.10465116279069764,0.3433437099432337,-11.541954898732767,-11.541954898732767,0.3433437099432337,0.7803266135073511,0.7803266135073511,0.0,0.0,15.134,42.90489
3400,2026-05-09 10:19:31.400,3.4,0.06427221172022685,ascent,3400,2026-05-09 10:19:31,1.64042,,,-10.244878608676,1.968504,0.0,0.74013781896,1.53377301496,15,5,15.134,0.0,1.64042,0.0,0.74539700548,0.0,0.0,-0.894776,13.6,-0.9,-0.2,,,0,0,1024,1024,1024,1024,0,0,0,0,21.3,0.0,0,58,3.755,3.751,3.748,3.744,0,0,2.835,74.66,-10.244878608676,1.64042,11,AutoTakeoff,0.4577916132576452,0.13953488372093026,0.4577916132576452,-11.427506995418355,-11.427506995418355,0.4577916132576452,0.7803266135073504,0.7803266135073504,0.0,0.0,15.134,42.90489
3500,2026-05-09 10:19:31.500,3.5000000000000004,0.06616257088846882,ascent,3500,2026-05-09 10:19:31,1.968504,,,-9.916794608676,1.968504,0.0,0.7441437246,1.54462931452,15,5,15.134,0.0,1.968504,0.0,0.74539700548,0.0,0.0,-0.894776,13.6,-0.8,-0.3,,,0,0,1024,1024,1024,1024,0,0,0,0,21.3,0.0,0,58,3.755,3.751,3.748,3.744,0,0,2.835,74.66,-9.916794608676,1.968504,11,AutoTakeoff,0.5722395165720567,0.1744186046511629,0.5722395165720567,-11.313059092103945,-11.313059092103945,0.5722395165720567,0.780326613507347,0.780326613507347,0.0,0.0,15.134,42.90489
3600,2026-05-09 10:19:31.600,3.5999999999999996,0.06805293005671077,ascent,3600,2026-05-09 10:19:31,1.968504,,,-9.916794608676,2.296588,0.0,0.705872726,1.58637144184,15,5,15.134,0.0,1.968504,0.0,0.74539700548,0.0,0.0,-0.894776,13.7,-0.7,-0.3,,,0,0,1024,1024,1024,1024,0,0,0,0,21.3,0.0,0,58,3.755,3.751,3.748,3.744,0,0,2.835,74.66,-9.916794608676,1.968504,11,AutoTakeoff,0.6866874198864674,0.20930232558139528,0.6866874198864674,-11.198611188789533,-11.198611188789533,0.6866874198864674,0.7803266135073517,0.7803266135073517,0.0,0.0,15.134,42.90489
3700,2026-05-09 10:19:31.700,3.7,0.06994328922495274,ascent,3700,2026-05-09 10:19:31,2.296588,,,-9.588710608676,2.296588,0.0,0.70570540316,1.58849742616,15,5,15.134,0.0,2.296588,0.0,0.74539700548,0.0,0.0,-0.894776,13.6,-0.7,-0.3,,,0,0,1024,1024,1024,1024,0,0,0,0,21.3,0.0,0,58,3.755,3.751,3.748,3.744,0,0,2.835,74.66,-9.588710608676,2.296588,11,AutoTakeoff,0.8011353232008789,0.2441860465116279,0.8011353232008789,-11.084163285475121,-11.084163285475121,0.8011353232008789,0.7803266135073467,0.7803266135073467,0.0,0.0,15.134,42.90489
3800,2026-05-09 10:19:31.800,3.7999999999999994,0.0718336483931947,ascent,3800,2026-05-09 10:19:32,2.296588,,,-9.588710608676,2.624672,0.0,0.61695211948,1.82431764368,15,5,15.134,0.0,2.296588,0.0,0.74539700548,0.0,0.0,-1.11847,13.6,-0.7,-0.3,,,0,0,1024,1024,1024,1024,0,0,0,0,21.3,0.0,0,58,3.755,3.751,3.748,3.744,0,0,2.835,74.66,-9.588710608676,2.296588,11,AutoTakeoff,0.9155832265152897,0.2790697674418603,0.9155832265152897,-10.969715382160711,-10.969715382160711,0.9155832265152897,0.7803266135073524,0.7803266135073524,0.0,0.0,15.134,42.90489
3900,2026-05-09 10:19:31.900,3.9,0.07372400756143667,ascent,3900,2026-05-09 10:19:32,2.624672,,,-9.260626608676,2.624672,0.0,0.62388781524,1.83266410064,15,5,14.955,0.0,2.624672,0.0,0.74539700548,0.0,0.0,-1.11847,13.6,-0.6,-0.2,,,0,0,1024,1024,1024,1024,0,0,0,0,21.3,0.0,0,58,3.731,3.73,3.729,3.729,0,0,4.695,74.66,-9.260626608676,2.624672,11,AutoTakeoff,1.0300311298297011,0.3139534883720929,1.0300311298297011,-10.855267478846299,-10.855267478846299,1.0300311298297011,0.7803266135073467,0.7803266135073467,0.0,0.0,14.955,70.21372500000001
4000,2026-05-09 10:19:32.000,4.0,0.07561436672967864,ascent,4000,2026-05-09 10:19:32,2.624672,,,-9.260626608676,2.952756,0.0,0.54330382316,2.0448163384,14,5,14.955,0.0,2.624672,0.0,0.74539700548,0.0,0.0,-1.11847,13.6,-0.5,0.0,,,0,0,1024,1024,1024,1024,0,0,0,0,21.3,0.0,0,58,3.731,3.73,3.729,3.729,0,0,4.695,74.66,-9.260626608676,2.624672,11,AutoTakeoff,1.1444790331441126,0.34883720930232553,1.1444790331441126,-10.740819575531889,-10.740819575531889,1.1444790331441126,0.78032661350735,0.78032661350735,0.0,0.0,14.955,70.21372500000001
4100,2026-05-09 10:19:32.100,4.1,0.0775047258979206,ascent,4100,2026-05-09 10:19:32,2.952756,,,-8.932542608676,2.952756,0.0,0.54462272084,2.05844166692,14,5,14.955,0.0,2.952756,0.0,0.74539700548,0.0,0.0,-1.11847,13.6,-0.4,0.3,,,0,0,1024,1024,1024,1024,0,0,0,0,21.3,0.0,0,58,3.731,3.73,3.729,3.729,0,0,4.695,74.66,-8.932542608676,2.952756,11,AutoTakeoff,1.2589269364585234,0.38372093023255793,1.2589269364585234,-10.626371672217477,-10.626371672217477,1.2589269364585234,0.780326613507349,0.780326613507349,0.0,0.0,14.955,70.21372500000001
4200,2026-05-09 10:19:32.200,4.2,0.07939508506616258,ascent,4200,2026-05-09 10:19:32,2.952756,,,-8.932542608676,2.952756,0.0,0.47113846652,2.27495414104,14,5,14.955,0.0,2.952756,0.0,0.74539700548,0.0,0.0,-1.11847,13.6,-0.4,0.2,,,0,0,1024,1024,1024,1024,0,0,0,0,21.3,0.0,0,58,3.731,3.73,3.729,3.729,0,0,4.695,74.66,-8.932542608676,2.952756,11,AutoTakeoff,1.3733748397729357,0.41860465116279083,1.3733748397729357,-10.511923768903065,-10.511923768903065,1.3733748397729357,0.7803266135073528,0.7803266135073528,0.0,0.0,14.955,70.21372500000001
4300,2026-05-09 10:19:32.300,4.3,0.08128544423440454,ascent,4300,2026-05-09 10:19:32,3.28084,,,-8.604458608676,3.28084,0.0,0.47984581588,2.28912080816,14,5,14.955,0.0,3.28084,0.0,0.74539700548,0.0,0.0,-1.11847,13.6,-0.3,0.0,,,0,0,1024,1024,1024,1024,0,0,0,0,21.3,0.0,0,58,3.731,3.73,3.729,3.729,0,0,4.695,74.66,-8.604458608676,3.28084,11,AutoTakeoff,1.4878227430873463,0.4534883720930232,1.4878227430873463,-10.397475865588655,-10.397475865588655,1.4878227430873463,0.7803266135073474,0.7803266135073474,0.0,0.0,14.955,70.21372500000001
4400,2026-05-09 10:19:32.400,4.4,0.0831758034026465,ascent,4400,2026-05-09 10:19:32,3.28084,,,-8.604458608676,3.608924,0.0,0.50550854636,2.4959318384,14,5,14.955,0.0,3.28084,0.0,0.74539700548,0.0,0.0,-0.894776,13.6,-0.3,-0.1,,,0,0,1024,1024,1024,1024,0,0,0,0,21.3,0.0,0,58,3.731,3.73,3.729,3.729,0,0,4.695,74.66,-8.604458608676,3.28084,11,AutoTakeoff,1.6022706464017578,0.4883720930232558,1.6022706464017578,-10.283027962274243,-10.283027962274243,1.6022706464017578,0.7803266135073467,0.7803266135073467,0.0,0.0,14.955,70.21372500000001
4500,2026-05-09 10:19:32.500,4.5,0.08506616257088848,ascent,4500,2026-05-09 10:19:32,3.608924,,,-8.276374608676,3.608924,0.0,0.50712928132,2.50546924028,14,5,14.955,0.0,3.608924,0.0,0.74539700548,0.0,0.0,-0.894776,13.6,-0.3,-0.1,,,0,0,1024,1024,1024,1024,0,0,0,0,21.3,0.0,0,58,3.731,3.73,3.729,3.729,0,0,4.695,74.66,-8.276374608676,3.608924,11,AutoTakeoff,1.7167185497161692,0.5232558139534884,1.7167185497161692,-10.168580058959831,-10.168580058959831,1.7167185497161692,0.7803266135073536,0.7803266135073536,0.0,0.0,14.955,70.21372500000001
4600,2026-05-09 10:19:32.600,4.6,0.08695652173913043,ascent,4600,2026-05-09 10:19:32,3.608924,,,-8.276374608676,3.937008,0.0,0.64482941696,2.71188656972,15,5,14.955,0.0,3.608924,0.0,0.74539700548,0.0,0.0,-0.671082,13.6,-0.3,0.0,,,0,0,1024,1024,1024,1024,0,0,0,0,21.3,0.0,0,58,3.731,3.73,3.729,3.729,0,0,4.695,74.66,-8.276374608676,3.608924,6,P-GPS,1.8311664530305802,0.5581395348837209,1.8311664530305802,-10.054132155645421,-10.054132155645421,1.8311664530305802,0.7803266135073504,0.7803266135073504,0.0,0.0,14.955,70.21372500000001
4700,2026-05-09 10:19:32.700,4.7,0.0888468809073724,ascent,4700,2026-05-09 10:19:32,3.608924,,,-8.276374608676,3.937008,0.0,0.64962928588,2.71675205544,15,5,14.955,0.0,3.608924,0.0,0.74539700548,0.0,0.0,-0.223694,13.6,-0.3,0.0,,,0,0,1024,1024,1024,1024,0,0,0,0,21.3,0.0,0,58,3.731,3.73,3.729,3.729,0,0,4.695,74.66,-8.276374608676,3.608924,6,P-GPS,1.9456143563449917,0.5930232558139535,1.9456143563449917,-9.93968425233101,-9.93968425233101,1.9456143563449917,0.7803266135073467,0.7803266135073467,0.0,0.0,14.955,70.21372500000001
4800,2026-05-09 10:19:32.800,4.8,0.09073724007561437,ascent,4800,2026-05-09 10:19:33,3.937008,,,-7.948290608676,3.937008,0.0,0.85249674644,2.9741142684,15,5,14.955,0.0,3.937008,0.0,0.85249674644,0.0,0.0,0.0,13.6,-0.4,0.0,,,0,0,1024,1024,1024,1024,0,0,0,0,21.3,0.0,0,58,3.731,3.73,3.729,3.729,0,0,4.695,74.66,-7.948290608676,3.937008,6,P-GPS,2.060062259659403,0.6279069767441862,2.060062259659403,-9.825236349016597,-9.825236349016597,2.060062259659403,0.7803266135073536,0.7803266135073536,0.0,0.0,14.955,70.21372500000001
4900,2026-05-09 10:19:32.900,4.9,0.09262759924385634,ascent,4900,2026-05-09 10:19:33,3.608924,,,-8.276374608676,3.608924,0.0,0.8579232558,2.99944563404,15,5,14.931,0.0,3.937008,0.0,0.8579232558,0.0,0.0,0.0,13.6,-0.6,0.4,,,0,0,1024,1024,1024,1024,0,0,0,0,21.3,0.0,0,58,3.729,3.729,3.728,3.728,0,0,6.189,74.66,-8.276374608676,3.608924,6,P-GPS,2.1745101629738146,0.6627906976744187,2.1745101629738146,-9.710788445702185,-9.710788445702185,2.1745101629738146,0.7803266135073467,0.7803266135073467,0.0,0.0,14.931,92.40795899999999
5000,2026-05-09 10:19:33.000,5.0,0.0945179584120983,ascent,5000,2026-05-09 10:19:33,3.608924,,,-8.276374608676,3.937008,0.0,1.03981958708,3.20125010244,15,5,14.931,0.0,3.937008,0.0,1.03981958708,0.0,0.0,0.0,13.6,-0.6,0.6,,,0,0,1024,1024,1024,1024,0,0,0,0,21.3,0.0,0,58,3.729,3.729,3.728,3.728,0,0,6.189,74.66,-8.276374608676,3.608924,6,P-GPS,2.288958066288225,0.6976744186046511,2.288958066288225,-9.596340542387775,-9.596340542387775,2.288958066288225,0.7803266135073474,0.7803266135073474,0.0,0.0,14.931,92.40795899999999
5100,2026-05-09 10:19:33.100,5.1,0.09640831758034026,ascent,5100,2026-05-09 10:19:33,3.608924,,,-8.276374608676,3.937008,0.0,1.03542326148,3.21830390876,15,5,14.931,0.0,3.937008,0.0,1.03981958708,0.0,0.0,0.0,13.6,-0.7,0.6,,,0,0,1024,1024,1024,1024,0,0,0,0,21.3,0.0,0,58,3.729,3.729,3.728,3.728,0,0,6.189,74.66,-8.276374608676,3.608924,6,P-GPS,2.4034059696026357,0.7325581395348835,2.4034059696026357,-9.481892639073365,-9.481892639073365,2.4034059696026357,0.7803266135073474,0.7803266135073474,0.0,0.0,14.931,92.40795899999999
5200,2026-05-09 10:19:33.200,5.2,0.09829867674858224,ascent,5200,2026-05-09 10:19:33,3.608924,,,-8.276374608676,3.937008,0.0,1.25420279604,3.4381890864,15,5,14.931,0.0,3.937008,0.0,1.25420279604,0.0,0.0,0.0,13.6,-0.7,0.4,,,0,0,1024,1024,1024,1024,0,0,0,0,21.3,0.0,0,58,3.729,3.729,3.728,3.728,0,0,6.189,74.66,-8.276374608676,3.608924,6,P-GPS,2.5178538729170485,0.7674418604651164,2.5178538729170485,-9.367444735758951,-9.367444735758951,2.5178538729170485,0.7803266135073558,0.7803266135073558,0.0,0.0,14.931,92.40795899999999
5300,2026-05-09 10:19:33.300,5.3,0.1001890359168242,ascent,5300,2026-05-09 10:19:33,3.608924,,,-8.276374608676,3.608924,0.0,1.24086946228,3.4520342312,15,5,14.931,0.0,3.937008,0.0,1.25420279604,0.0,0.0,0.0,13.6,-0.6,0.2,,,0,0,1024,1024,1024,1024,0,0,0,0,21.3,0.0,0,58,3.729,3.729,3.728,3.728,0,0,6.189,74.66,-8.276374608676,3.608924,6,P-GPS,2.6323017762314587,0.8023255813953486,2.6323017762314587,-9.252996832444541,-9.252996832444541,2.6323017762314587,0.7803266135073444,0.7803266135073444,0.0,0.0,14.931,92.40795899999999
5400,2026-05-09 10:19:33.400,5.4,0.10207939508506617,ascent,5400,2026-05-09 10:19:33,3.608924,,,-8.276374608676,3.608924,0.0,1.51729663648,3.732611668,15,5,14.931,0.0,3.937008,0.0,1.51729663648,0.0,0.0,0.0,13.6,-0.7,0.2,,,0,0,1024,1024,1024,1024,0,0,0,0,21.3,0.0,0,58,3.729,3.729,3.728,3.728,0,0,6.189,74.66,-8.276374608676,3.608924,6,P-GPS,2.74674967954587,0.8372093023255812,2.74674967954587,-9.138548929130131,-9.138548929130131,2.74674967954587,0.7803266135073467,0.7803266135073467,0.0,0.0,14.931,92.40795899999999
5500,2026-05-09 10:19:33.500,5.5,0.10396975425330814,ascent,5500,2026-05-09 10:19:33,3.608924,,,-8.276374608676,3.937008,0.0,1.50217852576,3.7500657368,15,5,14.931,0.0,3.937008,0.0,1.51729663648,0.0,0.0,0.0,13.6,-0.8,0.2,,,0,0,1024,1024,1024,1024,0,0,0,0,21.3,0.0,0,58,3.729,3.729,3.728,3.728,0,0,6.189,74.66,-8.276374608676,3.608924,6,P-GPS,2.8611975828602825,0.8720930232558142,2.8611975828602825,-9.024101025815717,-9.024101025815717,2.8611975828602825,0.7803266135073595,0.7803266135073595,0.0,0.0,14.931,92.40795899999999
5600,2026-05-09 10:19:33.600,5.6,0.10586011342155009,ascent,5600,2026-05-09 10:19:33,3.608924,,,-8.276374608676,3.937008,0.0,1.77425530612,4.0224082652,15,5,14.931,0.0,3.937008,0.0,1.77425530612,0.0,0.0,0.0,13.6,-0.8,0.2,,,0,0,1024,1024,1024,1024,0,0,0,0,21.3,0.0,0,58,3.729,3.729,3.728,3.728,0,0,6.189,74.66,-8.276374608676,3.608924,6,P-GPS,2.9756454861746926,0.9069767441860463,2.9756454861746926,-8.909653122501307,-8.909653122501307,2.9756454861746926,0.7803266135073444,0.7803266135073444,0.0,0.0,14.931,92.40795899999999
5700,2026-05-09 10:19:33.700,5.7,0.10775047258979206,ascent,5700,2026-05-09 10:19:33,3.608924,,,-8.276374608676,3.608924,0.0,1.77520018804,4.0266733572,15,5,14.931,0.0,3.937008,0.0,1.77520018804,0.0,0.0,0.0,13.6,-0.8,0.1,,,0,0,1024,1024,1024,1024,0,0,0,0,21.3,0.0,0,58,3.729,3.729,3.728,3.728,0,0,6.189,74.66,-8.276374608676,3.608924,6,P-GPS,3.090093389489104,0.941860465116279,3.090093389489104,-8.795205219186897,-8.795205219186897,3.090093389489104,0.7803266135073467,0.7803266135073467,0.0,0.0,14.931,92.40795899999999
5800,2026-05-09 10:19:33.800,5.8,0.10964083175803403,ascent,5800,2026-05-09 10:19:34,3.608924,,,-8.276374608676,3.608924,0.0,2.05906830736,4.312992264,15,5,14.931,0.0,3.937008,0.0,2.05906830736,0.0,0.0,0.0,13.6,-0.7,0.2,,,0,0,1024,1024,1024,1024,0,0,0,0,21.3,0.0,0,58,3.729,3.729,3.728,3.728,0,0,6.189,74.66,-8.276374608676,3.608924,6,P-GPS,3.2045412928035155,0.9767441860465116,3.2045412928035155,-8.680757315872485,-8.680757315872485,3.2045412928035155,0.7803266135073536,0.7803266135073536,0.0,0.0,14.931,92.40795899999999
5900,2026-05-09 10:19:33.900,5.9,0.111531190926276,ascent,5900,2026-05-09 10:19:34,3.608924,,,-8.276374608676,3.608924,0.0,2.06993444944,4.3238518444,15,5,14.976,0.0,3.937008,0.0,2.06993444944,0.0,0.0,0.0,13.5,-0.7,0.3,,,0,0,1024,1024,1024,1024,0,0,0,0,21.3,0.0,0,58,3.73,3.729,3.729,3.729,0,0,5.874,74.66,-8.276374608676,3.608924,6,P-GPS,3.318989196117927,1.0116279069767442,3.318989196117927,-8.566309412558073,-8.566309412558073,3.318989196117927,0.7803266135073467,0.7803266135073467,0.0,0.0,14.976,87.969024
6000,2026-05-09 10:19:34.000,6.0,0.11342155009451796,ascent,6000,2026-05-09 10:19:34,3.608924,,,-8.276374608676,3.608924,0.0,2.3789042756,4.6334647152,15,5,14.976,0.0,3.937008,0.0,2.3789042756,0.0,0.0,0.0,13.5,-0.6,0.3,,,0,0,1024,1024,1024,1024,0,0,0,0,21.3,0.0,0,58,3.73,3.729,3.729,3.729,0,0,5.874,74.66,-8.276374608676,3.608924,6,P-GPS,3.433437099432338,1.0465116279069766,3.433437099432338,-8.451861509243663,-8.451861509243663,3.433437099432338,0.7803266135073504,0.7803266135073504,0.0,0.0,14.976,87.969024
6100,2026-05-09 10:19:34.100,6.1,0.11531190926275992,ascent,6100,2026-05-09 10:19:34,3.608924,,,-8.276374608676,3.608924,0.0,2.3962763234,4.6518046108,15,5,14.976,0.0,3.937008,0.0,2.3962763234,0.0,0.0,0.0,13.6,-0.4,0.3,,,0,0,1024,1024,1024,1024,0,0,0,0,21.3,0.0,0,58,3.73,3.729,3.729,3.729,0,0,5.874,74.66,-8.276374608676,3.608924,6,P-GPS,3.547885002746748,1.0813953488372088,3.547885002746748,-8.337413605929253,-8.337413605929253,3.547885002746748,0.7803266135073444,0.7803266135073444,0.0,0.0,14.976,87.969024
6200,2026-05-09 10:19:34.200,6.2,0.1172022684310019,ascent,6200,2026-05-09 10:19:34,3.608924,,,-8.276374608676,3.937008,0.0,2.64912081968,4.9075788972,15,5,14.976,0.0,3.937008,0.0,2.64912081968,0.0,0.0,0.0,13.5,-0.3,0.2,,,0,0,1024,1024,1024,1024,0,0,0,0,21.3,0.0,0,58,3.73,3.729,3.729,3.729,0,0,5.874,74.66,-8.276374608676,3.608924,6,P-GPS,3.662332906061161,1.1162790697674418,3.662332906061161,-8.22296570261484,-8.22296570261484,3.662332906061161,0.7803266135073558,0.7803266135073558,0.0,0.0,14.976,87.969024
6300,2026-05-09 10:19:34.300,6.3,0.11909262759924386,ascent,6300,2026-05-09 10:19:34,3.608924,,,-8.276374608676,3.937008,0.0,2.66679142392,4.9268702364,15,5,14.976,0.0,3.937008,0.0,2.66679142392,0.0,0.0,0.0,13.5,-0.2,0.1,,,0,0,1024,1024,1024,1024,0,0,0,0,21.3,0.0,0,58,3.73,3.729,3.729,3.729,0,0,5.874,74.66,-8.276374608676,3.608924,6,P-GPS,3.776780809375572,1.1511627906976745,3.776780809375572,-8.10851779930043,-8.10851779930043,3.776780809375572,0.7803266135073504,0.7803266135073504,0.0,0.0,14.976,87.969024
6400,2026-05-09 10:19:34.400,6.4,0.12098298676748583,ascent,6400,2026-05-09 10:19:34,3.608924,,,-8.276374608676,3.937008,0.0,2.92739182596,5.1887140768,16,5,14.976,0.0,3.937008,0.0,2.92739182596,0.0,0.0,0.0,13.5,-0.1,0.3,,,0,0,1024,1024,1024,1024,0,0,0,0,21.3,0.0,0,58,3.73,3.729,3.729,3.729,0,0,5.874,74.66,-8.276374608676,3.608924,6,P-GPS,3.8912287126899834,1.186046511627907,3.8912287126899834,-7.9940698959860175,-7.9940698959860175,3.8912287126899834,0.7803266135073467,0.7803266135073467,0.0,0.0,14.976,87.969024
6500,2026-05-09 10:19:34.500,6.5,0.1228733459357278,ascent,6500,2026-05-09 10:19:34,3.608924,,,-8.276374608676,3.937008,0.0,2.949557181,5.2148295632,16,5,14.976,0.0,3.937008,0.0,2.949557181,0.0,0.0,0.0,13.5,0.0,0.3,,,0,0,1024,1024,1024,1024,0,0,0,0,21.3,0.0,0,58,3.73,3.729,3.729,3.729,0,0,5.874,74.66,-8.276374608676,3.608924,6,P-GPS,4.005676616004394,1.2209302325581395,4.005676616004394,-7.8796219926716065,-7.8796219926716065,4.005676616004394,0.7803266135073504,0.7803266135073504,0.0,0.0,14.976,87.969024
6600,2026-05-09 10:19:34.600,6.6,0.12476370510396975,ascent,6600,2026-05-09 10:19:34,3.608924,,,-8.276374608676,3.937008,0.0,3.19674550912,5.4624673664,16,5,14.976,0.0,3.937008,0.0,3.19674550912,0.0,0.0,0.0,13.6,0.1,0.3,,,0,0,1024,1024,1024,1024,0,0,0,0,21.3,0.0,0,58,3.73,3.729,3.729,3.729,0,0,5.874,74.66,-8.276374608676,3.608924,6,P-GPS,4.120124519318805,1.2558139534883719,4.120124519318805,-7.765174089357195,-7.765174089357195,4.120124519318805,0.7803266135073504,0.7803266135073504,0.0,0.0,14.976,87.969024
6700,2026-05-09 10:19:34.700,6.700000000000001,0.12665406427221174,ascent,6700,2026-05-09 10:19:34,3.937008,,,-7.948290608676,3.937008,0.0,3.21388461728,5.4877298344,16,5,14.976,0.0,3.937008,0.0,3.21388461728,0.0,0.0,0.0,13.6,0.2,0.2,,,0,0,1024,1024,1024,1024,0,0,0,0,21.3,0.0,0,58,3.73,3.729,3.729,3.729,0,0,5.874,74.66,-7.948290608676,3.937008,6,P-GPS,4.234572422633217,1.2906976744186047,4.234572422633217,-7.6507261860427835,-7.6507261860427835,4.234572422633217,0.7803266135073428,0.7803266135073428,0.0,0.0,14.976,87.969024
6800,2026-05-09 10:19:34.800,6.8,0.1285444234404537,ascent,6800,2026-05-09 10:19:35,3.937008,,,-7.948290608676,3.937008,0.0,3.4321195324,5.7061353532,15,5,14.976,0.0,3.937008,0.0,3.4321195324,0.0,0.0,0.0,13.6,0.2,0.1,,,0,0,1024,1024,1024,1024,0,0,0,0,21.3,0.0,0,58,3.73,3.729,3.729,3.729,0,0,5.874,74.66,-7.948290608676,3.937008,6,P-GPS,4.349020325947628,1.3255813953488371,4.349020325947628,-7.5362782827283725,-7.5362782827283725,4.349020325947628,0.7803266135073574,0.7803266135073574,0.0,0.0,14.976,87.969024
6900,2026-05-09 10:19:34.900,6.8999999999999995,0.13043478260869565,ascent,6900,2026-05-09 10:19:35,3.937008,,,-7.948290608676,3.608924,0.0,3.4510499792,5.7331366664,15,5,14.915,0.0,3.937008,0.0,3.4510499792,0.0,0.0,0.0,13.6,0.2,0.1,,,0,0,1024,1024,1024,1024,0,0,0,0,21.3,0.0,0,58,3.725,3.725,3.725,3.724,0,0,5.786,74.84,-7.948290608676,3.937008,6,P-GPS,4.463468229262039,1.3604651162790697,4.463468229262039,-7.4218303794139615,-7.4218303794139615,4.463468229262039,0.7803266135073504,0.7803266135073504,0.0,0.0,14.915,86.29818999999999
7000,2026-05-09 10:19:35.000,7.000000000000001,0.13232514177693763,ascent,7000,2026-05-09 10:19:35,3.608924,,,-8.276374608676,3.608924,0.0,3.6864830576,5.9738190888,15,5,14.915,0.0,3.937008,0.0,3.6864830576,0.0,0.0,0.0,13.6,0.1,0.2,,,0,0,1024,1024,1024,1024,0,0,0,0,21.3,0.0,0,58,3.725,3.725,3.725,3.724,0,0,5.786,74.84,-8.276374608676,3.608924,6,P-GPS,4.577916132576451,1.3953488372093024,4.577916132576451,-7.30738247609955,-7.30738247609955,4.577916132576451,0.7803266135073428,0.7803266135073428,0.0,0.0,14.915,86.29818999999999
7100,2026-05-09 10:19:35.100,7.1,0.1342155009451796,ascent,7100,2026-05-09 10:19:35,3.608924,,,-8.276374608676,3.937008,0.0,3.7196195416,6.0189306388,15,5,14.915,0.0,3.937008,0.0,3.7196195416,0.0,0.0,0.0,13.6,0.2,0.1,,,0,0,1024,1024,1024,1024,0,0,0,0,21.3,-0.7,0,58,3.725,3.725,3.725,3.724,0,0,5.786,74.84,-8.276374608676,3.608924,6,P-GPS,4.692364035890862,1.430232558139535,4.692364035890862,-7.192934572785139,-7.192934572785139,4.692364035890862,0.7803266135073574,0.7803266135073574,0.0,0.0,14.915,86.29818999999999
7200,2026-05-09 10:19:35.200,7.199999999999999,0.13610586011342155,ascent,7200,2026-05-09 10:19:35,3.608924,,,-8.276374608676,3.608924,0.0,3.9799541956,6.2811025632,15,5,14.915,0.0,3.937008,0.0,3.9799541956,0.0,0.0,0.0,13.6,0.3,0.1,,,0,0,1024,1024,1024,1024,0,0,0,0,21.3,-24.6,0,58,3.725,3.725,3.725,3.724,0,0,5.786,74.84,-8.276374608676,3.608924,6,P-GPS,4.806811939205272,1.4651162790697672,4.806811939205272,-7.0784866694707285,-7.0784866694707285,4.806811939205272,0.7803266135073444,0.7803266135073444,0.0,0.0,14.915,86.29818999999999
7300,2026-05-09 10:19:35.300,7.300000000000001,0.13799621928166353,ascent,7300,2026-05-09 10:19:35,3.608924,,,-8.276374608676,3.608924,0.0,3.996719288,6.2981957396,15,5,14.915,0.0,3.937008,0.0,3.996719288,0.0,0.0,0.0,13.7,0.3,0.1,,,0,0,1024,1024,1024,1024,0,0,0,0,21.3,-56.5,0,58,3.725,3.725,3.725,3.724,0,0,5.786,74.84,-8.276374608676,3.608924,6,P-GPS,4.921259842519685,1.5000000000000002,4.921259842519685,-6.964038766156316,-6.964038766156316,4.921259842519685,0.7803266135073488,0.7803266135073488,0.0,0.0,14.915,86.29818999999999
7400,2026-05-09 10:19:35.400,7.4,0.13988657844990549,ascent,7400,2026-05-09 10:19:35,3.608924,,,-8.276374608676,3.937008,0.0,4.226050004,6.5299542772,15,5,14.915,0.0,3.937008,0.0,4.226050004,0.0,0.0,0.0,13.7,0.2,0.2,,,0,0,1024,1024,1024,1024,0,0,0,0,21.3,-73.3,0,58,3.725,3.725,3.725,3.724,0,0,5.786,74.84,-8.276374608676,3.608924,6,P-GPS,5.035707745834096,1.5348837209302326,5.035707745834096,-6.849590862841905,-6.849590862841905,5.035707745834096,0.7803266135073504,0.7803266135073504,0.0,0.0,14.915,86.29818999999999
7500,2026-05-09 10:19:35.500,7.499999999999999,0.14177693761814744,ascent,7500,2026-05-09 10:19:35,3.608924,,,-8.276374608676,3.608924,0.0,4.220964702,6.5366799992,15,5,14.915,0.0,3.937008,0.0,4.226050004,0.0,0.0,0.0,13.6,0.1,0.3,,,0,0,1024,1024,1024,1024,0,0,0,0,21.3,-90.0,0,58,3.725,3.725,3.725,3.724,0,0,5.786,74.84,-8.276374608676,3.608924,6,P-GPS,5.150155649148506,1.5697674418604648,5.150155649148506,-6.7351429595274945,-6.7351429595274945,5.150155649148506,0.7803266135073514,0.7803266135073514,0.0,0.0,14.915,86.29818999999999
7600,2026-05-09 10:19:35.600,7.599999999999999,0.1436672967863894,ascent,7600,2026-05-09 10:19:35,3.608924,,,-8.276374608676,3.937008,0.0,4.4542980428,6.7775920804,15,5,14.915,0.0,3.937008,0.0,4.4542980428,0.0,0.0,0.0,13.6,0.0,0.3,,,0,0,1024,1024,1024,1024,0,0,0,0,21.3,-90.0,0,58,3.725,3.725,3.725,3.724,0,0,5.786,74.84,-8.276374608676,3.608924,6,P-GPS,5.264603552462917,1.6046511627906972,5.264603552462917,-6.6206950562130835,-6.6206950562130835,5.264603552462917,0.7803266135073504,0.7803266135073504,0.0,0.0,14.915,86.29818999999999
7700,2026-05-09 10:19:35.700,7.7,0.14555765595463138,ascent,7700,2026-05-09 10:19:35,3.608924,,,-8.276374608676,3.937008,0.0,4.434219302,6.7991471992,15,5,14.915,0.0,3.937008,0.0,4.4542980428,0.0,0.0,0.0,13.6,0.0,0.3,,,0,0,1024,1024,1024,1024,0,0,0,0,21.3,-90.0,0,58,3.725,3.725,3.725,3.724,0,0,5.786,74.84,-8.276374608676,3.608924,6,P-GPS,5.379051455777329,1.63953488372093,5.379051455777329,-6.506247152898672,-6.506247152898672,5.379051455777329,0.7803266135073428,0.7803266135073428,0.0,0.0,14.915,86.29818999999999
7800,2026-05-09 10:19:35.800,7.8,0.14744801512287334,ascent,7800,2026-05-09 10:19:36,3.608924,,,-8.276374608676,3.608924,0.0,4.686023772,7.0590225356,15,5,14.915,0.0,3.937008,0.0,4.686023772,0.0,0.0,0.0,13.6,-0.2,0.2,,,0,0,1024,1024,1024,1024,0,0,0,0,21.3,-90.0,0,58,3.725,3.725,3.725,3.724,0,0,5.786,74.84,-8.276374608676,3.608924,6,P-GPS,5.49349935909174,1.6744186046511624,5.49349935909174,-6.391799249584261,-6.391799249584261,5.49349935909174,0.7803266135073504,0.7803266135073504,0.0,0.0,14.915,86.29818999999999
7900,2026-05-09 10:19:35.900,7.9,0.14933837429111532,ascent,7900,2026-05-09 10:19:36,3.608924,,,-8.276374608676,3.937008,0.0,4.6687337452,7.0763125624,15,5,14.897,0.0,3.937008,0.0,4.686023772,0.0,0.0,0.0,13.5,-0.4,0.1,,,0,0,1024,1024,1024,1024,0,0,0,0,21.3,-90.0,0,58,3.724,3.723,3.723,3.722,0,0,5.997,74.84,-8.276374608676,3.608924,6,P-GPS,5.607947262406153,1.7093023255813955,5.607947262406153,-6.277351346269848,-6.277351346269848,5.607947262406153,0.7803266135073558,0.7803266135073558,0.0,0.0,14.897,89.337309
8000,2026-05-09 10:19:36.000,8.0,0.15122873345935728,ascent,8000,2026-05-09 10:19:36,3.608924,,,-8.276374608676,3.937008,0.0,4.9316274544,7.3468506288,15,5,14.897,0.0,3.937008,0.0,4.9316274544,0.0,0.0,0.0,13.5,-0.5,0.0,,,0,0,1024,1024,1024,1024,0,0,0,0,21.3,-90.0,0,58,3.724,3.723,3.723,3.722,0,0,5.997,74.84,-8.276374608676,3.608924,6,P-GPS,5.722395165720563,1.7441860465116277,5.722395165720563,-6.162903442955438,-6.162903442955438,5.722395165720563,0.7803266135073444,0.7803266135073444,0.0,0.0,14.897,89.337309
8100,2026-05-09 10:19:36.100,8.1,0.15311909262759923,ascent,8100,2026-05-09 10:19:36,3.608924,,,-8.276374608676,3.937008,0.0,4.9208662992,7.3603020728,15,5,14.897,0.0,3.937008,0.0,4.9316274544,0.0,0.0,0.0,13.5,-0.5,0.1,,,0,0,1024,1024,1024,1024,0,0,0,0,21.3,-90.0,0,58,3.724,3.723,3.723,3.722,0,0,5.997,74.84,-8.276374608676,3.608924,6,P-GPS,5.836843069034974,1.7790697674418603,5.836843069034974,-6.048455539641027,-6.048455539641027,5.836843069034974,0.7803266135073504,0.7803266135073504,0.0,0.0,14.897,89.337309
8200,2026-05-09 10:19:36.200,8.2,0.1550094517958412,ascent,8200,2026-05-09 10:19:36,3.608924,,,-8.276374608676,3.937008,0.0,5.1293308728,7.5721459116,15,5,14.897,0.0,3.937008,0.0,5.1293308728,0.0,0.0,0.0,13.5,-0.5,0.1,,,0,0,1024,1024,1024,1024,0,0,0,0,21.3,-90.0,0,58,3.724,3.723,3.723,3.722,0,0,5.997,74.84,-8.276374608676,3.608924,6,P-GPS,5.951290972349384,1.8139534883720925,5.951290972349384,-5.9340076363266165,-5.9340076363266165,5.951290972349384,0.7803266135073444,0.7803266135073444,0.0,0.0,14.897,89.337309
8300,2026-05-09 10:19:36.300,8.3,0.1568998109640832,ascent,8300,2026-05-09 10:19:36,3.608924,,,-8.276374608676,3.937008,0.0,5.1295277232,7.5788716336,15,5,14.897,0.0,3.937008,0.0,5.1295277232,0.0,0.0,0.0,13.5,-0.3,0.5,,,0,0,1024,1024,1042,1024,0,0,3,0,21.3,-90.0,0,58,3.724,3.723,3.723,3.722,0,0,5.997,74.84,-8.276374608676,3.608924,6,P-GPS,6.065738875663799,1.848837209302326,6.065738875663799,-5.819559733012202,-5.819559733012202,6.065738875663799,0.780326613507361,0.780326613507361,0.0,0.0,14.897,89.337309
8400,2026-05-09 10:19:36.400,8.4,0.15879017013232516,ascent,8400,2026-05-09 10:19:36,3.608924,,,-8.276374608676,2.952756,0.0,5.352854502,7.8117456568,15,5,14.897,0.0,3.937008,0.0,5.352854502,0.0,0.0,0.0,13.5,-0.3,0.6,,,0,0,1024,1024,1182,1024,0,0,24,0,21.3,-90.0,0,58,3.724,3.723,3.723,3.722,0,0,5.997,74.84,-8.276374608676,3.608924,6,P-GPS,6.180186778978209,1.8837209302325582,6.180186778978209,-5.705111829697792,-5.705111829697792,6.180186778978209,0.7803266135073444,0.7803266135073444,0.0,0.0,14.897,89.337309
8500,2026-05-09 10:19:36.500,8.5,0.16068052930056712,ascent,8500,2026-05-09 10:19:36,3.608924,,,-8.276374608676,3.28084,0.0,5.345800696,7.8206039248,15,5,14.897,0.0,3.937008,0.0,5.352854502,0.0,0.0,0.0,13.5,-0.4,0.5,,,0,0,1024,1024,1252,1024,0,0,35,0,21.3,-90.0,0,58,3.724,3.723,3.723,3.722,0,0,5.997,74.84,-8.276374608676,3.608924,6,P-GPS,6.29463468229262,1.9186046511627908,6.29463468229262,-5.590663926383381,-5.590663926383381,6.29463468229262,0.7803266135073504,0.7803266135073504,0.0,0.0,14.897,89.337309
8600,2026-05-09 10:19:36.600,8.6,0.16257088846880907,ascent,8600,2026-05-09 10:19:36,3.937008,,,-7.948290608676,3.608924,0.0,5.5518702564,8.0287732228,15,5,14.897,0.0,3.937008,0.0,5.5518702564,0.0,0.0,-0.223694,13.5,-0.5,0.3,,,0,0,1024,1024,1344,1024,0,0,48,0,21.3,-90.0,0,58,3.724,3.723,3.723,3.722,0,0,5.997,74.84,-7.948290608676,3.937008,6,P-GPS,6.409082585607031,1.9534883720930232,6.409082585607031,-5.47621602306897,-5.47621602306897,6.409082585607031,0.7803266135073504,0.7803266135073504,0.0,0.0,14.897,89.337309
8700,2026-05-09 10:19:36.700,8.7,0.16446124763705103,ascent,8700,2026-05-09 10:19:36,3.937008,,,-7.948290608676,3.608924,0.0,5.5523951908,8.0317915956,15,5,14.897,0.0,3.937008,0.0,5.5523951908,0.0,0.0,-0.671082,13.5,-0.4,0.3,,,0,0,1024,1024,1252,1024,0,0,35,0,21.3,-90.0,0,58,3.724,3.723,3.723,3.722,0,0,5.997,74.84,-7.948290608676,3.937008,6,P-GPS,6.523530488921441,1.9883720930232553,6.523530488921441,-5.36176811975456,-5.36176811975456,6.523530488921441,0.7803266135073444,0.7803266135073444,0.0,0.0,14.897,89.337309
8800,2026-05-09 10:19:36.800,8.8,0.166351606805293,ascent,8800,2026-05-09 10:19:37,3.937008,,,-7.948290608676,3.937008,0.0,5.726870262,8.2086944884,15,5,14.897,0.0,3.937008,0.0,5.726870262,0.0,0.0,-1.565858,13.5,-0.3,0.0,,,0,0,1024,1024,1024,1024,0,0,0,0,21.3,-90.0,0,58,3.724,3.723,3.723,3.722,0,0,5.997,74.84,-7.948290608676,3.937008,6,P-GPS,6.637978392235854,2.0232558139534884,6.637978392235854,-5.247320216440147,-5.247320216440147,6.637978392235854,0.7803266135073488,0.7803266135073488,0.0,0.0,14.897,89.337309
8900,2026-05-09 10:19:36.900,8.9,0.168241965973535,ascent,8900,2026-05-09 10:19:37,4.593176,,,-7.292122608676,4.265092,0.0,5.7143374532,8.221949082,15,5,14.882,0.0,4.593176,0.0,5.726870262,0.0,0.0,-2.23694,13.5,-0.3,0.1,,,0,0,1024,1024,1024,1024,0,0,0,0,21.3,-90.0,0,57,3.721,3.722,3.722,3.721,0,0,6.122,74.84,-7.292122608676,4.593176,6,P-GPS,6.752426295550266,2.058139534883721,6.752426295550266,-5.132872313125735,-5.132872313125735,6.752426295550266,0.7803266135073565,0.7803266135073565,0.0,0.0,14.882,91.107604
9000,2026-05-09 10:19:37.000,9.0,0.17013232514177695,ascent,9000,2026-05-09 10:19:37,4.593176,,,-7.292122608676,4.593176,0.0,5.9053151496,8.4133204792,15,5,14.882,0.0,4.593176,0.0,5.9053151496,0.0,0.0,-1.565858,13.5,-0.5,0.1,,,0,0,1024,1024,1024,1024,0,0,0,0,21.3,-90.0,0,57,3.721,3.722,3.722,3.721,0,0,6.122,74.84,-7.292122608676,4.593176,6,P-GPS,6.866874198864677,2.0930232558139537,6.866874198864677,-5.018424409811324,-5.018424409811324,6.866874198864677,0.7803266135073504,0.7803266135073504,0.0,0.0,14.882,91.107604
9100,2026-05-09 10:19:37.100,9.1,0.1720226843100189,ascent,9100,2026-05-09 10:19:37,4.92126,,,-6.964038608676,4.92126,0.0,5.9007219736,8.4185370148,15,5,14.882,0.0,4.92126,0.0,5.9053151496,0.0,0.0,-0.671082,13.5,-0.5,0.3,,,0,0,1024,1024,1024,1024,0,0,0,0,21.3,-90.0,0,57,3.721,3.722,3.722,3.721,0,0,6.122,74.84,-6.964038608676,4.92126,6,P-GPS,6.981322102179087,2.127906976744186,6.981322102179087,-4.903976506496914,-4.903976506496914,6.981322102179087,0.7803266135073444,0.7803266135073444,0.0,0.0,14.882,91.107604
9200,2026-05-09 10:19:37.200,9.2,0.17391304347826086,ascent,9200,2026-05-09 10:19:37,4.92126,,,-6.964038608676,4.92126,0.0,6.1173558388,8.6356958144,15,5,14.882,0.0,4.92126,0.0,6.1173558388,0.0,0.0,-0.223694,13.5,-0.4,0.4,,,0,0,1024,1024,1145,1024,0,0,18,0,21.3,-90.0,0,57,3.721,3.722,3.722,3.721,0,0,6.122,74.84,-6.964038608676,4.92126,6,P-GPS,7.095770005493498,2.1627906976744184,7.095770005493498,-4.789528603182503,-4.789528603182503,7.095770005493498,0.7803266135073504,0.7803266135073504,0.0,0.0,14.882,91.107604
9300,2026-05-09 10:19:37.300,9.3,0.17580340264650285,ascent,9300,2026-05-09 10:19:37,4.92126,,,-6.964038608676,4.92126,0.0,6.111548752,8.6417653684,15,5,14.882,0.0,4.92126,0.0,6.1173558388,0.0,0.0,0.0,13.5,-0.4,0.4,,,0,0,1024,1024,1360,1024,0,0,51,0,21.3,-90.0,0,57,3.721,3.722,3.722,3.721,0,0,6.122,74.84,-6.964038608676,4.92126,6,P-GPS,7.21021790880791,2.197674418604651,7.21021790880791,-4.675080699868091,-4.675080699868091,7.21021790880791,0.7803266135073428,0.7803266135073428,0.0,0.0,14.882,91.107604
9400,2026-05-09 10:19:37.400,9.4,0.1776937618147448,ascent,9400,2026-05-09 10:19:37,4.92126,,,-6.964038608676,4.92126,0.0,6.3352364232,8.8754267932,15,5,14.882,0.0,4.92126,0.0,6.3352364232,0.0,0.0,0.0,13.5,-0.5,0.3,,,0,0,1024,1024,1382,1024,0,0,54,0,21.3,-90.0,0,57,3.721,3.722,3.722,3.721,0,0,6.122,74.84,-6.964038608676,4.92126,6,P-GPS,7.324665812122321,2.2325581395348837,7.324665812122321,-4.56063279655368,-4.56063279655368,7.324665812122321,0.7803266135073504,0.7803266135073504,0.0,0.0,14.882,91.107604
9500,2026-05-09 10:19:37.500,9.5,0.17958412098298676,ascent,9500,2026-05-09 10:19:37,4.92126,,,-6.964038608676,5.249344,0.0,6.3268374728,8.8873362424,15,5,14.882,0.0,4.92126,0.0,6.3352364232,0.0,0.0,-0.447388,13.5,-0.5,0.0,,,0,0,1024,1024,1361,1024,0,0,51,0,21.3,-90.0,0,57,3.721,3.722,3.722,3.721,0,0,6.122,74.84,-6.964038608676,4.92126,6,P-GPS,7.439113715436732,2.267441860465116,7.439113715436732,-4.446184893239269,-4.446184893239269,7.439113715436732,0.7803266135073504,0.7803266135073504,0.0,0.0,14.882,91.107604
9600,2026-05-09 10:19:37.600,9.6,0.18147448015122875,ascent,9600,2026-05-09 10:19:37,5.249344,,,-6.635954608676,5.249344,0.0,6.4985566384,9.0718834924,15,5,14.882,0.0,5.249344,0.0,6.4985566384,0.0,0.0,-1.565858,13.5,-0.3,-0.2,,,0,0,1024,1024,1205,1024,0,0,27,0,21.3,-90.0,0,57,3.721,3.722,3.722,3.721,0,0,6.122,74.84,-6.635954608676,5.249344,6,P-GPS,7.553561618751144,2.302325581395349,7.553561618751144,-4.331736989924857,-4.331736989924857,7.553561618751144,0.7803266135073565,0.7803266135073565,0.0,0.0,14.882,91.107604
9700,2026-05-09 10:19:37.700,9.7,0.1833648393194707,ascent,9700,2026-05-09 10:19:37,5.577428,,,-6.307870608676,5.577428,0.0,6.5022311792,9.0915029156,15,5,14.882,0.0,5.577428,0.0,6.5022311792,0.0,0.0,-2.684328,13.6,-0.1,0.0,,,0,0,1024,1024,1024,1024,0,0,0,0,21.3,-90.0,0,57,3.721,3.722,3.722,3.721,0,0,6.122,74.84,-6.307870608676,5.577428,6,P-GPS,7.668009522065554,2.337209302325581,7.668009522065554,-4.217289086610447,-4.217289086610447,7.668009522065554,0.7803266135073444,0.7803266135073444,0.0,0.0,14.882,91.107604
9800,2026-05-09 10:19:37.800,9.8,0.18525519848771269,ascent,9800,2026-05-09 10:19:38,5.905512,,,-5.979786608676,5.905512,0.0,6.6890422088,9.2957023972,15,5,14.882,0.0,5.905512,0.0,6.6890422088,0.0,0.0,-2.684328,13.6,-0.1,0.2,,,0,0,1024,1024,1024,1024,0,0,0,0,21.3,-90.0,0,57,3.721,3.722,3.722,3.721,0,0,6.122,74.84,-5.979786608676,5.905512,6,P-GPS,7.782457425379967,2.372093023255814,7.782457425379967,-4.102841183296034,-4.102841183296034,7.782457425379967,0.7803266135073488,0.7803266135073488,0.0,0.0,14.882,91.107604
9900,2026-05-09 10:19:37.900,9.9,0.18714555765595464,ascent,9900,2026-05-09 10:19:38,6.233596,,,-5.651702608676,6.233596,0.0,6.6962600568,9.3152233952,15,5,14.884,0.0,6.233596,0.0,6.6962600568,0.0,0.0,-1.789552,13.6,-0.3,0.6,,,0,0,1024,1024,1024,1024,0,0,0,0,21.3,-90.0,0,57,3.678,3.677,3.678,3.684,0,0,6.514,74.84,-5.651702608676,6.233596,6,P-GPS,7.8969053286943796,2.406976744186047,7.8969053286943796,-3.9883932799816213,-3.9883932799816213,7.8969053286943796,0.7803266135073627,0.7803266135073627,0.0,0.0,14.884,96.95437600000001
10000,2026-05-09 10:19:38.000,10.0,0.1890359168241966,ascent,10000,2026-05-09 10:19:38,6.56168,,,-5.323618608676,6.56168,0.0,6.8702758104,9.4910108024,15,5,14.884,0.0,6.56168,0.0,6.8702758104,0.0,0.0,-0.894776,13.5,-0.4,0.8,,,0,0,1024,1024,1047,1024,0,0,3,0,21.3,-90.0,0,57,3.678,3.677,3.678,3.684,0,0,6.514,74.84,-5.323618608676,6.56168,6,P-GPS,8.011353232008787,2.4418604651162785,8.011353232008787,-3.873945376667214,-3.873945376667214,8.011353232008787,0.7803266135073262,0.7803266135073262,0.0,0.0,14.884,96.95437600000001
10100,2026-05-09 10:19:38.100,10.1,0.19092627599243855,ascent,10100,2026-05-09 10:19:38,6.56168,,,-5.323618608676,6.233596,0.0,6.8860238424,9.5088913804,15,5,14.884,0.0,6.56168,0.0,6.8860238424,0.0,0.0,-0.223694,13.5,-0.4,0.9,,,0,0,1024,1024,1259,1024,0,0,36,0,21.3,-90.0,0,57,3.678,3.677,3.678,3.684,0,0,6.514,74.84,-5.323618608676,6.56168,6,P-GPS,8.1258011353232,2.4767441860465116,8.1258011353232,-3.7594974733528,-3.7594974733528,8.1258011353232,0.7803266135073686,0.7803266135073686,0.0,0.0,14.884,96.95437600000001
10200,2026-05-09 10:19:38.200,10.2,0.1928166351606805,ascent,10200,2026-05-09 10:19:38,6.56168,,,-5.323618608676,6.56168,0.0,6.9930776516,9.6160764232,15,5,14.884,0.0,6.56168,0.0,6.9930776516,0.0,0.0,-0.223694,13.5,-0.3,0.7,,,0,0,1024,1024,1359,1024,0,0,51,0,21.3,-90.0,0,57,3.678,3.677,3.678,3.684,0,0,6.514,74.84,-5.323618608676,6.56168,6,P-GPS,8.240249038637609,2.5116279069767433,8.240249038637609,-3.645049570038392,-3.645049570038392,8.240249038637609,0.7803266135073323,0.7803266135073323,0.0,0.0,14.884,96.95437600000001
10300,2026-05-09 10:19:38.300,10.3,0.19470699432892252,ascent,10300,2026-05-09 10:19:38,6.889764,,,-4.995534608676,6.56168,0.0,7.0003939248,9.638779836,15,5,14.884,0.0,6.889764,0.0,7.0003939248,0.0,0.0,-0.671082,13.5,-0.1,0.3,,,0,0,1024,1024,1358,1024,0,0,51,0,21.3,-90.0,0,57,3.678,3.677,3.678,3.684,0,0,6.514,74.84,-4.995534608676,6.889764,6,P-GPS,8.354696941952025,2.5465116279069773,8.354696941952025,-3.5306016667239764,-3.5306016667239764,8.354696941952025,0.780326613507367,0.780326613507367,0.0,0.0,14.884,96.95437600000001
10400,2026-05-09 10:19:38.400,10.4,0.19659735349716448,ascent,10400,2026-05-09 10:19:38,6.889764,,,-4.995534608676,6.889764,0.0,7.1398296248,9.7961945392,15,5,14.884,0.0,6.889764,0.0,7.1398296248,0.0,0.0,-1.789552,13.5,0.0,0.0,,,0,0,1024,1024,1335,1024,0,0,47,0,21.3,-90.0,0,57,3.678,3.677,3.678,3.684,0,0,6.514,74.84,-4.995534608676,6.889764,6,P-GPS,8.469144845266435,2.5813953488372094,8.469144845266435,-3.4161537634095662,-3.4161537634095662,8.469144845266435,0.7803266135073444,0.7803266135073444,0.0,0.0,14.884,96.95437600000001
10500,2026-05-09 10:19:38.500,10.5,0.19848771266540643,ascent,10500,2026-05-09 10:19:38,7.217848,,,-4.667450608676,7.217848,0.0,7.1301511468,9.807743096,15,5,14.884,0.0,7.217848,0.0,7.1398296248,0.0,0.0,-2.684328,13.5,0.0,0.0,,,0,0,1024,1024,1260,1024,0,0,36,0,21.3,-90.0,0,57,3.678,3.677,3.678,3.684,0,0,6.514,74.84,-4.667450608676,7.217848,6,P-GPS,8.583592748580847,2.616279069767442,8.583592748580847,-3.3017058600951543,-3.3017058600951543,8.583592748580847,0.7803266135073565,0.7803266135073565,0.0,0.0,14.884,96.95437600000001
10600,2026-05-09 10:19:38.600,10.6,0.2003780718336484,ascent,10600,2026-05-09 10:19:38,7.874016,,,-4.011282608676,7.545932,0.0,7.3396655892,10.0172575384,15,5,14.884,0.0,7.874016,0.0,7.3396655892,0.0,0.0,-2.908022,13.6,0.0,-0.1,,,0,0,1024,1024,1024,1024,0,0,0,0,21.3,-90.0,0,57,3.678,3.677,3.678,3.684,0,0,6.514,74.84,-4.011282608676,7.874016,6,P-GPS,8.698040651895255,2.651162790697674,8.698040651895255,-3.187257956780746,-3.187257956780746,8.698040651895255,0.7803266135073323,0.7803266135073323,0.0,0.0,14.884,96.95437600000001
10700,2026-05-09 10:19:38.700,10.7,0.20226843100189035,ascent,10700,2026-05-09 10:19:38,8.2021,,,-3.683198608676,7.874016,0.0,7.3286419668,10.029035754,15,5,14.884,0.0,8.2021,0.0,7.3396655892,0.0,0.0,-2.23694,13.6,0.0,0.0,,,0,0,1024,1024,1024,1024,0,0,0,0,21.3,-90.0,0,57,3.678,3.677,3.678,3.684,0,0,6.514,74.84,-3.683198608676,8.2021,6,P-GPS,8.812488555209667,2.6860465116279064,8.812488555209667,-3.072810053466334,-3.072810053466334,8.812488555209667,0.7803266135073565,0.7803266135073565,0.0,0.0,14.884,96.95437600000001
10800,2026-05-09 10:19:38.800,10.8,0.20415879017013233,ascent,10800,2026-05-09 10:19:39,8.530184,,,-3.355114608676,8.2021,0.0,7.5447180892,10.252625,15,5,14.884,0.0,8.530184,0.0,7.5447180892,0.0,0.0,-1.342164,13.6,0.0,0.0,,,0,0,1024,1024,1024,1024,0,0,0,0,21.3,-90.0,0,57,3.678,3.677,3.678,3.684,0,0,6.514,74.84,-3.355114608676,8.530184,6,P-GPS,8.92693645852408,2.72093023255814,8.92693645852408,-2.9583621501519204,-2.9583621501519204,8.92693645852408,0.7803266135073549,0.7803266135073549,0.0,0.0,14.884,96.95437600000001
10900,2026-05-09 10:19:38.900,10.9,0.20604914933837432,ascent,10900,2026-05-09 10:19:39,8.530184,,,-3.355114608676,8.2021,0.0,7.54757242,10.2711945544,15,5,14.941,0.0,8.530184,0.0,7.54757242,0.0,0.0,-0.447388,13.6,0.0,-0.1,,,0,0,1024,1024,1054,1024,0,0,5,0,21.3,-90.0,0,57,3.675,3.676,3.682,3.687,0,0,6.614,75.02,-3.355114608676,8.530184,6,P-GPS,9.041384361838492,2.7558139534883725,9.041384361838492,-2.8439142468375085,-2.8439142468375085,9.041384361838492,0.7803266135073565,0.7803266135073565,0.0,0.0,14.941,98.81977400000001
11000,2026-05-09 10:19:39.000,11.0,0.20793950850661627,ascent,11000,2026-05-09 10:19:39,8.530184,,,-3.355114608676,8.2021,0.0,7.6735238676,10.3984911464,15,5,14.941,0.0,8.530184,0.0,7.6735238676,0.0,0.0,-0.223694,13.6,0.0,-0.2,,,0,0,1024,1024,1257,1024,0,0,35,0,21.3,-90.0,0,57,3.675,3.676,3.682,3.687,0,0,6.614,75.02,-3.355114608676,8.530184,6,P-GPS,9.1558322651529,2.7906976744186043,9.1558322651529,-2.7294663435231,-2.7294663435231,9.1558322651529,0.7803266135073323,0.7803266135073323,0.0,0.0,14.941,98.81977400000001
11100,2026-05-09 10:19:39.100,11.1,0.20982986767485823,ascent,11100,2026-05-09 10:19:39,8.530184,,,-3.355114608676,8.2021,0.0,7.678970062,10.4108599132,15,5,14.941,0.0,8.530184,0.0,7.678970062,0.0,0.0,0.0,13.6,0.0,-0.2,,,0,0,1024,1024,1338,1024,0,0,48,0,21.3,-90.0,0,57,3.675,3.676,3.682,3.687,0,0,6.614,75.02,-3.355114608676,8.530184,6,P-GPS,9.270280168467313,2.825581395348837,9.270280168467313,-2.6150184402086882,-2.6150184402086882,9.270280168467313,0.7803266135073565,0.7803266135073565,0.0,0.0,14.941,98.81977400000001
11200,2026-05-09 10:19:39.200,11.2,0.21172022684310018,ascent,11200,2026-05-09 10:19:39,8.530184,,,-3.355114608676,8.2021,0.0,7.8425855528,10.5884845908,15,5,14.941,0.0,8.530184,0.0,7.8425855528,0.0,0.0,-0.223694,13.5,-0.1,-0.2,,,0,0,1024,1024,1097,1024,0,0,11,0,21.3,-90.0,0,57,3.675,3.676,3.682,3.687,0,0,6.614,75.02,-3.355114608676,8.530184,6,P-GPS,9.384728071781723,2.860465116279069,9.384728071781723,-2.500570536894278,-2.500570536894278,9.384728071781723,0.7803266135073444,0.7803266135073444,0.0,0.0,14.941,98.81977400000001
11300,2026-05-09 10:19:39.300,11.3,0.21361058601134217,ascent,11300,2026-05-09 10:19:39,8.858268,,,-3.027030608676,8.530184,0.0,7.8652233488,10.611548896,15,5,14.941,0.0,8.858268,0.0,7.8652233488,0.0,0.0,-1.342164,13.5,0.0,-0.1,,,0,0,1024,1024,1024,1024,0,0,0,0,21.3,-90.0,0,57,3.675,3.676,3.682,3.687,0,0,6.614,75.02,-3.027030608676,8.858268,6,P-GPS,9.499175975096135,2.895348837209302,9.499175975096135,-2.386122633579866,-2.386122633579866,9.499175975096135,0.7803266135073428,0.7803266135073428,0.0,0.0,14.941,98.81977400000001
11400,2026-05-09 10:19:39.400,11.4,0.21550094517958412,ascent,11400,2026-05-09 10:19:39,9.186352,,,-2.698946608676,8.530184,0.0,8.0054792588,10.7634845964,15,5,14.941,0.0,9.186352,0.0,8.0054792588,0.0,0.0,-1.789552,13.6,0.2,0.0,,,0,0,1024,1024,1024,1024,0,0,0,0,21.3,-90.0,0,57,3.675,3.676,3.682,3.687,0,0,6.614,75.02,-2.698946608676,9.186352,6,P-GPS,9.613623878410547,2.9302325581395348,9.613623878410547,-2.2716747302654543,-2.2716747302654543,9.613623878410547,0.7803266135073565,0.7803266135073565,0.0,0.0,14.941,98.81977400000001
11500,2026-05-09 10:19:39.500,11.5,0.21739130434782608,ascent,11500,2026-05-09 10:19:39,9.186352,,,-2.698946608676,8.530184,0.0,8.0196524876,10.7783468016,15,5,14.941,0.0,9.186352,0.0,8.0196524876,0.0,0.0,-1.11847,13.6,0.3,0.0,,,0,0,1024,1024,1024,1024,0,0,0,0,21.3,-90.0,0,57,3.675,3.676,3.682,3.687,0,0,6.614,75.02,-2.698946608676,9.186352,6,P-GPS,9.728071781724957,2.965116279069767,9.728071781724957,-2.157226826951044,-2.157226826951044,9.728071781724957,0.7803266135073444,0.7803266135073444,0.0,0.0,14.941,98.81977400000001
11600,2026-05-09 10:19:39.600,11.6,0.21928166351606806,cruise,11600,2026-05-09 10:19:39,9.514436,,,-2.370862608676,8.858268,0.0,8.1134188948,10.9070213464,15,5,14.941,0.0,9.514436,0.0,8.1134188948,0.0,0.0,-0.447388,13.6,0.3,0.0,,,0,0,1024,1024,1024,1024,0,0,0,0,21.3,-90.0,0,57,3.675,3.676,3.682,3.687,0,0,6.614,75.02,-2.370862608676,9.514436,6,P-GPS,9.842519685039369,2.9999999999999996,9.842519685039369,-2.0427789236366323,-2.0427789236366323,9.842519685039369,0.7803266135073565,0.7803266135073565,0.0,0.0,14.941,98.81977400000001
11700,2026-05-09 10:19:39.700,11.7,0.22117202268431002,cruise,11700,2026-05-09 10:19:39,9.514436,,,-2.370862608676,8.530184,0.0,8.1097115456,10.9116801392,15,5,14.941,0.0,9.514436,0.0,8.1134188948,0.0,0.0,0.0,13.5,0.2,0.0,,,0,0,1024,1024,1024,1024,0,0,0,0,21.3,-90.0,0,57,3.675,3.676,3.682,3.687,0,0,6.614,75.02,-2.370862608676,9.514436,6,P-GPS,9.842519685039369,2.9999999999999996,9.842519685039369,-2.0427789236366323,-2.0427789236366323,9.842519685039369,0.0,0.0,0.0,0.0,14.941,98.81977400000001
11800,2026-05-09 10:19:39.800,11.8,0.223062381852552,cruise,11800,2026-05-09 10:19:40,9.514436,,,-2.370862608676,8.530184,0.0,8.2437994764,11.0550200388,15,5,14.941,0.0,9.514436,0.0,8.2437994764,0.0,0.0,0.0,13.5,0.0,-0.1,,,0,0,1024,1024,1024,1024,0,0,0,0,21.3,-90.0,0,57,3.675,3.676,3.682,3.687,0,0,6.614,75.02,-2.370862608676,9.514436,6,P-GPS,9.842519685039369,2.9999999999999996,9.842519685039369,-2.0427789236366323,-2.0427789236366323,9.842519685039369,0.0,0.0,0.0,0.0,14.941,98.81977400000001
11900,2026-05-09 10:19:39.900,11.9,0.22495274102079396,cruise,11900,2026-05-09 10:19:40,9.514436,,,-2.370862608676,8.530184,0.0,8.238025198,11.0663061284,15,5,14.779,0.0,9.514436,0.0,8.2437994764,0.0,0.0,0.0,13.5,0.1,-0.2,,,0,0,1024,1024,1024,1024,0,0,0,0,21.3,-90.0,0,57,3.723,3.718,3.718,3.672,0,0,7.01,75.02,-2.370862608676,9.514436,6,P-GPS,9.842519685039369,2.9999999999999996,9.842519685039369,-2.0427789236366323,-2.0427789236366323,9.842519685039369,0.0,0.0,0.0,0.0,14.779,103.60078999999999
12000,2026-05-09 10:19:40.000,12.0,0.22684310018903592,cruise,12000,2026-05-09 10:19:40,9.514436,,,-2.370862608676,8.530184,0.0,8.3573493488,11.1999347416,15,5,14.779,0.0,9.514436,0.0,8.3573493488,0.0,0.0,0.0,13.5,0.0,-0.3,,,0,0,1024,1152,1024,1024,0,19,0,0,21.3,-90.0,0,57,3.723,3.718,3.718,3.672,0,0,7.01,75.02,-2.370862608676,9.514436,6,P-GPS,9.842519685039369,2.9999999999999996,9.842519685039369,-2.0427789236366323,-2.0427789236366323,9.842519685039369,0.0,0.0,0.0,0.0,14.779,103.60078999999999
12100,2026-05-09 10:19:40.100,12.1,0.22873345935727787,cruise,12100,2026-05-09 10:19:40,9.514436,,,-2.370862608676,8.530184,0.0,8.3473427868,11.2199150572,15,5,14.779,0.0,9.514436,0.0,8.3573493488,0.0,0.0,0.0,13.5,0.0,-0.3,,,0,0,1024,1529,1024,1024,0,77,0,0,21.3,-90.0,0,57,3.723,3.718,3.718,3.672,0,0,7.01,75.02,-2.370862608676,9.514436,6,P-GPS,9.842519685039369,2.9999999999999996,9.842519685039369,-2.0427789236366323,-2.0427789236366323,9.842519685039369,0.0,0.0,0.0,0.0,14.779,103.60078999999999
12200,2026-05-09 10:19:40.200,12.2,0.23062381852551983,cruise,12200,2026-05-09 10:19:40,9.514436,,,-2.370862608676,8.530184,0.0,8.4652561764,11.3920279236,15,5,14.779,0.0,9.514436,0.0,8.4652561764,0.0,0.0,0.0,13.5,-0.1,0.1,,,0,0,1024,1325,1024,1024,0,46,0,0,21.3,-90.0,0,57,3.723,3.718,3.718,3.672,0,0,7.01,75.02,-2.370862608676,9.514436,6,P-GPS,9.842519685039369,2.9999999999999996,9.842519685039369,-2.0427789236366323,-2.0427789236366323,9.842519685039369,0.0,0.0,0.0,0.0,14.779,103.60078999999999
12300,2026-05-09 10:19:40.300,12.3,0.23251417769376184,cruise,12300,2026-05-09 10:19:40,9.514436,,,-2.370862608676,8.530184,0.0,8.4630580136,11.4437667704,15,5,14.779,0.0,9.514436,0.0,8.4652561764,0.0,0.0,0.0,13.5,-0.2,4.8,,,0,0,1024,1024,1024,1024,0,0,0,0,21.3,-90.0,0,57,3.723,3.718,3.718,3.672,0,0,7.01,75.02,-2.370862608676,9.514436,6,P-GPS,9.842519685039369,2.9999999999999996,9.842519685039369,-2.0427789236366323,-2.0427789236366323,9.842519685039369,0.0,0.0,0.0,0.0,14.779,103.60078999999999
12400,2026-05-09 10:19:40.400,12.4,0.2344045368620038,cruise,12400,2026-05-09 10:19:40,9.514436,,,-2.370862608676,8.530184,0.0,8.5416013232,11.5252300276,15,5,14.779,0.0,9.514436,0.0,8.5416013232,0.0,0.0,0.0,13.6,-0.3,8.4,,,0,0,1024,1024,1024,1024,0,0,0,0,21.3,-90.0,0,57,3.723,3.718,3.718,3.672,0,0,7.01,75.02,-2.370862608676,9.514436,6,P-GPS,9.842519685039369,2.9999999999999996,9.842519685039369,-2.0427789236366323,-2.0427789236366323,9.842519685039369,0.0,0.0,0.0,0.0,14.779,103.60078999999999
12500,2026-05-09 10:19:40.500,12.5,0.23629489603024575,cruise,12500,2026-05-09 10:19:40,9.514436,,,-2.370862608676,8.2021,0.447388,8.4899609016,11.5776578508,15,5,14.779,0.0,9.514436,0.447388,8.5416013232,0.0,0.447388,0.0,13.5,-0.4,5.3,,,0,0,1024,1024,1024,1024,0,0,0,0,21.3,-90.0,0,57,3.723,3.718,3.718,3.672,0,0,7.01,75.02,-2.370862608676,9.514436,6,P-GPS,9.842519685039369,2.9999999999999996,9.842519685039369,-2.0427789236366323,-2.0427789236366323,9.842519685039369,0.0,0.447388,0.0,0.0,14.779,103.60078999999999
12600,2026-05-09 10:19:40.600,12.6,0.2381852551984877,cruise,12600,2026-05-09 10:19:40,9.514436,,,-2.370862608676,8.2021,0.4921268,8.4682089324,11.5999347544,15,5,14.779,0.0,9.514436,0.4921268,8.5416013232,-0.223694,0.447388,0.0,13.5,-0.4,2.4,,,0,0,1024,1024,1024,1024,0,0,0,0,21.3,-90.0,0,57,3.723,3.718,3.718,3.672,0,0,7.01,75.02,-2.370862608676,9.514436,6,P-GPS,9.842519685039369,2.9999999999999996,9.842519685039369,-2.0427789236366323,-2.0427789236366323,9.842519685039369,0.0,0.500194990158838,0.0,0.0,14.779,103.60078999999999
12700,2026-05-09 10:19:40.700,12.7,0.24007561436672967,cruise,12700,2026-05-09 10:19:40,9.514436,,,-2.370862608676,8.2021,0.7158208,8.3828414756,11.6960961748,15,5,14.779,0.0,9.514436,0.7158208,8.5416013232,-0.223694,0.671082,0.0,13.6,-0.4,0.0,,,0,0,1024,1024,1024,1024,0,0,0,0,21.3,-90.0,0,57,3.723,3.718,3.718,3.672,0,0,7.01,75.02,-2.370862608676,9.514436,6,P-GPS,9.842519685039369,2.9999999999999996,9.842519685039369,-2.0427789236366323,-2.0427789236366323,9.842519685039369,0.0,0.7073825389137054,0.0,0.0,14.779,103.60078999999999
12800,2026-05-09 10:19:40.800,12.8,0.24196597353497165,cruise,12800,2026-05-09 10:19:41,9.514436,,,-2.370862608676,8.2021,0.7158208,8.3541341256,11.730971504,15,5,14.779,0.0,9.514436,0.7158208,8.5416013232,-0.223694,0.671082,0.0,13.6,-0.4,-1.7,,,0,0,1024,1024,1024,1024,0,0,0,0,21.3,-90.0,0,57,3.723,3.718,3.718,3.672,0,0,7.01,75.02,-2.370862608676,9.514436,6,P-GPS,9.842519685039369,2.9999999999999996,9.842519685039369,-2.0427789236366323,-2.0427789236366323,9.842519685039369,0.0,0.7073825389137054,0.0,0.0,14.779,103.60078999999999
12900,2026-05-09 10:19:40.900,12.9,0.24385633270321364,cruise,12900,2026-05-09 10:19:41,9.514436,,,-2.370862608676,8.2021,0.447388,8.2730317608,11.8202431604,15,5,14.851,0.0,9.514436,0.7158208,8.5416013232,0.0,0.447388,0.0,13.6,-0.4,-2.3,,,0,0,1024,1024,1024,1051,0,0,0,4,21.3,-90.0,0,57,3.711,3.71,3.708,3.708,0,0,6.489,75.02,-2.370862608676,9.514436,6,P-GPS,9.842519685039369,2.9999999999999996,9.842519685039369,-2.0427789236366323,-2.0427789236366323,9.842519685039369,0.0,0.447388,0.0,0.0,14.851,96.368139
13000,2026-05-09 10:19:41.000,13.0,0.2457466918714556,cruise,13000,2026-05-09 10:19:41,9.514436,,,-2.370862608676,8.2021,0.447388,8.298392654,11.906824528,15,5,14.851,0.0,9.514436,0.7158208,8.5416013232,0.0,0.447388,0.0,13.6,-0.5,-2.2,,,0,0,1024,1024,1024,1488,0,0,0,70,21.3,-90.0,0,57,3.711,3.71,3.708,3.708,0,0,6.489,75.02,-2.370862608676,9.514436,6,P-GPS,9.842519685039369,2.9999999999999996,9.842519685039369,-2.0427789236366323,-2.0427789236366323,9.842519685039369,0.0,0.447388,0.0,0.0,14.851,96.368139
13100,2026-05-09 10:19:41.100,13.1,0.24763705103969755,cruise,13100,2026-05-09 10:19:41,9.514436,,,-2.370862608676,8.530184,0.223694,8.2299215232,11.9757549764,15,5,14.851,0.0,9.514436,0.7158208,8.5416013232,0.0,0.223694,0.0,13.6,-0.5,-1.9,,,0,0,1024,1024,1024,1684,0,0,0,100,22.3,-90.0,0,57,3.711,3.71,3.708,3.708,0,0,6.489,75.02,-2.370862608676,9.514436,6,P-GPS,9.842519685039369,2.9999999999999996,9.842519685039369,-2.0427789236366323,-2.0427789236366323,9.842519685039369,0.0,0.223694,0.0,0.0,14.851,96.368139
13200,2026-05-09 10:19:41.200,13.2,0.2495274102079395,cruise,13200,2026-05-09 10:19:41,9.514436,,,-2.370862608676,8.530184,0.223694,8.2460304476,12.0333993352,15,5,14.851,0.0,9.514436,0.7158208,8.5416013232,0.0,0.223694,0.0,15.0,-0.5,-1.6,,,0,0,1024,1024,1024,1684,0,0,0,100,26.1,-90.0,0,57,3.711,3.71,3.708,3.708,0,0,6.489,75.02,-2.370862608676,9.514436,6,P-GPS,9.842519685039369,2.9999999999999996,9.842519685039369,-2.0427789236366323,-2.0427789236366323,9.842519685039369,0.0,0.223694,0.0,0.0,14.851,96.368139
13300,2026-05-09 10:19:41.300,13.3,0.2514177693761815,cruise,13300,2026-05-09 10:19:41,9.514436,,,-2.370862608676,8.2021,0.223694,8.2127299216,12.0673888376,15,5,14.851,0.0,9.514436,0.7158208,8.5416013232,0.0,0.223694,0.0,19.6,-0.3,-1.3,,,0,0,1024,1024,1024,1510,0,0,0,74,31.5,-90.0,0,57,3.711,3.71,3.708,3.708,0,0,6.489,75.02,-2.370862608676,9.514436,6,P-GPS,9.842519685039369,2.9999999999999996,9.842519685039369,-2.0427789236366323,-2.0427789236366323,9.842519685039369,0.0,0.223694,0.0,0.0,14.851,96.368139
13400,2026-05-09 10:19:41.400,13.400000000000002,0.25330812854442347,cruise,13400,2026-05-09 10:19:41,9.514436,,,-2.370862608676,7.874016,0.0,8.2986879296,12.1538389716,15,5,14.851,0.0,9.514436,0.7158208,8.5416013232,0.0,0.0,0.0,25.6,-0.1,-1.3,,,0,0,1024,1024,1024,1061,0,0,0,6,37.0,-90.0,0,57,3.711,3.71,3.708,3.708,0,0,6.489,75.02,-2.370862608676,9.514436,6,P-GPS,9.842519685039369,2.9999999999999996,9.842519685039369,-2.0427789236366323,-2.0427789236366323,9.842519685039369,0.0,0.0,0.0,0.0,14.851,96.368139
13500,2026-05-09 10:19:41.500,13.5,0.2551984877126654,cruise,13500,2026-05-09 10:19:41,9.514436,,,-2.370862608676,7.874016,0.0,8.2559385844,12.1990489468,15,5,14.851,0.0,9.514436,0.7158208,8.5416013232,0.0,0.0,0.0,30.9,0.0,-1.2,,,0,0,1024,1024,1024,1159,0,0,0,20,39.4,-90.0,0,57,3.711,3.71,3.708,3.708,0,0,6.489,75.02,-2.370862608676,9.514436,6,P-GPS,9.842519685039369,2.9999999999999996,9.842519685039369,-2.0427789236366323,-2.0427789236366323,9.842519685039369,0.0,0.0,0.0,0.0,14.851,96.368139
13600,2026-05-09 10:19:41.600,13.6,0.2570888468809074,cruise,13600,2026-05-09 10:19:41,9.514436,,,-2.370862608676,7.874016,0.0,8.3460960676,12.3120410764,15,5,14.851,0.0,9.514436,0.7158208,8.5416013232,0.0,0.0,0.0,32.4,-0.1,-1.1,,,0,0,1024,1024,1024,1684,0,0,0,100,39.9,-90.0,0,57,3.711,3.71,3.708,3.708,0,0,6.489,75.02,-2.370862608676,9.514436,6,P-GPS,9.842519685039369,2.9999999999999996,9.842519685039369,-2.0427789236366323,-2.0427789236366323,9.842519685039369,0.0,0.0,0.0,0.0,14.851,96.368139
13700,2026-05-09 10:19:41.700,13.699999999999998,0.2589792060491493,cruise,13700,2026-05-09 10:19:41,9.514436,,,-2.370862608676,7.874016,0.0,8.3106301872,12.347605382,15,5,14.851,0.0,9.514436,0.7158208,8.5416013232,0.0,0.0,0.0,32.3,-0.3,-1.0,,,0,0,1024,1024,1055,1684,0,0,5,100,40.8,-90.0,0,57,3.711,3.71,3.708,3.708,0,0,6.489,75.02,-2.370862608676,9.514436,6,P-GPS,9.842519685039369,2.9999999999999996,9.842519685039369,-2.0427789236366323,-2.0427789236366323,9.842519685039369,0.0,0.0,0.0,0.0,14.851,96.368139
13800,2026-05-09 10:19:41.800,13.799999999999999,0.2608695652173913,cruise,13800,2026-05-09 10:19:41,9.514436,,,-2.370862608676,8.2021,0.0,8.403379534,12.452264178,15,5,14.851,0.0,9.514436,0.7158208,8.5416013232,0.0,0.0,0.0,33.3,-0.5,-1.0,,,0,0,1024,1024,1045,1684,0,0,3,100,44.5,-90.0,0,57,3.711,3.71,3.708,3.708,0,0,6.489,75.02,-2.370862608676,9.514436,6,P-GPS,9.842519685039369,2.9999999999999996,9.842519685039369,-2.0427789236366323,-2.0427789236366323,9.842519685039369,0.0,0.0,0.0,0.0,14.851,96.368139
13900,2026-05-09 10:19:41.900,13.9,0.2627599243856333,cruise,13900,2026-05-09 10:19:42,9.514436,,,-2.370862608676,8.530184,0.0,8.3525593224,12.5042983004,15,5,14.843,0.0,9.514436,0.7158208,8.5416013232,0.0,0.0,0.0,38.0,-0.6,-1.3,,,0,0,1024,1024,1028,1684,0,0,1,100,50.0,-90.0,0,57,3.712,3.711,3.71,3.709,0,0,6.098,75.02,-2.370862608676,9.514436,6,P-GPS,9.842519685039369,2.9999999999999996,9.842519685039369,-2.0427789236366323,-2.0427789236366323,9.842519685039369,0.0,0.0,0.0,0.0,14.843,90.512614
14000,2026-05-09 10:19:42.000,14.000000000000002,0.26465028355387527,cruise,14000,2026-05-09 10:19:42,9.514436,,,-2.370862608676,8.2021,0.0,8.5039044716,12.657644762,15,5,14.843,0.0,9.514436,0.7158208,8.5416013232,0.0,0.0,0.0,44.0,-0.6,-1.3,,,0,0,1024,1024,1028,1684,0,0,1,100,55.9,-90.0,0,57,3.712,3.711,3.71,3.709,0,0,6.098,75.02,-2.370862608676,9.514436,6,P-GPS,9.842519685039369,2.9999999999999996,9.842519685039369,-2.0427789236366323,-2.0427789236366323,9.842519685039369,0.0,0.0,0.0,0.0,14.843,90.512614
14100,2026-05-09 10:19:42.100,14.1,0.2665406427221172,cruise,14100,2026-05-09 10:19:42,9.514436,,,-2.370862608676,8.2021,0.0,8.480807358,12.68208702,15,5,14.843,0.0,9.514436,0.7158208,8.5416013232,0.0,0.0,0.0,50.1,-0.6,-1.3,,,0,0,1024,1024,1024,1684,0,0,0,100,61.9,-90.0,0,57,3.712,3.711,3.71,3.709,0,0,6.098,75.02,-2.370862608676,9.514436,6,P-GPS,9.842519685039369,2.9999999999999996,9.842519685039369,-2.0427789236366323,-2.0427789236366323,9.842519685039369,0.0,0.0,0.0,0.0,14.843,90.512614
14200,2026-05-09 10:19:42.200,14.2,0.2684310018903592,cruise,14200,2026-05-09 10:19:42,9.514436,,,-2.370862608676,8.530184,0.0,8.6428480456,12.8459977864,15,5,14.843,0.0,9.514436,0.7158208,8.6428480456,0.0,0.0,0.0,56.0,-0.6,-1.1,,,0,0,1024,1024,1024,1684,0,0,0,100,67.9,-90.0,0,57,3.712,3.711,3.71,3.709,0,0,6.098,75.02,-2.370862608676,9.514436,6,P-GPS,9.842519685039369,2.9999999999999996,9.842519685039369,-2.0427789236366323,-2.0427789236366323,9.842519685039369,0.0,0.0,0.0,0.0,14.843,90.512614
14300,2026-05-09 10:19:42.300,14.3,0.27032136105860116,cruise,14300,2026-05-09 10:19:42,9.514436,,,-2.370862608676,8.530184,0.0,8.6517063136,12.8630581544,15,5,14.843,0.0,9.514436,0.7158208,8.6517063136,0.0,0.0,0.0,62.0,-0.7,-0.9,,,0,0,1024,1024,1024,1684,0,0,0,100,73.9,-90.0,0,57,3.712,3.711,3.71,3.709,0,0,6.098,75.02,-2.370862608676,9.514436,6,P-GPS,9.842519685039369,2.9999999999999996,9.842519685039369,-2.0427789236366323,-2.0427789236366323,9.842519685039369,0.0,0.0,0.0,0.0,14.843,90.512614
14400,2026-05-09 10:19:42.400,14.399999999999999,0.2722117202268431,cruise,14400,2026-05-09 10:19:42,9.514436,,,-2.370862608676,8.530184,0.0,8.7681761336,12.9800201004,15,5,14.843,0.0,9.514436,0.7158208,8.7681761336,0.0,0.0,0.0,68.0,-0.7,-0.8,,,0,0,1024,1024,1024,1684,0,0,0,100,79.9,-90.0,0,57,3.712,3.711,3.71,3.709,0,0,6.098,75.02,-2.370862608676,9.514436,6,P-GPS,9.842519685039369,2.9999999999999996,9.842519685039369,-2.0427789236366323,-2.0427789236366323,9.842519685039369,0.0,0.0,0.0,0.0,14.843,90.512614
14500,2026-05-09 10:19:42.500,14.5,0.2741020793950851,cruise,14500,2026-05-09 10:19:42,9.514436,,,-2.370862608676,8.530184,0.0,8.7868113048,13.0142064532,15,5,14.843,0.0,9.514436,0.7158208,8.7868113048,0.0,0.0,0.0,74.0,-0.9,-0.8,,,0,0,1024,1024,1024,1684,0,0,0,100,85.9,-90.0,0,57,3.712,3.711,3.71,3.709,0,0,6.098,75.02,-2.370862608676,9.514436,6,P-GPS,9.842519685039369,2.9999999999999996,9.842519685039369,-2.0427789236366323,-2.0427789236366323,9.842519685039369,0.0,0.0,0.0,0.0,14.843,90.512614
14600,2026-05-09 10:19:42.600,14.600000000000001,0.27599243856332706,cruise,14600,2026-05-09 10:19:42,9.514436,,,-2.370862608676,8.530184,0.0,8.932250942,13.1693245684,15,5,14.843,0.0,9.514436,0.7158208,8.932250942,0.0,0.0,0.0,80.0,-1.0,-0.8,,,0,0,1024,1024,1024,1684,0,0,0,100,91.9,-90.0,0,57,3.712,3.711,3.71,3.709,0,0,6.098,75.02,-2.370862608676,9.514436,6,P-GPS,9.842519685039369,2.9999999999999996,9.842519685039369,-2.0427789236366323,-2.0427789236366323,9.842519685039369,0.0,0.0,0.0,0.0,14.843,90.512614
14700,2026-05-09 10:19:42.700,14.7,0.277882797731569,cruise,14700,2026-05-09 10:19:42,9.514436,,,-2.370862608676,8.530184,0.0,8.9558073732,13.2153219452,15,5,14.843,0.0,9.514436,0.7158208,8.9558073732,0.0,0.0,0.0,86.1,-1.1,-0.9,,,0,0,1024,1024,1024,1684,0,0,0,100,97.9,-90.0,0,57,3.712,3.711,3.71,3.709,0,0,6.098,75.02,-2.370862608676,9.514436,6,P-GPS,9.842519685039369,2.9999999999999996,9.842519685039369,-2.0427789236366323,-2.0427789236366323,9.842519685039369,0.0,0.0,0.0,0.0,14.843,90.512614
14800,2026-05-09 10:19:42.800,14.8,0.27977315689981097,cruise,14800,2026-05-09 10:19:43,9.514436,,,-2.370862608676,8.530184,0.0,9.0993441232,13.3749348112,15,5,14.843,0.0,9.514436,0.7158208,9.0993441232,0.0,0.0,0.0,92.1,-1.2,-1.0,,,0,0,1024,1024,1024,1684,0,0,0,100,103.9,-90.0,0,57,3.712,3.711,3.71,3.709,0,0,6.098,75.02,-2.370862608676,9.514436,6,P-GPS,9.842519685039369,2.9999999999999996,9.842519685039369,-2.0427789236366323,-2.0427789236366323,9.842519685039369,0.0,0.0,0.0,0.0,14.843,90.512614
14900,2026-05-09 10:19:42.900,14.9,0.28166351606805295,cruise,14900,2026-05-09 10:19:43,9.514436,,,-2.370862608676,8.2021,0.0,9.1442916312,13.4209649964,15,5,14.835,0.0,9.514436,0.7158208,9.1442916312,0.0,0.0,0.0,98.1,-1.2,-1.1,,,0,0,1024,1024,1024,1684,0,0,0,100,109.9,-90.0,0,57,3.709,3.708,3.708,3.707,0,0,6.054,75.2,-2.370862608676,9.514436,6,P-GPS,9.842519685039369,2.9999999999999996,9.842519685039369,-2.0427789236366323,-2.0427789236366323,9.842519685039369,0.0,0.0,0.0,0.0,14.835,89.81109000000001
15000,2026-05-09 10:19:43.000,14.999999999999998,0.2835538752362949,cruise,15000,2026-05-09 10:19:43,9.514436,,,-2.370862608676,8.530184,0.0,9.328904498,13.6283140844,15,5,14.835,0.0,9.514436,0.7158208,9.328904498,0.0,0.0,0.0,104.1,-1.2,-0.4,,,0,0,1024,1024,1024,1684,0,0,0,100,115.9,-90.0,0,57,3.709,3.708,3.708,3.707,0,0,6.054,75.2,-2.370862608676,9.514436,6,P-GPS,9.842519685039369,2.9999999999999996,9.842519685039369,-2.0427789236366323,-2.0427789236366323,9.842519685039369,0.0,0.0,0.0,0.0,14.835,89.81109000000001
15100,2026-05-09 10:19:43.100,15.1,0.28544423440453687,cruise,15100,2026-05-09 10:19:43,9.514436,,,-2.370862608676,8.2021,0.0,9.4171919024,13.7287077884,15,5,14.835,0.0,9.514436,0.7158208,9.4171919024,0.0,0.0,0.0,110.0,-1.3,0.0,,,0,0,1024,1024,1024,1684,0,0,0,100,121.9,-90.0,0,57,3.709,3.708,3.708,3.707,0,0,6.054,75.2,-2.370862608676,9.514436,6,P-GPS,9.842519685039369,2.9999999999999996,9.842519685039369,-2.0427789236366323,-2.0427789236366323,9.842519685039369,0.0,0.0,0.0,0.0,14.835,89.81109000000001
15200,2026-05-09 10:19:43.200,15.199999999999998,0.2873345935727788,cruise,15200,2026-05-09 10:19:43,9.514436,,,-2.370862608676,8.530184,0.0,9.4454071264,13.7658797056,15,5,14.835,0.0,9.514436,0.7158208,9.4454071264,0.0,0.0,0.0,116.0,-1.5,0.1,,,0,0,1024,1024,1024,1684,0,0,0,100,124.9,-90.0,0,57,3.709,3.708,3.708,3.707,0,0,6.054,75.2,-2.370862608676,9.514436,6,P-GPS,9.842519685039369,2.9999999999999996,9.842519685039369,-2.0427789236366323,-2.0427789236366323,9.842519685039369,0.0,0.0,0.0,0.0,14.835,89.81109000000001
15300,2026-05-09 10:19:43.300,15.300000000000002,0.28922495274102084,cruise,15300,2026-05-09 10:19:43,9.514436,,,-2.370862608676,8.2021,0.0,9.4763454476,13.7999348248,15,5,14.835,0.0,9.514436,0.7158208,9.4763454476,0.0,0.0,0.0,122.0,-1.4,0.0,,,0,0,1024,1024,1024,1684,0,0,0,100,133.9,-90.0,0,57,3.709,3.708,3.708,3.707,0,0,6.054,75.2,-2.370862608676,9.514436,6,P-GPS,9.842519685039369,2.9999999999999996,9.842519685039369,-2.0427789236366323,-2.0427789236366323,9.842519685039369,0.0,0.0,0.0,0.0,14.835,89.81109000000001
15400,2026-05-09 10:19:43.400,15.4,0.29111531190926276,cruise,15400,2026-05-09 10:19:43,9.514436,,,-2.370862608676,8.530184,0.0,9.54806461,13.8805122552,15,5,14.835,0.0,9.514436,0.7158208,9.54806461,0.0,0.0,0.0,128.0,-1.2,-0.3,,,0,0,1024,1024,1024,1684,0,0,0,100,139.9,-90.0,0,57,3.709,3.708,3.708,3.707,0,0,6.054,75.2,-2.370862608676,9.514436,6,P-GPS,9.842519685039369,2.9999999999999996,9.842519685039369,-2.0427789236366323,-2.0427789236366323,9.842519685039369,0.0,0.0,0.0,0.0,14.835,89.81109000000001
15500,2026-05-09 10:19:43.500,15.5,0.29300567107750475,cruise,15500,2026-05-09 10:19:43,9.514436,,,-2.370862608676,8.858268,0.0,9.5547247152,13.8880581872,15,5,14.835,0.0,9.514436,0.7158208,9.5547247152,0.0,0.0,0.0,134.0,-0.9,-0.5,,,0,0,1024,1024,1024,1684,0,0,0,100,145.9,-90.0,0,57,3.709,3.708,3.708,3.707,0,0,6.054,75.2,-2.370862608676,9.514436,6,P-GPS,9.842519685039369,2.9999999999999996,9.842519685039369,-2.0427789236366323,-2.0427789236366323,9.842519685039369,0.0,0.0,0.0,0.0,14.835,89.81109000000001
15600,2026-05-09 10:19:43.600,15.6,0.2948960302457467,cruise,15600,2026-05-09 10:19:43,9.514436,,,-2.370862608676,8.530184,0.0,9.677493748,14.0187996612,15,5,14.835,0.0,9.514436,0.7158208,9.677493748,0.0,0.0,0.0,140.0,-0.7,-0.7,,,0,0,1024,1024,1024,1684,0,0,0,100,151.9,-90.0,0,57,3.709,3.708,3.708,3.707,0,0,6.054,75.2,-2.370862608676,9.514436,6,P-GPS,9.842519685039369,2.9999999999999996,9.842519685039369,-2.0427789236366323,-2.0427789236366323,9.842519685039369,0.0,0.0,0.0,0.0,14.835,89.81109000000001
15700,2026-05-09 10:19:43.700,15.7,0.29678638941398866,cruise,15700,2026-05-09 10:19:43,9.514436,,,-2.370862608676,8.530184,0.0,9.6738192072,14.0228350944,15,5,14.835,0.0,9.514436,0.7158208,9.677493748,0.0,0.0,0.0,146.0,-0.5,-0.7,,,0,0,1024,1024,1024,1684,0,0,0,100,154.9,-90.0,0,57,3.709,3.708,3.708,3.707,0,0,6.054,75.2,-2.370862608676,9.514436,6,P-GPS,9.842519685039369,2.9999999999999996,9.842519685039369,-2.0427789236366323,-2.0427789236366323,9.842519685039369,0.0,0.0,0.0,0.0,14.835,89.81109000000001
15800,2026-05-09 10:19:43.800,15.8,0.29867674858223064,cruise,15800,2026-05-09 10:19:44,9.514436,,,-2.370862608676,8.2021,0.0,9.7638454568,14.1178154124,15,5,14.835,0.0,9.514436,0.7158208,9.7638454568,0.0,0.0,0.0,152.0,-0.4,-0.8,,,0,0,1024,1024,1024,1684,0,0,0,100,163.9,-90.0,0,57,3.709,3.708,3.708,3.707,0,0,6.054,75.2,-2.370862608676,9.514436,6,P-GPS,9.842519685039369,2.9999999999999996,9.842519685039369,-2.0427789236366323,-2.0427789236366323,9.842519685039369,0.0,0.0,0.0,0.0,14.835,89.81109000000001
15900,2026-05-09 10:19:43.900,15.900000000000002,0.30056710775047263,cruise,15900,2026-05-09 10:19:44,9.514436,,,-2.370862608676,8.530184,0.0,9.757382202,14.1261159376,15,5,14.829,0.0,9.514436,0.7158208,9.7638454568,0.0,0.0,0.0,158.0,-0.3,-1.0,,,0,0,1024,1024,1024,1684,0,0,0,100,169.9,-90.0,0,57,3.707,3.707,3.707,3.706,0,0,6.032,75.2,-2.370862608676,9.514436,6,P-GPS,9.842519685039369,2.9999999999999996,9.842519685039369,-2.0427789236366323,-2.0427789236366323,9.842519685039369,0.0,0.0,0.0,0.0,14.829,89.44852800000001
16000,2026-05-09 10:19:44.000,16.0,0.30245746691871456,cruise,16000,2026-05-09 10:19:44,9.514436,,,-2.370862608676,8.2021,0.0,9.8729333868,14.2494427132,15,5,14.829,0.0,9.514436,0.7158208,9.8729333868,0.0,0.0,0.0,164.0,-0.2,-1.1,,,0,0,1024,1024,1024,1684,0,0,0,100,175.9,-90.0,0,57,3.707,3.707,3.707,3.706,0,0,6.032,75.2,-2.370862608676,9.514436,6,P-GPS,9.842519685039369,2.9999999999999996,9.842519685039369,-2.0427789236366323,-2.0427789236366323,9.842519685039369,0.0,0.0,0.0,0.0,14.829,89.44852800000001
16100,2026-05-09 10:19:44.100,16.1,0.30434782608695654,cruise,16100,2026-05-09 10:19:44,9.514436,,,-2.370862608676,8.530184,0.0,9.871063308,14.2533797212,15,5,14.829,0.0,9.514436,0.7158208,9.8729333868,0.0,0.0,0.0,170.0,-0.1,-1.1,,,0,0,1024,1024,1024,1684,0,0,0,100,181.9,-90.0,0,57,3.707,3.707,3.707,3.706,0,0,6.032,75.2,-2.370862608676,9.514436,6,P-GPS,9.842519685039369,2.9999999999999996,9.842519685039369,-2.0427789236366323,-2.0427789236366323,9.842519685039369,0.0,0.0,0.0,0.0,14.829,89.44852800000001
16200,2026-05-09 10:19:44.200,16.2,0.30623818525519847,cruise,16200,2026-05-09 10:19:44,9.514436,,,-2.370862608676,8.2021,0.0,9.9744753848,14.3682091212,15,5,14.829,0.0,9.514436,0.7158208,9.9744753848,0.0,0.0,0.0,176.0,-0.1,-1.2,,,0,0,1024,1024,1024,1684,0,0,0,100,187.9,-90.0,0,57,3.707,3.707,3.707,3.706,0,0,6.032,75.2,-2.370862608676,9.514436,6,P-GPS,9.842519685039369,2.9999999999999996,9.842519685039369,-2.0427789236366323,-2.0427789236366323,9.842519685039369,0.0,0.0,0.0,0.0,14.829,89.44852800000001
16300,2026-05-09 10:19:44.300,16.3,0.30812854442344045,cruise,16300,2026-05-09 10:19:44,9.514436,,,-2.370862608676,8.530184,0.0,9.9748362772,14.372703872,15,5,14.829,0.0,9.514436,0.7158208,9.9748362772,0.0,0.0,0.0,182.1,0.0,-1.2,,,0,0,1024,1024,1024,1546,0,0,0,79,190.9,-90.0,0,57,3.707,3.707,3.707,3.706,0,0,6.032,75.2,-2.370862608676,9.514436,6,P-GPS,9.842519685039369,2.9999999999999996,9.842519685039369,-2.0427789236366323,-2.0427789236366323,9.842519685039369,0.0,0.0,0.0,0.0,14.829,89.44852800000001
16400,2026-05-09 10:19:44.400,16.4,0.3100189035916824,cruise,16400,2026-05-09 10:19:44,9.514436,,,-2.370862608676,8.530184,0.0,10.093996386,14.4952104376,15,5,14.829,0.0,9.514436,0.7158208,10.093996386,0.0,0.0,0.0,188.1,0.0,-1.2,,,0,0,1024,1024,1024,1546,0,0,0,79,199.8,-90.0,0,57,3.707,3.707,3.707,3.706,0,0,6.032,75.2,-2.370862608676,9.514436,6,P-GPS,9.842519685039369,2.9999999999999996,9.842519685039369,-2.0427789236366323,-2.0427789236366323,9.842519685039369,0.0,0.0,0.0,0.0,14.829,89.44852800000001
16500,2026-05-09 10:19:44.500,16.5,0.3119092627599244,cruise,16500,2026-05-09 10:19:44,9.514436,,,-2.370862608676,8.2021,0.0,10.0804793252,14.5087603068,15,5,14.829,0.0,9.514436,0.7158208,10.093996386,0.0,0.0,0.0,194.0,0.0,-1.1,,,0,0,1024,1024,1024,1024,0,0,0,0,204.1,-90.0,0,57,3.707,3.707,3.707,3.706,0,0,6.032,75.2,-2.370862608676,9.514436,6,P-GPS,9.842519685039369,2.9999999999999996,9.842519685039369,-2.0427789236366323,-2.0427789236366323,9.842519685039369,0.0,0.0,0.0,0.0,14.829,89.44852800000001
16600,2026-05-09 10:19:44.600,16.6,0.3137996219281664,cruise,16600,2026-05-09 10:19:44,9.514436,,,-2.370862608676,8.530184,0.0,10.1787404832,14.60711989,15,5,14.829,0.0,9.514436,0.7158208,10.1787404832,0.0,0.0,0.0,197.7,0.0,-0.9,,,0,0,1024,1024,1024,1024,0,0,0,0,205.4,-90.0,0,57,3.707,3.707,3.707,3.706,0,0,6.032,75.2,-2.370862608676,9.514436,6,P-GPS,9.842519685039369,2.9999999999999996,9.842519685039369,-2.0427789236366323,-2.0427789236366323,9.842519685039369,0.0,0.0,0.0,0.0,14.829,89.44852800000001
16700,2026-05-09 10:19:44.700,16.7,0.31568998109640833,cruise,16700,2026-05-09 10:19:44,9.514436,,,-2.370862608676,8.530184,0.0,10.165846782,14.620407292,15,5,14.829,0.0,9.514436,0.7158208,10.1787404832,0.0,0.0,0.0,198.1,0.1,-0.9,,,0,0,1024,1024,1024,1024,0,0,0,0,205.6,-90.0,0,57,3.707,3.707,3.707,3.706,0,0,6.032,75.2,-2.370862608676,9.514436,6,P-GPS,9.842519685039369,2.9999999999999996,9.842519685039369,-2.0427789236366323,-2.0427789236366323,9.842519685039369,0.0,0.0,0.0,0.0,14.829,89.44852800000001
16800,2026-05-09 10:19:44.800,16.8,0.3175803402646503,cruise,16800,2026-05-09 10:19:45,9.514436,,,-2.370862608676,8.530184,0.0,10.2022312976,14.6715555876,15,5,14.829,0.0,9.514436,0.7158208,10.2022312976,0.0,0.0,0.0,198.0,0.2,-0.8,,,0,0,1024,1024,1024,1024,0,0,0,0,205.6,-90.0,0,57,3.707,3.707,3.707,3.706,0,0,6.032,75.2,-2.370862608676,9.514436,6,P-GPS,9.842519685039369,2.9999999999999996,9.842519685039369,-2.0427789236366323,-2.0427789236366323,9.842519685039369,0.0,0.0,0.0,0.0,14.829,89.44852800000001
16900,2026-05-09 10:19:44.900,16.9,0.31947069943289225,cruise,16900,2026-05-09 10:19:45,9.514436,,,-2.370862608676,8.530184,0.0,10.1751643676,14.7009847224,15,5,14.825,0.0,9.514436,0.7158208,10.2022312976,0.0,0.0,0.0,197.9,0.3,-0.6,,,0,0,1024,1024,1024,1024,0,0,0,0,205.6,-90.0,0,57,3.705,3.705,3.705,3.704,0,0,6.073,75.2,-2.370862608676,9.514436,6,P-GPS,9.842519685039369,2.9999999999999996,9.842519685039369,-2.0427789236366323,-2.0427789236366323,9.842519685039369,0.0,0.0,0.0,0.0,14.825,90.032225
17000,2026-05-09 10:19:45.000,17.0,0.32136105860113423,cruise,17000,2026-05-09 10:19:45,9.514436,,,-2.370862608676,8.530184,0.0,10.2384845796,14.7885831504,15,5,14.825,0.0,9.514436,0.7158208,10.2384845796,0.0,0.0,0.0,198.0,0.3,-0.3,,,0,0,1024,1024,1024,1024,0,0,0,0,205.6,-90.0,0,57,3.705,3.705,3.705,3.704,0,0,6.073,75.2,-2.370862608676,9.514436,6,P-GPS,9.842519685039369,2.9999999999999996,9.842519685039369,-2.0427789236366323,-2.0427789236366323,9.842519685039369,0.0,0.0,0.0,0.0,14.825,90.032225
17100,2026-05-09 10:19:45.100,17.1,0.3232514177693762,cruise,17100,2026-05-09 10:19:45,9.514436,,,-2.370862608676,8.530184,0.0,10.2069885156,14.8206041488,15,5,14.825,0.0,9.514436,0.7158208,10.2384845796,0.0,0.0,0.0,198.0,0.3,-0.1,,,0,0,1024,1024,1024,1067,0,0,0,7,205.6,-90.0,0,57,3.705,3.705,3.705,3.704,0,0,6.073,75.2,-2.370862608676,9.514436,6,P-GPS,9.842519685039369,2.9999999999999996,9.842519685039369,-2.0427789236366323,-2.0427789236366323,9.842519685039369,0.0,0.0,0.0,0.0,14.825,90.032225
17200,2026-05-09 10:19:45.200,17.2,0.32514177693761814,cruise,17200,2026-05-09 10:19:45,9.514436,,,-2.370862608676,8.530184,0.0,10.33300558,14.9620083528,15,5,14.825,0.0,9.514436,0.7158208,10.33300558,0.0,0.0,0.0,197.9,0.3,0.0,,,0,0,1024,1024,1024,1172,0,0,0,22,205.6,-90.0,0,57,3.705,3.705,3.705,3.704,0,0,6.073,75.2,-2.370862608676,9.514436,6,P-GPS,9.842519685039369,2.9999999999999996,9.842519685039369,-2.0427789236366323,-2.0427789236366323,9.842519685039369,0.0,0.0,0.0,0.0,14.825,90.032225
17300,2026-05-09 10:19:45.300,17.3,0.3270321361058601,cruise,17300,2026-05-09 10:19:45,9.514436,,,-2.370862608676,7.874016,0.0,10.3025593848,14.9926842068,15,5,14.825,0.0,9.514436,0.7158208,10.33300558,0.0,0.0,0.0,197.8,0.3,0.0,,,0,0,1024,1024,1024,1272,0,0,0,38,205.6,-90.0,0,57,3.705,3.705,3.705,3.704,0,0,6.073,75.2,-2.370862608676,9.514436,6,P-GPS,9.842519685039369,2.9999999999999996,9.842519685039369,-2.0427789236366323,-2.0427789236366323,9.842519685039369,0.0,0.0,0.0,0.0,14.825,90.032225
17400,2026-05-09 10:19:45.400,17.4,0.32892249527410206,cruise,17400,2026-05-09 10:19:45,9.514436,,,-2.370862608676,7.874016,0.0,10.3685370772,15.0794624248,15,5,14.825,0.0,9.514436,0.7158208,10.3685370772,0.0,0.0,0.0,197.7,0.4,0.0,,,0,0,1024,1024,1024,1024,0,0,0,0,205.9,-90.0,0,57,3.705,3.705,3.705,3.704,0,0,6.073,75.2,-2.370862608676,9.514436,6,P-GPS,9.842519685039369,2.9999999999999996,9.842519685039369,-2.0427789236366323,-2.0427789236366323,9.842519685039369,0.0,0.0,0.0,0.0,14.825,90.032225
17500,2026-05-09 10:19:45.500,17.5,0.33081285444234404,cruise,17500,2026-05-09 10:19:45,9.514436,,,-2.370862608676,8.2021,0.0,10.3464898324,15.101542478,15,5,14.825,0.0,9.514436,0.7158208,10.3685370772,0.0,0.0,0.0,197.9,0.6,0.1,,,0,0,1024,1024,1024,1024,0,0,0,0,206.2,-90.0,0,57,3.705,3.705,3.705,3.704,0,0,6.073,75.2,-2.370862608676,9.514436,6,P-GPS,9.842519685039369,2.9999999999999996,9.842519685039369,-2.0427789236366323,-2.0427789236366323,9.842519685039369,0.0,0.0,0.0,0.0,14.825,90.032225
17600,2026-05-09 10:19:45.600,17.6,0.332703213610586,cruise,17600,2026-05-09 10:19:45,9.514436,,,-2.370862608676,8.2021,0.0,10.4561355052,15.2158469436,15,5,14.825,0.0,9.514436,0.7158208,10.4561355052,0.0,0.0,0.0,198.1,0.6,0.1,,,0,0,1024,1024,1024,1024,0,0,0,0,206.3,-90.0,0,57,3.705,3.705,3.705,3.704,0,0,6.073,75.2,-2.370862608676,9.514436,6,P-GPS,9.842519685039369,2.9999999999999996,9.842519685039369,-2.0427789236366323,-2.0427789236366323,9.842519685039369,0.0,0.0,0.0,0.0,14.825,90.032225
17700,2026-05-09 10:19:45.700,17.7,0.33459357277882795,cruise,17700,2026-05-09 10:19:45,9.514436,,,-2.370862608676,8.530184,0.0,10.4442588644,15.2290687288,15,5,14.825,0.0,9.514436,0.7158208,10.4561355052,0.0,0.0,0.0,198.0,0.5,0.0,,,0,0,1024,1024,1024,1024,0,0,0,0,206.3,-90.0,0,57,3.705,3.705,3.705,3.704,0,0,6.073,75.2,-2.370862608676,9.514436,6,P-GPS,9.842519685039369,2.9999999999999996,9.842519685039369,-2.0427789236366323,-2.0427789236366323,9.842519685039369,0.0,0.0,0.0,0.0,14.825,90.032225
17800,2026-05-09 10:19:45.800,17.8,0.33648393194707,cruise,17800,2026-05-09 10:19:46,9.514436,,,-2.370862608676,8.2021,0.0,10.5343179224,15.3248364484,15,5,14.825,0.0,9.514436,0.7158208,10.5343179224,0.0,0.0,0.0,197.9,0.6,0.0,,,0,0,1024,1024,1024,1024,0,0,0,0,206.3,-90.0,0,57,3.705,3.705,3.705,3.704,0,0,6.073,75.2,-2.370862608676,9.514436,6,P-GPS,9.842519685039369,2.9999999999999996,9.842519685039369,-2.0427789236366323,-2.0427789236366323,9.842519685039369,0.0,0.0,0.0,0.0,14.825,90.032225
17900,2026-05-09 10:19:45.900,17.9,0.33837429111531186,cruise,17900,2026-05-09 10:19:46,9.514436,,,-2.370862608676,7.874016,0.0,10.5279202844,15.3349086272,15,5,14.814,0.0,9.514436,0.7158208,10.5343179224,0.0,0.0,0.0,197.9,0.6,-0.1,,,0,0,1024,1024,1024,990,0,0,0,-5,206.3,-90.0,0,57,3.704,3.703,3.703,3.703,0,0,6.047,75.38,-2.370862608676,9.514436,6,P-GPS,9.842519685039369,2.9999999999999996,9.842519685039369,-2.0427789236366323,-2.0427789236366323,9.842519685039369,0.0,0.0,0.0,0.0,14.814,89.580258
18000,2026-05-09 10:19:46.000,18.0,0.3402646502835539,cruise,18000,2026-05-09 10:19:46,9.514436,,,-2.370862608676,8.2021,0.0,10.6553153016,15.4812668996,15,5,14.814,0.0,9.514436,0.7158208,10.6553153016,0.0,0.0,0.0,197.9,0.6,-0.1,,,0,0,1024,1024,1024,973,0,0,0,-8,206.3,-90.0,0,57,3.704,3.703,3.703,3.703,0,0,6.047,75.38,-2.370862608676,9.514436,6,P-GPS,9.842519685039369,2.9999999999999996,9.842519685039369,-2.0427789236366323,-2.0427789236366323,9.842519685039369,0.0,0.0,0.0,0.0,14.814,89.580258
18100,2026-05-09 10:19:46.100,18.1,0.3421550094517959,cruise,18100,2026-05-09 10:19:46,9.514436,,,-2.370862608676,8.530184,0.0,10.6560698948,15.4944558764,15,5,14.814,0.0,9.514436,0.7158208,10.6560698948,0.0,0.0,0.0,197.9,0.6,-0.2,,,0,0,1024,1024,1024,987,0,0,0,-6,206.3,-90.0,0,57,3.704,3.703,3.703,3.703,0,0,6.047,75.38,-2.370862608676,9.514436,6,P-GPS,9.842519685039369,2.9999999999999996,9.842519685039369,-2.0427789236366323,-2.0427789236366323,9.842519685039369,0.0,0.0,0.0,0.0,14.814,89.580258
18200,2026-05-09 10:19:46.200,18.2,0.3440453686200378,cruise,18200,2026-05-09 10:19:46,9.514436,,,-2.370862608676,8.2021,0.0,10.7845803976,15.623524122,15,5,14.814,0.0,9.514436,0.7158208,10.7845803976,0.0,0.0,0.0,197.8,0.5,-0.3,,,0,0,1024,1024,1024,1024,0,0,0,0,206.2,-90.0,0,57,3.704,3.703,3.703,3.703,0,0,6.047,75.38,-2.370862608676,9.514436,6,P-GPS,9.842519685039369,2.9999999999999996,9.842519685039369,-2.0427789236366323,-2.0427789236366323,9.842519685039369,0.0,0.0,0.0,0.0,14.814,89.580258
18300,2026-05-09 10:19:46.300,18.3,0.3459357277882798,cruise,18300,2026-05-09 10:19:46,9.514436,,,-2.370862608676,8.2021,0.0,10.787073836,15.6328088992,15,5,14.814,0.0,9.514436,0.7158208,10.787073836,0.0,0.0,0.0,197.8,0.4,-0.4,,,0,0,1024,1024,1024,1024,0,0,0,0,206.2,-90.0,0,57,3.704,3.703,3.703,3.703,0,0,6.047,75.38,-2.370862608676,9.514436,6,P-GPS,9.842519685039369,2.9999999999999996,9.842519685039369,-2.0427789236366323,-2.0427789236366323,9.842519685039369,0.0,0.0,0.0,0.0,14.814,89.580258
18400,2026-05-09 10:19:46.400,18.4,0.34782608695652173,cruise,18400,2026-05-09 10:19:46,9.514436,,,-2.370862608676,8.530184,0.0,10.9267391948,15.7792327884,15,5,14.814,0.0,9.514436,0.7158208,10.9267391948,0.0,0.0,0.0,197.8,0.5,-0.3,,,0,0,1024,1024,1024,1009,0,0,0,-2,206.2,-90.0,0,57,3.704,3.703,3.703,3.703,0,0,6.047,75.38,-2.370862608676,9.514436,6,P-GPS,9.842519685039369,2.9999999999999996,9.842519685039369,-2.0427789236366323,-2.0427789236366323,9.842519685039369,0.0,0.0,0.0,0.0,14.814,89.580258
18500,2026-05-09 10:19:46.500,18.5,0.3497164461247637,cruise,18500,2026-05-09 10:19:46,9.514436,,,-2.370862608676,8.530184,0.0,10.9320541556,15.7893377756,15,5,14.814,0.0,9.514436,0.7158208,10.9320541556,0.0,0.0,0.0,197.7,0.5,-0.3,,,0,0,1024,1024,1024,693,0,0,0,-50,206.2,-90.0,0,57,3.704,3.703,3.703,3.703,0,0,6.047,75.38,-2.370862608676,9.514436,6,P-GPS,9.842519685039369,2.9999999999999996,9.842519685039369,-2.0427789236366323,-2.0427789236366323,9.842519685039369,0.0,0.0,0.0,0.0,14.814,89.580258
18600,2026-05-09 10:19:46.600,18.6,0.3516068052930057,cruise,18600,2026-05-09 10:19:46,9.514436,,,-2.370862608676,8.530184,0.0,11.0250003528,15.8903220308,15,5,14.814,0.0,9.514436,0.7158208,11.0250003528,0.0,0.0,0.0,197.8,0.5,-0.3,,,0,0,1024,1024,1024,1024,0,0,0,0,206.1,-90.0,0,57,3.704,3.703,3.703,3.703,0,0,6.047,75.38,-2.370862608676,9.514436,6,P-GPS,9.842519685039369,2.9999999999999996,9.842519685039369,-2.0427789236366323,-2.0427789236366323,9.842519685039369,0.0,0.0,0.0,0.0,14.814,89.580258
18700,2026-05-09 10:19:46.700,18.7,0.3534971644612476,cruise,18700,2026-05-09 10:19:46,9.514436,,,-2.370862608676,8.530184,0.0,11.0333664948,15.8991474904,15,5,14.814,0.0,9.514436,0.7158208,11.0333664948,0.0,0.0,0.0,197.6,0.5,-0.3,,,0,0,1024,1024,1024,1024,0,0,0,0,205.6,-90.0,0,57,3.704,3.703,3.703,3.703,0,0,6.047,75.38,-2.370862608676,9.514436,6,P-GPS,9.842519685039369,2.9999999999999996,9.842519685039369,-2.0427789236366323,-2.0427789236366323,9.842519685039369,0.0,0.0,0.0,0.0,14.814,89.580258
18800,2026-05-09 10:19:46.800,18.8,0.3553875236294896,cruise,18800,2026-05-09 10:19:47,9.514436,,,-2.370862608676,8.530184,0.0,11.179134216,16.0530188864,15,5,14.814,0.0,9.514436,0.7158208,11.179134216,0.0,0.0,0.0,197.0,0.4,-0.4,,,0,0,1024,1024,1024,1024,0,0,0,0,205.2,-90.0,0,57,3.704,3.703,3.703,3.703,0,0,6.047,75.38,-2.370862608676,9.514436,6,P-GPS,9.842519685039369,2.9999999999999996,9.842519685039369,-2.0427789236366323,-2.0427789236366323,9.842519685039369,0.0,0.0,0.0,0.0,14.814,89.580258
18900,2026-05-09 10:19:46.900,18.9,0.35727788279773154,cruise,18900,2026-05-09 10:19:47,9.514436,,,-2.370862608676,8.530184,0.0,11.1967523268,16.070702614,15,5,14.81,0.0,9.514436,0.7158208,11.1967523268,0.0,0.0,0.0,196.7,0.4,-0.6,,,0,0,1024,1024,1024,1024,0,0,0,0,205.1,-90.0,0,57,3.703,3.702,3.702,3.703,0,0,6.07,75.38,-2.370862608676,9.514436,6,P-GPS,9.842519685039369,2.9999999999999996,9.842519685039369,-2.0427789236366323,-2.0427789236366323,9.842519685039369,0.0,0.0,0.0,0.0,14.81,89.89670000000001
19000,2026-05-09 10:19:47.000,19.0,0.3591682419659735,cruise,19000,2026-05-09 10:19:47,9.514436,,,-2.370862608676,8.530184,0.0,11.298064666,16.17618162,15,5,14.81,0.0,9.514436,0.7158208,11.298064666,0.0,0.0,0.0,196.7,0.3,-0.6,,,0,0,1024,1024,1024,1024,0,0,0,0,205.1,-90.0,0,57,3.703,3.702,3.702,3.703,0,0,6.07,75.38,-2.370862608676,9.514436,6,P-GPS,9.842519685039369,2.9999999999999996,9.842519685039369,-2.0427789236366323,-2.0427789236366323,9.842519685039369,0.0,0.0,0.0,0.0,14.81,89.89670000000001
19100,2026-05-09 10:19:47.100,19.1,0.36105860113421556,cruise,19100,2026-05-09 10:19:47,9.514436,,,-2.370862608676,8.530184,0.0,11.30987569,16.1886816204,15,5,14.81,0.0,9.514436,0.7158208,11.30987569,0.0,0.0,0.0,196.7,0.4,-0.7,,,0,0,1024,1024,1024,1024,0,0,0,0,205.1,-90.0,0,57,3.703,3.702,3.702,3.703,0,0,6.07,75.38,-2.370862608676,9.514436,6,P-GPS,9.842519685039369,2.9999999999999996,9.842519685039369,-2.0427789236366323,-2.0427789236366323,9.842519685039369,0.0,0.0,0.0,0.0,14.81,89.89670000000001
19200,2026-05-09 10:19:47.200,19.2,0.3629489603024575,cruise,19200,2026-05-09 10:19:47,9.514436,,,-2.370862608676,8.2021,0.0,11.4207024652,16.3006566896,15,5,14.81,0.0,9.514436,0.7158208,11.4207024652,0.0,0.0,0.0,196.7,0.3,-0.7,,,0,0,1024,1024,1024,1024,0,0,0,0,205.1,-90.0,0,57,3.703,3.702,3.702,3.703,0,0,6.07,75.38,-2.370862608676,9.514436,6,P-GPS,9.842519685039369,2.9999999999999996,9.842519685039369,-2.0427789236366323,-2.0427789236366323,9.842519685039369,0.0,0.0,0.0,0.0,14.81,89.89670000000001
19300,2026-05-09 10:19:47.300,19.3,0.3648393194706995,cruise,19300,2026-05-09 10:19:47,9.514436,,,-2.370862608676,8.530184,0.0,11.4303809432,16.311352228,15,5,14.81,0.0,9.514436,0.7158208,11.4303809432,0.0,0.0,0.0,196.7,0.3,-0.6,,,0,0,1024,1024,1024,1024,0,0,0,0,205.1,-90.0,0,57,3.703,3.702,3.702,3.703,0,0,6.07,75.38,-2.370862608676,9.514436,6,P-GPS,9.842519685039369,2.9999999999999996,9.842519685039369,-2.0427789236366323,-2.0427789236366323,9.842519685039369,0.0,0.0,0.0,0.0,14.81,89.89670000000001
19400,2026-05-09 10:19:47.400,19.4,0.3667296786389414,cruise,19400,2026-05-09 10:19:47,9.514436,,,-2.370862608676,8.530184,0.0,11.5381893456,16.4215556436,15,5,14.81,0.0,9.514436,0.7158208,11.5381893456,0.0,0.0,0.0,196.7,0.2,-0.5,,,0,0,1024,1024,1024,1024,0,0,0,0,205.1,-90.0,0,57,3.703,3.702,3.702,3.703,0,0,6.07,75.38,-2.370862608676,9.514436,6,P-GPS,9.842519685039369,2.9999999999999996,9.842519685039369,-2.0427789236366323,-2.0427789236366323,9.842519685039369,0.0,0.0,0.0,0.0,14.81,89.89670000000001
19500,2026-05-09 10:19:47.500,19.5,0.3686200378071834,cruise,19500,2026-05-09 10:19:47,9.514436,,,-2.370862608676,8.530184,0.0,11.5509518132,16.435039896,15,5,14.81,0.0,9.514436,0.7158208,11.5509518132,0.0,0.0,0.0,196.7,0.2,-0.5,,,0,0,1024,1024,1024,1024,0,0,0,0,205.1,-90.0,0,57,3.703,3.702,3.702,3.703,0,0,6.07,75.38,-2.370862608676,9.514436,6,P-GPS,9.842519685039369,2.9999999999999996,9.842519685039369,-2.0427789236366323,-2.0427789236366323,9.842519685039369,0.0,0.0,0.0,0.0,14.81,89.89670000000001
19600,2026-05-09 10:19:47.600,19.6,0.37051039697542537,cruise,19600,2026-05-09 10:19:47,9.514436,,,-2.370862608676,8.530184,0.0,11.6339570652,16.5354992168,15,5,14.81,0.0,9.514436,0.7158208,11.6339570652,0.0,0.0,0.0,196.7,0.2,-0.6,,,0,0,1024,1024,1024,1024,0,0,0,0,205.1,-90.0,0,57,3.703,3.702,3.702,3.703,0,0,6.07,75.38,-2.370862608676,9.514436,6,P-GPS,9.842519685039369,2.9999999999999996,9.842519685039369,-2.0427789236366323,-2.0427789236366323,9.842519685039369,0.0,0.0,0.0,0.0,14.81,89.89670000000001
19700,2026-05-09 10:19:47.700,19.7,0.3724007561436673,cruise,19700,2026-05-09 10:19:47,9.514436,,,-2.370862608676,8.530184,0.0,11.6495738636,16.5511160152,15,5,14.81,0.0,9.514436,0.7158208,11.6495738636,0.0,0.0,0.0,196.7,0.1,-0.6,,,0,0,1029,1024,1024,1024,1,0,0,0,205.1,-90.0,0,57,3.703,3.702,3.702,3.703,0,0,6.07,75.38,-2.370862608676,9.514436,6,P-GPS,9.842519685039369,2.9999999999999996,9.842519685039369,-2.0427789236366323,-2.0427789236366323,9.842519685039369,0.0,0.0,0.0,0.0,14.81,89.89670000000001
19800,2026-05-09 10:19:47.800,19.8,0.3742911153119093,cruise,19800,2026-05-09 10:19:47,9.514436,,,-2.370862608676,8.530184,0.0,11.7618114,16.6678811108,15,5,14.81,0.0,9.514436,0.7158208,11.7618114,0.0,0.0,0.0,196.7,0.1,-0.6,,,0,0,1109,1024,1024,1024,13,0,0,0,205.1,-90.0,0,57,3.703,3.702,3.702,3.703,0,0,6.07,75.38,-2.370862608676,9.514436,6,P-GPS,9.842519685039369,2.9999999999999996,9.842519685039369,-2.0427789236366323,-2.0427789236366323,9.842519685039369,0.0,0.0,0.0,0.0,14.81,89.89670000000001
19900,2026-05-09 10:19:47.900,19.9,0.3761814744801512,cruise,19900,2026-05-09 10:19:48,9.514436,,,-2.370862608676,8.530184,0.0,11.78067623,16.6868771744,15,5,14.803,0.0,9.514436,0.7158208,11.78067623,0.0,0.0,0.0,196.7,0.1,-0.6,,,0,0,1295,1024,1024,1024,41,0,0,0,205.1,-90.0,0,57,3.701,3.701,3.701,3.701,0,0,6.077,75.38,-2.370862608676,9.514436,6,P-GPS,9.842519685039369,2.9999999999999996,9.842519685039369,-2.0427789236366323,-2.0427789236366323,9.842519685039369,0.0,0.0,0.0,0.0,14.803,89.957831
20000,2026-05-09 10:19:48.000,20.0,0.3780718336483932,cruise,20000,2026-05-09 10:19:48,9.514436,,,-2.370862608676,7.874016,0.0,11.8867785956,16.79626038,15,5,14.803,0.0,9.514436,0.7158208,11.8867785956,0.0,0.0,0.0,196.7,0.0,-0.6,,,0,0,1370,1024,1024,1024,52,0,0,0,205.1,-90.0,0,57,3.701,3.701,3.701,3.701,0,0,6.077,75.38,-2.370862608676,9.514436,6,P-GPS,9.842519685039369,2.9999999999999996,9.842519685039369,-2.0427789236366323,-2.0427789236366323,9.842519685039369,0.0,0.0,0.0,0.0,14.803,89.957831
20100,2026-05-09 10:19:48.100,20.1,0.3799621928166352,cruise,20100,2026-05-09 10:19:48,9.514436,,,-2.370862608676,7.874016,0.0,11.9016408008,16.812172454,15,5,14.803,0.0,9.514436,0.7158208,11.9016408008,0.0,0.0,0.0,196.7,-1.3,-0.5,,,0,0,1340,1024,1024,1024,48,0,0,0,205.1,-90.0,0,57,3.701,3.701,3.701,3.701,0,0,6.077,75.38,-2.370862608676,9.514436,6,P-GPS,9.842519685039369,2.9999999999999996,9.842519685039369,-2.0427789236366323,-2.0427789236366323,9.842519685039369,0.0,0.0,0.0,0.0,14.803,89.957831
20200,2026-05-09 10:19:48.200,20.2,0.3818525519848771,cruise,20200,2026-05-09 10:19:48,9.514436,,,-2.370862608676,8.2021,0.0,11.9725725616,16.8971790184,15,5,14.803,0.0,9.514436,0.7158208,11.9725725616,0.0,0.0,0.0,196.7,-3.9,-0.5,,,0,0,1024,1024,1024,1024,0,0,0,0,205.1,-90.0,0,57,3.701,3.701,3.701,3.701,0,0,6.077,75.38,-2.370862608676,9.514436,6,P-GPS,9.842519685039369,2.9999999999999996,9.842519685039369,-2.0427789236366323,-2.0427789236366323,9.842519685039369,0.0,0.0,0.0,0.0,14.803,89.957831
20300,2026-05-09 10:19:48.300,20.3,0.3837429111531191,cruise,20300,2026-05-09 10:19:48,9.514436,,,-2.370862608676,8.2021,0.0,11.970308782,16.9224414864,15,5,14.803,0.0,9.514436,0.7158208,11.9725725616,0.0,0.0,0.0,196.7,-5.4,-0.5,,,0,0,1024,1024,1024,1024,0,0,0,0,205.1,-90.0,0,57,3.701,3.701,3.701,3.701,0,0,6.077,75.38,-2.370862608676,9.514436,6,P-GPS,9.842519685039369,2.9999999999999996,9.842519685039369,-2.0427789236366323,-2.0427789236366323,9.842519685039369,0.0,0.0,0.0,0.0,14.803,89.957831
20400,2026-05-09 10:19:48.400,20.4,0.385633270321361,cruise,20400,2026-05-09 10:19:48,9.514436,,,-2.370862608676,7.874016,0.223694,12.0188980224,17.022474298,15,5,14.803,0.0,9.514436,0.7158208,12.0188980224,-0.223694,0.0,0.0,196.8,-3.8,-0.5,,,0,0,1024,1024,1024,1024,0,0,0,0,205.1,-90.0,0,57,3.701,3.701,3.701,3.701,0,0,6.077,75.38,-2.370862608676,9.514436,6,P-GPS,9.842519685039369,2.9999999999999996,9.842519685039369,-2.0427789236366323,-2.0427789236366323,9.842519685039369,0.0,0.223694,0.0,0.0,14.803,89.957831
20500,2026-05-09 10:19:48.500,20.5,0.38752362948960306,cruise,20500,2026-05-09 10:19:48,9.514436,,,-2.370862608676,8.2021,0.223694,11.9969492028,17.0872380796,15,5,14.803,0.0,9.514436,0.7158208,12.0188980224,-0.447388,0.0,0.0,196.8,-1.6,-0.5,,,0,0,1024,1024,1024,1024,0,0,0,0,205.1,-90.0,0,57,3.701,3.701,3.701,3.701,0,0,6.077,75.38,-2.370862608676,9.514436,6,P-GPS,9.842519685039369,2.9999999999999996,9.842519685039369,-2.0427789236366323,-2.0427789236366323,9.842519685039369,0.0,0.447388,0.0,0.0,14.803,89.957831
20600,2026-05-09 10:19:48.600,20.6,0.38941398865784504,cruise,20600,2026-05-09 10:19:48,9.514436,,,-2.370862608676,8.530184,0.447388,12.067585688,17.2542000272,15,5,14.803,0.0,9.514436,0.7158208,12.067585688,-0.447388,0.0,0.0,196.8,-0.1,-0.6,,,0,0,1450,1024,1024,1024,65,0,0,0,205.1,-90.0,0,57,3.701,3.701,3.701,3.701,0,0,6.077,75.38,-2.370862608676,9.514436,6,P-GPS,9.842519685039369,2.9999999999999996,9.842519685039369,-2.0427789236366323,-2.0427789236366323,9.842519685039369,0.0,0.447388,0.0,0.0,14.803,89.957831
20700,2026-05-09 10:19:48.700,20.7,0.391304347826087,cruise,20700,2026-05-09 10:19:48,9.514436,,,-2.370862608676,8.530184,0.447388,12.04478385,17.324311578,15,5,14.803,0.0,9.514436,0.7158208,12.067585688,-0.447388,0.0,0.0,196.7,-1.3,-0.7,,,0,0,1342,1024,1024,1024,48,0,0,0,205.1,-90.0,0,57,3.701,3.701,3.701,3.701,0,0,6.077,75.38,-2.370862608676,9.514436,6,P-GPS,9.842519685039369,2.9999999999999996,9.842519685039369,-2.0427789236366323,-2.0427789236366323,9.842519685039369,0.0,0.447388,0.0,0.0,14.803,89.957831
20800,2026-05-09 10:19:48.800,20.8,0.39319470699432896,cruise,20800,2026-05-09 10:19:49,9.514436,,,-2.370862608676,8.530184,0.4921268,12.0709321448,17.4823168324,15,5,14.803,0.0,9.514436,0.7158208,12.0709321448,-0.447388,-0.223694,0.0,196.7,-5.3,-0.6,,,0,0,1024,1024,1024,1024,0,0,0,0,205.1,-90.0,0,57,3.701,3.701,3.701,3.701,0,0,6.077,75.38,-2.370862608676,9.514436,6,P-GPS,9.842519685039369,2.9999999999999996,9.842519685039369,-2.0427789236366323,-2.0427789236366323,9.842519685039369,0.0,0.500194990158838,0.0,0.0,14.803,89.957831
20900,2026-05-09 10:19:48.900,20.9,0.3950850661625709,cruise,20900,2026-05-09 10:19:49,9.514436,,,-2.370862608676,8.2021,0.7158208,12.0272641644,17.5817262844,15,5,14.798,0.0,9.514436,0.7158208,12.0709321448,-0.671082,-0.223694,0.0,196.8,-4.3,-0.5,,,0,0,1024,1024,1024,1024,0,0,0,0,205.1,-90.0,0,57,3.699,3.698,3.699,3.698,0,0,6.112,75.38,-2.370862608676,9.514436,6,P-GPS,9.842519685039369,2.9999999999999996,9.842519685039369,-2.0427789236366323,-2.0427789236366323,9.842519685039369,0.0,0.7073825389137054,0.0,0.0,14.798,90.445376
21000,2026-05-09 10:19:49.000,21.0,0.39697542533081287,cruise,21000,2026-05-09 10:19:49,9.514436,,,-2.370862608676,8.2021,0.9171454,12.1193573432,17.8000661864,15,5,14.798,0.0,9.514436,0.9171454,12.1193573432,-0.894776,-0.223694,0.0,196.8,-2.0,-0.4,,,0,0,1024,1024,1024,1024,0,0,0,0,205.1,-90.0,0,57,3.699,3.698,3.699,3.698,0,0,6.112,75.38,-2.370862608676,9.514436,6,P-GPS,9.842519685039369,2.9999999999999996,9.842519685039369,-2.0427789236366323,-2.0427789236366323,9.842519685039369,0.0,0.922313989816917,0.0,0.0,14.798,90.445376
21100,2026-05-09 10:19:49.100,21.1,0.39886578449905485,cruise,21100,2026-05-09 10:19:49,9.514436,,,-2.370862608676,8.530184,0.9171454,12.0611552416,17.9414047736,15,5,14.798,0.0,9.514436,0.9171454,12.1193573432,-0.894776,-0.223694,0.0,196.8,0.2,-0.4,,,0,0,1024,1024,1024,1024,0,0,0,0,205.1,-90.0,0,57,3.699,3.698,3.699,3.698,0,0,6.112,75.38,-2.370862608676,9.514436,6,P-GPS,9.842519685039369,2.9999999999999996,9.842519685039369,-2.0427789236366323,-2.0427789236366323,9.842519685039369,0.0,0.922313989816917,0.0,0.0,14.798,90.445376
21200,2026-05-09 10:19:49.200,21.2,0.4007561436672968,cruise,21200,2026-05-09 10:19:49,9.514436,,,-2.370862608676,8.530184,0.9171454,12.1686683684,18.1700137048,15,5,14.798,0.0,9.514436,0.9171454,12.1686683684,-0.894776,-0.223694,0.0,196.8,2.4,-0.6,,,0,0,1024,1024,1024,1024,0,0,0,0,205.1,-90.0,0,57,3.699,3.698,3.699,3.698,0,0,6.112,75.38,-2.370862608676,9.514436,6,P-GPS,9.842519685039369,2.9999999999999996,9.842519685039369,-2.0427789236366323,-2.0427789236366323,9.842519685039369,0.0,0.922313989816917,0.0,0.0,14.798,90.445376
21300,2026-05-09 10:19:49.300,21.3,0.40264650283553877,cruise,21300,2026-05-09 10:19:49,9.514436,,,-2.370862608676,8.530184,0.7158208,12.1502956644,18.2796593776,15,5,14.798,0.0,9.514436,0.9171454,12.1686683684,-0.671082,-0.223694,0.0,196.8,3.2,-0.7,,,0,0,941,1024,1024,1024,-13,0,0,0,205.1,-90.0,0,57,3.699,3.698,3.699,3.698,0,0,6.112,75.38,-2.370862608676,9.514436,6,P-GPS,9.842519685039369,2.9999999999999996,9.842519685039369,-2.0427789236366323,-2.0427789236366323,9.842519685039369,0.0,0.7073825389137054,0.0,0.0,14.798,90.445376
21400,2026-05-09 10:19:49.400,21.4,0.4045368620037807,cruise,21400,2026-05-09 10:19:49,9.514436,,,-2.370862608676,8.530184,0.7158208,12.2064964536,18.4790360244,15,5,14.798,0.0,9.514436,0.9171454,12.2064964536,-0.671082,-0.223694,0.0,196.8,3.1,-0.8,,,0,0,623,958,1024,1024,-61,-10,0,0,205.1,-90.0,0,57,3.699,3.698,3.699,3.698,0,0,6.112,75.38,-2.370862608676,9.514436,6,P-GPS,9.842519685039369,2.9999999999999996,9.842519685039369,-2.0427789236366323,-2.0427789236366323,9.842519685039369,0.0,0.7073825389137054,0.0,0.0,14.798,90.445376
21500,2026-05-09 10:19:49.500,21.5,0.4064272211720227,cruise,21500,2026-05-09 10:19:49,9.514436,,,-2.370862608676,8.530184,0.4921268,12.1851053768,18.5719494132,15,5,14.798,0.0,9.514436,0.9171454,12.2064964536,-0.447388,-0.223694,0.0,196.8,3.1,-0.9,,,0,0,452,935,981,1024,-87,-13,-7,0,205.1,-90.0,0,57,3.699,3.698,3.699,3.698,0,0,6.112,75.38,-2.370862608676,9.514436,6,P-GPS,9.842519685039369,2.9999999999999996,9.842519685039369,-2.0427789236366323,-2.0427789236366323,9.842519685039369,0.0,0.500194990158838,0.0,0.0,14.798,90.445376
21600,2026-05-09 10:19:49.600,21.6,0.40831758034026466,cruise,21600,2026-05-09 10:19:49,9.514436,,,-2.370862608676,8.530184,0.223694,12.299541076,18.7183733024,15,5,14.798,0.0,9.514436,0.9171454,12.299541076,-0.223694,0.0,0.0,196.8,7.6,-1.1,,,0,0,1023,1024,972,1024,0,0,-8,0,205.1,-90.0,0,57,3.699,3.698,3.699,3.698,0,0,6.112,75.38,-2.370862608676,9.514436,6,P-GPS,9.842519685039369,2.9999999999999996,9.842519685039369,-2.0427789236366323,-2.0427789236366323,9.842519685039369,0.0,0.223694,0.0,0.0,14.798,90.445376
21700,2026-05-09 10:19:49.700,21.7,0.4102079395085066,cruise,21700,2026-05-09 10:19:49,9.514436,,,-2.370862608676,8.530184,0.0,12.2928481624,18.7597775032,15,5,14.798,0.0,9.514436,0.9171454,12.299541076,0.0,0.0,0.0,196.8,10.4,-1.2,,,0,0,1024,1024,977,1024,0,0,-7,0,205.1,-90.0,0,57,3.699,3.698,3.699,3.698,0,0,6.112,75.38,-2.370862608676,9.514436,6,P-GPS,9.842519685039369,2.9999999999999996,9.842519685039369,-2.0427789236366323,-2.0427789236366323,9.842519685039369,0.0,0.0,0.0,0.0,14.798,90.445376
21800,2026-05-09 10:19:49.800,21.8,0.41209829867674863,cruise,21800,2026-05-09 10:19:50,9.514436,,,-2.370862608676,8.530184,0.0,12.4016408168,18.8693247508,15,5,14.798,0.0,9.514436,0.9171454,12.4016408168,0.0,0.0,0.0,196.7,6.5,-1.1,,,0,0,1024,1024,976,1024,0,0,-7,0,205.1,-90.0,0,57,3.699,3.698,3.699,3.698,0,0,6.112,75.38,-2.370862608676,9.514436,6,P-GPS,9.842519685039369,2.9999999999999996,9.842519685039369,-2.0427789236366323,-2.0427789236366323,9.842519685039369,0.0,0.0,0.0,0.0,14.798,90.445376
21900,2026-05-09 10:19:49.900,21.9,0.41398865784499056,cruise,21900,2026-05-09 10:19:50,9.514436,,,-2.370862608676,8.2021,0.223694,12.422408534,18.9156502116,15,5,14.794,0.0,9.514436,0.9171454,12.422408534,0.223694,0.0,0.0,196.8,3.3,-1.0,,,0,0,936,1024,976,1024,-13,0,-7,0,205.1,-90.0,0,57,3.699,3.697,3.698,3.697,0,0,6.147,75.38,-2.370862608676,9.514436,6,P-GPS,9.842519685039369,2.9999999999999996,9.842519685039369,-2.0427789236366323,-2.0427789236366323,9.842519685039369,0.0,0.223694,0.0,0.0,14.794,90.93871800000001
22000,2026-05-09 10:19:50.000,22.0,0.41587901701323254,cruise,22000,2026-05-09 10:19:50,9.514436,,,-2.370862608676,8.2021,0.447388,12.4815620792,19.0010504768,15,5,14.794,0.0,9.514436,0.9171454,12.4815620792,0.447388,0.0,0.0,196.8,0.8,-0.7,,,0,0,519,959,976,1024,-77,-10,-7,0,205.1,-90.0,0,57,3.699,3.697,3.698,3.697,0,0,6.147,75.38,-2.370862608676,9.514436,6,P-GPS,9.842519685039369,2.9999999999999996,9.842519685039369,-2.0427789236366323,-2.0427789236366323,9.842519685039369,0.0,0.447388,0.0,0.0,14.794,90.93871800000001
22100,2026-05-09 10:19:50.100,22.1,0.4177693761814745,cruise,22100,2026-05-09 10:19:50,9.514436,,,-2.370862608676,8.530184,0.447388,12.4956696912,19.0500990348,15,5,14.794,0.0,9.514436,0.9171454,12.4956696912,0.447388,0.0,0.0,196.9,1.7,-0.7,,,0,0,491,940,980,1024,-81,-13,-7,0,205.1,-90.0,0,57,3.699,3.697,3.698,3.697,0,0,6.147,75.38,-2.370862608676,9.514436,6,P-GPS,9.842519685039369,2.9999999999999996,9.842519685039369,-2.0427789236366323,-2.0427789236366323,9.842519685039369,0.0,0.447388,0.0,0.0,14.794,90.93871800000001
22200,2026-05-09 10:19:50.200,22.2,0.41965973534971646,cruise,22200,2026-05-09 10:19:50,9.514436,,,-2.370862608676,8.2021,0.447388,12.6047248128,19.161581978,15,5,14.794,0.0,9.514436,0.9171454,12.6047248128,0.447388,0.0,0.0,196.9,8.2,-1.0,,,0,0,1024,1024,985,1024,0,0,-6,0,205.1,-90.0,0,57,3.699,3.697,3.698,3.697,0,0,6.147,75.38,-2.370862608676,9.514436,6,P-GPS,9.842519685039369,2.9999999999999996,9.842519685039369,-2.0427789236366323,-2.0427789236366323,9.842519685039369,0.0,0.447388,0.0,0.0,14.794,90.93871800000001
22300,2026-05-09 10:19:50.300,22.3,0.42155009451795844,cruise,22300,2026-05-09 10:19:50,9.514436,,,-2.370862608676,8.530184,0.7158208,12.6479334756,19.2321528464,15,5,14.794,0.0,9.514436,0.9171454,12.6479334756,0.671082,0.223694,0.0,196.9,11.6,-1.3,,,0,0,1024,1024,1024,1024,0,0,0,0,205.1,-90.0,0,57,3.699,3.697,3.698,3.697,0,0,6.147,75.38,-2.370862608676,9.514436,6,P-GPS,9.842519685039369,2.9999999999999996,9.842519685039369,-2.0427789236366323,-2.0427789236366323,9.842519685039369,0.0,0.7073825389137054,0.0,0.0,14.794,90.93871800000001
22400,2026-05-09 10:19:50.400,22.4,0.42344045368620037,cruise,22400,2026-05-09 10:19:50,9.514436,,,-2.370862608676,8.2021,1.1408394,12.7327103812,19.4203418288,15,5,14.794,0.0,9.514436,1.1408394,12.7327103812,1.11847,0.223694,0.0,196.8,7.5,-1.3,,,0,0,1024,1024,1024,1024,0,0,0,0,205.1,-90.0,0,57,3.699,3.697,3.698,3.697,0,0,6.147,75.38,-2.370862608676,9.514436,6,P-GPS,9.842519685039369,2.9999999999999996,9.842519685039369,-2.0427789236366323,-2.0427789236366323,9.842519685039369,0.0,1.1406200710736245,0.0,0.0,14.794,90.93871800000001
22500,2026-05-09 10:19:50.500,22.5,0.42533081285444235,cruise,22500,2026-05-09 10:19:50,9.514436,,,-2.370862608676,8.2021,1.1408394,12.7943573648,19.5545281848,15,5,14.794,0.0,9.514436,1.1408394,12.7943573648,1.11847,0.223694,0.0,196.8,3.6,-1.2,,,0,0,1024,1024,1024,1024,0,0,0,0,205.1,-90.0,0,57,3.699,3.697,3.698,3.697,0,0,6.147,75.38,-2.370862608676,9.514436,6,P-GPS,9.842519685039369,2.9999999999999996,9.842519685039369,-2.0427789236366323,-2.0427789236366323,9.842519685039369,0.0,1.1406200710736245,0.0,0.0,14.794,90.93871800000001
22600,2026-05-09 10:19:50.600,22.6,0.42722117202268434,cruise,22600,2026-05-09 10:19:50,9.514436,,,-2.370862608676,8.530184,1.4092722,12.8762471312,19.861221108,15,5,14.794,0.0,9.514436,1.4092722,12.8762471312,1.342164,0.447388,0.0,196.8,-0.3,-1.0,,,0,0,1024,1024,1024,1024,0,0,0,0,205.1,-90.0,0,57,3.699,3.697,3.698,3.697,0,0,6.147,75.38,-2.370862608676,9.514436,6,P-GPS,9.842519685039369,2.9999999999999996,9.842519685039369,-2.0427789236366323,-2.0427789236366323,9.842519685039369,0.0,1.4147650778274108,0.0,0.0,14.794,90.93871800000001
22700,2026-05-09 10:19:50.700,22.7,0.42911153119092627,cruise,22700,2026-05-09 10:19:50,9.514436,,,-2.370862608676,8.530184,1.2079476,12.9344820412,20.0076449972,15,5,14.794,0.0,9.514436,1.4092722,12.9344820412,1.11847,0.447388,0.0,196.8,-3.2,-0.7,,,0,0,1024,1024,1024,1024,0,0,0,0,205.1,-90.0,0,57,3.699,3.697,3.698,3.697,0,0,6.147,75.38,-2.370862608676,9.514436,6,P-GPS,9.842519685039369,2.9999999999999996,9.842519685039369,-2.0427789236366323,-2.0427789236366323,9.842519685039369,0.0,1.2046290563671458,0.0,0.0,14.794,90.93871800000001
22800,2026-05-09 10:19:50.800,22.8,0.43100189035916825,cruise,22800,2026-05-09 10:19:51,9.514436,,,-2.370862608676,8.530184,0.9171454,12.9979334868,20.160105632,15,5,14.794,0.0,9.514436,1.4092722,12.9979334868,0.894776,0.223694,0.0,196.9,-4.2,-0.4,,,0,0,1024,1024,1111,1024,0,0,13,0,205.1,-90.0,0,57,3.699,3.697,3.698,3.697,0,0,6.147,75.38,-2.370862608676,9.514436,6,P-GPS,9.842519685039369,2.9999999999999996,9.842519685039369,-2.0427789236366323,-2.0427789236366323,9.842519685039369,0.0,0.922313989816917,0.0,0.0,14.794,90.93871800000001
22900,2026-05-09 10:19:50.900,22.9,0.4328922495274102,cruise,22900,2026-05-09 10:19:51,9.514436,,,-2.370862608676,8.858268,0.7158208,13.0372707584,20.2651909372,15,5,14.782,0.0,9.514436,1.4092722,13.0372707584,0.671082,0.223694,0.0,196.9,-4.1,-0.2,,,0,0,1024,1024,1298,1024,0,0,42,0,205.1,-90.0,0,57,3.698,3.698,3.698,3.696,0,0,6.212,75.56,-2.370862608676,9.514436,6,P-GPS,9.842519685039369,2.9999999999999996,9.842519685039369,-2.0427789236366323,-2.0427789236366323,9.842519685039369,0.0,0.7073825389137054,0.0,0.0,14.782,91.825784
23000,2026-05-09 10:19:51.000,23.0,0.43478260869565216,cruise,23000,2026-05-09 10:19:51,9.514436,,,-2.370862608676,8.858268,0.7158208,13.1050201044,20.3639114128,15,5,14.782,0.0,9.514436,1.4092722,13.1050201044,0.671082,0.223694,0.0,197.0,-3.5,-0.3,,,0,0,1024,1024,1350,1024,0,0,49,0,205.1,-90.0,0,57,3.698,3.698,3.698,3.696,0,0,6.212,75.56,-2.370862608676,9.514436,6,P-GPS,9.842519685039369,2.9999999999999996,9.842519685039369,-2.0427789236366323,-2.0427789236366323,9.842519685039369,0.0,0.7073825389137054,0.0,0.0,14.782,91.825784
23100,2026-05-09 10:19:51.100,23.1,0.4366729678638942,cruise,23100,2026-05-09 10:19:51,9.514436,,,-2.370862608676,8.858268,0.223694,13.126968924,20.3987211252,15,5,14.782,0.0,9.514436,1.4092722,13.126968924,0.223694,0.0,-0.671082,196.9,-2.6,-0.4,,,0,0,1024,1024,1326,1024,0,0,46,0,205.1,-90.0,0,57,3.698,3.698,3.698,3.696,0,0,6.212,75.56,-2.370862608676,9.514436,6,P-GPS,9.842519685039369,2.9999999999999996,9.842519685039369,-2.0427789236366323,-2.0427789236366323,9.842519685039369,0.0,0.223694,0.0,0.0,14.782,91.825784
23200,2026-05-09 10:19:51.200,23.2,0.43856332703213613,cruise,23200,2026-05-09 10:19:51,9.84252,,,-2.042778608676,9.186352,0.223694,13.1645017336,20.496391732,15,5,14.782,0.0,9.84252,1.4092722,13.1645017336,0.223694,0.0,-1.789552,196.9,-1.3,-0.4,,,0,0,1024,1024,1024,1024,0,0,0,0,205.1,-90.0,0,57,3.698,3.698,3.698,3.696,0,0,6.212,75.56,-2.042778608676,9.84252,6,P-GPS,9.842519685039369,2.9999999999999996,9.842519685039369,-2.0427789236366323,-2.0427789236366323,9.842519685039369,0.0,0.223694,0.0,0.0,14.782,91.825784
23300,2026-05-09 10:19:51.300,23.3,0.4404536862003781,cruise,23300,2026-05-09 10:19:51,10.170604,,,-1.714694608676,8.530184,0.0,13.172736642,20.5056108924,15,5,14.782,0.0,10.170604,1.4092722,13.172736642,0.0,0.0,-2.684328,197.0,-0.1,-0.3,,,0,0,1024,1024,1024,1024,0,0,0,0,205.1,-90.0,0,57,3.698,3.698,3.698,3.696,0,0,6.212,75.56,-1.714694608676,10.170604,6,P-GPS,9.842519685039369,2.9999999999999996,9.842519685039369,-2.0427789236366323,-2.0427789236366323,9.842519685039369,0.0,0.0,0.0,0.0,14.782,91.825784
23400,2026-05-09 10:19:51.400,23.4,0.44234404536862004,cruise,23400,2026-05-09 10:19:51,10.498688,,,-1.386610608676,8.858268,0.0,13.2639768024,20.6063982972,15,5,14.782,0.0,10.498688,1.4092722,13.2639768024,0.0,0.0,-2.23694,197.0,0.3,-0.4,,,0,0,1024,1024,1024,1024,0,0,0,0,205.1,-90.0,0,57,3.698,3.698,3.698,3.696,0,0,6.212,75.56,-1.386610608676,10.498688,6,P-GPS,9.842519685039369,2.9999999999999996,9.842519685039369,-2.0427789236366323,-2.0427789236366323,9.842519685039369,0.0,0.0,0.0,0.0,14.782,91.825784
23500,2026-05-09 10:19:51.500,23.5,0.444234404536862,cruise,23500,2026-05-09 10:19:51,10.826772,,,-1.058526608676,8.530184,0.0,13.2820870392,20.6301187704,15,5,14.782,0.0,10.826772,1.4092722,13.2820870392,0.0,0.0,-1.11847,197.0,0.3,-0.5,,,0,0,1024,1024,1024,1024,0,0,0,0,205.1,-90.0,0,57,3.698,3.698,3.698,3.696,0,0,6.212,75.56,-1.058526608676,10.826772,6,P-GPS,9.842519685039369,2.9999999999999996,9.842519685039369,-2.0427789236366323,-2.0427789236366323,9.842519685039369,0.0,0.0,0.0,0.0,14.782,91.825784
23600,2026-05-09 10:19:51.600,23.6,0.446124763705104,cruise,23600,2026-05-09 10:19:51,10.826772,,,-1.058526608676,8.858268,0.0,13.2645017368,20.7336620808,15,5,14.782,0.0,10.826772,1.4092722,13.2820870392,0.0,0.0,-0.447388,197.0,-0.2,-0.6,,,0,0,1024,1024,1024,1024,0,0,0,0,205.1,-90.0,0,57,3.698,3.698,3.698,3.696,0,0,6.212,75.56,-1.058526608676,10.826772,6,P-GPS,9.842519685039369,2.9999999999999996,9.842519685039369,-2.0427789236366323,-2.0427789236366323,9.842519685039369,0.0,0.0,0.0,0.0,14.782,91.825784
23700,2026-05-09 10:19:51.700,23.7,0.44801512287334594,cruise,23700,2026-05-09 10:19:51,10.826772,,,-1.058526608676,9.186352,0.0,13.2747379576,20.7660439716,15,5,14.782,0.0,10.826772,1.4092722,13.2820870392,0.0,0.0,-0.223694,197.0,-0.6,-0.6,,,0,0,1024,1024,1024,1024,0,0,0,0,205.1,-90.0,0,57,3.698,3.698,3.698,3.696,0,0,6.212,75.56,-1.058526608676,10.826772,6,P-GPS,9.842519685039369,2.9999999999999996,9.842519685039369,-2.0427789236366323,-2.0427789236366323,9.842519685039369,0.0,0.0,0.0,0.0,14.782,91.825784
23800,2026-05-09 10:19:51.800,23.8,0.4499054820415879,cruise,23800,2026-05-09 10:19:52,10.826772,,,-1.058526608676,9.186352,0.0,13.3479006896,20.8462605096,15,5,14.782,0.0,10.826772,1.4092722,13.3479006896,0.0,0.0,0.0,197.0,-0.6,-0.6,,,0,0,1024,1024,1024,1024,0,0,0,0,205.1,-90.0,0,57,3.698,3.698,3.698,3.696,0,0,6.212,75.56,-1.058526608676,10.826772,6,P-GPS,9.842519685039369,2.9999999999999996,9.842519685039369,-2.0427789236366323,-2.0427789236366323,9.842519685039369,0.0,0.0,0.0,0.0,14.782,91.825784
23900,2026-05-09 10:19:51.900,23.9,0.45179584120982985,cruise,23900,2026-05-09 10:19:52,10.826772,,,-1.058526608676,9.514436,0.0,13.3647970156,20.8733274396,15,5,14.749,0.0,10.826772,1.4092722,13.3647970156,0.0,0.0,0.0,197.0,-0.5,-0.7,,,0,0,1024,1024,1024,1024,0,0,0,0,205.1,-90.0,0,57,3.716,3.713,3.708,3.701,0,0,7.006,75.74,-1.058526608676,10.826772,6,P-GPS,9.842519685039369,2.9999999999999996,9.842519685039369,-2.0427789236366323,-2.0427789236366323,9.842519685039369,0.0,0.0,0.0,0.0,14.749,103.331494
24000,2026-05-09 10:19:52.000,24.0,0.45368620037807184,cruise,24000,2026-05-09 10:19:52,10.826772,,,-1.058526608676,9.514436,0.0,13.4175201144,20.9451450272,15,5,14.749,0.0,10.826772,1.4092722,13.4175201144,0.0,0.0,0.0,197.0,-0.4,-0.8,,,0,0,1024,1024,1024,1024,0,0,0,0,205.1,-90.0,0,57,3.716,3.713,3.708,3.701,0,0,7.006,75.74,-1.058526608676,10.826772,6,P-GPS,9.842519685039369,2.9999999999999996,9.842519685039369,-2.0427789236366323,-2.0427789236366323,9.842519685039369,0.0,0.0,0.0,0.0,14.749,103.331494
24100,2026-05-09 10:19:52.100,24.1,0.4555765595463138,cruise,24100,2026-05-09 10:19:52,10.826772,,,-1.058526608676,9.514436,0.0,13.4280516108,20.955709332,15,5,14.749,0.0,10.826772,1.4092722,13.4280516108,0.0,0.0,0.0,197.0,-0.2,-0.8,,,0,0,1024,1024,1032,1024,0,0,1,0,205.1,-90.0,0,57,3.716,3.713,3.708,3.701,0,0,7.006,75.74,-1.058526608676,10.826772,6,P-GPS,9.842519685039369,2.9999999999999996,9.842519685039369,-2.0427789236366323,-2.0427789236366323,9.842519685039369,0.0,0.0,0.0,0.0,14.749,103.331494
24200,2026-05-09 10:19:52.200,24.2,0.45746691871455575,cruise,24200,2026-05-09 10:19:52,10.826772,,,-1.058526608676,9.514436,0.0,13.485564736,21.0236883368,15,5,14.749,0.0,10.826772,1.4092722,13.485564736,0.0,0.0,0.0,197.0,0.0,-0.9,,,0,0,1024,1024,1039,1024,0,0,2,0,205.1,-90.0,0,57,3.716,3.713,3.708,3.701,0,0,7.006,75.74,-1.058526608676,10.826772,6,P-GPS,9.842519685039369,2.9999999999999996,9.842519685039369,-2.0427789236366323,-2.0427789236366323,9.842519685039369,0.0,0.0,0.0,0.0,14.749,103.331494
24300,2026-05-09 10:19:52.300,24.3,0.45935727788279773,cruise,24300,2026-05-09 10:19:52,10.826772,,,-1.058526608676,9.84252,0.0,13.4948495132,21.0341542164,15,5,14.749,0.0,10.826772,1.4092722,13.4948495132,0.0,0.0,0.0,197.0,0.0,-0.9,,,0,0,1024,1024,1056,1024,0,0,5,0,205.1,-90.0,0,57,3.716,3.713,3.708,3.701,0,0,7.006,75.74,-1.058526608676,10.826772,6,P-GPS,9.842519685039369,2.9999999999999996,9.842519685039369,-2.0427789236366323,-2.0427789236366323,9.842519685039369,0.0,0.0,0.0,0.0,14.749,103.331494
24400,2026-05-09 10:19:52.400,24.4,0.46124763705103966,cruise,24400,2026-05-09 10:19:52,10.826772,,,-1.058526608676,9.84252,0.0,13.547572612,21.089567604,15,5,14.749,0.0,10.826772,1.4092722,13.547572612,0.0,0.0,0.0,197.0,0.1,-0.8,,,0,0,1024,1024,1056,1024,0,0,5,0,205.1,-90.0,0,57,3.716,3.713,3.708,3.701,0,0,7.006,75.74,-1.058526608676,10.826772,6,P-GPS,9.842519685039369,2.9999999999999996,9.842519685039369,-2.0427789236366323,-2.0427789236366323,9.842519685039369,0.0,0.0,0.0,0.0,14.749,103.331494
24500,2026-05-09 10:19:52.500,24.5,0.4631379962192817,cruise,24500,2026-05-09 10:19:52,10.826772,,,-1.058526608676,9.514436,0.0,13.5418967588,21.0961949008,15,5,14.749,0.0,10.826772,1.4092722,13.547572612,0.0,0.0,0.0,197.0,0.1,-0.7,,,0,0,1024,1024,1240,1024,0,0,33,0,205.1,-90.0,0,57,3.716,3.713,3.708,3.701,0,0,7.006,75.74,-1.058526608676,10.826772,6,P-GPS,9.842519685039369,2.9999999999999996,9.842519685039369,-2.0427789236366323,-2.0427789236366323,9.842519685039369,0.0,0.0,0.0,0.0,14.749,103.331494
24600,2026-05-09 10:19:52.600,24.6,0.4650283553875237,cruise,24600,2026-05-09 10:19:52,10.826772,,,-1.058526608676,9.84252,0.0,13.5978022724,21.152559732,15,5,14.749,0.0,10.826772,1.4092722,13.5978022724,0.0,0.0,0.0,197.0,0.2,-0.7,,,0,0,1024,1024,1222,1024,0,0,30,0,205.1,-90.0,0,57,3.716,3.713,3.708,3.701,0,0,7.006,75.74,-1.058526608676,10.826772,6,P-GPS,9.842519685039369,2.9999999999999996,9.842519685039369,-2.0427789236366323,-2.0427789236366323,9.842519685039369,0.0,0.0,0.0,0.0,14.749,103.331494
24700,2026-05-09 10:19:52.700,24.7,0.4669187145557656,cruise,24700,2026-05-09 10:19:52,10.826772,,,-1.058526608676,9.514436,0.0,13.597113296,21.1631568452,15,5,14.749,0.0,10.826772,1.4092722,13.5978022724,0.0,0.0,0.0,197.0,0.3,-0.7,,,0,0,1024,1024,1024,1024,0,0,0,0,205.1,-90.0,0,57,3.716,3.713,3.708,3.701,0,0,7.006,75.74,-1.058526608676,10.826772,6,P-GPS,9.842519685039369,2.9999999999999996,9.842519685039369,-2.0427789236366323,-2.0427789236366323,9.842519685039369,0.0,0.0,0.0,0.0,14.749,103.331494
24800,2026-05-09 10:19:52.800,24.8,0.4688090737240076,cruise,24800,2026-05-09 10:19:52,10.826772,,,-1.058526608676,9.514436,0.0,13.6808075244,21.2704403132,15,5,14.749,0.0,10.826772,1.4092722,13.6808075244,0.0,0.0,-0.671082,197.0,0.3,-0.8,,,0,0,1024,1024,1024,1024,0,0,0,0,205.1,-90.0,0,57,3.716,3.713,3.708,3.701,0,0,7.006,75.74,-1.058526608676,10.826772,6,P-GPS,9.842519685039369,2.9999999999999996,9.842519685039369,-2.0427789236366323,-2.0427789236366323,9.842519685039369,0.0,0.0,0.0,0.0,14.749,103.331494
24900,2026-05-09 10:19:52.900,24.9,0.4706994328922495,cruise,24900,2026-05-09 10:19:53,11.154856,,,-0.730442608676,9.84252,0.0,13.6803810152,21.2884521248,15,5,14.798,0.0,11.154856,1.4092722,13.6808075244,0.0,0.0,-0.894776,197.0,0.5,-0.9,,,0,0,1024,1024,1024,1024,0,0,0,0,205.1,-90.0,0,57,3.694,3.694,3.694,3.693,0,0,6.65,75.74,-0.730442608676,11.154856,6,P-GPS,9.842519685039369,2.9999999999999996,9.842519685039369,-2.0427789236366323,-2.0427789236366323,9.842519685039369,0.0,0.0,0.0,0.0,14.798,98.4067
25000,2026-05-09 10:19:53.000,25.0,0.4725897920604915,cruise,25000,2026-05-09 10:19:53,11.154856,,,-0.730442608676,9.514436,0.0,13.7158468956,21.3281502888,15,5,14.798,0.0,11.154856,1.4092722,13.7158468956,0.0,0.0,-0.447388,197.0,0.8,-0.9,,,0,0,1024,1024,1024,1024,0,0,0,0,205.1,-90.0,0,57,3.694,3.694,3.694,3.693,0,0,6.65,75.74,-0.730442608676,11.154856,6,P-GPS,9.842519685039369,2.9999999999999996,9.842519685039369,-2.0427789236366323,-2.0427789236366323,9.842519685039369,0.0,0.0,0.0,0.0,14.798,98.4067
25100,2026-05-09 10:19:53.100,25.1,0.4744801512287335,cruise,25100,2026-05-09 10:19:53,11.154856,,,-0.730442608676,9.514436,0.0,13.708333772,21.3466542264,15,5,14.798,0.0,11.154856,1.4092722,13.7158468956,0.0,0.0,0.0,197.0,0.7,-0.9,,,0,0,1024,1024,1024,1024,0,0,0,0,205.1,-90.0,0,57,3.694,3.694,3.694,3.693,0,0,6.65,75.74,-0.730442608676,11.154856,6,P-GPS,9.842519685039369,2.9999999999999996,9.842519685039369,-2.0427789236366323,-2.0427789236366323,9.842519685039369,0.0,0.0,0.0,0.0,14.798,98.4067
25200,2026-05-09 10:19:53.200,25.2,0.4763705103969754,cruise,25200,2026-05-09 10:19:53,11.154856,,,-0.730442608676,8.530184,0.0,13.757054246,21.402723782,15,5,14.798,0.0,11.154856,1.4092722,13.757054246,0.0,0.0,0.0,197.0,0.6,-0.9,,,0,0,1024,1024,1024,1024,0,0,0,0,205.1,-90.0,0,57,3.694,3.694,3.694,3.693,0,0,6.65,75.74,-0.730442608676,11.154856,6,P-GPS,9.842519685039369,2.9999999999999996,9.842519685039369,-2.0427789236366323,-2.0427789236366323,9.842519685039369,0.0,0.0,0.0,0.0,14.798,98.4067
25300,2026-05-09 10:19:53.300,25.3,0.4782608695652174,cruise,25300,2026-05-09 10:19:53,11.154856,,,-0.730442608676,8.858268,0.0,13.7466539832,21.4199810004,15,5,14.798,0.0,11.154856,1.4092722,13.757054246,0.0,0.0,0.0,197.0,0.6,-0.8,,,0,0,1024,1024,1129,1024,0,0,16,0,205.1,-90.0,0,57,3.694,3.694,3.694,3.693,0,0,6.65,75.74,-0.730442608676,11.154856,6,P-GPS,9.842519685039369,2.9999999999999996,9.842519685039369,-2.0427789236366323,-2.0427789236366323,9.842519685039369,0.0,0.0,0.0,0.0,14.798,98.4067
25400,2026-05-09 10:19:53.400,25.4,0.48015122873345933,cruise,25400,2026-05-09 10:19:53,11.154856,,,-0.730442608676,9.186352,0.0,13.7821854804,21.4559718152,15,5,14.798,0.0,11.154856,1.4092722,13.7821854804,0.0,0.0,0.0,197.0,0.7,-0.8,,,0,0,1024,1024,1375,1024,0,0,53,0,205.1,-90.0,0,57,3.694,3.694,3.694,3.693,0,0,6.65,75.74,-0.730442608676,11.154856,6,P-GPS,9.842519685039369,2.9999999999999996,9.842519685039369,-2.0427789236366323,-2.0427789236366323,9.842519685039369,0.0,0.0,0.0,0.0,14.798,98.4067
25500,2026-05-09 10:19:53.500,25.5,0.4820415879017013,cruise,25500,2026-05-09 10:19:53,11.48294,,,-0.402358608676,9.514436,0.0,13.7719492596,21.4670610544,15,5,14.798,0.0,11.48294,1.4092722,13.7821854804,0.0,0.0,-0.223694,196.9,0.6,-0.8,,,0,0,1024,1024,1386,1024,0,0,55,0,205.1,-90.0,0,57,3.694,3.694,3.694,3.693,0,0,6.65,75.74,-0.402358608676,11.48294,6,P-GPS,9.842519685039369,2.9999999999999996,9.842519685039369,-2.0427789236366323,-2.0427789236366323,9.842519685039369,0.0,0.0,0.0,0.0,14.798,98.4067
25600,2026-05-09 10:19:53.600,25.6,0.4839319470699433,cruise,25600,2026-05-09 10:19:53,11.48294,,,-0.402358608676,9.514436,0.0,13.8306106788,21.5364508204,15,5,14.798,0.0,11.48294,1.4092722,13.8306106788,0.0,0.0,-1.11847,196.9,0.4,-0.6,,,0,0,1024,1024,1178,1024,0,0,23,0,205.1,-90.0,0,57,3.694,3.694,3.694,3.693,0,0,6.65,75.74,-0.402358608676,11.48294,6,P-GPS,9.842519685039369,2.9999999999999996,9.842519685039369,-2.0427789236366323,-2.0427789236366323,9.842519685039369,0.0,0.0,0.0,0.0,14.798,98.4067
25700,2026-05-09 10:19:53.700,25.7,0.48582230623818523,cruise,25700,2026-05-09 10:19:53,11.811024,,,-0.074274608676001,9.84252,0.0,13.8227694712,21.5443904532,15,5,14.798,0.0,11.811024,1.4092722,13.8306106788,0.0,0.0,-2.23694,197.0,0.5,-0.5,,,0,0,1024,1024,1024,1024,0,0,0,0,205.1,-90.0,0,57,3.694,3.694,3.694,3.693,0,0,6.65,75.74,-0.074274608676001,11.811024,6,P-GPS,9.842519685039369,2.9999999999999996,9.842519685039369,-2.0427789236366323,-2.0427789236366323,9.842519685039369,0.0,0.0,0.0,0.0,14.798,98.4067
25800,2026-05-09 10:19:53.800,25.8,0.48771266540642727,cruise,25800,2026-05-09 10:19:54,12.139108,,,0.253809391324,9.84252,0.0,13.9103678992,21.6348760204,15,5,14.798,0.253809391324,12.139108,1.4092722,13.9103678992,0.0,0.0,-2.23694,197.0,0.5,-0.4,,,0,0,1024,1024,1024,1024,0,0,0,0,205.1,-90.0,0,57,3.694,3.694,3.694,3.693,0,0,6.65,75.74,0.253809391324,12.139108,6,P-GPS,9.842519685039369,2.9999999999999996,9.842519685039369,-2.0427789236366323,-2.0427789236366323,9.842519685039369,0.0,0.0,0.0,0.0,14.798,98.4067
25900,2026-05-09 10:19:53.900,25.9,0.4896030245746692,cruise,25900,2026-05-09 10:19:54,12.467192,,,0.581893391324,9.84252,0.0,13.9108600252,21.6455387504,15,5,14.789,0.581893391324,12.467192,1.4092722,13.9108600252,0.0,0.0,-1.11847,197.0,1.0,-0.7,,,0,0,1024,1024,1024,1024,0,0,0,0,205.1,-90.0,0,57,3.653,3.68,3.708,3.715,0,0,6.279,75.74,0.581893391324,12.467192,6,P-GPS,9.842519685039369,2.9999999999999996,9.842519685039369,-2.0427789236366323,-2.0427789236366323,9.842519685039369,0.0,0.0,0.0,0.0,14.789,92.860131
26000,2026-05-09 10:19:54.000,26.0,0.4914933837429112,cruise,26000,2026-05-09 10:19:54,12.467192,,,0.581893391324,10.170604,0.0,13.9597117328,21.6954075184,15,5,14.789,0.581893391324,12.467192,1.4092722,13.9597117328,0.0,0.0,-0.447388,197.0,1.0,-1.0,,,0,0,1024,1024,1024,1024,0,0,0,0,205.1,-90.0,0,57,3.653,3.68,3.708,3.715,0,0,6.279,75.74,0.581893391324,12.467192,6,P-GPS,9.842519685039369,2.9999999999999996,9.842519685039369,-2.0427789236366323,-2.0427789236366323,9.842519685039369,0.0,0.0,0.0,0.0,14.789,92.860131
26100,2026-05-09 10:19:54.100,26.1,0.49338374291115317,cruise,26100,2026-05-09 10:19:54,12.467192,,,0.581893391324,10.498688,0.0,13.9451119948,21.7103353404,15,5,14.789,0.581893391324,12.467192,1.4092722,13.9597117328,0.0,0.0,-0.223694,197.0,0.8,-1.0,,,0,0,1024,1024,1024,1024,0,0,0,0,205.1,-90.0,0,57,3.653,3.68,3.708,3.715,0,0,6.279,75.74,0.581893391324,12.467192,6,P-GPS,9.842519685039369,2.9999999999999996,9.842519685039369,-2.0427789236366323,-2.0427789236366323,9.842519685039369,0.0,0.0,0.0,0.0,14.789,92.860131
26200,2026-05-09 10:19:54.200,26.2,0.4952741020793951,cruise,26200,2026-05-09 10:19:54,12.467192,,,0.581893391324,10.498688,0.0,13.9779203948,21.7460964964,15,5,14.789,0.581893391324,12.467192,1.4092722,13.9779203948,0.0,0.0,0.0,197.0,0.6,-0.8,,,0,0,1024,1024,1002,1024,0,0,-3,0,205.1,-90.0,0,57,3.653,3.68,3.708,3.715,0,0,6.279,75.74,0.581893391324,12.467192,6,P-GPS,9.842519685039369,2.9999999999999996,9.842519685039369,-2.0427789236366323,-2.0427789236366323,9.842519685039369,0.0,0.0,0.0,0.0,14.789,92.860131
26300,2026-05-09 10:19:54.300,26.3,0.4971644612476371,cruise,26300,2026-05-09 10:19:54,12.467192,,,0.581893391324,10.498688,0.0,13.9698823368,21.7542001712,15,5,14.789,0.581893391324,12.467192,1.4092722,13.9779203948,0.0,0.0,0.0,197.0,0.5,-0.8,,,0,0,1024,1024,799,1024,0,0,-34,0,205.1,-90.0,0,57,3.653,3.68,3.708,3.715,0,0,6.279,75.74,0.581893391324,12.467192,6,P-GPS,9.842519685039369,2.9999999999999996,9.842519685039369,-2.0427789236366323,-2.0427789236366323,9.842519685039369,0.0,0.0,0.0,0.0,14.789,92.860131
26400,2026-05-09 10:19:54.400,26.4,0.499054820415879,cruise,26400,2026-05-09 10:19:54,12.467192,,,0.581893391324,10.498688,0.0,14.041831158,21.8313327196,15,5,14.789,0.581893391324,12.467192,1.4092722,14.041831158,0.0,0.0,0.0,197.0,0.6,-0.6,,,0,0,1024,1024,676,1024,0,0,-53,0,205.1,-90.0,0,57,3.653,3.68,3.708,3.715,0,0,6.279,75.74,0.581893391324,12.467192,6,P-GPS,9.842519685039369,2.9999999999999996,9.842519685039369,-2.0427789236366323,-2.0427789236366323,9.842519685039369,0.0,0.0,0.0,0.0,14.789,92.860131
26500,2026-05-09 10:19:54.500,26.5,0.500945179584121,cruise,26500,2026-05-09 10:19:54,12.467192,,,0.581893391324,10.498688,0.0,14.0173232832,21.8559062112,15,5,14.789,0.581893391324,12.467192,1.4092722,14.041831158,0.0,0.0,0.223694,197.0,0.8,-0.5,,,0,0,1024,1024,816,1024,0,0,-32,0,205.1,-90.0,0,57,3.653,3.68,3.708,3.715,0,0,6.279,75.74,0.581893391324,12.467192,6,P-GPS,9.842519685039369,2.9999999999999996,9.842519685039369,-2.0427789236366323,-2.0427789236366323,9.842519685039369,0.0,0.0,0.0,0.0,14.789,92.860131
26600,2026-05-09 10:19:54.600,26.6,0.502835538752363,cruise,26600,2026-05-09 10:19:54,12.467192,,,0.581893391324,10.498688,0.0,14.094816724,21.9447841668,15,5,14.789,0.581893391324,12.467192,1.4092722,14.094816724,0.0,0.0,0.894776,197.0,0.8,-0.4,,,0,0,1024,1024,1024,1024,0,0,0,0,205.1,-90.0,0,57,3.653,3.68,3.708,3.715,0,0,6.279,75.74,0.581893391324,12.467192,6,P-GPS,9.842519685039369,2.9999999999999996,9.842519685039369,-2.0427789236366323,-2.0427789236366323,9.842519685039369,0.0,0.0,0.0,0.0,14.789,92.860131
26700,2026-05-09 10:19:54.700,26.700000000000003,0.504725897920605,cruise,26700,2026-05-09 10:19:54,12.139108,,,0.253809391324,10.170604,0.0,14.094160556,21.9508537208,15,5,14.789,0.581893391324,12.467192,1.4092722,14.094816724,0.0,0.0,2.013246,197.0,0.8,-0.8,,,0,0,1024,1024,1024,1024,0,0,0,0,205.1,-90.0,0,57,3.653,3.68,3.708,3.715,0,0,6.279,75.74,0.253809391324,12.139108,6,P-GPS,9.842519685039369,2.9999999999999996,9.842519685039369,-2.0427789236366323,-2.0427789236366323,9.842519685039369,0.0,0.0,0.0,0.0,14.789,92.860131
26800,2026-05-09 10:19:54.800,26.800000000000004,0.5066162570888469,cruise,26800,2026-05-09 10:19:55,11.811024,,,-0.074274608676001,9.84252,0.0,14.1890096404,22.0485899444,15,5,14.789,0.581893391324,12.467192,1.4092722,14.1890096404,0.0,0.0,1.565858,196.9,0.6,-0.9,,,0,0,1024,1024,934,1024,0,0,-14,0,205.1,-90.0,0,57,3.653,3.68,3.708,3.715,0,0,6.279,75.74,-0.074274608676001,11.811024,6,P-GPS,9.842519685039369,2.9999999999999996,9.842519685039369,-2.0427789236366323,-2.0427789236366323,9.842519685039369,0.0,0.0,0.0,0.0,14.789,92.860131
26900,2026-05-09 10:19:54.900,26.9,0.5085066162570888,cruise,26900,2026-05-09 10:19:55,11.811024,,,-0.074274608676001,10.170604,0.0,14.1957681708,22.0576450628,15,5,14.777,0.581893391324,12.467192,1.4092722,14.1957681708,0.0,0.0,0.671082,196.9,0.3,-0.7,,,0,0,1024,1024,813,1024,0,0,-32,0,205.1,-90.0,0,57,3.697,3.704,3.716,3.723,0,0,6.668,75.92,-0.074274608676001,11.811024,6,P-GPS,9.842519685039369,2.9999999999999996,9.842519685039369,-2.0427789236366323,-2.0427789236366323,9.842519685039369,0.0,0.0,0.0,0.0,14.777,98.533036
27000,2026-05-09 10:19:55.000,27.0,0.5103969754253308,cruise,27000,2026-05-09 10:19:55,11.48294,,,-0.402358608676,10.170604,0.0,14.24212644,22.1069888964,15,5,14.777,0.581893391324,12.467192,1.4092722,14.24212644,0.0,0.0,0.223694,196.9,0.4,-0.6,,,0,0,1024,1024,813,1024,0,0,-32,0,205.1,-90.0,0,57,3.697,3.704,3.716,3.723,0,0,6.668,75.92,-0.402358608676,11.48294,6,P-GPS,9.842519685039369,2.9999999999999996,9.842519685039369,-2.0427789236366323,-2.0427789236366323,9.842519685039369,0.0,0.0,0.0,0.0,14.777,98.533036
27100,2026-05-09 10:19:55.100,27.099999999999998,0.5122873345935728,cruise,27100,2026-05-09 10:19:55,11.48294,,,-0.402358608676,9.514436,0.0,14.2619099052,22.12844559,15,5,14.777,0.581893391324,12.467192,1.4092722,14.2619099052,0.0,0.0,0.223694,197.0,0.5,-0.7,,,0,0,1024,1024,1024,1024,0,0,0,0,205.1,-90.0,0,57,3.697,3.704,3.716,3.723,0,0,6.668,75.92,-0.402358608676,11.48294,6,P-GPS,9.842519685039369,2.9999999999999996,9.842519685039369,-2.0427789236366323,-2.0427789236366323,9.842519685039369,0.0,0.0,0.0,0.0,14.777,98.533036
27200,2026-05-09 10:19:55.200,27.2,0.5141776937618148,cruise,27200,2026-05-09 10:19:55,11.48294,,,-0.402358608676,8.858268,0.0,14.3600398296,22.2266411312,15,5,14.777,0.581893391324,12.467192,1.4092722,14.3600398296,0.0,0.0,0.671082,197.0,0.3,-1.2,,,0,0,1024,1024,1024,1024,0,0,0,0,205.1,-90.0,0,57,3.697,3.704,3.716,3.723,0,0,6.668,75.92,-0.402358608676,11.48294,6,P-GPS,9.842519685039369,2.9999999999999996,9.842519685039369,-2.0427789236366323,-2.0427789236366323,9.842519685039369,0.0,0.0,0.0,0.0,14.777,98.533036
27300,2026-05-09 10:19:55.300,27.3,0.5160680529300568,cruise,27300,2026-05-09 10:19:55,11.48294,,,-0.402358608676,8.858268,0.0,14.3791671268,22.245899662,15,5,14.777,0.581893391324,12.467192,1.4092722,14.3791671268,0.0,0.0,0.223694,197.0,0.1,-1.2,,,0,0,1024,1024,829,1024,0,0,-30,0,205.1,-90.0,0,57,3.697,3.704,3.716,3.723,0,0,6.668,75.92,-0.402358608676,11.48294,6,P-GPS,9.842519685039369,2.9999999999999996,9.842519685039369,-2.0427789236366323,-2.0427789236366323,9.842519685039369,0.0,0.0,0.0,0.0,14.777,98.533036
27400,2026-05-09 10:19:55.400,27.399999999999995,0.5179584120982986,cruise,27400,2026-05-09 10:19:55,11.48294,,,-0.402358608676,8.858268,0.0,14.3952760512,22.2661096364,15,5,14.777,0.581893391324,12.467192,1.4092722,14.3952760512,0.0,0.0,0.0,197.0,0.1,-1.1,,,0,0,1024,1024,797,1024,0,0,-34,0,205.1,-90.0,0,57,3.697,3.704,3.716,3.723,0,0,6.668,75.92,-0.402358608676,11.48294,6,P-GPS,9.842519685039369,2.9999999999999996,9.842519685039369,-2.0427789236366323,-2.0427789236366323,9.842519685039369,0.0,0.0,0.0,0.0,14.777,98.533036
27500,2026-05-09 10:19:55.500,27.499999999999996,0.5198487712665406,cruise,27500,2026-05-09 10:19:55,11.48294,,,-0.402358608676,8.530184,0.0,14.4075135844,22.2806437576,15,5,14.777,0.581893391324,12.467192,1.4092722,14.4075135844,0.0,0.0,0.223694,197.0,0.1,-1.0,,,0,0,1024,1024,1024,1024,0,0,0,0,205.1,-90.0,0,57,3.697,3.704,3.716,3.723,0,0,6.668,75.92,-0.402358608676,11.48294,6,P-GPS,9.842519685039369,2.9999999999999996,9.842519685039369,-2.0427789236366323,-2.0427789236366323,9.842519685039369,0.0,0.0,0.0,0.0,14.777,98.533036
27600,2026-05-09 10:19:55.600,27.599999999999998,0.5217391304347826,cruise,27600,2026-05-09 10:19:55,11.154856,,,-0.730442608676,9.186352,0.0,14.5049873408,22.3796923172,15,5,14.777,0.581893391324,12.467192,1.4092722,14.5049873408,0.0,0.0,0.894776,197.0,0.0,-1.6,,,0,0,1024,1024,1024,1024,0,0,0,0,205.1,-90.0,0,57,3.697,3.704,3.716,3.723,0,0,6.668,75.92,-0.730442608676,11.154856,6,P-GPS,9.842519685039369,2.9999999999999996,9.842519685039369,-2.0427789236366323,-2.0427789236366323,9.842519685039369,0.0,0.0,0.0,0.0,14.777,98.533036
27700,2026-05-09 10:19:55.700,27.7,0.5236294896030246,cruise,27700,2026-05-09 10:19:55,11.154856,,,-0.730442608676,8.858268,0.0,14.5167983648,22.3915033412,15,5,14.777,0.581893391324,12.467192,1.4092722,14.5167983648,0.0,0.0,0.447388,196.9,-0.1,-1.6,,,0,0,1024,1024,1003,1024,0,0,-3,0,205.1,-90.0,0,57,3.697,3.704,3.716,3.723,0,0,6.668,75.92,-0.730442608676,11.154856,6,P-GPS,9.842519685039369,2.9999999999999996,9.842519685039369,-2.0427789236366323,-2.0427789236366323,9.842519685039369,0.0,0.0,0.0,0.0,14.777,98.533036
27800,2026-05-09 10:19:55.800,27.8,0.5255198487712666,cruise,27800,2026-05-09 10:19:56,11.154856,,,-0.730442608676,8.858268,0.0,14.57103065,22.4491477,15,5,14.777,0.581893391324,12.467192,1.4092722,14.57103065,0.0,0.0,0.0,197.0,0.0,-1.3,,,0,0,1024,1024,745,1024,0,0,-42,0,205.1,-90.0,0,57,3.697,3.704,3.716,3.723,0,0,6.668,75.92,-0.730442608676,11.154856,6,P-GPS,9.842519685039369,2.9999999999999996,9.842519685039369,-2.0427789236366323,-2.0427789236366323,9.842519685039369,0.0,0.0,0.0,0.0,14.777,98.533036
27900,2026-05-09 10:19:55.900,27.900000000000002,0.5274102079395085,cruise,27900,2026-05-09 10:19:56,11.154856,,,-0.730442608676,8.858268,0.0,14.5737209388,22.460466598,15,5,14.625,0.581893391324,12.467192,1.4092722,14.5737209388,0.0,0.0,0.0,197.0,0.1,-1.2,,,0,0,1024,1024,655,1024,0,0,-56,0,205.1,-90.0,0,57,3.675,3.658,3.66,3.671,0,0,6.427,75.92,-0.730442608676,11.154856,6,P-GPS,9.842519685039369,2.9999999999999996,9.842519685039369,-2.0427789236366323,-2.0427789236366323,9.842519685039369,0.0,0.0,0.0,0.0,14.625,93.994875
28000,2026-05-09 10:19:56.000,28.000000000000004,0.5293005671077505,cruise,28000,2026-05-09 10:19:56,11.154856,,,-0.730442608676,8.858268,0.0,14.6004269764,22.4879928456,15,5,14.625,0.581893391324,12.467192,1.4092722,14.6004269764,0.0,0.0,0.671082,197.0,0.0,-1.1,,,0,0,1024,1024,1024,1024,0,0,0,0,205.1,-90.0,0,57,3.675,3.658,3.66,3.671,0,0,6.427,75.92,-0.730442608676,11.154856,6,P-GPS,9.842519685039369,2.9999999999999996,9.842519685039369,-2.0427789236366323,-2.0427789236366323,9.842519685039369,0.0,0.0,0.0,0.0,14.625,93.994875
28100,2026-05-09 10:19:56.100,28.100000000000005,0.5311909262759925,cruise,28100,2026-05-09 10:19:56,10.826772,,,-1.058526608676,8.858268,0.0,14.597605454,22.5078419276,15,5,14.625,0.581893391324,12.467192,1.4092722,14.6004269764,0.0,0.0,1.565858,197.0,0.0,-1.1,,,0,0,1024,1024,1024,1024,0,0,0,0,205.1,-90.0,0,57,3.675,3.658,3.66,3.671,0,0,6.427,75.92,-1.058526608676,10.826772,6,P-GPS,9.842519685039369,2.9999999999999996,9.842519685039369,-2.0427789236366323,-2.0427789236366323,9.842519685039369,0.0,0.0,0.0,0.0,14.625,93.994875
28200,2026-05-09 10:19:56.200,28.2,0.5330812854442344,cruise,28200,2026-05-09 10:19:56,10.826772,,,-1.058526608676,8.530184,0.0,14.6769361652,22.5879600404,15,5,14.625,0.581893391324,12.467192,1.4092722,14.6769361652,0.0,0.0,1.342164,196.9,-0.1,-1.0,,,0,0,1024,1024,1024,1024,0,0,0,0,205.1,-90.0,0,57,3.675,3.658,3.66,3.671,0,0,6.427,75.92,-1.058526608676,10.826772,6,P-GPS,9.842519685039369,2.9999999999999996,9.842519685039369,-2.0427789236366323,-2.0427789236366323,9.842519685039369,0.0,0.0,0.0,0.0,14.625,93.994875
28300,2026-05-09 10:19:56.300,28.3,0.5349716446124764,cruise,28300,2026-05-09 10:19:56,10.498688,,,-1.386610608676,8.858268,0.0,14.6788718608,22.6023957364,15,5,14.625,0.581893391324,12.467192,1.4092722,14.6788718608,0.0,0.0,0.223694,196.9,-0.3,-0.5,,,0,0,1024,1024,1008,1024,0,0,-2,0,205.1,-90.0,0,57,3.675,3.658,3.66,3.671,0,0,6.427,75.92,-1.386610608676,10.498688,6,P-GPS,9.842519685039369,2.9999999999999996,9.842519685039369,-2.0427789236366323,-2.0427789236366323,9.842519685039369,0.0,0.0,0.0,0.0,14.625,93.994875
28400,2026-05-09 10:19:56.400,28.4,0.5368620037807184,cruise,28400,2026-05-09 10:19:56,10.498688,,,-1.386610608676,9.186352,0.0,14.6867130684,22.6126319572,15,5,14.625,0.581893391324,12.467192,1.4092722,14.6867130684,0.0,0.0,0.0,197.0,-0.2,-0.5,,,0,0,1024,1024,840,1024,0,0,-28,0,205.1,-90.0,0,57,3.675,3.658,3.66,3.671,0,0,6.427,75.92,-1.386610608676,10.498688,6,P-GPS,9.842519685039369,2.9999999999999996,9.842519685039369,-2.0427789236366323,-2.0427789236366323,9.842519685039369,0.0,0.0,0.0,0.0,14.625,93.994875
28500,2026-05-09 10:19:56.500,28.5,0.5387523629489603,cruise,28500,2026-05-09 10:19:56,10.498688,,,-1.386610608676,9.186352,0.0,14.6911422024,22.6182093852,15,5,14.625,0.581893391324,12.467192,1.4092722,14.6911422024,0.0,0.0,0.0,197.0,-0.1,-0.6,,,0,0,1024,1024,672,1024,0,0,-53,0,205.1,-90.0,0,57,3.675,3.658,3.66,3.671,0,0,6.427,75.92,-1.386610608676,10.498688,6,P-GPS,9.842519685039369,2.9999999999999996,9.842519685039369,-2.0427789236366323,-2.0427789236366323,9.842519685039369,0.0,0.0,0.0,0.0,14.625,93.994875
28600,2026-05-09 10:19:56.600,28.6,0.5406427221172023,cruise,28600,2026-05-09 10:19:56,10.498688,,,-1.386610608676,8.858268,0.0,14.7000004704,22.6270676532,15,5,14.625,0.581893391324,12.467192,1.4092722,14.7000004704,0.0,0.0,0.223694,197.0,0.0,-0.7,,,0,0,1024,1024,1024,1024,0,0,0,0,205.1,-90.0,0,57,3.675,3.658,3.66,3.671,0,0,6.427,75.92,-1.386610608676,10.498688,6,P-GPS,9.842519685039369,2.9999999999999996,9.842519685039369,-2.0427789236366323,-2.0427789236366323,9.842519685039369,0.0,0.0,0.0,0.0,14.625,93.994875
28700,2026-05-09 10:19:56.700,28.699999999999996,0.5425330812854442,cruise,28700,2026-05-09 10:19:56,10.498688,,,-1.386610608676,8.530184,0.0,14.7434716004,22.67716608,15,5,14.625,0.581893391324,12.467192,1.4092722,14.7434716004,0.0,0.0,1.11847,197.0,0.0,-1.2,,,0,0,1024,1024,1024,1024,0,0,0,0,205.1,-90.0,0,57,3.675,3.658,3.66,3.671,0,0,6.427,75.92,-1.386610608676,10.498688,6,P-GPS,9.842519685039369,2.9999999999999996,9.842519685039369,-2.0427789236366323,-2.0427789236366323,9.842519685039369,0.0,0.0,0.0,0.0,14.625,93.994875
28800,2026-05-09 10:19:56.800,28.799999999999997,0.5444234404536862,cruise,28800,2026-05-09 10:19:57,10.170604,,,-1.714694608676,8.530184,0.0,14.7386487656,22.7307421972,15,5,14.625,0.581893391324,12.467192,1.4092722,14.7434716004,0.0,0.0,1.565858,197.0,0.0,-1.8,,,0,0,1024,1024,1024,1024,0,0,0,0,205.1,-90.0,0,57,3.675,3.658,3.66,3.671,0,0,6.427,75.92,-1.714694608676,10.170604,6,P-GPS,9.842519685039369,2.9999999999999996,9.842519685039369,-2.0427789236366323,-2.0427789236366323,9.842519685039369,0.0,0.0,0.0,0.0,14.625,93.994875
28900,2026-05-09 10:19:56.900,28.9,0.5463137996219282,cruise,28900,2026-05-09 10:19:57,10.170604,,,-1.714694608676,8.530184,0.0,14.7507550652,22.7437343236,15,5,14.666,0.581893391324,12.467192,1.4092722,14.7507550652,0.0,0.0,0.671082,197.0,-0.1,-1.6,,,0,0,1024,1024,1024,1024,0,0,0,0,205.1,-90.0,0,57,3.72,3.712,3.654,3.625,0,0,6.552,75.74,-1.714694608676,10.170604,6,P-GPS,9.842519685039369,2.9999999999999996,9.842519685039369,-2.0427789236366323,-2.0427789236366323,9.842519685039369,0.0,0.0,0.0,0.0,14.666,96.09163199999999
29000,2026-05-09 10:19:57.000,29.0,0.5482041587901701,cruise,29000,2026-05-09 10:19:57,9.84252,,,-2.042778608676,8.530184,0.0,14.7503941728,22.7444233,15,5,14.666,0.581893391324,12.467192,1.4092722,14.7507550652,0.0,0.0,0.0,197.0,0.0,-1.1,,,0,0,1024,1024,1024,1024,0,0,0,0,205.1,-90.0,0,57,3.72,3.712,3.654,3.625,0,0,6.552,75.74,-2.042778608676,9.84252,6,P-GPS,9.842519685039369,2.9999999999999996,9.842519685039369,-2.0427789236366323,-2.0427789236366323,9.842519685039369,0.0,0.0,0.0,0.0,14.666,96.09163199999999
29100,2026-05-09 10:19:57.100,29.1,0.5500945179584121,cruise,29100,2026-05-09 10:19:57,9.84252,,,-2.042778608676,8.2021,0.0,14.7093508644,22.8052172652,15,5,14.666,0.581893391324,12.467192,1.4092722,14.7507550652,0.0,0.0,0.0,197.0,0.0,-1.0,,,0,0,1024,1024,1024,1024,0,0,0,0,205.1,-90.0,0,57,3.72,3.712,3.654,3.625,0,0,6.552,75.74,-2.042778608676,9.84252,6,P-GPS,9.842519685039369,2.9999999999999996,9.842519685039369,-2.0427789236366323,-2.0427789236366323,9.842519685039369,0.0,0.0,0.0,0.0,14.666,96.09163199999999
29200,2026-05-09 10:19:57.200,29.200000000000003,0.5519848771266541,cruise,29200,2026-05-09 10:19:57,9.84252,,,-2.042778608676,8.530184,0.0,14.6932747484,22.8219823576,15,5,14.666,0.581893391324,12.467192,1.4092722,14.7507550652,0.0,0.0,0.0,197.0,0.1,-1.0,,,0,0,1024,1024,1024,1024,0,0,0,0,205.1,-90.0,0,57,3.72,3.712,3.654,3.625,0,0,6.552,75.74,-2.042778608676,9.84252,6,P-GPS,9.842519685039369,2.9999999999999996,9.842519685039369,-2.0427789236366323,-2.0427789236366323,9.842519685039369,0.0,0.0,0.0,0.0,14.666,96.09163199999999
29300,2026-05-09 10:19:57.300,29.300000000000004,0.5538752362948961,cruise,29300,2026-05-09 10:19:57,9.84252,,,-2.042778608676,8.530184,0.0,14.6916999452,22.8304141164,15,5,14.666,0.581893391324,12.467192,1.4092722,14.7507550652,0.0,0.0,0.0,197.0,0.2,-1.1,,,0,0,1024,1024,1024,1024,0,0,0,0,205.1,-90.0,0,57,3.72,3.712,3.654,3.625,0,0,6.552,75.74,-2.042778608676,9.84252,6,P-GPS,9.842519685039369,2.9999999999999996,9.842519685039369,-2.0427789236366323,-2.0427789236366323,9.842519685039369,0.0,0.0,0.0,0.0,14.666,96.09163199999999
29400,2026-05-09 10:19:57.400,29.4,0.555765595463138,cruise,29400,2026-05-09 10:19:57,9.84252,,,-2.042778608676,8.858268,0.0,14.688648764,22.8437671352,15,5,14.666,0.581893391324,12.467192,1.4092722,14.7507550652,0.0,0.0,0.0,197.0,0.3,-1.3,,,0,0,1024,1024,1024,1024,0,0,0,0,205.1,-90.0,0,57,3.72,3.712,3.654,3.625,0,0,6.552,75.74,-2.042778608676,9.84252,6,P-GPS,9.842519685039369,2.9999999999999996,9.842519685039369,-2.0427789236366323,-2.0427789236366323,9.842519685039369,0.0,0.0,0.0,0.0,14.666,96.09163199999999
29500,2026-05-09 10:19:57.500,29.5,0.55765595463138,cruise,29500,2026-05-09 10:19:57,9.84252,,,-2.042778608676,8.858268,0.0,14.6819886588,22.852034852,15,5,14.666,0.581893391324,12.467192,1.4092722,14.7507550652,0.0,0.0,0.0,197.0,0.3,-1.4,,,0,0,1024,1024,1024,1024,0,0,0,0,205.1,-90.0,0,57,3.72,3.712,3.654,3.625,0,0,6.552,75.74,-2.042778608676,9.84252,6,P-GPS,9.842519685039369,2.9999999999999996,9.842519685039369,-2.0427789236366323,-2.0427789236366323,9.842519685039369,0.0,0.0,0.0,0.0,14.666,96.09163199999999
29600,2026-05-09 10:19:57.600,29.6,0.5595463137996219,cruise,29600,2026-05-09 10:19:57,9.84252,,,-2.042778608676,8.858268,0.0,14.6724414144,22.8644364272,15,5,14.666,0.581893391324,12.467192,1.4092722,14.7507550652,0.0,0.0,0.0,197.0,0.4,-1.3,,,0,0,1024,1024,1024,1024,0,0,0,0,205.1,-90.0,0,57,3.72,3.712,3.654,3.625,0,0,6.552,75.74,-2.042778608676,9.84252,6,P-GPS,9.842519685039369,2.9999999999999996,9.842519685039369,-2.0427789236366323,-2.0427789236366323,9.842519685039369,0.0,0.0,0.0,0.0,14.666,96.09163199999999
29700,2026-05-09 10:19:57.700,29.7,0.5614366729678639,cruise,29700,2026-05-09 10:19:57,10.170604,,,-1.714694608676,8.858268,0.0,14.6544952196,22.8857618872,15,5,14.666,0.581893391324,12.467192,1.4092722,14.7507550652,0.0,0.0,0.0,197.0,0.4,-1.1,,,0,0,1024,1024,1024,1024,0,0,0,0,205.1,-90.0,0,57,3.72,3.712,3.654,3.625,0,0,6.552,75.74,-1.714694608676,10.170604,6,P-GPS,9.842519685039369,2.9999999999999996,9.842519685039369,-2.0427789236366323,-2.0427789236366323,9.842519685039369,0.0,0.0,0.0,0.0,14.666,96.09163199999999
29800,2026-05-09 10:19:57.800,29.8,0.5633270321361059,cruise,29800,2026-05-09 10:19:58,10.170604,,,-1.714694608676,8.858268,0.0,14.6490818336,22.892389184,15,5,14.666,0.581893391324,12.467192,1.4092722,14.7507550652,0.0,0.0,0.0,197.0,0.4,-1.0,,,0,0,1024,1024,1024,1024,0,0,0,0,205.1,-90.0,0,57,3.72,3.712,3.654,3.625,0,0,6.552,75.74,-1.714694608676,10.170604,6,P-GPS,9.842519685039369,2.9999999999999996,9.842519685039369,-2.0427789236366323,-2.0427789236366323,9.842519685039369,0.0,0.0,0.0,0.0,14.666,96.09163199999999
29900,2026-05-09 10:19:57.900,29.9,0.5652173913043478,cruise,29900,2026-05-09 10:19:58,9.84252,,,-2.042778608676,8.858268,0.0,14.6390096548,22.9031175308,15,5,14.71,0.581893391324,12.467192,1.4092722,14.7507550652,0.0,0.0,0.0,197.0,0.4,-0.9,,,0,0,1024,1024,1024,1024,0,0,0,0,205.1,-90.0,0,57,3.691,3.69,3.688,3.687,0,0,6.837,75.92,-2.042778608676,9.84252,6,P-GPS,9.842519685039369,2.9999999999999996,9.842519685039369,-2.0427789236366323,-2.0427789236366323,9.842519685039369,0.0,0.0,0.0,0.0,14.71,100.57227
30000,2026-05-09 10:19:58.000,29.999999999999996,0.5671077504725898,cruise,30000,2026-05-09 10:19:58,9.84252,,,-2.042778608676,8.530184,0.0,14.6261815704,22.9161424656,15,5,14.71,0.581893391324,12.467192,1.4092722,14.7507550652,0.0,0.0,0.0,197.0,0.5,-0.8,,,0,0,1024,1024,1024,1024,0,0,0,0,205.1,-90.0,0,57,3.691,3.69,3.688,3.687,0,0,6.837,75.92,-2.042778608676,9.84252,6,P-GPS,9.842519685039369,2.9999999999999996,9.842519685039369,-2.0427789236366323,-2.0427789236366323,9.842519685039369,0.0,0.0,0.0,0.0,14.71,100.57227
30100,2026-05-09 10:19:58.100,30.099999999999998,0.5689981096408318,cruise,30100,2026-05-09 10:19:58,9.84252,,,-2.042778608676,8.858268,0.0,14.612369234,22.9389443036,15,5,14.71,0.581893391324,12.467192,1.4092722,14.7507550652,0.0,0.0,0.0,197.0,0.5,-0.8,,,0,0,1024,1024,1024,1024,0,0,0,0,205.1,-90.0,0,57,3.691,3.69,3.688,3.687,0,0,6.837,75.92,-2.042778608676,9.84252,6,P-GPS,9.842519685039369,2.9999999999999996,9.842519685039369,-2.0427789236366323,-2.0427789236366323,9.842519685039369,0.0,0.0,0.0,0.0,14.71,100.57227
30200,2026-05-09 10:19:58.200,30.2,0.5708884688090737,cruise,30200,2026-05-09 10:19:58,9.84252,,,-2.042778608676,8.858268,0.0,14.6121067668,22.954561102,15,5,14.71,0.581893391324,12.467192,1.4092722,14.7507550652,0.0,0.0,0.0,196.9,0.5,-0.7,,,0,0,1024,1024,1024,1024,0,0,0,0,205.1,-90.0,0,57,3.691,3.69,3.688,3.687,0,0,6.837,75.92,-2.042778608676,9.84252,6,P-GPS,9.842519685039369,2.9999999999999996,9.842519685039369,-2.0427789236366323,-2.0427789236366323,9.842519685039369,0.0,0.0,0.0,0.0,14.71,100.57227
30300,2026-05-09 10:19:58.300,30.3,0.5727788279773157,cruise,30300,2026-05-09 10:19:58,9.84252,,,-2.042778608676,8.858268,0.0,14.603182882,22.9641083464,15,5,14.71,0.581893391324,12.467192,1.4092722,14.7507550652,0.0,0.0,0.0,197.0,0.5,-0.8,,,0,0,1024,1024,1024,1024,0,0,0,0,205.1,-90.0,0,57,3.691,3.69,3.688,3.687,0,0,6.837,75.92,-2.042778608676,9.84252,6,P-GPS,9.842519685039369,2.9999999999999996,9.842519685039369,-2.0427789236366323,-2.0427789236366323,9.842519685039369,0.0,0.0,0.0,0.0,14.71,100.57227
30400,2026-05-09 10:19:58.400,30.399999999999995,0.5746691871455576,cruise,30400,2026-05-09 10:19:58,9.84252,,,-2.042778608676,8.858268,0.0,14.5942918056,22.973425932,15,5,14.71,0.581893391324,12.467192,1.4092722,14.7507550652,0.0,0.0,0.0,197.0,0.5,-0.8,,,0,0,1024,1024,1024,1024,0,0,0,0,205.1,-90.0,0,57,3.691,3.69,3.688,3.687,0,0,6.837,75.92,-2.042778608676,9.84252,6,P-GPS,9.842519685039369,2.9999999999999996,9.842519685039369,-2.0427789236366323,-2.0427789236366323,9.842519685039369,0.0,0.0,0.0,0.0,14.71,100.57227
30500,2026-05-09 10:19:58.500,30.500000000000004,0.5765595463137997,cruise,30500,2026-05-09 10:19:58,9.84252,,,-2.042778608676,8.530184,0.0,14.5902891808,22.9836621528,15,5,14.71,0.581893391324,12.467192,1.4092722,14.7507550652,0.0,0.0,0.0,197.0,0.5,-0.8,,,0,0,1024,1024,1024,1024,0,0,0,0,205.1,-90.0,0,57,3.691,3.69,3.688,3.687,0,0,6.837,75.92,-2.042778608676,9.84252,6,P-GPS,9.842519685039369,2.9999999999999996,9.842519685039369,-2.0427789236366323,-2.0427789236366323,9.842519685039369,0.0,0.0,0.0,0.0,14.71,100.57227
30600,2026-05-09 10:19:58.600,30.600000000000005,0.5784499054820417,cruise,30600,2026-05-09 10:19:58,9.84252,,,-2.042778608676,8.530184,0.0,14.5818902304,22.9993117596,15,5,14.71,0.581893391324,12.467192,1.4092722,14.7507550652,0.0,0.0,0.0,196.9,0.5,-0.8,,,0,0,1024,1024,1024,1024,0,0,0,0,205.1,-90.0,0,57,3.691,3.69,3.688,3.687,0,0,6.837,75.92,-2.042778608676,9.84252,6,P-GPS,9.842519685039369,2.9999999999999996,9.842519685039369,-2.0427789236366323,-2.0427789236366323,9.842519685039369,0.0,0.0,0.0,0.0,14.71,100.57227
30700,2026-05-09 10:19:58.700,30.7,0.5803402646502835,cruise,30700,2026-05-09 10:19:58,9.84252,,,-2.042778608676,8.2021,0.0,14.5735897052,23.0083340696,15,5,14.71,0.581893391324,12.467192,1.4092722,14.7507550652,0.0,0.0,0.0,196.9,0.5,-0.8,,,0,0,1024,1024,1024,1024,0,0,0,0,205.1,-90.0,0,57,3.691,3.69,3.688,3.687,0,0,6.837,75.92,-2.042778608676,9.84252,6,P-GPS,9.842519685039369,2.9999999999999996,9.842519685039369,-2.0427789236366323,-2.0427789236366323,9.842519685039369,0.0,0.0,0.0,0.0,14.71,100.57227
30800,2026-05-09 10:19:58.800,30.8,0.5822306238185255,cruise,30800,2026-05-09 10:19:58,10.170604,,,-1.714694608676,8.530184,0.0,14.5642393112,23.0245414192,16,5,14.71,0.581893391324,12.467192,1.4092722,14.7507550652,0.0,0.0,0.0,196.9,0.6,-0.8,,,0,0,1024,1024,1024,1024,0,0,0,0,205.1,-90.0,0,57,3.691,3.69,3.688,3.687,0,0,6.837,75.92,-1.714694608676,10.170604,6,P-GPS,9.842519685039369,2.9999999999999996,9.842519685039369,-2.0427789236366323,-2.0427789236366323,9.842519685039369,0.0,0.0,0.0,0.0,14.71,100.57227
30900,2026-05-09 10:19:58.900,30.900000000000002,0.5841209829867675,cruise,30900,2026-05-09 10:19:59,10.170604,,,-1.714694608676,8.858268,0.0,14.553970282,23.0349088736,16,5,14.749,0.581893391324,12.467192,1.4092722,14.7507550652,0.0,0.0,0.0,196.9,0.6,-0.8,,,0,0,1024,1024,1024,1024,0,0,0,0,205.1,-90.0,0,57,3.688,3.687,3.688,3.688,0,0,6.128,75.92,-1.714694608676,10.170604,6,P-GPS,9.842519685039369,2.9999999999999996,9.842519685039369,-2.0427789236366323,-2.0427789236366323,9.842519685039369,0.0,0.0,0.0,0.0,14.749,90.381872
31000,2026-05-09 10:19:59.000,31.0,0.5860113421550095,cruise,31000,2026-05-09 10:19:59,10.170604,,,-1.714694608676,8.858268,0.0,14.5650595212,23.0503288216,16,5,14.749,0.581893391324,12.467192,1.4092722,14.7507550652,0.0,0.0,0.0,196.9,0.6,-0.8,,,0,0,1024,1024,1024,1024,0,0,0,0,205.1,-90.0,0,57,3.688,3.687,3.688,3.688,0,0,6.128,75.92,-1.714694608676,10.170604,6,P-GPS,9.842519685039369,2.9999999999999996,9.842519685039369,-2.0427789236366323,-2.0427789236366323,9.842519685039369,0.0,0.0,0.0,0.0,14.749,90.381872
31100,2026-05-09 10:19:59.100,31.1,0.5879017013232515,cruise,31100,2026-05-09 10:19:59,10.170604,,,-1.714694608676,8.858268,0.0,14.5626316996,23.0527238348,16,5,14.749,0.581893391324,12.467192,1.4092722,14.7507550652,0.0,0.0,0.0,196.9,0.6,-0.7,,,0,0,1024,1024,1024,1024,0,0,0,0,205.1,-90.0,0,57,3.688,3.687,3.688,3.688,0,0,6.128,75.92,-1.714694608676,10.170604,6,P-GPS,9.842519685039369,2.9999999999999996,9.842519685039369,-2.0427789236366323,-2.0427789236366323,9.842519685039369,0.0,0.0,0.0,0.0,14.749,90.381872
31200,2026-05-09 10:19:59.200,31.2,0.5897920604914934,cruise,31200,2026-05-09 10:19:59,10.170604,,,-1.714694608676,8.858268,0.0,14.5563981036,23.0631240976,16,5,14.749,0.581893391324,12.467192,1.4092722,14.7507550652,0.0,0.0,0.0,196.9,0.5,-0.6,,,0,0,1024,1024,1024,1024,0,0,0,0,205.1,-90.0,0,57,3.688,3.687,3.688,3.688,0,0,6.128,75.92,-1.714694608676,10.170604,6,P-GPS,9.842519685039369,2.9999999999999996,9.842519685039369,-2.0427789236366323,-2.0427789236366323,9.842519685039369,0.0,0.0,0.0,0.0,14.749,90.381872
31300,2026-05-09 10:19:59.300,31.299999999999997,0.5916824196597353,cruise,31300,2026-05-09 10:19:59,10.170604,,,-1.714694608676,8.858268,0.0,14.5552170012,23.0650597932,16,5,14.749,0.581893391324,12.467192,1.4092722,14.7507550652,0.0,0.0,0.0,196.9,0.5,-0.6,,,0,0,1024,1024,1024,1024,0,0,0,0,205.1,-90.0,0,57,3.688,3.687,3.688,3.688,0,0,6.128,75.92,-1.714694608676,10.170604,6,P-GPS,9.842519685039369,2.9999999999999996,9.842519685039369,-2.0427789236366323,-2.0427789236366323,9.842519685039369,0.0,0.0,0.0,0.0,14.749,90.381872
31400,2026-05-09 10:19:59.400,31.4,0.5935727788279773,cruise,31400,2026-05-09 10:19:59,10.170604,,,-1.714694608676,9.186352,0.0,14.5586946916,23.0685374836,16,5,14.749,0.581893391324,12.467192,1.4092722,14.7507550652,0.0,0.0,0.0,196.9,0.5,-0.7,,,0,0,1024,1024,1024,1024,0,0,0,0,205.1,-90.0,0,57,3.688,3.687,3.688,3.688,0,0,6.128,75.92,-1.714694608676,10.170604,6,P-GPS,9.842519685039369,2.9999999999999996,9.842519685039369,-2.0427789236366323,-2.0427789236366323,9.842519685039369,0.0,0.0,0.0,0.0,14.749,90.381872
31500,2026-05-09 10:19:59.500,31.5,0.5954631379962193,cruise,31500,2026-05-09 10:19:59,10.170604,,,-1.714694608676,8.858268,0.0,14.5654860304,23.0768380088,16,5,14.749,0.581893391324,12.467192,1.4092722,14.7507550652,0.0,0.0,0.0,196.9,0.4,-0.8,,,0,0,1024,1024,1024,1024,0,0,0,0,205.1,-90.0,0,57,3.688,3.687,3.688,3.688,0,0,6.128,75.92,-1.714694608676,10.170604,6,P-GPS,9.842519685039369,2.9999999999999996,9.842519685039369,-2.0427789236366323,-2.0427789236366323,9.842519685039369,0.0,0.0,0.0,0.0,14.749,90.381872
31600,2026-05-09 10:19:59.600,31.6,0.5973534971644613,cruise,31600,2026-05-09 10:19:59,10.170604,,,-1.714694608676,8.858268,0.0,14.5646002036,23.08399024,16,5,14.749,0.581893391324,12.467192,1.4092722,14.7507550652,0.0,0.0,0.0,196.9,0.4,-0.9,,,0,0,1024,1024,1024,1024,0,0,0,0,205.1,-90.0,0,57,3.688,3.687,3.688,3.688,0,0,6.128,75.92,-1.714694608676,10.170604,6,P-GPS,9.842519685039369,2.9999999999999996,9.842519685039369,-2.0427789236366323,-2.0427789236366323,9.842519685039369,0.0,0.0,0.0,0.0,14.749,90.381872
31700,2026-05-09 10:19:59.700,31.699999999999996,0.5992438563327032,cruise,31700,2026-05-09 10:19:59,10.170604,,,-1.714694608676,9.186352,0.0,14.565617264,23.0866477204,16,5,14.749,0.581893391324,12.467192,1.4092722,14.7507550652,0.0,0.0,0.0,196.9,0.4,-0.9,,,0,0,1024,1024,1024,1024,0,0,0,0,205.1,-90.0,0,57,3.688,3.687,3.688,3.688,0,0,6.128,75.92,-1.714694608676,10.170604,6,P-GPS,9.842519685039369,2.9999999999999996,9.842519685039369,-2.0427789236366323,-2.0427789236366323,9.842519685039369,0.0,0.0,0.0,0.0,14.749,90.381872
31800,2026-05-09 10:19:59.800,31.800000000000004,0.6011342155009453,cruise,31800,2026-05-09 10:20:00,10.170604,,,-1.714694608676,8.858268,0.0,14.5621067652,23.0914377468,16,5,14.749,0.581893391324,12.467192,1.4092722,14.7507550652,0.0,0.0,0.0,197.0,0.5,-1.0,,,0,0,1024,1024,1024,1024,0,0,0,0,205.1,-90.0,0,57,3.688,3.687,3.688,3.688,0,0,6.128,75.92,-1.714694608676,10.170604,6,P-GPS,9.842519685039369,2.9999999999999996,9.842519685039369,-2.0427789236366323,-2.0427789236366323,9.842519685039369,0.0,0.0,0.0,0.0,14.749,90.381872
31900,2026-05-09 10:19:59.900,31.9,0.6030245746691871,cruise,31900,2026-05-09 10:20:00,10.170604,,,-1.714694608676,9.186352,0.0,14.548720938,23.1048563824,16,5,14.748,0.581893391324,12.467192,1.4092722,14.7507550652,0.0,0.0,0.0,197.0,0.5,-0.9,,,0,0,1024,1024,1024,1024,0,0,0,0,205.1,-90.0,0,57,3.688,3.688,3.686,3.686,0,0,6.142,76.1,-1.714694608676,10.170604,6,P-GPS,9.842519685039369,2.9999999999999996,9.842519685039369,-2.0427789236366323,-2.0427789236366323,9.842519685039369,0.0,0.0,0.0,0.0,14.748,90.582216
32000,2026-05-09 10:20:00.000,32.0,0.6049149338374291,cruise,32000,2026-05-09 10:20:00,10.170604,,,-1.714694608676,8.858268,0.0,14.5492786808,23.124836698,16,5,14.748,0.581893391324,12.467192,1.4092722,14.7507550652,0.0,0.0,0.0,197.0,0.5,-0.9,,,0,0,1096,1024,1024,1024,11,0,0,0,205.1,-90.0,0,57,3.688,3.688,3.686,3.686,0,0,6.142,76.1,-1.714694608676,10.170604,6,P-GPS,9.842519685039369,2.9999999999999996,9.842519685039369,-2.0427789236366323,-2.0427789236366323,9.842519685039369,0.0,0.0,0.0,0.0,14.748,90.582216
32100,2026-05-09 10:20:00.100,32.1,0.6068052930056711,cruise,32100,2026-05-09 10:20:00,10.170604,,,-1.714694608676,8.858268,0.0,14.545112014,23.1289705564,16,5,14.748,0.581893391324,12.467192,1.4092722,14.7507550652,0.0,0.0,0.0,197.0,0.6,-0.9,,,0,0,1256,1145,1024,1024,35,18,0,0,205.1,-90.0,0,57,3.688,3.688,3.686,3.686,0,0,6.142,76.1,-1.714694608676,10.170604,6,P-GPS,9.842519685039369,2.9999999999999996,9.842519685039369,-2.0427789236366323,-2.0427789236366323,9.842519685039369,0.0,0.0,0.0,0.0,14.748,90.582216
32200,2026-05-09 10:20:00.200,32.2,0.6086956521739131,cruise,32200,2026-05-09 10:20:00,10.170604,,,-1.714694608676,8.858268,0.0,14.5564965288,23.143209402,15,5,14.748,0.581893391324,12.467192,1.4092722,14.7507550652,0.0,0.0,0.0,197.0,0.0,-0.7,,,0,0,1377,1205,1024,1024,53,27,0,0,205.1,-90.0,0,57,3.688,3.688,3.686,3.686,0,0,6.142,76.1,-1.714694608676,10.170604,6,P-GPS,9.842519685039369,2.9999999999999996,9.842519685039369,-2.0427789236366323,-2.0427789236366323,9.842519685039369,0.0,0.0,0.0,0.0,14.748,90.582216
32300,2026-05-09 10:20:00.300,32.3,0.610586011342155,cruise,32300,2026-05-09 10:20:00,10.170604,,,-1.714694608676,8.858268,0.0,14.5525923292,23.1475073024,15,5,14.748,0.581893391324,12.467192,1.4092722,14.7507550652,0.0,0.0,0.0,197.0,-1.7,-0.1,,,0,0,1382,1154,1024,1024,54,20,0,0,205.1,-90.0,0,57,3.688,3.688,3.686,3.686,0,0,6.142,76.1,-1.714694608676,10.170604,6,P-GPS,9.842519685039369,2.9999999999999996,9.842519685039369,-2.0427789236366323,-2.0427789236366323,9.842519685039369,0.0,0.0,0.0,0.0,14.748,90.582216
32400,2026-05-09 10:20:00.400,32.4,0.6124763705103969,cruise,32400,2026-05-09 10:20:00,10.170604,,,-1.714694608676,8.858268,0.0,14.5428810428,23.1753288256,15,5,14.748,0.581893391324,12.467192,1.4092722,14.7507550652,0.0,0.0,0.0,196.9,-4.3,0.4,,,0,0,1420,1156,1024,1024,60,20,0,0,205.1,-90.0,0,57,3.688,3.688,3.686,3.686,0,0,6.142,76.1,-1.714694608676,10.170604,6,P-GPS,9.842519685039369,2.9999999999999996,9.842519685039369,-2.0427789236366323,-2.0427789236366323,9.842519685039369,0.0,0.0,0.0,0.0,14.748,90.582216
32500,2026-05-09 10:20:00.500,32.5,0.6143667296786389,cruise,32500,2026-05-09 10:20:00,10.170604,,,-1.714694608676,8.530184,0.223694,14.5365162132,23.2077763332,15,5,14.748,0.581893391324,12.467192,1.4092722,14.7507550652,-0.223694,0.0,0.0,196.9,-6.4,0.3,,,0,0,1418,1158,1024,1024,60,20,0,0,205.1,-90.0,0,57,3.688,3.688,3.686,3.686,0,0,6.142,76.1,-1.714694608676,10.170604,6,P-GPS,9.842519685039369,2.9999999999999996,9.842519685039369,-2.0427789236366323,-2.0427789236366323,9.842519685039369,0.0,0.223694,0.0,0.0,14.748,90.582216
32600,2026-05-09 10:20:00.600,32.6,0.6162570888468809,cruise,32600,2026-05-09 10:20:00,10.170604,,,-1.714694608676,8.530184,0.4921268,14.5222445592,23.312664788,15,5,14.748,0.581893391324,12.467192,1.4092722,14.7507550652,-0.447388,-0.223694,0.0,196.9,-7.9,0.3,,,0,0,1416,1165,1024,1024,59,21,0,0,205.1,-90.0,0,57,3.688,3.688,3.686,3.686,0,0,6.142,76.1,-1.714694608676,10.170604,6,P-GPS,9.842519685039369,2.9999999999999996,9.842519685039369,-2.0427789236366323,-2.0427789236366323,9.842519685039369,0.0,0.500194990158838,0.0,0.0,14.748,90.582216
32700,2026-05-09 10:20:00.700,32.7,0.6181474480151229,cruise,32700,2026-05-09 10:20:00,10.170604,,,-1.714694608676,8.530184,0.7158208,14.4887471828,23.4319561304,15,5,14.748,0.581893391324,12.467192,1.4092722,14.7507550652,-0.671082,-0.223694,0.0,196.9,-8.7,0.3,,,0,0,1415,1170,1024,1024,59,22,0,0,205.1,-90.0,0,57,3.688,3.688,3.686,3.686,0,0,6.142,76.1,-1.714694608676,10.170604,6,P-GPS,9.842519685039369,2.9999999999999996,9.842519685039369,-2.0427789236366323,-2.0427789236366323,9.842519685039369,0.0,0.7073825389137054,0.0,0.0,14.748,90.582216
32800,2026-05-09 10:20:00.800,32.8,0.6200378071833648,cruise,32800,2026-05-09 10:20:01,10.170604,,,-1.714694608676,8.530184,1.2079476,14.4851710672,23.6610243792,16,5,14.748,0.581893391324,12.467192,1.4092722,14.7507550652,-1.11847,-0.447388,0.0,196.9,-8.9,0.3,,,0,0,1415,1194,1024,1024,59,26,0,0,205.1,-90.0,0,57,3.688,3.688,3.686,3.686,0,0,6.142,76.1,-1.714694608676,10.170604,6,P-GPS,9.842519685039369,2.9999999999999996,9.842519685039369,-2.0427789236366323,-2.0427789236366323,9.842519685039369,0.0,1.2046290563671458,0.0,0.0,14.748,90.582216
32900,2026-05-09 10:20:00.900,32.9,0.6219281663516067,cruise,32900,2026-05-09 10:20:01,10.170604,,,-1.714694608676,8.530184,1.4987498,14.4269033488,23.8737540448,16,5,14.747,0.581893391324,12.467192,1.4987498,14.7507550652,-1.342164,-0.671082,0.0,196.9,-8.9,0.4,,,0,0,1416,1191,1024,1024,59,25,0,0,205.1,-90.0,0,57,3.687,3.687,3.687,3.686,0,0,6.122,76.1,-1.714694608676,10.170604,6,P-GPS,9.842519685039369,2.9999999999999996,9.842519685039369,-2.0427789236366323,-2.0427789236366323,9.842519685039369,0.0,1.5005849704765137,0.0,0.0,14.747,90.281134
33000,2026-05-09 10:20:01.000,33.0,0.6238185255198488,cruise,33000,2026-05-09 10:20:01,10.170604,,,-1.714694608676,8.530184,1.7000744,14.3545280184,24.145998148,15,5,14.747,0.581893391324,12.467192,1.7000744,14.7507550652,-1.565858,-0.671082,0.0,196.9,-8.9,0.7,,,0,0,1416,1191,1024,1024,59,25,0,0,205.1,-90.0,0,57,3.687,3.687,3.687,3.686,0,0,6.122,76.1,-1.714694608676,10.170604,6,P-GPS,9.842519685039369,2.9999999999999996,9.842519685039369,-2.0427789236366323,-2.0427789236366323,9.842519685039369,0.0,1.7036027491431212,0.0,0.0,14.747,90.281134
33100,2026-05-09 10:20:01.100,33.1,0.6257088846880908,cruise,33100,2026-05-09 10:20:01,10.170604,,,-1.714694608676,8.530184,2.1922012,14.3486225064,24.5283144332,15,5,14.747,0.581893391324,12.467192,2.1922012,14.7507550652,-2.013246,-0.894776,0.0,197.0,-8.9,0.8,,,0,0,1416,1183,1024,1024,59,24,0,0,205.1,-90.0,0,57,3.687,3.687,3.687,3.686,0,0,6.122,76.1,-1.714694608676,10.170604,6,P-GPS,9.842519685039369,2.9999999999999996,9.842519685039369,-2.0427789236366323,-2.0427789236366323,9.842519685039369,0.0,2.203130397114978,0.0,0.0,14.747,90.281134
33200,2026-05-09 10:20:01.200,33.2,0.6275992438563328,cruise,33200,2026-05-09 10:20:01,10.170604,,,-1.714694608676,8.530184,2.5053728,14.4163062356,24.9538721896,15,5,14.747,0.581893391324,12.467192,2.5053728,14.7507550652,-2.23694,-1.11847,0.0,197.0,-9.0,0.8,,,0,0,1416,1178,1024,1024,59,23,0,0,205.1,-90.0,0,57,3.687,3.687,3.687,3.686,0,0,6.122,76.1,-1.714694608676,10.170604,6,P-GPS,9.842519685039369,2.9999999999999996,9.842519685039369,-2.0427789236366323,-2.0427789236366323,9.842519685039369,0.0,2.50097495079419,0.0,0.0,14.747,90.281134
33300,2026-05-09 10:20:01.300,33.3,0.6294896030245747,cruise,33300,2026-05-09 10:20:01,10.170604,,,-1.714694608676,8.530184,2.5053728,14.3429794616,25.3550861132,15,5,14.747,0.581893391324,12.467192,2.5053728,14.7507550652,-2.460634,-1.11847,0.0,197.2,-8.9,0.9,,,0,0,1415,1177,1024,1024,59,23,0,0,205.1,-90.0,0,57,3.687,3.687,3.687,3.686,0,0,6.122,76.1,-1.714694608676,10.170604,6,P-GPS,9.842519685039369,2.9999999999999996,9.842519685039369,-2.0427789236366323,-2.0427789236366323,9.842519685039369,0.0,2.702904886017264,0.0,0.0,14.747,90.281134
33400,2026-05-09 10:20:01.400,33.4,0.6313799621928167,cruise,33400,2026-05-09 10:20:01,10.170604,,,-1.714694608676,8.530184,2.9974996,14.2814309032,25.765748856,15,5,14.747,0.581893391324,12.467192,2.9974996,14.7507550652,-2.684328,-1.342164,0.0,197.3,-8.7,0.9,,,0,0,1415,1170,1024,1024,59,22,0,0,205.1,-90.0,0,57,3.687,3.687,3.687,3.686,0,0,6.122,76.1,-1.714694608676,10.170604,6,P-GPS,9.842519685039369,2.9999999999999996,9.842519685039369,-2.0427789236366323,-2.0427789236366323,9.842519685039369,0.0,3.0011699409530275,0.0,0.0,14.747,90.281134
33500,2026-05-09 10:20:01.500,33.5,0.6332703213610587,cruise,33500,2026-05-09 10:20:01,10.170604,,,-1.714694608676,8.530184,3.5119958,14.4364505932,26.3673892952,15,5,14.747,0.581893391324,12.467192,3.5119958,14.7507550652,-3.131716,-1.565858,0.0,197.6,-8.7,0.8,,,0,0,1415,1171,1024,1024,59,22,0,0,205.1,-90.0,0,57,3.687,3.687,3.687,3.686,0,0,6.122,76.1,-1.714694608676,10.170604,6,P-GPS,9.842519685039369,2.9999999999999996,9.842519685039369,-2.0427789236366323,-2.0427789236366323,9.842519685039369,0.0,3.501364931111866,0.0,0.0,14.747,90.281134
33600,2026-05-09 10:20:01.600,33.6,0.6351606805293006,cruise,33600,2026-05-09 10:20:01,10.170604,,,-1.714694608676,8.530184,3.7133204,14.6381566364,26.9018709396,15,5,14.747,0.581893391324,12.467192,3.7133204,14.7507550652,-3.35541,-1.565858,0.0,197.7,-8.7,0.8,,,0,0,1415,1168,1024,1024,59,22,0,0,205.1,-90.0,0,57,3.687,3.687,3.687,3.686,0,0,6.122,76.1,-1.714694608676,10.170604,6,P-GPS,9.842519685039369,2.9999999999999996,9.842519685039369,-2.0427789236366323,-2.0427789236366323,9.842519685039369,0.0,3.702794558743977,0.0,0.0,14.747,90.281134
33700,2026-05-09 10:20:01.700,33.7,0.6370510396975426,cruise,33700,2026-05-09 10:20:01,10.170604,,,-1.714694608676,8.858268,4.0041226,14.6178482368,27.50246151,15,5,14.747,0.581893391324,12.467192,4.0041226,14.7507550652,-3.579104,-1.789552,0.0,198.3,-8.7,0.9,,,0,0,1414,1159,1024,1024,59,20,0,0,205.1,-90.0,0,57,3.687,3.687,3.687,3.686,0,0,6.122,76.1,-1.714694608676,10.170604,6,P-GPS,9.842519685039369,2.9999999999999996,9.842519685039369,-2.0427789236366323,-2.0427789236366323,9.842519685039369,0.0,4.001559921270704,0.0,0.0,14.747,90.281134
33800,2026-05-09 10:20:01.800,33.8,0.6389413988657845,cruise,33800,2026-05-09 10:20:02,10.170604,,,-1.714694608676,8.858268,4.2949248,14.8793311848,28.2314313496,15,5,14.747,0.581893391324,12.467192,4.2949248,14.8793311848,-3.802798,-2.013246,0.0,198.9,-8.7,1.1,,,0,0,1414,1156,1024,1024,59,20,0,0,205.1,-90.0,0,57,3.687,3.687,3.687,3.686,0,0,6.122,76.1,-1.714694608676,10.170604,6,P-GPS,9.842519685039369,2.9999999999999996,9.842519685039369,-2.0427789236366323,-2.0427789236366323,9.842519685039369,0.0,4.30284000229151,0.0,0.0,14.747,90.281134
33900,2026-05-09 10:20:01.900,33.9,0.6408317580340265,cruise,33900,2026-05-09 10:20:02,10.170604,,,-1.714694608676,8.530184,4.6080964,14.9287406352,28.8497056476,15,5,14.746,0.581893391324,12.467192,4.6080964,14.9287406352,-4.026492,-2.23694,0.0,199.3,-8.4,0.9,,,0,0,1412,1149,1024,1024,59,19,0,0,205.1,-90.0,0,57,3.686,3.686,3.685,3.685,0,0,6.085,76.1,-1.714694608676,10.170604,6,P-GPS,9.842519685039369,2.9999999999999996,9.842519685039369,-2.0427789236366323,-2.0427789236366323,9.842519685039369,0.0,4.606141377515892,0.0,0.0,14.746,89.72941
34000,2026-05-09 10:20:02.000,34.0,0.6427221172022685,cruise,34000,2026-05-09 10:20:02,10.170604,,,-1.714694608676,8.858268,4.809421,15.309547734,29.6063985852,15,5,14.746,0.581893391324,12.467192,4.809421,15.309547734,-4.250186,-2.23694,0.0,199.5,-8.3,0.7,,,0,0,1412,1149,1024,1024,59,19,0,0,205.1,-90.0,0,57,3.686,3.686,3.685,3.685,0,0,6.085,76.1,-1.714694608676,10.170604,6,P-GPS,9.842519685039369,2.9999999999999996,9.842519685039369,-2.0427789236366323,-2.0427789236366323,9.842519685039369,0.0,4.8029138653733945,0.0,0.0,14.746,89.72941
34100,2026-05-09 10:20:02.100,34.1,0.6446124763705104,cruise,34100,2026-05-09 10:20:02,10.170604,,,-1.714694608676,8.858268,4.921268,15.4641409148,30.4006243324,15,5,14.746,0.581893391324,12.467192,4.921268,15.4641409148,-4.250186,-2.460634,0.0,200.3,-8.2,0.4,,,0,0,1409,1140,1024,1024,58,18,0,0,205.1,-90.0,0,57,3.686,3.686,3.685,3.685,0,0,6.085,76.1,-1.714694608676,10.170604,6,P-GPS,9.842519685039369,2.9999999999999996,9.842519685039369,-2.0427789236366323,-2.0427789236366323,9.842519685039369,0.0,4.911089565112003,0.0,0.0,14.746,89.72941
34200,2026-05-09 10:20:02.200,34.2,0.6465028355387524,cruise,34200,2026-05-09 10:20:02,10.170604,,,-1.714694608676,8.858268,5.3462866,15.955381088,31.3438986408,15,5,14.746,0.581893391324,12.467192,5.3462866,15.955381088,-4.47388,-2.908022,0.0,204.6,-8.0,0.0,,,0,0,1409,1140,1024,1024,58,18,0,0,205.1,-90.0,0,57,3.686,3.686,3.685,3.685,0,0,6.085,76.1,-1.714694608676,10.170604,6,P-GPS,9.842519685039369,2.9999999999999996,9.842519685039369,-2.0427789236366323,-2.0427789236366323,9.842519685039369,0.0,5.335934239370271,0.0,0.0,14.746,89.72941
34300,2026-05-09 10:20:02.300,34.3,0.6483931947069943,cruise,34300,2026-05-09 10:20:02,10.170604,,,-1.714694608676,8.858268,5.4133948,16.1997052428,32.0225075864,15,5,14.746,0.581893391324,12.467192,5.4133948,16.1997052428,-4.250186,-3.35541,0.0,208.6,-7.9,0.0,,,0,0,1409,1140,1024,1024,58,18,0,0,205.1,-90.0,0,57,3.686,3.686,3.685,3.685,0,0,6.085,76.1,-1.714694608676,10.170604,6,P-GPS,9.842519685039369,2.9999999999999996,9.842519685039369,-2.0427789236366323,-2.0427789236366323,9.842519685039369,0.0,5.415058384052383,0.0,0.0,14.746,89.72941
34400,2026-05-09 10:20:02.400,34.4,0.6502835538752363,cruise,34400,2026-05-09 10:20:02,10.170604,,,-1.714694608676,8.858268,5.7265664,16.7445543416,32.914043048,15,5,14.746,0.581893391324,12.467192,5.7265664,16.7445543416,-4.47388,-3.579104,0.0,210.0,-7.8,-0.2,,,0,0,1408,1139,1024,1024,58,17,0,0,205.1,-90.0,0,57,3.686,3.686,3.685,3.685,0,0,6.085,76.1,-1.714694608676,10.170604,6,P-GPS,9.842519685039369,2.9999999999999996,9.842519685039369,-2.0427789236366323,-2.0427789236366323,9.842519685039369,0.0,5.729361892673214,0.0,0.0,14.746,89.72941
34500,2026-05-09 10:20:02.500,34.5,0.6521739130434783,cruise,34500,2026-05-09 10:20:02,10.170604,,,-1.714694608676,8.858268,5.8607828,17.2332026512,33.857940716,15,5,14.746,0.581893391324,12.467192,5.8607828,17.2332026512,-4.47388,-3.802798,0.0,210.5,-7.7,-0.2,,,0,0,1407,1139,1024,1024,58,17,0,0,205.1,-90.0,0,57,3.686,3.686,3.685,3.685,0,0,6.085,76.1,-1.714694608676,10.170604,6,P-GPS,9.842519685039369,2.9999999999999996,9.842519685039369,-2.0427789236366323,-2.0427789236366323,9.842519685039369,0.0,5.871701191580171,0.0,0.0,14.746,89.72941
34600,2026-05-09 10:20:02.600,34.6,0.6540642722117203,cruise,34600,2026-05-09 10:20:02,10.170604,,,-1.714694608676,8.530184,6.039738,17.7281173652,34.726707148,15,5,14.746,0.581893391324,12.467192,6.039738,17.7281173652,-4.697574,-3.802798,0.0,210.6,-7.5,-0.1,,,0,0,1408,1139,1024,1024,58,17,0,0,205.1,-90.0,0,57,3.686,3.686,3.685,3.685,0,0,6.085,76.1,-1.714694608676,10.170604,6,P-GPS,9.842519685039369,2.9999999999999996,9.842519685039369,-2.0427789236366323,-2.0427789236366323,9.842519685039369,0.0,6.043879061850924,0.0,0.0,14.746,89.72941
34700,2026-05-09 10:20:02.700,34.7,0.6559546313799622,cruise,34700,2026-05-09 10:20:02,10.170604,,,-1.714694608676,8.530184,6.3529096,18.2710307684,35.646982768,15,5,14.746,0.581893391324,12.467192,6.3529096,18.2710307684,-4.921268,-4.026492,0.0,210.6,-7.3,-0.1,,,0,0,1407,1139,1024,1024,58,17,0,0,205.1,-90.0,0,57,3.686,3.686,3.685,3.685,0,0,6.085,76.1,-1.714694608676,10.170604,6,P-GPS,9.842519685039369,2.9999999999999996,9.842519685039369,-2.0427789236366323,-2.0427789236366323,9.842519685039369,0.0,6.358578186504276,0.0,0.0,14.746,89.72941
34800,2026-05-09 10:20:02.800,34.8,0.6578449905482041,cruise,34800,2026-05-09 10:20:03,10.170604,,,-1.714694608676,8.530184,6.3529096,18.9025268516,36.684384376,15,5,14.746,0.581893391324,12.467192,6.3529096,18.9025268516,-4.921268,-4.026492,0.0,210.5,-7.3,-0.2,,,0,0,1407,1139,1024,1024,58,17,0,0,205.1,-90.0,0,57,3.686,3.686,3.685,3.685,0,0,6.085,76.1,-1.714694608676,10.170604,6,P-GPS,9.842519685039369,2.9999999999999996,9.842519685039369,-2.0427789236366323,-2.0427789236366323,9.842519685039369,0.0,6.358578186504276,0.0,0.0,14.746,89.72941
34900,2026-05-09 10:20:02.900,34.9,0.6597353497164461,cruise,34900,2026-05-09 10:20:03,10.170604,,,-1.714694608676,8.858268,6.5318648,19.5150268712,37.612205928,15,5,14.742,0.581893391324,12.467192,6.5318648,19.5150268712,-5.144962,-4.026492,0.0,210.6,-7.2,-0.3,,,0,0,1406,1140,1024,1024,58,18,0,0,205.1,-90.0,0,56,3.686,3.684,3.684,3.682,0,0,6.13,76.1,-1.714694608676,10.170604,6,P-GPS,9.842519685039369,2.9999999999999996,9.842519685039369,-2.0427789236366323,-2.0427789236366323,9.842519685039369,0.0,6.53324359009428,0.0,0.0,14.742,90.36846
35000,2026-05-09 10:20:03.000,35.0,0.6616257088846881,cruise,35000,2026-05-09 10:20:03,10.170604,,,-1.714694608676,8.858268,6.8450364,20.2001974968,38.614830632,15,5,14.742,0.581893391324,12.467192,6.8450364,20.2001974968,-5.368656,-4.250186,0.0,210.6,-7.1,-0.5,,,0,0,1407,1140,1024,1024,58,18,0,0,205.1,-90.0,0,56,3.686,3.684,3.684,3.682,0,0,6.13,76.1,-1.714694608676,10.170604,6,P-GPS,9.842519685039369,2.9999999999999996,9.842519685039369,-2.0427789236366323,-2.0427789236366323,9.842519685039369,0.0,6.847375284072869,0.0,0.0,14.742,90.36846
35100,2026-05-09 10:20:03.100,35.1,0.6635160680529301,cruise,35100,2026-05-09 10:20:03,10.170604,,,-1.714694608676,8.858268,6.8450364,21.0166345308,39.820211248,15,5,14.742,0.581893391324,12.467192,6.8450364,21.0166345308,-5.368656,-4.250186,0.0,210.5,-6.9,-0.5,,,0,0,1407,1141,1024,1024,58,18,0,0,205.1,-90.0,0,56,3.686,3.684,3.684,3.682,0,0,6.13,76.1,-1.714694608676,10.170604,6,P-GPS,9.842519685039369,2.9999999999999996,9.842519685039369,-2.0427789236366323,-2.0427789236366323,9.842519685039369,0.0,6.847375284072869,0.0,0.0,14.742,90.36846
35200,2026-05-09 10:20:03.200,35.2,0.665406427221172,cruise,35200,2026-05-09 10:20:03,10.170604,,,-1.714694608676,8.858268,7.158208,21.8542985996,41.001641732,14,5,14.742,0.581893391324,12.467192,7.158208,21.8542985996,-5.59235,-4.47388,0.0,210.5,-6.7,-0.5,,,0,0,1406,1141,1024,1024,58,18,0,0,205.1,-90.0,0,56,3.686,3.684,3.684,3.682,0,0,6.13,76.1,-1.714694608676,10.170604,6,P-GPS,9.842519685039369,2.9999999999999996,9.842519685039369,-2.0427789236366323,-2.0427789236366323,9.842519685039369,0.0,7.161702365841518,0.0,0.0,14.742,90.36846
35300,2026-05-09 10:20:03.300,35.3,0.6672967863894139,cruise,35300,2026-05-09 10:20:03,10.170604,,,-1.714694608676,8.858268,7.158208,22.6162080728,42.018702132,14,5,14.742,0.581893391324,12.467192,7.158208,22.6162080728,-5.59235,-4.47388,0.0,210.4,-6.6,-0.5,,,0,0,1406,1141,1024,1024,58,18,0,0,205.1,-90.0,0,56,3.686,3.684,3.684,3.682,0,0,6.13,76.1,-1.714694608676,10.170604,6,P-GPS,9.842519685039369,2.9999999999999996,9.842519685039369,-2.0427789236366323,-2.0427789236366323,9.842519685039369,0.0,7.161702365841518,0.0,0.0,14.742,90.36846
35400,2026-05-09 10:20:03.400,35.4,0.6691871455576559,cruise,35400,2026-05-09 10:20:03,10.170604,,,-1.714694608676,8.530184,7.3371632,23.3616477292,42.996720536,14,5,14.742,0.581893391324,12.467192,7.3371632,23.3616477292,-5.816044,-4.47388,0.0,210.4,-6.5,-0.4,,,0,0,1407,1141,1024,1024,58,18,0,0,205.1,-90.0,0,56,3.686,3.684,3.684,3.682,0,0,6.13,76.1,-1.714694608676,10.170604,6,P-GPS,9.842519685039369,2.9999999999999996,9.842519685039369,-2.0427789236366323,-2.0427789236366323,9.842519685039369,0.0,7.337708774838096,0.0,0.0,14.742,90.36846
35500,2026-05-09 10:20:03.500,35.5,0.6710775047258979,cruise,35500,2026-05-09 10:20:03,10.170604,,,-1.714694608676,8.858268,7.5161184,24.359908916,44.293308504,14,5,14.742,0.581893391324,12.467192,7.5161184,24.359908916,-6.039738,-4.47388,0.0,210.4,-6.5,-0.2,,,0,0,1407,1141,1024,1024,58,18,0,0,205.1,-90.0,0,56,3.686,3.684,3.684,3.682,0,0,6.13,76.1,-1.714694608676,10.170604,6,P-GPS,9.842519685039369,2.9999999999999996,9.842519685039369,-2.0427789236366323,-2.0427789236366323,9.842519685039369,0.0,7.5162515500110825,0.0,0.0,14.742,90.36846
35600,2026-05-09 10:20:03.600,35.6,0.67296786389414,cruise,35600,2026-05-09 10:20:03,10.170604,,,-1.714694608676,8.858268,7.6503348,25.1714574984,45.333990952,14,5,14.742,0.581893391324,12.467192,7.6503348,25.1714574984,-6.039738,-4.697574,0.0,210.4,-6.5,-0.2,,,0,0,1407,1142,1024,1024,58,18,0,0,205.1,-90.0,0,56,3.686,3.684,3.684,3.682,0,0,6.13,76.1,-1.714694608676,10.170604,6,P-GPS,9.842519685039369,2.9999999999999996,9.842519685039369,-2.0427789236366323,-2.0427789236366323,9.842519685039369,0.0,7.6515120462637976,0.0,0.0,14.742,90.36846
35700,2026-05-09 10:20:03.700,35.7,0.674858223062382,cruise,35700,2026-05-09 10:20:03,10.170604,,,-1.714694608676,8.858268,7.82929,26.206365668,46.602035612,14,5,14.742,0.581893391324,12.467192,7.82929,26.206365668,-6.263432,-4.697574,0.0,210.4,-6.3,-0.2,,,0,0,1407,1142,1024,1024,58,18,0,0,205.1,-90.0,0,56,3.686,3.684,3.684,3.682,0,0,6.13,76.1,-1.714694608676,10.170604,6,P-GPS,9.842519685039369,2.9999999999999996,9.842519685039369,-2.0427789236366323,-2.0427789236366323,9.842519685039369,0.0,7.82929,0.0,0.0,14.742,90.36846
35800,2026-05-09 10:20:03.800,35.8,0.6767485822306237,cruise,35800,2026-05-09 10:20:04,10.170604,,,-1.714694608676,8.858268,7.82929,27.2513788248,47.872048776,14,5,14.742,0.581893391324,12.467192,7.82929,27.2513788248,-6.263432,-4.697574,0.0,210.4,-6.2,-0.3,,,0,0,1407,1142,1024,1024,58,18,0,0,205.1,-90.0,0,56,3.686,3.684,3.684,3.682,0,0,6.13,76.1,-1.714694608676,10.170604,6,P-GPS,9.842519685039369,2.9999999999999996,9.842519685039369,-2.0427789236366323,-2.0427789236366323,9.842519685039369,0.0,7.82929,0.0,0.0,14.742,90.36846
35900,2026-05-09 10:20:03.900,35.9,0.6786389413988658,cruise,35900,2026-05-09 10:20:04,10.170604,,,-1.714694608676,8.858268,8.1424616,28.205217438,49.003282408,14,5,14.737,0.581893391324,12.467192,8.1424616,28.205217438,-6.487126,-4.921268,0.0,210.3,-6.1,-0.3,,,0,0,1407,1141,1024,1024,58,18,0,0,205.1,-90.0,0,56,3.685,3.684,3.684,3.683,0,0,6.135,76.28,-1.714694608676,10.170604,6,P-GPS,9.842519685039369,2.9999999999999996,9.842519685039369,-2.0427789236366323,-2.0427789236366323,9.842519685039369,0.0,8.142584507863582,0.0,0.0,14.737,90.411495
36000,2026-05-09 10:20:04.000,36.0,0.6805293005671078,cruise,36000,2026-05-09 10:20:04,10.170604,,,-1.714694608676,8.858268,8.1424616,29.2393710144,50.217193208,14,5,14.737,0.581893391324,12.467192,8.1424616,29.2393710144,-6.487126,-4.921268,0.0,210.3,-6.0,-0.2,,,0,0,1405,1137,1024,1024,58,17,0,0,205.1,-90.0,0,56,3.685,3.684,3.684,3.683,0,0,6.135,76.28,-1.714694608676,10.170604,6,P-GPS,9.842519685039369,2.9999999999999996,9.842519685039369,-2.0427789236366323,-2.0427789236366323,9.842519685039369,0.0,8.142584507863582,0.0,0.0,14.737,90.411495
36100,2026-05-09 10:20:04.100,36.1,0.6824196597353498,cruise,36100,2026-05-09 10:20:04,10.170604,,,-1.714694608676,8.858268,8.3214168,30.3447516272,51.504594824,14,5,14.737,0.581893391324,12.467192,8.3214168,30.3447516272,-6.71082,-4.921268,0.0,210.2,-5.7,-0.2,,,0,0,1379,1120,1024,1024,54,15,0,0,205.1,-90.0,0,56,3.685,3.684,3.684,3.683,0,0,6.135,76.28,-1.714694608676,10.170604,6,P-GPS,9.842519685039369,2.9999999999999996,9.842519685039369,-2.0427789236366323,-2.0427789236366323,9.842519685039369,0.0,8.321897848461251,0.0,0.0,14.737,90.411495
36200,2026-05-09 10:20:04.200,36.2,0.6843100189035918,cruise,36200,2026-05-09 10:20:04,10.170604,,,-1.714694608676,8.858268,8.3214168,31.483924892,52.83628778,14,5,14.737,0.581893391324,12.467192,8.3214168,31.483924892,-6.71082,-4.921268,0.0,210.2,-5.5,-0.2,,,0,0,1297,1024,1024,1024,41,0,0,0,205.1,-90.0,0,56,3.685,3.684,3.684,3.683,0,0,6.135,76.28,-1.714694608676,10.170604,6,P-GPS,9.842519685039369,2.9999999999999996,9.842519685039369,-2.0427789236366323,-2.0427789236366323,9.842519685039369,0.0,8.321897848461251,0.0,0.0,14.737,90.411495
36300,2026-05-09 10:20:04.300,36.3,0.6862003780718336,cruise,36300,2026-05-09 10:20:04,10.170604,,,-1.714694608676,9.186352,8.4556332,32.59432519,54.09613034,14,5,14.737,0.581893391324,12.467192,8.4556332,32.59432519,-6.71082,-5.144962,0.0,210.2,-4.7,-0.2,,,0,0,1254,1024,1024,1024,35,0,0,0,205.1,-90.0,0,56,3.685,3.684,3.684,3.683,0,0,6.135,76.28,-1.714694608676,10.170604,6,P-GPS,9.842519685039369,2.9999999999999996,9.842519685039369,-2.0427789236366323,-2.0427789236366323,9.842519685039369,0.0,8.45610661320232,0.0,0.0,14.737,90.411495
36400,2026-05-09 10:20:04.400,36.4,0.6880907372400756,cruise,36400,2026-05-09 10:20:04,10.170604,,,-1.714694608676,9.186352,8.6345884,33.814633628,55.477035896,14,5,14.737,0.581893391324,12.467192,8.6345884,33.814633628,-6.934514,-5.144962,0.0,210.2,-2.8,-0.5,,,0,0,1024,1024,1024,1024,0,0,0,0,205.1,-90.0,0,56,3.685,3.684,3.684,3.683,0,0,6.135,76.28,-1.714694608676,10.170604,6,P-GPS,9.842519685039369,2.9999999999999996,9.842519685039369,-2.0427789236366323,-2.0427789236366323,9.842519685039369,0.0,8.634704302849055,0.0,0.0,14.737,90.411495
36500,2026-05-09 10:20:04.500,36.5,0.6899810964083176,cruise,36500,2026-05-09 10:20:04,10.170604,,,-1.714694608676,8.858268,8.6345884,34.903544424,56.688650108,14,5,14.737,0.581893391324,12.467192,8.6345884,34.903544424,-6.934514,-5.144962,0.0,210.1,-0.6,-1.0,,,0,0,1024,1024,1024,1024,0,0,0,0,205.1,-90.0,0,56,3.685,3.684,3.684,3.683,0,0,6.135,76.28,-1.714694608676,10.170604,6,P-GPS,9.842519685039369,2.9999999999999996,9.842519685039369,-2.0427789236366323,-2.0427789236366323,9.842519685039369,0.0,8.634704302849055,0.0,0.0,14.737,90.411495
36600,2026-05-09 10:20:04.600,36.6,0.6918714555765596,cruise,36600,2026-05-09 10:20:04,10.170604,,,-1.714694608676,7.545932,8.3214168,36.246064152,58.176839132,14,5,14.737,0.581893391324,12.467192,8.6345884,36.246064152,-6.71082,-4.921268,0.0,210.1,1.9,-1.2,,,0,0,1024,1024,1024,1024,0,0,0,0,205.1,-90.0,0,56,3.685,3.684,3.684,3.683,0,0,6.135,76.28,-1.714694608676,10.170604,6,P-GPS,9.842519685039369,2.9999999999999996,9.842519685039369,-2.0427789236366323,-2.0427789236366323,9.842519685039369,0.0,8.321897848461251,0.0,0.0,14.737,90.411495
36700,2026-05-09 10:20:04.700,36.7,0.6937618147448016,cruise,36700,2026-05-09 10:20:04,10.170604,,,-1.714694608676,6.56168,8.1424616,37.302822716,59.337600324,14,5,14.737,0.581893391324,12.467192,8.6345884,37.302822716,-6.487126,-4.921268,0.0,210.0,3.6,-1.2,,,0,0,1024,1024,1024,1024,0,0,0,0,205.1,-90.0,0,56,3.685,3.684,3.684,3.683,0,0,6.135,76.28,-1.714694608676,10.170604,6,P-GPS,9.842519685039369,2.9999999999999996,9.842519685039369,-2.0427789236366323,-2.0427789236366323,9.842519685039369,0.0,8.142584507863582,0.0,0.0,14.737,90.411495
36800,2026-05-09 10:20:04.800,36.8,0.6956521739130435,cruise,36800,2026-05-09 10:20:05,10.170604,,,-1.714694608676,5.905512,7.82929,38.388780756,60.524280152,14,5,14.737,0.581893391324,12.467192,8.6345884,38.388780756,-6.263432,-4.697574,0.0,209.7,14.9,-2.4,,,0,0,1024,1024,1024,1024,0,0,0,0,205.1,-90.0,0,56,3.685,3.684,3.684,3.683,0,0,6.135,76.28,-1.714694608676,10.170604,6,P-GPS,9.842519685039369,2.9999999999999996,9.842519685039369,-2.0427789236366323,-2.0427789236366323,9.842519685039369,0.0,7.82929,0.0,0.0,14.737,90.411495
36900,2026-05-09 10:20:04.900,36.9,0.6975425330812854,cruise,36900,2026-05-09 10:20:05,10.170604,,,-1.714694608676,5.577428,7.0239916,39.408465828,61.636812996,14,5,14.736,0.581893391324,12.467192,8.6345884,39.408465828,-5.59235,-4.250186,0.0,209.2,24.4,-4.2,,,0,0,1024,1024,1024,1024,0,0,0,0,205.1,-90.0,0,56,3.684,3.684,3.684,3.683,0,0,6.1,76.28,-1.714694608676,10.170604,6,P-GPS,9.842519685039369,2.9999999999999996,9.842519685039369,-2.0427789236366323,-2.0427789236366323,9.842519685039369,0.0,7.024134078809715,0.0,0.0,14.736,89.8896
37000,2026-05-09 10:20:05.000,37.0,0.6994328922495274,cruise,37000,2026-05-09 10:20:05,10.170604,,,-1.714694608676,5.577428,5.9055216,40.309712576,62.606957384,14,5,14.736,0.581893391324,12.467192,8.6345884,40.309712576,-4.697574,-3.579104,0.0,208.8,27.1,-4.8,,,0,0,1024,1024,1024,1024,0,0,0,0,205.1,-90.0,0,56,3.684,3.684,3.684,3.683,0,0,6.1,76.28,-1.714694608676,10.170604,6,P-GPS,9.842519685039369,2.9999999999999996,9.842519685039369,-2.0427789236366323,-2.0427789236366323,9.842519685039369,0.0,5.905691062720095,0.0,0.0,14.736,89.8896
37100,2026-05-09 10:20:05.100,37.1,0.7013232514177694,cruise,37100,2026-05-09 10:20:05,9.84252,,,-2.042778608676,6.233596,4.7870516,41.136156172,63.498689696,14,5,14.736,0.581893391324,12.467192,8.6345884,41.136156172,-3.802798,-2.908022,0.0,209.0,24.4,-4.2,,,0,0,1024,1024,1024,1024,0,0,0,0,205.1,-90.0,0,56,3.684,3.684,3.684,3.683,0,0,6.1,76.28,-2.042778608676,9.84252,6,P-GPS,9.842519685039369,2.9999999999999996,9.842519685039369,-2.0427789236366323,-2.0427789236366323,9.842519685039369,0.0,4.78726065524826,0.0,0.0,14.736,89.8896
37200,2026-05-09 10:20:05.200,37.2,0.7032136105860114,cruise,37200,2026-05-09 10:20:05,9.84252,,,-2.042778608676,6.889764,3.6685816,41.673885848,64.075789452,14,5,14.736,0.581893391324,12.467192,8.6345884,41.673885848,-2.908022,-2.23694,0.0,209.3,19.9,-3.5,,,0,0,1024,1024,1024,1024,0,0,0,0,205.1,-90.0,0,56,3.684,3.684,3.684,3.683,0,0,6.1,76.28,-2.042778608676,9.84252,6,P-GPS,9.842519685039369,2.9999999999999996,9.842519685039369,-2.0427789236366323,-2.0427789236366323,9.842519685039369,0.0,3.668854387419048,0.0,0.0,14.736,89.8896
37300,2026-05-09 10:20:05.300,37.3,0.7051039697542533,cruise,37300,2026-05-09 10:20:05,9.84252,,,-2.042778608676,7.545932,3.0422384,42.225066968,64.67191808,14,5,14.736,0.581893391324,12.467192,8.6345884,42.225066968,-2.460634,-1.789552,0.0,209.6,16.5,-2.9,,,0,0,1024,1024,1024,1024,0,0,0,0,205.1,-90.0,0,56,3.684,3.684,3.684,3.683,0,0,6.1,76.28,-2.042778608676,9.84252,6,P-GPS,9.842519685039369,2.9999999999999996,9.842519685039369,-2.0427789236366323,-2.0427789236366323,9.842519685039369,0.0,3.0425673439810663,0.0,0.0,14.736,89.8896
37400,2026-05-09 10:20:05.400,37.4,0.7069943289224953,cruise,37400,2026-05-09 10:20:05,10.170604,,,-1.714694608676,7.874016,2.23694,42.536418684,65.020671372,14,5,14.736,0.581893391324,12.467192,8.6345884,42.536418684,-1.789552,-1.342164,0.0,209.7,14.1,-2.6,,,0,0,1039,1024,1024,1024,2,0,0,0,205.1,-90.0,0,56,3.684,3.684,3.684,3.683,0,0,6.1,76.28,-1.714694608676,10.170604,6,P-GPS,9.842519685039369,2.9999999999999996,9.842519685039369,-2.0427789236366323,-2.0427789236366323,9.842519685039369,0.0,2.23694,0.0,0.0,14.736,89.8896
37500,2026-05-09 10:20:05.500,37.5,0.7088846880907372,cruise,37500,2026-05-09 10:20:05,10.170604,,,-1.714694608676,7.874016,2.23694,42.813649664,65.320212064,14,5,14.736,0.581893391324,12.467192,8.6345884,42.813649664,-1.565858,-1.11847,0.0,209.8,12.1,-2.2,,,0,0,1164,1024,1024,1024,21,0,0,0,205.1,-90.0,0,56,3.684,3.684,3.684,3.683,0,0,6.1,76.28,-1.714694608676,10.170604,6,P-GPS,9.842519685039369,2.9999999999999996,9.842519685039369,-2.0427789236366323,-2.0427789236366323,9.842519685039369,0.0,1.9242885482858334,0.0,0.0,14.736,89.8896
37600,2026-05-09 10:20:05.600,37.6,0.7107750472589792,cruise,37600,2026-05-09 10:20:05,10.170604,,,-1.714694608676,8.2021,1.2974252,43.027560432,65.537403672,14,5,14.736,0.581893391324,12.467192,8.6345884,43.027560432,-1.11847,-0.671082,0.0,209.9,9.9,-2.0,,,0,0,1306,1024,1024,1024,43,0,0,0,205.1,-90.0,0,56,3.684,3.684,3.684,3.683,0,0,6.1,76.28,-1.714694608676,10.170604,6,P-GPS,9.842519685039369,2.9999999999999996,9.842519685039369,-2.0427789236366323,-2.0427789236366323,9.842519685039369,0.0,1.3043489531655248,0.0,0.0,14.736,89.8896
37700,2026-05-09 10:20:05.700,37.7,0.7126654064272212,cruise,37700,2026-05-09 10:20:05,10.170604,,,-1.714694608676,8.2021,1.11847,43.202429204,65.72178688,14,5,14.736,0.581893391324,12.467192,8.6345884,43.202429204,-0.894776,-0.671082,0.0,209.9,7.3,-1.8,,,0,0,1362,1024,1024,1024,51,0,0,0,205.1,-90.0,0,56,3.684,3.684,3.684,3.683,0,0,6.1,76.28,-1.714694608676,10.170604,6,P-GPS,9.842519685039369,2.9999999999999996,9.842519685039369,-2.0427789236366323,-2.0427789236366323,9.842519685039369,0.0,1.11847,0.0,0.0,14.736,89.8896
37800,2026-05-09 10:20:05.800,37.8,0.7145557655954631,cruise,37800,2026-05-09 10:20:05,10.170604,,,-1.714694608676,8.2021,1.11847,43.353675928,65.87762678,14,5,14.736,0.581893391324,12.467192,8.6345884,43.353675928,-0.671082,-0.447388,0.0,209.9,4.2,-1.6,,,0,0,1349,1024,1024,1024,49,0,0,0,205.1,-90.0,0,56,3.684,3.684,3.684,3.683,0,0,6.1,76.28,-1.714694608676,10.170604,6,P-GPS,9.842519685039369,2.9999999999999996,9.842519685039369,-2.0427789236366323,-2.0427789236366323,9.842519685039369,0.0,0.8065401870136416,0.0,0.0,14.736,89.8896
37900,2026-05-09 10:20:05.900,37.9,0.7164461247637051,cruise,37900,2026-05-09 10:20:06,10.170604,,,-1.714694608676,8.2021,0.8052984,43.510828164,66.045605788,14,5,14.733,0.581893391324,12.467192,8.6345884,43.510828164,-0.671082,-0.447388,0.0,210.0,0.7,-1.4,,,0,0,1304,1024,1024,1024,42,0,0,0,205.1,-90.0,0,56,3.681,3.68,3.68,3.68,0,0,6.111,76.46,-1.714694608676,10.170604,6,P-GPS,9.842519685039369,2.9999999999999996,9.842519685039369,-2.0427789236366323,-2.0427789236366323,9.842519685039369,0.0,0.8065401870136416,0.0,0.0,14.733,90.033363
38000,2026-05-09 10:20:06.000,38.0,0.718336483931947,cruise,38000,2026-05-09 10:20:06,9.84252,,,-2.042778608676,8.2021,0.8052984,43.596130004,66.167653036,14,5,14.733,0.581893391324,12.467192,8.6345884,43.596130004,-0.671082,-0.447388,0.0,210.0,-1.6,-1.3,,,0,0,1304,1024,1024,1024,42,0,0,0,205.1,-90.0,0,56,3.681,3.68,3.68,3.68,0,0,6.111,76.46,-2.042778608676,9.84252,6,P-GPS,9.842519685039369,2.9999999999999996,9.842519685039369,-2.0427789236366323,-2.0427789236366323,9.842519685039369,0.0,0.8065401870136416,0.0,0.0,14.733,90.033363
38100,2026-05-09 10:20:06.100,38.1,0.720226843100189,cruise,38100,2026-05-09 10:20:06,9.84252,,,-2.042778608676,7.874016,0.8052984,43.744095888,66.328086112,14,5,14.733,0.581893391324,12.467192,8.6345884,43.744095888,-0.671082,-0.447388,0.0,210.0,-2.7,-1.1,,,0,0,1175,1024,1024,1024,23,0,0,0,205.1,-90.0,0,56,3.681,3.68,3.68,3.68,0,0,6.111,76.46,-2.042778608676,9.84252,6,P-GPS,9.842519685039369,2.9999999999999996,9.842519685039369,-2.0427789236366323,-2.0427789236366323,9.842519685039369,0.0,0.8065401870136416,0.0,0.0,14.733,90.033363
38200,2026-05-09 10:20:06.200,38.2,0.7221172022684311,cruise,38200,2026-05-09 10:20:06,9.84252,,,-2.042778608676,7.874016,1.006623,43.87795416,66.47638008,14,5,14.733,0.581893391324,12.467192,8.6345884,43.87795416,-0.894776,-0.447388,0.0,210.0,-2.5,-1.0,,,0,0,1024,1024,1024,1024,0,0,0,0,205.1,-90.0,0,56,3.681,3.68,3.68,3.68,0,0,6.111,76.46,-2.042778608676,9.84252,6,P-GPS,9.842519685039369,2.9999999999999996,9.842519685039369,-2.0427789236366323,-2.0427789236366323,9.842519685039369,0.0,1.000389980317676,0.0,0.0,14.733,90.033363
38300,2026-05-09 10:20:06.300,38.3,0.7240075614366729,cruise,38300,2026-05-09 10:20:06,9.84252,,,-2.042778608676,7.874016,1.006623,44.007875424,66.623033628,14,5,14.733,0.581893391324,12.467192,8.6345884,44.007875424,-0.894776,-0.447388,0.0,210.0,-1.1,-0.9,,,0,0,1024,1024,1024,1024,0,0,0,0,205.1,-90.0,0,56,3.681,3.68,3.68,3.68,0,0,6.111,76.46,-2.042778608676,9.84252,6,P-GPS,9.842519685039369,2.9999999999999996,9.842519685039369,-2.0427789236366323,-2.0427789236366323,9.842519685039369,0.0,1.000389980317676,0.0,0.0,14.733,90.033363
38400,2026-05-09 10:20:06.400,38.4,0.725897920604915,cruise,38400,2026-05-09 10:20:06,9.84252,,,-2.042778608676,8.2021,1.006623,44.144358368,66.77493652,14,5,14.733,0.581893391324,12.467192,8.6345884,44.144358368,-0.894776,-0.447388,0.0,210.0,0.2,-0.8,,,0,0,1024,1024,1024,1024,0,0,0,0,205.1,-90.0,0,56,3.681,3.68,3.68,3.68,0,0,6.111,76.46,-2.042778608676,9.84252,6,P-GPS,9.842519685039369,2.9999999999999996,9.842519685039369,-2.0427789236366323,-2.0427789236366323,9.842519685039369,0.0,1.000389980317676,0.0,0.0,14.733,90.033363
38500,2026-05-09 10:20:06.500,38.5,0.727788279773157,cruise,38500,2026-05-09 10:20:06,9.84252,,,-2.042778608676,8.2021,1.006623,44.30610378,66.957679308,14,5,14.733,0.581893391324,12.467192,8.6345884,44.30610378,-0.894776,-0.447388,0.0,210.0,1.8,-0.8,,,0,0,1050,1024,1024,1024,4,0,0,0,205.1,-90.0,0,56,3.681,3.68,3.68,3.68,0,0,6.111,76.46,-2.042778608676,9.84252,6,P-GPS,9.842519685039369,2.9999999999999996,9.842519685039369,-2.0427789236366323,-2.0427789236366323,9.842519685039369,0.0,1.000389980317676,0.0,0.0,14.733,90.033363
38600,2026-05-09 10:20:06.600,38.6,0.729678638941399,cruise,38600,2026-05-09 10:20:06,9.84252,,,-2.042778608676,8.530184,1.006623,44.43405654,67.1013801,14,5,14.733,0.581893391324,12.467192,8.6345884,44.43405654,-0.894776,-0.447388,0.0,210.0,3.8,-0.7,,,0,0,1159,1024,1024,1024,20,0,0,0,205.1,-90.0,0,56,3.681,3.68,3.68,3.68,0,0,6.111,76.46,-2.042778608676,9.84252,6,P-GPS,9.842519685039369,2.9999999999999996,9.842519685039369,-2.0427789236366323,-2.0427789236366323,9.842519685039369,0.0,1.000389980317676,0.0,0.0,14.733,90.033363
38700,2026-05-09 10:20:06.700,38.7,0.7315689981096409,cruise,38700,2026-05-09 10:20:06,9.84252,,,-2.042778608676,8.530184,0.8052984,44.551510612,67.239503464,14,5,14.733,0.581893391324,12.467192,8.6345884,44.551510612,-0.671082,-0.447388,0.0,209.9,3.1,-0.7,,,0,0,1309,1024,1024,1024,43,0,0,0,205.1,-90.0,0,56,3.681,3.68,3.68,3.68,0,0,6.111,76.46,-2.042778608676,9.84252,6,P-GPS,9.842519685039369,2.9999999999999996,9.842519685039369,-2.0427789236366323,-2.0427789236366323,9.842519685039369,0.0,0.8065401870136416,0.0,0.0,14.733,90.033363
38800,2026-05-09 10:20:06.800,38.8,0.7334593572778828,cruise,38800,2026-05-09 10:20:07,9.84252,,,-2.042778608676,8.530184,0.7158208,44.667652348,67.371393232,14,5,14.733,0.581893391324,12.467192,8.6345884,44.667652348,-0.671082,-0.223694,0.0,209.9,1.5,-0.6,,,0,0,1426,1024,1024,1024,61,0,0,0,205.1,-90.0,0,56,3.681,3.68,3.68,3.68,0,0,6.111,76.46,-2.042778608676,9.84252,6,P-GPS,9.842519685039369,2.9999999999999996,9.842519685039369,-2.0427789236366323,-2.0427789236366323,9.842519685039369,0.0,0.7073825389137054,0.0,0.0,14.733,90.033363
38900,2026-05-09 10:20:06.900,38.9,0.7353497164461248,cruise,38900,2026-05-09 10:20:07,9.84252,,,-2.042778608676,8.530184,0.7158208,44.771654976,67.48851922,14,5,14.725,0.581893391324,12.467192,8.6345884,44.771654976,-0.671082,-0.223694,0.0,209.9,-1.5,-0.6,,,0,0,1489,1024,1024,1024,70,0,0,0,205.1,-90.0,0,56,3.681,3.68,3.681,3.68,0,0,6.597,76.46,-2.042778608676,9.84252,6,P-GPS,9.842519685039369,2.9999999999999996,9.842519685039369,-2.0427789236366323,-2.0427789236366323,9.842519685039369,0.0,0.7073825389137054,0.0,0.0,14.725,97.140825
39000,2026-05-09 10:20:07.000,39.0,0.7372400756143668,cruise,39000,2026-05-09 10:20:07,9.84252,,,-2.042778608676,7.874016,0.8052984,44.880906948,67.61483156,15,5,14.725,0.581893391324,12.467192,8.6345884,44.880906948,-0.671082,-0.447388,0.0,209.9,-5.5,-0.6,,,0,0,1516,1024,1024,1024,75,0,0,0,205.1,-90.0,0,56,3.681,3.68,3.681,3.68,0,0,6.597,76.46,-2.042778608676,9.84252,6,P-GPS,9.842519685039369,2.9999999999999996,9.842519685039369,-2.0427789236366323,-2.0427789236366323,9.842519685039369,0.0,0.8065401870136416,0.0,0.0,14.725,97.140825
39100,2026-05-09 10:20:07.100,39.1,0.7391304347826088,cruise,39100,2026-05-09 10:20:07,9.84252,,,-2.042778608676,8.2021,1.006623,45.000657608,67.753283008,15,5,14.725,0.581893391324,12.467192,8.6345884,45.000657608,-0.894776,-0.447388,0.0,210.0,-9.3,-0.6,,,0,0,1514,1024,1024,1024,74,0,0,0,205.1,-90.0,0,56,3.681,3.68,3.681,3.68,0,0,6.597,76.46,-2.042778608676,9.84252,6,P-GPS,9.842519685039369,2.9999999999999996,9.842519685039369,-2.0427789236366323,-2.0427789236366323,9.842519685039369,0.0,1.000389980317676,0.0,0.0,14.725,97.140825
39200,2026-05-09 10:20:07.200,39.2,0.7410207939508507,cruise,39200,2026-05-09 10:20:07,9.84252,,,-2.042778608676,8.2021,1.4987498,45.204069688,67.98228564,15,5,14.725,0.581893391324,12.467192,8.6345884,45.204069688,-1.342164,-0.671082,0.0,210.0,-12.0,-0.7,,,0,0,1491,1024,1024,1024,71,0,0,0,205.1,-90.0,0,56,3.681,3.68,3.681,3.68,0,0,6.597,76.46,-2.042778608676,9.84252,6,P-GPS,9.842519685039369,2.9999999999999996,9.842519685039369,-2.0427789236366323,-2.0427789236366323,9.842519685039369,0.0,1.5005849704765137,0.0,0.0,14.725,97.140825
39300,2026-05-09 10:20:07.300,39.3,0.7429111531190926,cruise,39300,2026-05-09 10:20:07,9.84252,,,-2.042778608676,8.530184,1.4987498,45.41666812,68.217521868,15,5,14.725,0.581893391324,12.467192,8.6345884,45.41666812,-1.565858,-0.894776,0.0,210.1,-13.0,-0.7,,,0,0,1485,1024,1024,1024,70,0,0,0,205.1,-90.0,0,56,3.681,3.68,3.681,3.68,0,0,6.597,76.46,-2.042778608676,9.84252,6,P-GPS,9.842519685039369,2.9999999999999996,9.842519685039369,-2.0427789236366323,-2.0427789236366323,9.842519685039369,0.0,1.8034786847478959,0.0,0.0,14.725,97.140825
39400,2026-05-09 10:20:07.400,39.4,0.7448015122873346,cruise,39400,2026-05-09 10:20:07,9.84252,,,-2.042778608676,8.2021,2.3040482,45.71686498,68.558729228,15,5,14.725,0.581893391324,12.467192,8.6345884,45.71686498,-2.013246,-1.11847,0.0,210.1,-12.7,-0.8,,,0,0,1474,1024,1024,1024,68,0,0,0,205.1,-90.0,0,56,3.681,3.68,3.681,3.68,0,0,6.597,76.46,-2.042778608676,9.84252,6,P-GPS,9.842519685039369,2.9999999999999996,9.842519685039369,-2.0427789236366323,-2.0427789236366323,9.842519685039369,0.0,2.303070688757946,0.0,0.0,14.725,97.140825
39500,2026-05-09 10:20:07.500,39.5,0.7466918714555766,cruise,39500,2026-05-09 10:20:07,9.84252,,,-2.042778608676,8.2021,2.796175,46.057744256,68.940619004,15,5,14.725,0.581893391324,12.467192,8.6345884,46.057744256,-2.460634,-1.342164,0.0,210.1,-12.2,-0.8,,,0,0,1473,1024,1024,1024,68,0,0,0,205.1,-90.0,0,56,3.681,3.68,3.681,3.68,0,0,6.597,76.46,-2.042778608676,9.84252,6,P-GPS,9.842519685039369,2.9999999999999996,9.842519685039369,-2.0427789236366323,-2.0427789236366323,9.842519685039369,0.0,2.8028777862853747,0.0,0.0,14.725,97.140825
39600,2026-05-09 10:20:07.600,39.6,0.7485822306238186,cruise,39600,2026-05-09 10:20:07,9.84252,,,-2.042778608676,8.530184,3.3106712,46.585303328,69.529529784,15,5,14.725,0.581893391324,12.467192,8.6345884,46.585303328,-2.908022,-1.565858,0.0,210.1,-11.8,-0.6,,,0,0,1470,1024,1024,1024,68,0,0,0,205.1,-90.0,0,56,3.681,3.68,3.681,3.68,0,0,6.597,76.46,-2.042778608676,9.84252,6,P-GPS,9.842519685039369,2.9999999999999996,9.842519685039369,-2.0427789236366323,-2.0427789236366323,9.842519685039369,0.0,3.30280232963585,0.0,0.0,14.725,97.140825
39700,2026-05-09 10:20:07.700,39.7,0.7504725897920606,cruise,39700,2026-05-09 10:20:07,9.84252,,,-2.042778608676,8.530184,3.802798,47.051838776,70.046262084,15,5,14.725,0.581893391324,12.467192,8.6345884,47.051838776,-3.35541,-1.789552,0.0,210.1,-11.5,-0.4,,,0,0,1467,1024,1024,1024,67,0,0,0,205.1,-90.0,0,56,3.681,3.68,3.681,3.68,0,0,6.597,76.46,-2.042778608676,9.84252,6,P-GPS,9.842519685039369,2.9999999999999996,9.842519685039369,-2.0427789236366323,-2.0427789236366323,9.842519685039369,0.0,3.802798,0.0,0.0,14.725,97.140825
39800,2026-05-09 10:20:07.800,39.8,0.7523629489603024,cruise,39800,2026-05-09 10:20:08,9.84252,,,-2.042778608676,8.530184,4.1159696,47.624017272,70.671262104,14,5,14.725,0.581893391324,12.467192,8.6345884,47.624017272,-3.579104,-2.013246,0.0,210.1,-11.3,-0.4,,,0,0,1437,1024,1024,1024,63,0,0,0,205.1,-90.0,0,56,3.681,3.68,3.681,3.68,0,0,6.597,76.46,-2.042778608676,9.84252,6,P-GPS,9.842519685039369,2.9999999999999996,9.842519685039369,-2.0427789236366323,-2.0427789236366323,9.842519685039369,0.0,4.106475970869914,0.0,0.0,14.725,97.140825
39900,2026-05-09 10:20:07.900,39.9,0.7542533081285444,cruise,39900,2026-05-09 10:20:08,9.84252,,,-2.042778608676,8.530184,4.4067718,48.178807316,71.285107268,14,5,14.721,0.581893391324,12.467192,8.6345884,48.178807316,-3.802798,-2.23694,0.0,210.1,-10.8,-0.2,,,0,0,1338,1024,1024,1024,48,0,0,0,205.1,-90.0,0,56,3.681,3.681,3.679,3.679,0,0,6.249,76.64,-2.042778608676,9.84252,6,P-GPS,9.842519685039369,2.9999999999999996,9.842519685039369,-2.0427789236366323,-2.0427789236366323,9.842519685039369,0.0,4.411935311448254,0.0,0.0,14.721,91.991529
40000,2026-05-09 10:20:08.000,40.0,0.7561436672967864,cruise,40000,2026-05-09 10:20:08,9.84252,,,-2.042778608676,8.530184,4.921268,48.816274528,71.986222776,14,5,14.721,0.581893391324,12.467192,8.6345884,48.816274528,-4.250186,-2.460634,0.0,210.1,-10.1,-0.3,,,0,0,1024,1024,1024,1024,0,0,0,0,205.1,-90.0,0,56,3.681,3.681,3.679,3.679,0,0,6.249,76.64,-2.042778608676,9.84252,6,P-GPS,9.842519685039369,2.9999999999999996,9.842519685039369,-2.0427789236366323,-2.0427789236366323,9.842519685039369,0.0,4.911089565112003,0.0,0.0,14.721,91.991529
40100,2026-05-09 10:20:08.100,40.1,0.7580340264650284,cruise,40100,2026-05-09 10:20:08,10.170604,,,-1.714694608676,8.530184,5.1002232,49.591208936,72.830382908,14,5,14.721,0.581893391324,12.467192,8.6345884,49.591208936,-4.47388,-2.460634,0.0,210.1,-7.9,-0.3,,,0,0,1024,1024,1024,1024,0,0,0,0,205.1,-90.0,0,56,3.681,3.681,3.679,3.679,0,0,6.249,76.64,-1.714694608676,10.170604,6,P-GPS,9.842519685039369,2.9999999999999996,9.842519685039369,-2.0427789236366323,-2.0427789236366323,9.842519685039369,0.0,5.105910490437137,0.0,0.0,14.721,91.991529
40200,2026-05-09 10:20:08.200,40.2,0.7599243856332704,cruise,40200,2026-05-09 10:20:08,10.170604,,,-1.714694608676,8.2021,5.4133948,50.328413684,73.62369002,14,5,14.721,0.581893391324,12.467192,8.6345884,50.328413684,-4.697574,-2.684328,0.0,210.2,-3.4,-0.4,,,0,0,1024,1024,1024,1024,0,0,0,0,205.1,-90.0,0,56,3.681,3.681,3.679,3.679,0,0,6.249,76.64,-1.714694608676,10.170604,6,P-GPS,9.842519685039369,2.9999999999999996,9.842519685039369,-2.0427789236366323,-2.0427789236366323,9.842519685039369,0.0,5.410436054243688,0.0,0.0,14.721,91.991529
40300,2026-05-09 10:20:08.300,40.3,0.7618147448015122,cruise,40300,2026-05-09 10:20:08,10.170604,,,-1.714694608676,8.530184,5.4133948,51.1154872,74.475068,14,5,14.721,0.581893391324,12.467192,8.6345884,51.1154872,-4.697574,-2.684328,0.0,210.1,-0.2,-0.4,,,0,0,1024,1024,1024,1024,0,0,0,0,205.1,-90.0,0,56,3.681,3.681,3.679,3.679,0,0,6.249,76.64,-1.714694608676,10.170604,6,P-GPS,9.842519685039369,2.9999999999999996,9.842519685039369,-2.0427789236366323,-2.0427789236366323,9.842519685039369,0.0,5.410436054243688,0.0,0.0,14.721,91.991529
40400,2026-05-09 10:20:08.400,40.4,0.7637051039697542,cruise,40400,2026-05-09 10:20:08,10.170604,,,-1.714694608676,8.858268,5.2120702,51.7880594,75.199805556,14,5,14.721,0.581893391324,12.467192,8.6345884,51.7880594,-4.47388,-2.684328,0.0,210.1,9.7,-0.5,,,0,0,1024,1024,1024,1024,0,0,0,0,205.1,-90.0,0,56,3.681,3.681,3.679,3.679,0,0,6.249,76.64,-1.714694608676,10.170604,6,P-GPS,9.842519685039369,2.9999999999999996,9.842519685039369,-2.0427789236366323,-2.0427789236366323,9.842519685039369,0.0,5.217395812662099,0.0,0.0,14.721,91.991529
40500,2026-05-09 10:20:08.500,40.5,0.7655954631379962,cruise,40500,2026-05-09 10:20:08,10.170604,,,-1.714694608676,8.858268,4.7199434,52.561025304,76.03674784,14,5,14.721,0.581893391324,12.467192,8.6345884,52.561025304,-4.026492,-2.460634,0.0,210.1,16.7,-0.7,,,0,0,1024,1024,1024,1024,0,0,0,0,205.1,-90.0,0,56,3.681,3.681,3.679,3.679,0,0,6.249,76.64,-1.714694608676,10.170604,6,P-GPS,9.842519685039369,2.9999999999999996,9.842519685039369,-2.0427789236366323,-2.0427789236366323,9.842519685039369,0.0,4.718830099507716,0.0,0.0,14.721,91.991529
40600,2026-05-09 10:20:08.600,40.6,0.7674858223062382,cruise,40600,2026-05-09 10:20:08,10.170604,,,-1.714694608676,8.530184,4.1159696,53.078741856,76.59285022,14,5,14.721,0.581893391324,12.467192,8.6345884,53.078741856,-3.579104,-2.013246,0.0,209.9,18.4,-0.9,,,0,0,1024,1024,1024,1024,0,0,0,0,205.1,-90.0,0,56,3.681,3.681,3.679,3.679,0,0,6.249,76.64,-1.714694608676,10.170604,6,P-GPS,9.842519685039369,2.9999999999999996,9.842519685039369,-2.0427789236366323,-2.0427789236366323,9.842519685039369,0.0,4.106475970869914,0.0,0.0,14.721,91.991529
40700,2026-05-09 10:20:08.700,40.7,0.7693761814744803,cruise,40700,2026-05-09 10:20:08,10.170604,,,-1.714694608676,8.530184,3.3106712,53.573492528,77.114175696,14,5,14.721,0.581893391324,12.467192,8.6345884,53.573492528,-2.908022,-1.565858,0.0,209.8,17.2,-0.9,,,0,0,1024,1024,1024,1024,0,0,0,0,205.1,-90.0,0,56,3.681,3.681,3.679,3.679,0,0,6.249,76.64,-1.714694608676,10.170604,6,P-GPS,9.842519685039369,2.9999999999999996,9.842519685039369,-2.0427789236366323,-2.0427789236366323,9.842519685039369,0.0,3.30280232963585,0.0,0.0,14.721,91.991529
40800,2026-05-09 10:20:08.800,40.8,0.771266540642722,cruise,40800,2026-05-09 10:20:09,10.170604,,,-1.714694608676,8.858268,2.6172198,53.907810124,77.467850248,14,5,14.721,0.581893391324,12.467192,8.6345884,53.907810124,-2.23694,-1.342164,0.0,209.8,15.0,-0.9,,,0,0,1024,1185,1024,1024,0,24,0,0,205.1,-90.0,0,56,3.681,3.681,3.679,3.679,0,0,6.249,76.64,-1.714694608676,10.170604,6,P-GPS,9.842519685039369,2.9999999999999996,9.842519685039369,-2.0427789236366323,-2.0427789236366323,9.842519685039369,0.0,2.6086979063310496,0.0,0.0,14.721,91.991529
40900,2026-05-09 10:20:08.900,40.9,0.773156899810964,cruise,40900,2026-05-09 10:20:09,10.170604,,,-1.714694608676,8.2021,1.9908766,54.206694648,77.782810888,14,5,14.712,0.581893391324,12.467192,8.6345884,54.206694648,-1.789552,-0.894776,0.0,209.8,11.0,-0.7,,,0,0,1001,1351,1024,1024,-3,50,0,0,205.1,-90.0,0,56,3.678,3.677,3.676,3.673,0,0,6.299,76.64,-1.714694608676,10.170604,6,P-GPS,9.842519685039369,2.9999999999999996,9.842519685039369,-2.0427789236366323,-2.0427789236366323,9.842519685039369,0.0,2.000779960635352,0.0,0.0,14.712,92.670888
41000,2026-05-09 10:20:09.000,41.0,0.7750472589792061,cruise,41000,2026-05-09 10:20:09,10.170604,,,-1.714694608676,7.874016,1.4987498,54.387140848,77.97900512,14,5,14.712,0.581893391324,12.467192,8.6345884,54.387140848,-1.342164,-0.671082,0.0,209.9,7.8,0.6,,,0,0,984,1411,1024,1024,-6,59,0,0,205.1,-90.0,0,56,3.678,3.677,3.676,3.673,0,0,6.299,76.64,-1.714694608676,10.170604,6,P-GPS,9.842519685039369,2.9999999999999996,9.842519685039369,-2.0427789236366323,-2.0427789236366323,9.842519685039369,0.0,1.5005849704765137,0.0,0.0,14.712,92.670888
41100,2026-05-09 10:20:09.100,41.1,0.7769376181474481,cruise,41100,2026-05-09 10:20:09,10.170604,,,-1.714694608676,7.874016,1.11847,54.583006996,78.17913636,14,5,14.712,0.581893391324,12.467192,8.6345884,54.583006996,-0.894776,-0.671082,0.0,210.0,5.5,3.6,,,0,0,980,1403,1024,1024,-7,57,0,0,205.1,-90.0,0,56,3.678,3.677,3.676,3.673,0,0,6.299,76.64,-1.714694608676,10.170604,6,P-GPS,9.842519685039369,2.9999999999999996,9.842519685039369,-2.0427789236366323,-2.0427789236366323,9.842519685039369,0.0,1.11847,0.0,0.0,14.712,92.670888
41200,2026-05-09 10:20:09.200,41.2,0.7788279773156901,cruise,41200,2026-05-09 10:20:09,10.170604,,,-1.714694608676,7.874016,0.9395148,54.75229834,78.34974004,14,5,14.712,0.581893391324,12.467192,8.6345884,54.75229834,-0.671082,-0.671082,0.0,210.1,4.1,6.2,,,0,0,979,1394,1024,1024,-7,56,0,0,205.1,-90.0,0,56,3.678,3.677,3.676,3.673,0,0,6.299,76.64,-1.714694608676,10.170604,6,P-GPS,9.842519685039369,2.9999999999999996,9.842519685039369,-2.0427789236366323,-2.0427789236366323,9.842519685039369,0.0,0.9490532658644613,0.0,0.0,14.712,92.670888
41300,2026-05-09 10:20:09.300,41.3,0.780718336483932,cruise,41300,2026-05-09 10:20:09,10.170604,,,-1.714694608676,7.874016,1.006623,54.877298344,78.475068128,14,5,14.712,0.581893391324,12.467192,8.6345884,54.877298344,-0.447388,-0.894776,0.0,210.1,3.2,7.6,,,0,0,1009,1284,1024,1024,-2,39,0,0,205.1,-90.0,0,56,3.678,3.677,3.676,3.673,0,0,6.299,76.64,-1.714694608676,10.170604,6,P-GPS,9.842519685039369,2.9999999999999996,9.842519685039369,-2.0427789236366323,-2.0427789236366323,9.842519685039369,0.0,1.000389980317676,0.0,0.0,14.712,92.670888
41400,2026-05-09 10:20:09.400,41.4,0.782608695652174,cruise,41400,2026-05-09 10:20:09,10.170604,,,-1.714694608676,7.874016,1.1408394,55.084647432,78.689963148,14,5,14.712,0.581893391324,12.467192,8.6345884,55.084647432,-0.223694,-1.11847,0.0,210.1,2.8,7.9,,,0,0,1024,1024,1024,1024,0,0,0,0,205.1,-90.0,0,56,3.678,3.677,3.676,3.673,0,0,6.299,76.64,-1.714694608676,10.170604,6,P-GPS,9.842519685039369,2.9999999999999996,9.842519685039369,-2.0427789236366323,-2.0427789236366323,9.842519685039369,0.0,1.1406200710736245,0.0,0.0,14.712,92.670888
41500,2026-05-09 10:20:09.500,41.5,0.7844990548204159,cruise,41500,2026-05-09 10:20:09,10.170604,,,-1.714694608676,8.2021,1.342164,55.222114628,78.858926408,14,5,14.712,0.581893391324,12.467192,8.6345884,55.222114628,0.0,-1.342164,0.0,210.1,2.4,5.9,,,0,0,1024,1024,1024,1024,0,0,0,0,205.1,-90.0,0,56,3.678,3.677,3.676,3.673,0,0,6.299,76.64,-1.714694608676,10.170604,6,P-GPS,9.842519685039369,2.9999999999999996,9.842519685039369,-2.0427789236366323,-2.0427789236366323,9.842519685039369,0.0,1.342164,0.0,0.0,14.712,92.670888
41600,2026-05-09 10:20:09.600,41.6,0.7863894139886579,cruise,41600,2026-05-09 10:20:09,10.170604,,,-1.714694608676,8.2021,1.565858,55.409778676,79.129595708,14,5,14.712,0.581893391324,12.467192,8.6345884,55.409778676,0.0,-1.565858,0.0,210.0,2.0,2.3,,,0,0,1024,1024,1024,1024,0,0,0,0,205.1,-90.0,0,56,3.678,3.677,3.676,3.673,0,0,6.299,76.64,-1.714694608676,10.170604,6,P-GPS,9.842519685039369,2.9999999999999996,9.842519685039369,-2.0427789236366323,-2.0427789236366323,9.842519685039369,0.0,1.565858,0.0,0.0,14.712,92.670888
41700,2026-05-09 10:20:09.700,41.7,0.7882797731568999,cruise,41700,2026-05-09 10:20:09,10.170604,,,-1.714694608676,8.2021,1.5882274,55.567258996,79.357286004,14,5,14.712,0.581893391324,12.467192,8.6345884,55.567258996,0.223694,-1.565858,0.0,210.0,1.8,0.1,,,0,0,1024,1024,1024,1024,0,0,0,0,205.1,-90.0,0,56,3.678,3.677,3.676,3.673,0,0,6.299,76.64,-1.714694608676,10.170604,6,P-GPS,9.842519685039369,2.9999999999999996,9.842519685039369,-2.0427789236366323,-2.0427789236366323,9.842519685039369,0.0,1.5817554431074357,0.0,0.0,14.712,92.670888
41800,2026-05-09 10:20:09.800,41.8,0.7901701323251418,cruise,41800,2026-05-09 10:20:10,10.170604,,,-1.714694608676,7.874016,1.5882274,55.727363988,79.602036668,14,5,14.712,0.581893391324,12.467192,8.6345884,55.727363988,0.223694,-1.565858,0.0,210.0,2.5,-3.4,,,0,0,1024,1024,1024,1024,0,0,0,0,205.1,-90.0,0,56,3.678,3.677,3.676,3.673,0,0,6.299,76.64,-1.714694608676,10.170604,6,P-GPS,9.842519685039369,2.9999999999999996,9.842519685039369,-2.0427789236366323,-2.0427789236366323,9.842519685039369,0.0,1.5817554431074357,0.0,0.0,14.712,92.670888
41900,2026-05-09 10:20:09.900,41.9,0.7920604914933838,cruise,41900,2026-05-09 10:20:10,10.170604,,,-1.714694608676,7.545932,1.3645334,55.861550344,79.805448748,14,5,14.707,0.581893391324,12.467192,8.6345884,55.861550344,0.223694,-1.342164,0.0,209.9,2.9,-5.4,,,0,0,1024,1024,1024,1024,0,0,0,0,205.1,-90.0,0,56,3.678,3.678,3.677,3.677,0,0,6.393,76.64,-1.714694608676,10.170604,6,P-GPS,9.842519685039369,2.9999999999999996,9.842519685039369,-2.0427789236366323,-2.0427789236366323,9.842519685039369,0.0,1.36067748145253,0.0,0.0,14.707,94.021851
42000,2026-05-09 10:20:10.000,42.0,0.7939508506616257,cruise,42000,2026-05-09 10:20:10,10.170604,,,-1.714694608676,7.545932,1.1408394,56.005251136,79.999346392,14,5,14.707,0.581893391324,12.467192,8.6345884,56.005251136,0.223694,-1.11847,0.0,209.9,2.9,-5.9,,,0,0,1024,1024,1024,1024,0,0,0,0,205.1,-90.0,0,56,3.678,3.678,3.677,3.677,0,0,6.393,76.64,-1.714694608676,10.170604,6,P-GPS,9.842519685039369,2.9999999999999996,9.842519685039369,-2.0427789236366323,-2.0427789236366323,9.842519685039369,0.0,1.1406200710736245,0.0,0.0,14.707,94.021851
42100,2026-05-09 10:20:10.100,42.1,0.7958412098298677,cruise,42100,2026-05-09 10:20:10,10.170604,,,-1.714694608676,7.874016,0.894776,56.119752452,80.170934324,14,5,14.707,0.581893391324,12.467192,8.6345884,56.119752452,0.0,-0.894776,0.0,209.9,2.6,-5.5,,,0,0,1024,1024,1024,1024,0,0,0,0,205.1,-90.0,0,56,3.678,3.678,3.677,3.677,0,0,6.393,76.64,-1.714694608676,10.170604,6,P-GPS,9.842519685039369,2.9999999999999996,9.842519685039369,-2.0427789236366323,-2.0427789236366323,9.842519685039369,0.0,0.894776,0.0,0.0,14.707,94.021851
42200,2026-05-09 10:20:10.200,42.2,0.7977315689981097,cruise,42200,2026-05-09 10:20:10,10.170604,,,-1.714694608676,8.2021,0.671082,56.208663216,80.293965824,15,5,14.707,0.581893391324,12.467192,8.6345884,56.208663216,0.0,-0.671082,0.0,210.0,2.4,-4.7,,,0,0,1024,1024,1024,1024,0,0,0,0,205.1,-90.0,0,56,3.678,3.678,3.677,3.677,0,0,6.393,76.64,-1.714694608676,10.170604,6,P-GPS,9.842519685039369,2.9999999999999996,9.842519685039369,-2.0427789236366323,-2.0427789236366323,9.842519685039369,0.0,0.671082,0.0,0.0,14.707,94.021851
42300,2026-05-09 10:20:10.300,42.3,0.7996219281663516,cruise,42300,2026-05-09 10:20:10,10.170604,,,-1.714694608676,8.2021,0.447388,56.26148474,80.375986824,15,5,14.707,0.581893391324,12.467192,8.6345884,56.26148474,0.0,-0.447388,0.0,210.0,2.1,-4.0,,,0,0,1024,1024,1024,1024,0,0,0,0,205.1,-90.0,0,56,3.678,3.678,3.677,3.677,0,0,6.393,76.64,-1.714694608676,10.170604,6,P-GPS,9.842519685039369,2.9999999999999996,9.842519685039369,-2.0427789236366323,-2.0427789236366323,9.842519685039369,0.0,0.447388,0.0,0.0,14.707,94.021851
42400,2026-05-09 10:20:10.400,42.4,0.8015122873345936,cruise,42400,2026-05-09 10:20:10,10.170604,,,-1.714694608676,8.2021,0.447388,56.310369256,80.45111806,15,5,14.707,0.581893391324,12.467192,8.6345884,56.310369256,0.0,-0.447388,0.0,210.0,1.9,-3.4,,,0,0,1024,1024,1024,1024,0,0,0,0,205.1,-90.0,0,56,3.678,3.678,3.677,3.677,0,0,6.393,76.64,-1.714694608676,10.170604,6,P-GPS,9.842519685039369,2.9999999999999996,9.842519685039369,-2.0427789236366323,-2.0427789236366323,9.842519685039369,0.0,0.447388,0.0,0.0,14.707,94.021851
42500,2026-05-09 10:20:10.500,42.5,0.8034026465028355,cruise,42500,2026-05-09 10:20:10,10.170604,,,-1.714694608676,8.530184,0.223694,56.308400752,80.504595752,15,5,14.707,0.581893391324,12.467192,8.6345884,56.310369256,0.0,-0.223694,0.0,210.0,1.8,-2.9,,,0,0,1024,1024,1024,1024,0,0,0,0,205.1,-90.0,0,56,3.678,3.678,3.677,3.677,0,0,6.393,76.64,-1.714694608676,10.170604,6,P-GPS,9.842519685039369,2.9999999999999996,9.842519685039369,-2.0427789236366323,-2.0427789236366323,9.842519685039369,0.0,0.223694,0.0,0.0,14.707,94.021851
42600,2026-05-09 10:20:10.600,42.6,0.8052930056710775,cruise,42600,2026-05-09 10:20:10,10.170604,,,-1.714694608676,8.530184,0.223694,56.314634348,80.52657738,15,5,14.707,0.581893391324,12.467192,8.6345884,56.314634348,0.0,-0.223694,0.0,210.1,1.6,-2.5,,,0,0,1024,1024,1024,1024,0,0,0,0,205.1,-90.0,0,56,3.678,3.678,3.677,3.677,0,0,6.393,76.64,-1.714694608676,10.170604,6,P-GPS,9.842519685039369,2.9999999999999996,9.842519685039369,-2.0427789236366323,-2.0427789236366323,9.842519685039369,0.0,0.223694,0.0,0.0,14.707,94.021851
42700,2026-05-09 10:20:10.700,42.7,0.8071833648393195,cruise,42700,2026-05-09 10:20:10,10.170604,,,-1.714694608676,8.530184,0.0,56.328085792,80.561682368,15,5,14.707,0.581893391324,12.467192,8.6345884,56.328085792,0.0,0.0,0.0,210.1,1.4,-2.2,,,0,0,1024,1024,1024,1024,0,0,0,0,205.1,-90.0,0,56,3.678,3.678,3.677,3.677,0,0,6.393,76.64,-1.714694608676,10.170604,6,P-GPS,9.842519685039369,2.9999999999999996,9.842519685039369,-2.0427789236366323,-2.0427789236366323,9.842519685039369,0.0,0.0,0.0,0.0,14.707,94.021851
42800,2026-05-09 10:20:10.800,42.8,0.8090737240075614,cruise,42800,2026-05-09 10:20:11,10.170604,,,-1.714694608676,8.530184,0.0,56.33530364,80.576774232,14,5,14.707,0.581893391324,12.467192,8.6345884,56.33530364,0.0,0.0,0.0,210.0,1.3,-2.1,,,0,0,1024,1024,1024,1024,0,0,0,0,205.1,-90.0,0,56,3.678,3.678,3.677,3.677,0,0,6.393,76.64,-1.714694608676,10.170604,6,P-GPS,9.842519685039369,2.9999999999999996,9.842519685039369,-2.0427789236366323,-2.0427789236366323,9.842519685039369,0.0,0.0,0.0,0.0,14.707,94.021851
42900,2026-05-09 10:20:10.900,42.9,0.8109640831758034,cruise,42900,2026-05-09 10:20:11,10.170604,,,-1.714694608676,8.858268,0.0,56.337600228,80.6020367,14,5,14.712,0.581893391324,12.467192,8.6345884,56.337600228,0.0,0.0,0.0,210.1,1.1,-1.9,,,0,0,1024,1024,1024,1024,0,0,0,0,205.1,-90.0,0,56,3.678,3.678,3.677,3.676,0,0,6.242,76.82,-1.714694608676,10.170604,6,P-GPS,9.842519685039369,2.9999999999999996,9.842519685039369,-2.0427789236366323,-2.0427789236366323,9.842519685039369,0.0,0.0,0.0,0.0,14.712,91.832304
43000,2026-05-09 10:20:11.000,43.0,0.8128544423440454,cruise,43000,2026-05-09 10:20:11,10.170604,,,-1.714694608676,8.858268,0.0,56.334319388,80.621065572,15,5,14.712,0.581893391324,12.467192,8.6345884,56.337600228,0.0,0.0,0.0,210.1,0.9,-1.8,,,0,0,1024,1024,1024,1024,0,0,0,0,205.1,-90.0,0,56,3.678,3.678,3.677,3.676,0,0,6.242,76.82,-1.714694608676,10.170604,6,P-GPS,9.842519685039369,2.9999999999999996,9.842519685039369,-2.0427789236366323,-2.0427789236366323,9.842519685039369,0.0,0.0,0.0,0.0,14.712,91.832304
43100,2026-05-09 10:20:11.100,43.1,0.8147448015122873,cruise,43100,2026-05-09 10:20:11,10.170604,,,-1.714694608676,8.858268,0.0,56.319227524,80.636157436,15,5,14.712,0.581893391324,12.467192,8.6345884,56.337600228,0.0,0.0,0.0,210.1,0.8,-1.6,,,0,0,1024,1024,1024,1024,0,0,0,0,205.1,-90.0,0,56,3.678,3.678,3.677,3.676,0,0,6.242,76.82,-1.714694608676,10.170604,6,P-GPS,9.842519685039369,2.9999999999999996,9.842519685039369,-2.0427789236366323,-2.0427789236366323,9.842519685039369,0.0,0.0,0.0,0.0,14.712,91.832304
43200,2026-05-09 10:20:11.200,43.2,0.8166351606805293,cruise,43200,2026-05-09 10:20:11,10.170604,,,-1.714694608676,8.858268,0.0,56.31889944,80.646656124,15,5,14.712,0.581893391324,12.467192,8.6345884,56.337600228,0.0,0.0,0.0,210.1,0.7,-1.3,,,0,0,1024,1024,998,1024,0,0,-4,0,205.1,-90.0,0,56,3.678,3.678,3.677,3.676,0,0,6.242,76.82,-1.714694608676,10.170604,6,P-GPS,9.842519685039369,2.9999999999999996,9.842519685039369,-2.0427789236366323,-2.0427789236366323,9.842519685039369,0.0,0.0,0.0,0.0,14.712,91.832304
43300,2026-05-09 10:20:11.300,43.3,0.8185255198487712,cruise,43300,2026-05-09 10:20:11,10.170604,,,-1.714694608676,8.858268,0.0,56.312665844,80.653217804,15,5,14.712,0.581893391324,12.467192,8.6345884,56.337600228,0.0,0.0,0.0,210.1,0.7,-1.1,,,0,0,1024,1024,965,1024,0,0,-9,0,205.1,-90.0,0,56,3.678,3.678,3.677,3.676,0,0,6.242,76.82,-1.714694608676,10.170604,6,P-GPS,9.842519685039369,2.9999999999999996,9.842519685039369,-2.0427789236366323,-2.0427789236366323,9.842519685039369,0.0,0.0,0.0,0.0,14.712,91.832304
43400,2026-05-09 10:20:11.400,43.4,0.8204158790170132,cruise,43400,2026-05-09 10:20:11,10.170604,,,-1.714694608676,8.530184,0.0,56.307744584,80.668965836,15,5,14.712,0.581893391324,12.467192,8.6345884,56.337600228,0.0,0.0,0.0,210.1,0.7,-0.9,,,0,0,1024,1024,932,1024,0,0,-14,0,205.1,-90.0,0,56,3.678,3.678,3.677,3.676,0,0,6.242,76.82,-1.714694608676,10.170604,6,P-GPS,9.842519685039369,2.9999999999999996,9.842519685039369,-2.0427789236366323,-2.0427789236366323,9.842519685039369,0.0,0.0,0.0,0.0,14.712,91.832304
43500,2026-05-09 10:20:11.500,43.5,0.8223062381852552,cruise,43500,2026-05-09 10:20:11,10.170604,,,-1.714694608676,8.530184,0.0,56.300198652,80.676839852,15,5,14.712,0.581893391324,12.467192,8.6345884,56.337600228,0.0,0.0,0.0,210.1,0.7,-0.9,,,0,0,1024,1024,904,1024,0,0,-18,0,205.1,-90.0,0,56,3.678,3.678,3.677,3.676,0,0,6.242,76.82,-1.714694608676,10.170604,6,P-GPS,9.842519685039369,2.9999999999999996,9.842519685039369,-2.0427789236366323,-2.0427789236366323,9.842519685039369,0.0,0.0,0.0,0.0,14.712,91.832304
43600,2026-05-09 10:20:11.600,43.6,0.8241965973534973,cruise,43600,2026-05-09 10:20:11,9.84252,,,-2.042778608676,8.530184,0.0,56.280185528,80.69882148,15,5,14.712,0.581893391324,12.467192,8.6345884,56.337600228,0.0,0.0,0.0,210.1,0.7,-0.8,,,0,0,1024,1024,917,1024,0,0,-16,0,205.1,-90.0,0,56,3.678,3.678,3.677,3.676,0,0,6.242,76.82,-2.042778608676,9.84252,6,P-GPS,9.842519685039369,2.9999999999999996,9.842519685039369,-2.0427789236366323,-2.0427789236366323,9.842519685039369,0.0,0.0,0.0,0.0,14.712,91.832304
43700,2026-05-09 10:20:11.700,43.7,0.8260869565217392,cruise,43700,2026-05-09 10:20:11,9.84252,,,-2.042778608676,8.530184,0.0,56.269358756,80.71030442,15,5,14.712,0.581893391324,12.467192,8.6345884,56.337600228,0.0,0.0,0.223694,210.1,0.7,-0.8,,,0,0,1024,1024,950,1024,0,0,-11,0,205.1,-90.0,0,56,3.678,3.678,3.677,3.676,0,0,6.242,76.82,-2.042778608676,9.84252,6,P-GPS,9.842519685039369,2.9999999999999996,9.842519685039369,-2.0427789236366323,-2.0427789236366323,9.842519685039369,0.0,0.0,0.0,0.0,14.712,91.832304
43800,2026-05-09 10:20:11.800,43.8,0.8279773156899811,cruise,43800,2026-05-09 10:20:12,9.84252,,,-2.042778608676,8.530184,0.0,56.27296768,80.732614132,15,5,14.712,0.581893391324,12.467192,8.6345884,56.337600228,0.0,0.0,0.223694,210.1,0.6,-0.8,,,0,0,1024,1024,982,1024,0,0,-6,0,205.1,-90.0,0,56,3.678,3.678,3.677,3.676,0,0,6.242,76.82,-2.042778608676,9.84252,6,P-GPS,9.842519685039369,2.9999999999999996,9.842519685039369,-2.0427789236366323,-2.0427789236366323,9.842519685039369,0.0,0.0,0.0,0.0,14.712,91.832304
43900,2026-05-09 10:20:11.900,43.9,0.8298676748582231,cruise,43900,2026-05-09 10:20:12,9.84252,,,-2.042778608676,8.530184,0.0,56.263781328,80.741800484,15,5,14.711,0.581893391324,12.467192,8.6345884,56.337600228,0.0,0.0,0.223694,210.1,0.4,-0.8,,,0,0,1024,1024,997,1024,0,0,-4,0,205.1,-90.0,0,56,3.682,3.681,3.681,3.68,0,0,6.251,76.82,-2.042778608676,9.84252,6,P-GPS,9.842519685039369,2.9999999999999996,9.842519685039369,-2.0427789236366323,-2.0427789236366323,9.842519685039369,0.0,0.0,0.0,0.0,14.711,91.958461
44000,2026-05-09 10:20:12.000,44.0,0.8317580340264651,cruise,44000,2026-05-09 10:20:12,9.84252,,,-2.042778608676,8.530184,0.0,56.260172404,80.745737492,16,5,14.711,0.581893391324,12.467192,8.6345884,56.337600228,0.0,0.0,0.223694,210.1,0.4,-0.8,,,0,0,1024,1024,999,1024,0,0,-4,0,205.1,-90.0,0,56,3.682,3.681,3.681,3.68,0,0,6.251,76.82,-2.042778608676,9.84252,6,P-GPS,9.842519685039369,2.9999999999999996,9.842519685039369,-2.0427789236366323,-2.0427789236366323,9.842519685039369,0.0,0.0,0.0,0.0,14.711,91.958461
44100,2026-05-09 10:20:12.100,44.1,0.8336483931947071,cruise,44100,2026-05-09 10:20:12,9.84252,,,-2.042778608676,8.2021,0.0,56.265093664,80.770015708,16,5,14.711,0.581893391324,12.467192,8.6345884,56.337600228,0.0,0.0,0.0,210.1,0.5,-0.7,,,0,0,1024,1024,948,1024,0,0,-12,0,205.1,-90.0,0,56,3.682,3.681,3.681,3.68,0,0,6.251,76.82,-2.042778608676,9.84252,6,P-GPS,9.842519685039369,2.9999999999999996,9.842519685039369,-2.0427789236366323,-2.0427789236366323,9.842519685039369,0.0,0.0,0.0,0.0,14.711,91.958461
44200,2026-05-09 10:20:12.200,44.2,0.835538752362949,cruise,44200,2026-05-09 10:20:12,9.84252,,,-2.042778608676,8.2021,0.0,56.276904688,80.786091824,16,5,14.711,0.581893391324,12.467192,8.6345884,56.337600228,0.0,0.0,0.0,210.1,0.6,-0.7,,,0,0,1024,1024,665,1024,0,0,-54,0,205.1,-90.0,0,56,3.682,3.681,3.681,3.68,0,0,6.251,76.82,-2.042778608676,9.84252,6,P-GPS,9.842519685039369,2.9999999999999996,9.842519685039369,-2.0427789236366323,-2.0427789236366323,9.842519685039369,0.0,0.0,0.0,0.0,14.711,91.958461
44300,2026-05-09 10:20:12.300,44.3,0.8374291115311909,cruise,44300,2026-05-09 10:20:12,9.84252,,,-2.042778608676,8.2021,0.0,56.269358756,80.79560626,16,5,14.711,0.581893391324,12.467192,8.6345884,56.337600228,0.0,0.0,0.0,210.1,0.7,-0.7,,,0,0,1024,1024,543,1024,0,0,-73,0,205.1,-90.0,0,56,3.682,3.681,3.681,3.68,0,0,6.251,76.82,-2.042778608676,9.84252,6,P-GPS,9.842519685039369,2.9999999999999996,9.842519685039369,-2.0427789236366323,-2.0427789236366323,9.842519685039369,0.0,0.0,0.0,0.0,14.711,91.958461
44400,2026-05-09 10:20:12.400,44.4,0.8393194706994329,cruise,44400,2026-05-09 10:20:12,9.514436,,,-2.370862608676,8.530184,0.0,56.274280016,80.801511772,16,5,14.711,0.581893391324,12.467192,8.6345884,56.337600228,0.0,0.0,0.671082,210.1,0.7,-0.6,,,0,0,1024,1024,529,1024,0,0,-75,0,205.1,-90.0,0,56,3.682,3.681,3.681,3.68,0,0,6.251,76.82,-2.370862608676,9.514436,6,P-GPS,9.842519685039369,2.9999999999999996,9.842519685039369,-2.0427789236366323,-2.0427789236366323,9.842519685039369,0.0,0.0,0.0,0.0,14.711,91.958461
44500,2026-05-09 10:20:12.500,44.5,0.8412098298676749,descent,44500,2026-05-09 10:20:12,9.514436,,,-2.370862608676,8.2021,0.0,56.269358756,80.811682376,16,5,14.711,0.581893391324,12.467192,8.6345884,56.337600228,0.0,0.0,1.565858,210.1,0.9,-0.8,,,0,0,1024,1024,529,1024,0,0,-75,0,205.1,-90.0,0,56,3.682,3.681,3.681,3.68,0,0,6.251,76.82,-2.370862608676,9.514436,6,P-GPS,9.842519685039369,2.9999999999999996,9.842519685039369,-2.0427789236366323,-2.0427789236366323,9.842519685039369,0.0,0.0,0.0,0.0,14.711,91.958461
44600,2026-05-09 10:20:12.600,44.6,0.8431001890359169,descent,44600,2026-05-09 10:20:12,9.186352,,,-2.698946608676,8.2021,0.0,56.243112036,80.848427784,16,5,14.711,0.581893391324,12.467192,8.6345884,56.337600228,0.0,0.0,2.23694,210.1,0.9,-0.8,,,0,0,1024,1024,483,1024,0,0,-82,0,205.1,-90.0,0,56,3.682,3.681,3.681,3.68,0,0,6.251,76.82,-2.698946608676,9.186352,6,P-GPS,9.672821069780067,2.9482758620689644,9.672821069780067,-2.212477538895934,-2.212477538895934,9.672821069780067,-1.1570360131315856,1.1570360131315856,0.0,0.0,14.711,91.958461
44700,2026-05-09 10:20:12.700,44.7,0.8449905482041589,descent,44700,2026-05-09 10:20:12,8.858268,,,-3.027030608676,7.545932,0.0,56.240487364,80.854989464,16,5,14.711,0.581893391324,12.467192,8.6345884,56.337600228,0.0,0.0,2.460634,210.1,0.7,-0.8,,,0,0,1024,1024,482,1024,0,0,-82,0,205.1,-90.0,0,56,3.682,3.681,3.681,3.68,0,0,6.251,76.82,-3.027030608676,8.858268,6,P-GPS,9.503122454520765,2.8965517241379293,9.503122454520765,-2.3821761541552355,-2.3821761541552355,9.503122454520765,-1.1570360131315856,1.1570360131315856,0.0,0.0,14.711,91.958461
44800,2026-05-09 10:20:12.800,44.8,0.8468809073724007,descent,44800,2026-05-09 10:20:13,8.530184,,,-3.355114608676,7.545932,0.0,56.218177652,80.887797864,16,5,14.711,0.581893391324,12.467192,8.6345884,56.337600228,0.0,0.0,2.460634,210.1,0.6,-0.8,,,0,0,1024,1024,482,1024,0,0,-82,0,205.1,-90.0,0,56,3.682,3.681,3.681,3.68,0,0,6.251,76.82,-3.355114608676,8.530184,6,P-GPS,9.333423839261474,2.8448275862068977,9.333423839261474,-2.5518747694145265,-2.5518747694145265,9.333423839261474,-1.157036013131595,1.157036013131595,0.0,0.0,14.711,91.958461
44900,2026-05-09 10:20:12.900,44.9,0.8487712665406427,descent,44900,2026-05-09 10:20:13,7.874016,,,-4.011282608676,7.217848,0.0,56.216865316,80.891734872,16,5,14.705,0.581893391324,12.467192,8.6345884,56.337600228,0.0,0.0,2.460634,210.1,0.5,-0.7,,,0,0,1024,1024,485,1024,0,0,-82,0,205.1,-90.0,0,56,3.68,3.686,3.704,3.712,0,0,6.089,76.82,-4.011282608676,7.874016,6,P-GPS,9.163725224002174,2.793103448275863,9.163725224002174,-2.7215733846738264,-2.7215733846738264,9.163725224002174,-1.1570360131315733,1.1570360131315733,0.0,0.0,14.705,89.538745
45000,2026-05-09 10:20:13.000,45.0,0.8506616257088847,descent,45000,2026-05-09 10:20:13,7.545932,,,-4.339366608676,6.889764,0.0,56.255907312,80.943572144,16,5,14.705,0.581893391324,12.467192,8.6345884,56.337600228,0.0,0.0,2.460634,210.1,0.5,-0.7,,,0,0,1024,1024,485,1024,0,0,-82,0,205.1,-90.0,0,56,3.68,3.686,3.704,3.712,0,0,6.089,76.82,-4.339366608676,7.545932,6,P-GPS,8.994026608742873,2.741379310344828,8.994026608742873,-2.891271999933128,-2.891271999933128,8.994026608742873,-1.1570360131315856,1.1570360131315856,0.0,0.0,14.705,89.538745
45100,2026-05-09 10:20:13.100,45.1,0.8525519848771267,descent,45100,2026-05-09 10:20:13,7.217848,,,-4.667450608676,6.889764,0.0,56.25984432,80.948821488,16,5,14.705,0.581893391324,12.467192,8.6345884,56.337600228,0.0,0.0,2.23694,210.1,0.6,-0.7,,,0,0,1024,1024,485,1024,0,0,-82,0,205.1,-90.0,0,56,3.68,3.686,3.704,3.712,0,0,6.089,76.82,-4.667450608676,7.217848,6,P-GPS,8.824327993483571,2.6896551724137927,8.824327993483571,-3.0609706151924296,-3.0609706151924296,8.824327993483571,-1.1570360131315856,1.1570360131315856,0.0,0.0,14.705,89.538745
45200,2026-05-09 10:20:13.200,45.2,0.8544423440453687,descent,45200,2026-05-09 10:20:13,6.889764,,,-4.995534608676,6.56168,0.0,56.258531984,80.950133824,15,5,14.705,0.581893391324,12.467192,8.6345884,56.337600228,0.0,0.0,2.013246,210.1,0.6,-0.7,,,0,0,1024,1024,485,1024,0,0,-82,0,205.1,-90.0,0,56,3.68,3.686,3.704,3.712,0,0,6.089,76.82,-4.995534608676,6.889764,6,P-GPS,8.65462937822427,2.6379310344827576,8.65462937822427,-3.2306692304517313,-3.2306692304517313,8.65462937822427,-1.1570360131315856,1.1570360131315856,0.0,0.0,14.705,89.538745
45300,2026-05-09 10:20:13.300,45.3,0.8563327032136105,descent,45300,2026-05-09 10:20:13,6.56168,,,-5.323618608676,6.233596,0.0,56.2746081,80.96620994,15,5,14.705,0.581893391324,12.467192,8.6345884,56.337600228,0.0,0.0,2.013246,210.0,0.7,-0.7,,,0,0,1024,1024,485,1024,0,0,-82,0,205.1,-90.0,0,56,3.68,3.686,3.704,3.712,0,0,6.089,76.82,-5.323618608676,6.56168,6,P-GPS,8.484930762964979,2.5862068965517255,8.484930762964979,-3.4003678457110222,-3.4003678457110222,8.484930762964979,-1.157036013131595,1.157036013131595,0.0,0.0,14.705,89.538745
45400,2026-05-09 10:20:13.400,45.4,0.8582230623818525,descent,45400,2026-05-09 10:20:13,6.56168,,,-5.323618608676,5.905512,0.0,56.287075292,80.984910728,15,5,14.705,0.581893391324,12.467192,8.6345884,56.337600228,0.0,0.0,1.789552,210.0,0.9,-0.8,,,0,0,1024,1024,485,1024,0,0,-82,0,205.1,-90.0,0,56,3.68,3.686,3.704,3.712,0,0,6.089,76.82,-5.323618608676,6.56168,6,P-GPS,8.315232147705679,2.534482758620691,8.315232147705679,-3.570066460970322,-3.570066460970322,8.315232147705679,-1.1570360131315733,1.1570360131315733,0.0,0.0,14.705,89.538745
45500,2026-05-09 10:20:13.500,45.5,0.8601134215500945,descent,45500,2026-05-09 10:20:13,6.233596,,,-5.651702608676,5.905512,0.0,56.308072668,81.00722044,15,5,14.705,0.581893391324,12.467192,8.6345884,56.337600228,0.0,0.0,1.789552,210.1,1.0,-0.8,,,0,0,1024,1024,485,1024,0,0,-82,0,205.1,-90.0,0,56,3.68,3.686,3.704,3.712,0,0,6.089,76.82,-5.651702608676,6.233596,6,P-GPS,8.145533532446377,2.4827586206896557,8.145533532446377,-3.7397650762296237,-3.7397650762296237,8.145533532446377,-1.1570360131315856,1.1570360131315856,0.0,0.0,14.705,89.538745
45600,2026-05-09 10:20:13.600,45.6,0.8620037807183365,descent,45600,2026-05-09 10:20:13,5.905512,,,-5.979786608676,5.577428,0.0,56.252626472,81.06299472,16,5,14.705,0.581893391324,12.467192,8.6345884,56.337600228,0.0,0.0,1.565858,210.0,1.0,-0.9,,,0,0,1024,1024,485,1024,0,0,-82,0,205.1,-90.0,0,56,3.68,3.686,3.704,3.712,0,0,6.089,76.82,-5.979786608676,5.905512,6,P-GPS,7.9758349171870755,2.4310344827586206,7.9758349171870755,-3.9094636914889254,-3.9094636914889254,7.9758349171870755,-1.1570360131315856,1.1570360131315856,0.0,0.0,14.705,89.538745
45700,2026-05-09 10:20:13.700,45.7,0.8638941398865785,descent,45700,2026-05-09 10:20:13,5.577428,,,-6.307870608676,5.249344,0.0,56.25984432,81.071852988,16,5,14.705,0.581893391324,12.467192,8.6345884,56.337600228,0.0,0.0,1.565858,210.0,0.8,-0.9,,,0,0,1024,1024,484,1024,0,0,-82,0,205.1,-90.0,0,56,3.68,3.686,3.704,3.712,0,0,6.089,76.82,-6.307870608676,5.577428,6,P-GPS,7.806136301927774,2.3793103448275854,7.806136301927774,-4.079162306748227,-4.079162306748227,7.806136301927774,-1.1570360131315856,1.1570360131315856,0.0,0.0,14.705,89.538745
45800,2026-05-09 10:20:13.800,45.8,0.8657844990548204,descent,45800,2026-05-09 10:20:14,5.249344,,,-6.635954608676,4.92126,0.0,56.261156656,81.075461912,16,5,14.705,0.581893391324,12.467192,8.6345884,56.337600228,0.0,0.0,1.565858,210.0,0.7,-0.9,,,0,0,1024,1024,483,1024,0,0,-82,0,205.1,-90.0,0,56,3.68,3.686,3.704,3.712,0,0,6.089,76.82,-6.635954608676,5.249344,6,P-GPS,7.636437686668483,2.327586206896554,7.636437686668483,-4.248860922007518,-4.248860922007518,7.636437686668483,-1.157036013131595,1.157036013131595,0.0,0.0,14.705,89.538745
45900,2026-05-09 10:20:13.900,45.9,0.8676748582230623,descent,45900,2026-05-09 10:20:14,5.249344,,,-6.635954608676,4.92126,0.0,56.255579228,81.084648264,16,5,14.732,0.581893391324,12.467192,8.6345884,56.337600228,0.0,0.0,1.342164,210.1,0.6,-1.0,,,0,0,1024,1024,478,1024,0,0,-83,0,205.1,-90.0,0,56,3.675,3.675,3.675,3.676,0,0,5.554,77.0,-6.635954608676,5.249344,6,P-GPS,7.466739071409182,2.2758620689655187,7.466739071409182,-4.418559537266819,-4.418559537266819,7.466739071409182,-1.1570360131315793,1.1570360131315793,0.0,0.0,14.732,81.821528
46000,2026-05-09 10:20:14.000,46.0,0.8695652173913043,descent,46000,2026-05-09 10:20:14,4.92126,,,-6.964038608676,4.593176,0.0,56.241143532,81.09908396,16,5,14.732,0.581893391324,12.467192,8.6345884,56.337600228,0.0,0.0,1.342164,210.1,0.6,-1.0,,,0,0,1024,1024,474,1024,0,0,-83,0,205.1,-90.0,0,56,3.675,3.675,3.675,3.676,0,0,5.554,77.0,-6.964038608676,4.92126,6,P-GPS,7.2970404561498805,2.2241379310344835,7.2970404561498805,-4.58825815252612,-4.58825815252612,7.2970404561498805,-1.1570360131315856,1.1570360131315856,0.0,0.0,14.732,81.821528
46100,2026-05-09 10:20:14.100,46.1,0.8714555765595464,descent,46100,2026-05-09 10:20:14,4.92126,,,-6.964038608676,4.593176,0.0,56.250657968,81.114175824,16,5,14.732,0.581893391324,12.467192,8.6345884,56.337600228,0.0,0.0,1.11847,210.1,0.5,-1.0,,,0,0,1024,1024,472,1024,0,0,-84,0,205.1,-90.0,0,56,3.675,3.675,3.675,3.676,0,0,5.554,77.0,-6.964038608676,4.92126,6,P-GPS,7.12734184089057,2.1724137931034457,7.12734184089057,-4.757956767785431,-4.757956767785431,7.12734184089057,-1.157036013131646,1.157036013131646,0.0,0.0,14.732,81.821528
46200,2026-05-09 10:20:14.200,46.2,0.8733459357277884,descent,46200,2026-05-09 10:20:14,4.593176,,,-7.292122608676,4.265092,0.0,56.214896812,81.157154828,15,5,14.732,0.581893391324,12.467192,8.6345884,56.337600228,0.0,0.0,1.11847,210.1,0.4,-1.0,,,0,0,1024,1024,469,1024,0,0,-84,0,205.1,-90.0,0,56,3.675,3.675,3.675,3.676,0,0,5.554,77.0,-7.292122608676,4.593176,6,P-GPS,6.957643225631268,2.1206896551724106,6.957643225631268,-4.9276553830447325,-4.9276553830447325,6.957643225631268,-1.1570360131315856,1.1570360131315856,0.0,0.0,14.732,81.821528
46300,2026-05-09 10:20:14.300,46.3,0.8752362948960302,descent,46300,2026-05-09 10:20:14,4.265092,,,-7.620206608676,3.937008,0.0,56.207678964,81.164372676,15,5,14.732,0.581893391324,12.467192,8.6345884,56.337600228,0.0,0.0,1.11847,210.1,0.4,-0.8,,,0,0,1024,1024,467,1024,0,0,-84,0,205.1,-90.0,0,56,3.675,3.675,3.675,3.676,0,0,5.554,77.0,-7.620206608676,4.265092,6,P-GPS,6.787944610371987,2.0689655172413817,6.787944610371987,-5.097353998304014,-5.097353998304014,6.787944610371987,-1.1570360131315285,1.1570360131315285,0.0,0.0,14.732,81.821528
46400,2026-05-09 10:20:14.400,46.4,0.8771266540642723,descent,46400,2026-05-09 10:20:14,4.265092,,,-7.620206608676,3.937008,0.0,56.194883688,81.204398924,15,5,14.732,0.581893391324,12.467192,8.6345884,56.337600228,0.0,0.0,0.894776,210.1,0.4,-0.7,,,0,0,1024,1024,465,1024,0,0,-85,0,205.1,-90.0,0,56,3.675,3.675,3.675,3.676,0,0,5.554,77.0,-7.620206608676,4.265092,6,P-GPS,6.618245995112676,2.017241379310344,6.618245995112676,-5.267052613563325,-5.267052613563325,6.618245995112676,-1.1570360131316522,1.1570360131316522,0.0,0.0,14.732,81.821528
46500,2026-05-09 10:20:14.500,46.5,0.8790170132325142,descent,46500,2026-05-09 10:20:14,3.937008,,,-7.948290608676,3.937008,0.0,56.187993924,81.211616772,15,5,14.732,0.581893391324,12.467192,8.6345884,56.337600228,0.0,0.0,0.894776,210.1,0.4,-0.7,,,0,0,1024,1024,457,1024,0,0,-86,0,205.1,-90.0,0,56,3.675,3.675,3.675,3.676,0,0,5.554,77.0,-7.948290608676,3.937008,6,P-GPS,6.448547379853375,1.9655172413793087,6.448547379853375,-5.436751228822626,-5.436751228822626,6.448547379853375,-1.1570360131315793,1.1570360131315793,0.0,0.0,14.732,81.821528
46600,2026-05-09 10:20:14.600,46.6,0.8809073724007562,descent,46600,2026-05-09 10:20:14,3.937008,,,-7.948290608676,3.937008,0.0,56.16305954,81.239831996,14,5,14.732,0.581893391324,12.467192,8.6345884,56.337600228,0.0,0.0,0.894776,210.1,0.5,-0.7,,,0,0,1024,1024,449,1024,0,0,-87,0,205.1,-90.0,0,56,3.675,3.675,3.675,3.676,0,0,5.554,77.0,-7.948290608676,3.937008,6,P-GPS,6.278848764594074,1.913793103448274,6.278848764594074,-5.606449844081927,-5.606449844081927,6.278848764594074,-1.1570360131315793,1.1570360131315793,0.0,0.0,14.732,81.821528
46700,2026-05-09 10:20:14.700,46.7,0.8827977315689982,descent,46700,2026-05-09 10:20:14,3.937008,,,-7.948290608676,3.608924,0.0,56.160762952,81.243112836,14,5,14.732,0.581893391324,12.467192,8.6345884,56.337600228,0.0,0.0,0.894776,210.1,0.6,-0.8,,,0,0,1024,1024,439,1024,0,0,-89,0,205.1,-90.0,0,56,3.675,3.675,3.675,3.676,0,0,5.554,77.0,-7.948290608676,3.937008,6,P-GPS,6.109150149334773,1.8620689655172389,6.109150149334773,-5.776148459341228,-5.776148459341228,6.109150149334773,-1.1570360131315856,1.1570360131315856,0.0,0.0,14.732,81.821528
46800,2026-05-09 10:20:14.800,46.8,0.8846880907372401,descent,46800,2026-05-09 10:20:15,3.608924,,,-8.276374608676,3.608924,0.0,56.159122532,81.247377928,15,5,14.732,0.581893391324,12.467192,8.6345884,56.337600228,0.0,0.0,0.894776,210.1,0.7,-0.7,,,0,0,1024,1024,424,1024,0,0,-91,0,205.1,-90.0,0,56,3.675,3.675,3.675,3.676,0,0,5.554,77.0,-8.276374608676,3.608924,6,P-GPS,5.939451534075481,1.8103448275862066,5.939451534075481,-5.94584707460052,-5.94584707460052,5.939451534075481,-1.157036013131601,1.157036013131601,0.0,0.0,14.732,81.821528
46900,2026-05-09 10:20:14.900,46.9,0.8865784499054821,descent,46900,2026-05-09 10:20:15,3.608924,,,-8.276374608676,3.608924,0.0,56.221130408,81.316603652,15,5,14.697,0.581893391324,12.467192,8.6345884,56.337600228,0.0,0.0,0.671082,210.0,0.7,-0.6,,,0,0,1024,1024,412,1024,0,0,-93,0,205.1,-90.0,0,56,3.676,3.675,3.675,3.674,0,0,6.357,77.0,-8.276374608676,3.608924,6,P-GPS,5.76975291881618,1.7586206896551717,5.76975291881618,-6.115545689859821,-6.115545689859821,5.76975291881618,-1.1570360131315793,1.1570360131315793,0.0,0.0,14.697,93.428829
47000,2026-05-09 10:20:15.000,47.0,0.888468809073724,descent,47000,2026-05-09 10:20:15,3.28084,,,-8.604458608676,3.28084,0.0,56.217521484,81.323493416,15,5,14.697,0.581893391324,12.467192,8.6345884,56.337600228,0.0,0.0,0.671082,210.0,0.8,-0.6,,,0,0,1024,1024,395,1024,0,0,-95,0,205.1,-90.0,0,56,3.676,3.675,3.675,3.674,0,0,6.357,77.0,-8.604458608676,3.28084,6,P-GPS,5.600054303556879,1.7068965517241368,5.600054303556879,-6.285244305119122,-6.285244305119122,5.600054303556879,-1.1570360131315793,1.1570360131315793,0.0,0.0,14.697,93.428829
47100,2026-05-09 10:20:15.100,47.1,0.890359168241966,descent,47100,2026-05-09 10:20:15,3.28084,,,-8.604458608676,3.28084,0.0,56.172573976,81.381892368,15,5,14.697,0.581893391324,12.467192,8.6345884,56.337600228,0.0,0.0,0.671082,210.0,0.7,-0.6,,,0,0,1024,1024,364,1024,0,0,-100,0,205.1,-90.0,0,56,3.676,3.675,3.675,3.674,0,0,6.357,77.0,-8.604458608676,3.28084,6,P-GPS,5.4303556882975785,1.655172413793102,5.4303556882975785,-6.454942920378422,-6.454942920378422,5.4303556882975785,-1.1570360131315793,1.1570360131315793,0.0,0.0,14.697,93.428829
47200,2026-05-09 10:20:15.200,47.2,0.892249527410208,descent,47200,2026-05-09 10:20:15,3.28084,,,-8.604458608676,3.28084,0.0,56.187337756,81.43208922,15,5,14.697,0.581893391324,12.467192,8.6345884,56.337600228,0.0,0.0,0.671082,210.0,0.6,-0.6,,,0,0,1024,1024,364,1024,0,0,-100,0,205.1,-90.0,0,56,3.676,3.675,3.675,3.674,0,0,6.357,77.0,-8.604458608676,3.28084,6,P-GPS,5.260657073038276,1.6034482758620665,5.260657073038276,-6.624641535637725,-6.624641535637725,5.260657073038276,-1.1570360131315915,1.1570360131315915,0.0,0.0,14.697,93.428829
47300,2026-05-09 10:20:15.300,47.3,0.8941398865784499,descent,47300,2026-05-09 10:20:15,2.952756,,,-8.932542608676,2.952756,0.0,56.183072664,81.437994732,15,5,14.697,0.581893391324,12.467192,8.6345884,56.337600228,0.0,0.0,0.671082,210.0,0.5,-0.7,,,0,0,1024,1024,364,1024,0,0,-100,0,205.1,-90.0,0,56,3.676,3.675,3.675,3.674,0,0,6.357,77.0,-8.932542608676,2.952756,6,P-GPS,5.090958457778985,1.5517241379310347,5.090958457778985,-6.794340150897016,-6.794340150897016,5.090958457778985,-1.157036013131595,1.157036013131595,0.0,0.0,14.697,93.428829
47400,2026-05-09 10:20:15.400,47.4,0.8960302457466919,descent,47400,2026-05-09 10:20:15,2.952756,,,-8.932542608676,2.952756,0.0,56.179791824,81.441603656,15,5,14.697,0.581893391324,12.467192,8.6345884,56.337600228,0.0,0.0,0.447388,210.0,0.4,-0.8,,,0,0,1024,1024,364,1024,0,0,-100,0,205.1,-90.0,0,56,3.676,3.675,3.675,3.674,0,0,6.357,77.0,-8.932542608676,2.952756,6,P-GPS,4.921259842519684,1.4999999999999998,4.921259842519684,-6.964038766156317,-6.964038766156317,4.921259842519684,-1.1570360131315793,1.1570360131315793,0.0,0.0,14.697,93.428829
47500,2026-05-09 10:20:15.500,47.5,0.8979206049149339,descent,47500,2026-05-09 10:20:15,2.952756,,,-8.932542608676,2.952756,0.0,56.15649786,81.46653804,15,5,14.697,0.581893391324,12.467192,8.6345884,56.337600228,0.0,0.0,0.447388,210.0,0.3,-0.9,,,0,0,1024,1024,364,1024,0,0,-100,0,205.1,-90.0,0,56,3.676,3.675,3.675,3.674,0,0,6.357,77.0,-8.932542608676,2.952756,6,P-GPS,4.751561227260383,1.4482758620689646,4.751561227260383,-7.133737381415618,-7.133737381415618,4.751561227260383,-1.1570360131315856,1.1570360131315856,0.0,0.0,14.697,93.428829
47600,2026-05-09 10:20:15.600,47.6,0.8998109640831758,descent,47600,2026-05-09 10:20:15,2.952756,,,-8.932542608676,2.952756,0.0,56.17290206,81.490160088,15,5,14.697,0.581893391324,12.467192,8.6345884,56.337600228,0.0,0.0,0.447388,210.0,0.4,-0.8,,,0,0,1024,1024,364,1024,0,0,-100,0,205.1,-90.0,0,56,3.676,3.675,3.675,3.674,0,0,6.357,77.0,-8.932542608676,2.952756,6,P-GPS,4.581862612001082,1.39655172413793,4.581862612001082,-7.303435996674919,-7.303435996674919,4.581862612001082,-1.1570360131315793,1.1570360131315793,0.0,0.0,14.697,93.428829
47700,2026-05-09 10:20:15.700,47.7,0.9017013232514178,descent,47700,2026-05-09 10:20:15,2.624672,,,-9.260626608676,2.624672,0.0,56.172573976,81.492456676,15,5,14.697,0.581893391324,12.467192,8.6345884,56.337600228,0.0,0.0,0.447388,210.0,0.5,-0.8,,,0,0,1024,1024,364,1024,0,0,-100,0,205.1,-90.0,0,56,3.676,3.675,3.675,3.674,0,0,6.357,77.0,-9.260626608676,2.624672,6,P-GPS,4.41216399674178,1.3448275862068948,4.41216399674178,-7.473134611934221,-7.473134611934221,4.41216399674178,-1.1570360131315856,1.1570360131315856,0.0,0.0,14.697,93.428829
47800,2026-05-09 10:20:15.800,47.8,0.9035916824196597,descent,47800,2026-05-09 10:20:16,2.624672,,,-9.260626608676,2.624672,0.0,56.16962122,81.496393684,15,5,14.697,0.581893391324,12.467192,8.6345884,56.337600228,0.0,0.0,0.447388,210.0,0.5,-0.7,,,0,0,1024,1024,364,1024,0,0,-100,0,205.1,-90.0,0,56,3.676,3.675,3.675,3.674,0,0,6.357,77.0,-9.260626608676,2.624672,6,P-GPS,4.242465381482489,1.2931034482758628,4.242465381482489,-7.6428332271935115,-7.6428332271935115,4.242465381482489,-1.157036013131595,1.157036013131595,0.0,0.0,14.697,93.428829
47900,2026-05-09 10:20:15.900,47.9,0.9054820415879017,descent,47900,2026-05-09 10:20:16,2.624672,,,-9.260626608676,2.624672,0.0,56.128938804,81.537732268,15,5,14.697,0.581893391324,12.467192,8.6345884,56.337600228,0.0,0.0,0.447388,210.0,0.5,-0.7,,,0,0,1024,1024,364,1024,0,0,-100,0,205.1,-90.0,0,56,3.676,3.675,3.675,3.674,0,0,6.357,77.0,-9.260626608676,2.624672,6,P-GPS,4.072766766223189,1.2413793103448278,4.072766766223189,-7.812531842452812,-7.812531842452812,4.072766766223189,-1.1570360131315793,1.1570360131315793,0.0,0.0,14.697,93.428829
48000,2026-05-09 10:20:16.000,48.0,0.9073724007561437,descent,48000,2026-05-09 10:20:16,2.296588,,,-9.588710608676,2.624672,0.0,56.127954552,81.542653528,15,5,14.697,0.581893391324,12.467192,8.6345884,56.337600228,0.0,0.0,0.447388,210.0,0.4,-0.7,,,0,0,1024,1024,364,1024,0,0,-100,0,205.1,-90.0,0,56,3.676,3.675,3.675,3.674,0,0,6.357,77.0,-9.588710608676,2.296588,6,P-GPS,3.903068150963887,1.1896551724137927,3.903068150963887,-7.982230457712114,-7.982230457712114,3.903068150963887,-1.1570360131315856,1.1570360131315856,0.0,0.0,14.697,93.428829
48100,2026-05-09 10:20:16.100,48.1,0.9092627599243857,descent,48100,2026-05-09 10:20:16,2.296588,,,-9.588710608676,2.296588,0.0,56.174870564,81.594162716,15,5,14.701,0.581893391324,12.467192,8.6345884,56.337600228,0.0,0.0,0.447388,210.0,0.4,-0.7,,,0,0,1024,1024,364,1024,0,0,-100,0,205.1,-90.0,0,56,3.676,3.675,3.675,3.674,0,0,6.253,77.18,-9.588710608676,2.296588,6,P-GPS,3.733369535704586,1.137931034482758,3.733369535704586,-8.151929072971415,-8.151929072971415,3.733369535704586,-1.1570360131315793,1.1570360131315793,0.0,0.0,14.701,91.925353
48200,2026-05-09 10:20:16.200,48.2,0.9111531190926276,descent,48200,2026-05-09 10:20:16,2.296588,,,-9.588710608676,2.296588,0.0,56.162403372,81.620081352,15,5,14.701,0.581893391324,12.467192,8.6345884,56.337600228,0.0,0.0,0.447388,210.0,0.4,-0.9,,,0,0,1024,1024,364,1024,0,0,-100,0,205.1,-90.0,0,56,3.676,3.675,3.675,3.674,0,0,6.253,77.18,-9.588710608676,2.296588,6,P-GPS,3.563670920445285,1.0862068965517229,3.563670920445285,-8.321627688230716,-8.321627688230716,3.563670920445285,-1.1570360131315824,1.1570360131315824,0.0,0.0,14.701,91.925353
48300,2026-05-09 10:20:16.300,48.3,0.9130434782608695,descent,48300,2026-05-09 10:20:16,2.296588,,,-9.588710608676,2.296588,0.0,56.164371876,81.622706024,15,5,14.701,0.581893391324,12.467192,8.6345884,56.337600228,0.0,0.0,0.447388,210.0,0.5,-0.9,,,0,0,1024,1024,364,1024,0,0,-100,0,205.1,-90.0,0,56,3.676,3.675,3.675,3.674,0,0,6.253,77.18,-9.588710608676,2.296588,6,P-GPS,3.3939723051859936,1.0344827586206908,3.3939723051859936,-8.491326303490007,-8.491326303490007,3.3939723051859936,-1.157036013131598,1.157036013131598,0.0,0.0,14.701,91.925353
48400,2026-05-09 10:20:16.400,48.4,0.9149338374291115,descent,48400,2026-05-09 10:20:16,2.296588,,,-9.588710608676,2.296588,0.0,56.162731456,81.630251956,15,5,14.701,0.581893391324,12.467192,8.6345884,56.337600228,0.0,0.0,0.447388,210.0,0.4,-0.9,,,0,0,1024,1024,364,1024,0,0,-100,0,205.1,-90.0,0,56,3.676,3.675,3.675,3.674,0,0,6.253,77.18,-9.588710608676,2.296588,6,P-GPS,3.2242736899266924,0.9827586206896559,3.2242736899266924,-8.661024918749309,-8.661024918749309,3.2242736899266924,-1.1570360131315824,1.1570360131315824,0.0,0.0,14.701,91.925353
48500,2026-05-09 10:20:16.500,48.5,0.9168241965973535,descent,48500,2026-05-09 10:20:16,1.968504,,,-9.916794608676,2.296588,0.0,56.165028044,81.632876628,15,5,14.701,0.581893391324,12.467192,8.6345884,56.337600228,0.0,0.0,0.447388,210.0,0.4,-0.8,,,0,0,1024,1024,364,1024,0,0,-100,0,205.1,-90.0,0,56,3.676,3.675,3.675,3.674,0,0,6.253,77.18,-9.916794608676,1.968504,6,P-GPS,3.0545750746673916,0.931034482758621,3.0545750746673916,-8.830723534008609,-8.830723534008609,3.0545750746673916,-1.1570360131315793,1.1570360131315793,0.0,0.0,14.701,91.925353
48600,2026-05-09 10:20:16.600,48.6,0.9187145557655955,descent,48600,2026-05-09 10:20:16,1.968504,,,-9.916794608676,2.296588,0.0,56.164371876,81.634188964,15,5,14.701,0.581893391324,12.467192,8.6345884,56.337600228,0.0,0.0,0.447388,210.0,0.4,-0.8,,,0,0,1024,1024,364,1024,0,0,-100,0,205.1,-90.0,0,56,3.676,3.675,3.675,3.674,0,0,6.253,77.18,-9.916794608676,1.968504,6,P-GPS,2.88487645940809,0.8793103448275859,2.88487645940809,-9.00042214926791,-9.00042214926791,2.88487645940809,-1.1570360131315856,1.1570360131315856,0.0,0.0,14.701,91.925353
48700,2026-05-09 10:20:16.700,48.7,0.9206049149338376,descent,48700,2026-05-09 10:20:16,1.968504,,,-9.916794608676,2.296588,0.0,56.170933556,81.656170592,15,5,14.701,0.581893391324,12.467192,8.6345884,56.337600228,0.0,0.0,0.223694,210.0,0.4,-0.8,,,0,0,1024,1024,364,1024,0,0,-100,0,205.1,-90.0,0,56,3.676,3.675,3.675,3.674,0,0,6.253,77.18,-9.916794608676,1.968504,6,P-GPS,2.7151778441487786,0.8275862068965477,2.7151778441487786,-9.170120764527223,-9.170120764527223,2.7151778441487786,-1.1570360131316522,1.1570360131316522,0.0,0.0,14.701,91.925353
48800,2026-05-09 10:20:16.800,48.8,0.9224952741020793,descent,48800,2026-05-09 10:20:17,1.968504,,,-9.916794608676,1.968504,0.0,56.158794448,81.66995012,15,5,14.701,0.581893391324,12.467192,8.6345884,56.337600228,0.0,0.0,0.223694,210.0,0.3,-0.8,,,0,0,1024,1024,364,1024,0,0,-100,0,205.1,-90.0,0,56,3.676,3.675,3.675,3.674,0,0,6.253,77.18,-9.916794608676,1.968504,6,P-GPS,2.5454792288894974,0.7758620689655189,2.5454792288894974,-9.339819379786503,-9.339819379786503,2.5454792288894974,-1.1570360131315285,1.1570360131315285,0.0,0.0,14.701,91.925353
48900,2026-05-09 10:20:16.900,48.9,0.9243856332703213,descent,48900,2026-05-09 10:20:17,1.968504,,,-9.916794608676,1.968504,0.0,56.157482112,81.67323096,15,5,14.701,0.581893391324,12.467192,8.6345884,56.337600228,0.0,0.0,0.223694,210.0,0.2,-0.8,,,0,0,1024,1024,364,1024,0,0,-100,0,205.1,-90.0,0,56,3.676,3.675,3.675,3.674,0,0,6.253,77.18,-9.916794608676,1.968504,6,P-GPS,2.3757806136301967,0.724137931034484,2.3757806136301967,-9.509517995045805,-9.509517995045805,2.3757806136301967,-1.1570360131315793,1.1570360131315793,0.0,0.0,14.701,91.925353
49000,2026-05-09 10:20:17.000,49.0,0.9262759924385634,descent,49000,2026-05-09 10:20:17,1.64042,,,-10.244878608676,1.968504,0.0,56.160762952,81.682417312,15,5,14.701,0.581893391324,12.467192,8.6345884,56.337600228,0.0,0.0,0.223694,210.0,0.2,-0.7,,,0,0,1024,1024,364,1024,0,0,-100,0,205.1,-90.0,0,56,3.676,3.675,3.675,3.674,0,0,6.253,77.18,-10.244878608676,1.64042,6,P-GPS,2.2060819983708853,0.6724137931034458,2.2060819983708853,-9.679216610305115,-9.679216610305115,2.2060819983708853,-1.1570360131316522,1.1570360131316522,0.0,0.0,14.701,91.925353
49100,2026-05-09 10:20:17.100,49.1,0.9281663516068054,descent,49100,2026-05-09 10:20:17,1.64042,,,-10.244878608676,1.968504,0.0,56.16305954,81.68963516,15,5,14.697,0.581893391324,12.467192,8.6345884,56.337600228,0.0,0.0,0.223694,210.0,0.3,-0.6,,,0,0,1024,1024,364,1024,0,0,-100,0,205.1,-90.0,0,56,3.674,3.673,3.673,3.673,0,0,6.237,77.18,-10.244878608676,1.64042,6,P-GPS,2.036383383111584,0.6206896551724108,2.036383383111584,-9.848915225564417,-9.848915225564417,2.036383383111584,-1.1570360131315824,1.1570360131315824,0.0,0.0,14.697,91.665189
49200,2026-05-09 10:20:17.200,49.2,0.9300567107750474,descent,49200,2026-05-09 10:20:17,1.64042,,,-10.244878608676,1.968504,0.0,56.160434868,81.694884504,15,5,14.697,0.581893391324,12.467192,8.6345884,56.337600228,0.0,0.0,0.223694,210.0,0.4,-0.5,,,0,0,1024,1024,364,1024,0,0,-100,0,205.1,-90.0,0,56,3.674,3.673,3.673,3.673,0,0,6.237,77.18,-10.244878608676,1.64042,6,P-GPS,1.866684767852283,0.5689655172413759,1.866684767852283,-10.018613840823718,-10.018613840823718,1.866684767852283,-1.1570360131315809,1.1570360131315809,0.0,0.0,14.697,91.665189
49300,2026-05-09 10:20:17.300,49.3,0.9319470699432892,descent,49300,2026-05-09 10:20:17,1.64042,,,-10.244878608676,1.968504,0.0,56.159122532,81.698165344,15,5,14.697,0.581893391324,12.467192,8.6345884,56.337600228,0.0,0.0,0.0,210.0,0.4,-0.5,,,0,0,1024,1024,364,1024,0,0,-100,0,205.1,-90.0,0,56,3.674,3.673,3.673,3.673,0,0,6.237,77.18,-10.244878608676,1.64042,6,P-GPS,1.696986152592992,0.517241379310344,1.696986152592992,-10.18831245608301,-10.18831245608301,1.696986152592992,-1.1570360131315964,1.1570360131315964,0.0,0.0,14.697,91.665189
49400,2026-05-09 10:20:17.400,49.4,0.9338374291115312,descent,49400,2026-05-09 10:20:17,1.64042,,,-10.244878608676,1.968504,0.0,56.156825944,81.712272956,15,5,14.697,0.581893391324,12.467192,8.6345884,56.337600228,0.0,0.0,0.0,210.0,0.3,-0.5,,,0,0,1024,1024,364,1024,0,0,-100,0,205.1,-90.0,0,56,3.674,3.673,3.673,3.673,0,0,6.237,77.18,-10.244878608676,1.64042,6,P-GPS,1.5272875373336905,0.4655172413793089,1.5272875373336905,-10.358011071342311,-10.358011071342311,1.5272875373336905,-1.157036013131584,1.157036013131584,0.0,0.0,14.697,91.665189
49500,2026-05-09 10:20:17.500,49.5,0.9357277882797732,descent,49500,2026-05-09 10:20:17,1.64042,,,-10.244878608676,1.968504,0.0,56.153545104,81.71916272,15,5,14.697,0.581893391324,12.467192,8.6345884,56.337600228,0.0,0.0,0.0,210.0,0.3,-0.4,,,0,0,1024,1024,364,1024,0,0,-100,0,205.1,-87.8,0,56,3.674,3.673,3.673,3.673,0,0,6.237,77.18,-10.244878608676,1.64042,6,P-GPS,1.3575889220743893,0.41379310344827386,1.3575889220743893,-10.52770968660161,-10.52770968660161,1.3575889220743893,-1.1570360131315824,1.1570360131315824,0.0,0.0,14.697,91.665189
49600,2026-05-09 10:20:17.600,49.6,0.9376181474480152,descent,49600,2026-05-09 10:20:17,1.64042,,,-10.244878608676,1.968504,0.0,56.145999172,81.730973744,15,5,14.697,0.581893391324,12.467192,8.6345884,56.337600228,0.0,0.0,0.0,210.0,0.2,-0.4,,,0,0,1024,1024,364,1024,0,0,-100,0,205.1,-62.4,0,56,3.674,3.673,3.673,3.673,0,0,6.237,77.18,-10.244878608676,1.64042,6,P-GPS,1.1878903068150883,0.36206896551723894,1.1878903068150883,-10.697408301860913,-10.697408301860913,1.1878903068150883,-1.1570360131315809,1.1570360131315809,0.0,0.0,14.697,91.665189
49700,2026-05-09 10:20:17.700,49.7,0.9395085066162572,descent,49700,2026-05-09 10:20:17,1.64042,,,-10.244878608676,1.968504,0.0,56.147967676,81.732942248,15,5,14.697,0.581893391324,12.467192,8.6345884,56.337600228,0.0,0.0,0.0,210.0,0.3,-0.3,,,0,0,1024,1024,364,1024,0,0,-100,0,205.1,-30.1,0,56,3.674,3.673,3.673,3.673,0,0,6.237,77.18,-10.244878608676,1.64042,33,Confirm_Landing,1.0181916915557871,0.31034482758620396,1.0181916915557871,-10.867106917120214,-10.867106917120214,1.0181916915557871,-1.1570360131315824,1.1570360131315824,0.0,0.0,14.697,91.665189
49800,2026-05-09 10:20:17.800,49.8,0.941398865784499,descent,49800,2026-05-09 10:20:18,1.64042,,,-10.244878608676,1.64042,0.0,56.153545104,81.739175844,15,5,14.697,0.581893391324,12.467192,8.6345884,56.337600228,0.0,0.0,0.0,210.0,0.5,-0.4,,,0,0,1024,1024,364,1024,0,0,-100,0,205.1,-13.6,0,56,3.674,3.673,3.673,3.673,0,0,6.237,77.18,-10.244878608676,1.64042,33,Confirm_Landing,0.848493076296496,0.258620689655172,0.848493076296496,-11.036805532379505,-11.036805532379505,0.848493076296496,-1.1570360131315964,1.1570360131315964,0.0,0.0,14.697,91.665189
49900,2026-05-09 10:20:17.900,49.9,0.943289224952741,descent,49900,2026-05-09 10:20:18,1.64042,,,-10.244878608676,1.968504,0.0,56.1597787,81.748362196,15,5,14.697,0.581893391324,12.467192,8.6345884,56.337600228,0.0,0.0,0.0,210.1,1.1,-0.8,,,0,0,1024,1024,364,1024,0,0,-100,0,205.1,0.0,0,56,3.674,3.673,3.673,3.673,0,0,6.237,77.18,-10.244878608676,1.64042,33,Confirm_Landing,0.6787944610371947,0.20689655172413693,0.6787944610371947,-11.206504147638807,-11.206504147638807,0.6787944610371947,-1.157036013131583,1.157036013131583,0.0,0.0,14.697,91.665189
50000,2026-05-09 10:20:18.000,50.0,0.945179584120983,descent,50000,2026-05-09 10:20:18,1.312336,,,-10.572962608676,1.64042,0.0,56.16962122,81.76017322,15,5,14.697,0.581893391324,12.467192,8.6345884,56.337600228,0.0,0.0,0.671082,210.0,1.1,-1.0,,,0,0,1024,1024,364,1024,0,0,-100,0,205.1,0.0,0,56,3.674,3.673,3.673,3.673,0,0,6.237,77.18,-10.572962608676,1.312336,33,Confirm_Landing,0.5090958457778936,0.15517241379310198,0.5090958457778936,-11.376202762898107,-11.376202762898107,0.5090958457778936,-1.1570360131315818,1.1570360131315818,0.0,0.0,14.697,91.665189
50100,2026-05-09 10:20:18.100,50.1,0.947069943289225,descent,50100,2026-05-09 10:20:18,1.312336,,,-10.572962608676,1.64042,0.0,56.173230144,81.764438312,15,5,14.682,0.581893391324,12.467192,8.6345884,56.337600228,0.0,0.0,0.894776,210.0,1.0,-1.0,,,0,0,1024,1024,364,1024,0,0,-100,0,205.1,0.0,0,56,3.674,3.671,3.668,3.668,0,0,6.394,77.36,-10.572962608676,1.312336,33,Confirm_Landing,0.33939723051859233,0.10344827586206695,0.33939723051859233,-11.545901378157408,-11.545901378157408,0.33939723051859233,-1.1570360131315829,1.1570360131315829,0.0,0.0,14.682,93.87670800000001
50200,2026-05-09 10:20:18.200,50.2,0.948960302457467,descent,50200,2026-05-09 10:20:18,1.312336,,,-10.572962608676,1.64042,0.0,56.184385,81.777889756,15,5,14.682,0.581893391324,12.467192,8.6345884,56.337600228,0.0,0.0,0.894776,210.1,0.8,-0.9,,,0,0,1024,1024,659,1024,0,0,-55,0,205.1,0.0,0,56,3.674,3.671,3.668,3.668,0,0,6.394,77.36,-10.572962608676,1.312336,33,Confirm_Landing,0.16969861525929122,0.05172413793103197,0.16969861525929122,-11.71559999341671,-11.71559999341671,0.16969861525929122,-1.157036013131582,1.157036013131582,0.0,0.0,14.682,93.87670800000001
50300,2026-05-09 10:20:18.300,50.3,0.9508506616257089,descent,50300,2026-05-09 10:20:18,0.984252,,,-10.901046608676,1.312336,0.0,56.179135656,81.78477952,15,5,14.682,0.581893391324,12.467192,8.6345884,56.337600228,0.0,0.0,0.894776,210.1,0.5,-0.8,,,0,0,1024,1024,1024,1024,0,0,0,0,205.1,0.0,0,56,3.674,3.671,3.668,3.668,0,0,6.394,77.36,-10.901046608676,0.984252,33,Confirm_Landing,0.0,0.0,0.0,-11.885298608676,-11.885298608676,0.0,-1.1570360131315969,1.1570360131315969,0.0,0.0,14.682,93.87670800000001
50400,2026-05-09 10:20:18.400,50.4,0.9527410207939508,ground,50400,2026-05-09 10:20:18,0.984252,,,-10.901046608676,1.312336,0.0,56.17126164,81.79626246,15,5,14.682,0.581893391324,12.467192,8.6345884,56.337600228,0.0,0.0,0.894776,210.1,0.4,-0.8,,,0,0,1024,1024,1024,1024,0,0,0,0,205.1,0.0,0,56,3.674,3.671,3.668,3.668,0,0,6.394,77.36,-10.901046608676,0.984252,33,Confirm_Landing,0.0,0.0,0.0,-11.885298608676,-11.885298608676,0.0,0.0,0.0,0.4,-0.8,14.682,93.87670800000001
50500,2026-05-09 10:20:18.500,50.5,0.9546313799621928,ground,50500,2026-05-09 10:20:18,0.656168,,,-11.229130608676,0.984252,0.0,56.146983424,81.820540676,15,5,14.682,0.581893391324,12.467192,8.6345884,56.337600228,0.0,0.0,0.671082,210.1,0.3,-0.7,,,0,0,1024,1024,1024,1024,0,0,0,0,205.1,0.0,0,56,3.674,3.671,3.668,3.668,0,0,6.394,77.36,-11.229130608676,0.656168,33,Confirm_Landing,0.0,0.0,0.0,-11.885298608676,-11.885298608676,0.0,0.0,0.0,0.3,-0.7,14.682,93.87670800000001
50600,2026-05-09 10:20:18.600,50.6,0.9565217391304348,ground,50600,2026-05-09 10:20:18,0.656168,,,-11.229130608676,0.984252,0.0,56.162731456,81.836616792,15,5,14.682,0.581893391324,12.467192,8.6345884,56.337600228,0.0,0.0,0.671082,210.2,0.3,-0.7,,,0,0,1024,1024,1024,1024,0,0,0,0,205.1,0.0,0,56,3.674,3.671,3.668,3.668,0,0,6.394,77.36,-11.229130608676,0.656168,33,Confirm_Landing,0.0,0.0,0.0,-11.885298608676,-11.885298608676,0.0,0.0,0.0,0.3,-0.7,14.682,93.87670800000001
50700,2026-05-09 10:20:18.700,50.7,0.9584120982986768,ground,50700,2026-05-09 10:20:18,0.656168,,,-11.229130608676,0.984252,0.0,56.153545104,81.845803144,15,5,14.682,0.581893391324,12.467192,8.6345884,56.337600228,0.0,0.0,0.671082,210.2,0.3,-0.6,,,0,0,1024,1024,1024,1024,0,0,0,0,205.1,0.0,0,56,3.674,3.671,3.668,3.668,0,0,6.394,77.36,-11.229130608676,0.656168,33,Confirm_Landing,0.0,0.0,0.0,-11.885298608676,-11.885298608676,0.0,0.0,0.0,0.3,-0.6,14.682,93.87670800000001
50800,2026-05-09 10:20:18.800,50.8,0.9603024574669187,ground,50800,2026-05-09 10:20:18,0.328084,,,-11.557214608676,0.984252,0.0,56.142062164,81.857286084,15,5,14.682,0.581893391324,12.467192,8.6345884,56.337600228,0.0,0.0,0.671082,210.1,0.2,-0.7,,,0,0,1024,1024,1024,1024,0,0,0,0,205.1,0.0,0,56,3.674,3.671,3.668,3.668,0,0,6.394,77.36,-11.557214608676,0.328084,33,Confirm_Landing,0.0,0.0,0.0,-11.885298608676,-11.885298608676,0.0,0.0,0.0,0.2,-0.7,14.682,93.87670800000001
50900,2026-05-09 10:20:18.900,50.9,0.9621928166351607,ground,50900,2026-05-09 10:20:19,0.328084,,,-11.557214608676,0.656168,0.0,56.103020168,81.899280836,15,5,14.682,0.581893391324,12.467192,8.6345884,56.337600228,0.0,0.0,0.447388,210.2,0.0,-0.8,,,0,0,1024,1024,1024,1024,0,0,0,0,205.1,0.0,0,56,3.674,3.671,3.668,3.668,0,0,6.394,77.36,-11.557214608676,0.328084,33,Confirm_Landing,0.0,0.0,0.0,-11.885298608676,-11.885298608676,0.0,0.0,0.0,0.0,-0.8,14.682,93.87670800000001
51000,2026-05-09 10:20:19.000,51.0,0.9640831758034026,ground,51000,2026-05-09 10:20:19,0.328084,,,-11.557214608676,0.656168,0.0,56.103348252,81.903545928,15,5,14.682,0.581893391324,12.467192,8.6345884,56.337600228,0.0,0.0,0.447388,210.2,0.0,-0.6,,,0,0,1024,1024,1024,1024,0,0,0,0,205.1,0.0,0,56,3.674,3.671,3.668,3.668,0,0,6.394,77.36,-11.557214608676,0.328084,33,Confirm_Landing,0.0,0.0,0.0,-11.885298608676,-11.885298608676,0.0,0.0,0.0,0.0,-0.6,14.682,93.87670800000001
51100,2026-05-09 10:20:19.100,51.1,0.9659735349716446,ground,51100,2026-05-09 10:20:19,0.328084,,,-11.557214608676,0.656168,0.0,56.096458488,81.915356952,15,5,14.693,0.581893391324,12.467192,8.6345884,56.337600228,0.0,0.0,0.447388,210.2,0.0,-0.7,,,0,0,1024,1024,1024,1024,0,0,0,0,205.1,0.0,0,56,3.674,3.672,3.673,3.674,0,0,6.006,77.36,-11.557214608676,0.328084,33,Confirm_Landing,0.0,0.0,0.0,-11.885298608676,-11.885298608676,0.0,0.0,0.0,0.0,-0.7,14.693,88.246158
51200,2026-05-09 10:20:19.200,51.2,0.9678638941398866,ground,51200,2026-05-09 10:20:19,0.0,,,-11.885298608676,0.656168,0.0,56.06791518,81.952758528,15,5,14.693,0.581893391324,12.467192,8.6345884,56.337600228,0.0,0.0,0.447388,210.2,0.0,-1.0,,,0,0,1024,1024,1024,1024,0,0,0,0,205.1,0.0,0,56,3.674,3.672,3.673,3.674,0,0,6.006,77.36,-11.885298608676,0.0,33,Confirm_Landing,0.0,0.0,0.0,-11.885298608676,-11.885298608676,0.0,0.0,0.0,0.0,-1.0,14.693,88.246158
51300,2026-05-09 10:20:19.300,51.3,0.9697542533081285,ground,51300,2026-05-09 10:20:19,0.0,,,-11.885298608676,0.328084,0.0,56.068571348,81.959976376,15,5,14.693,0.581893391324,12.467192,8.6345884,56.337600228,0.0,0.0,0.447388,210.2,0.0,-1.2,,,0,0,1024,1024,1024,1024,0,0,0,0,205.1,0.0,0,56,3.674,3.672,3.673,3.674,0,0,6.006,77.36,-11.885298608676,0.0,33,Confirm_Landing,0.0,0.0,0.0,-11.885298608676,-11.885298608676,0.0,0.0,0.0,0.0,-1.2,14.693,88.246158
51400,2026-05-09 10:20:19.400,51.4,0.9716446124763705,ground,51400,2026-05-09 10:20:19,0.0,,,-11.885298608676,0.328084,0.0,56.079726204,81.995081364,15,5,14.693,0.581893391324,12.467192,8.6345884,56.337600228,0.0,0.0,0.447388,210.2,0.0,-1.0,,,0,0,1024,1024,1024,1024,0,0,0,0,205.1,0.0,0,56,3.674,3.672,3.673,3.674,0,0,6.006,77.36,-11.885298608676,0.0,33,Confirm_Landing,0.0,0.0,0.0,-11.885298608676,-11.885298608676,0.0,0.0,0.0,0.0,-1.0,14.693,88.246158
51500,2026-05-09 10:20:19.500,51.5,0.9735349716446126,ground,51500,2026-05-09 10:20:19,0.0,,,-11.885298608676,0.328084,0.0,56.077429616,81.998690288,15,5,14.693,0.581893391324,12.467192,8.6345884,56.337600228,0.0,0.0,0.447388,210.2,0.0,-1.0,,,0,0,1024,1024,1024,1024,0,0,0,0,205.1,0.0,0,56,3.674,3.672,3.673,3.674,0,0,6.006,77.36,-11.885298608676,0.0,33,Confirm_Landing,0.0,0.0,0.0,-11.885298608676,-11.885298608676,0.0,0.0,0.0,0.0,-1.0,14.693,88.246158
51600,2026-05-09 10:20:19.600,51.6,0.9754253308128545,ground,51600,2026-05-09 10:20:19,0.0,,,-11.885298608676,0.328084,0.0,56.054135652,82.022312336,15,5,14.693,0.581893391324,12.467192,8.6345884,56.337600228,0.0,0.0,0.447388,210.1,0.2,-1.1,,,0,0,1024,1024,1024,1024,0,0,0,0,205.1,0.0,0,56,3.674,3.672,3.673,3.674,0,0,6.006,77.36,-11.885298608676,0.0,33,Confirm_Landing,0.0,0.0,0.0,-11.885298608676,-11.885298608676,0.0,0.0,0.0,0.2,-1.1,14.693,88.246158
51700,2026-05-09 10:20:19.700,51.7,0.9773156899810965,ground,51700,2026-05-09 10:20:19,0.0,,,-11.885298608676,0.328084,0.0,56.049542476,82.027889764,15,5,14.693,0.581893391324,12.467192,8.6345884,56.337600228,0.0,0.0,0.223694,210.1,0.1,-0.7,,,0,0,1024,1024,1024,1024,0,0,0,0,205.1,0.0,0,56,3.674,3.672,3.673,3.674,0,0,6.006,77.36,-11.885298608676,0.0,33,Confirm_Landing,0.0,0.0,0.0,-11.885298608676,-11.885298608676,0.0,0.0,0.0,0.1,-0.7,14.693,88.246158
51800,2026-05-09 10:20:19.800,51.8,0.9792060491493384,ground,51800,2026-05-09 10:20:20,0.0,,,-11.885298608676,0.328084,0.0,56.047902056,82.043309712,15,5,14.693,0.581893391324,12.467192,8.6345884,56.337600228,0.0,0.0,0.223694,210.1,-0.1,-0.7,,,0,0,1024,1024,1024,1024,0,0,0,0,205.1,0.0,0,56,3.674,3.672,3.673,3.674,0,0,6.006,77.36,-11.885298608676,0.0,33,Confirm_Landing,0.0,0.0,0.0,-11.885298608676,-11.885298608676,0.0,0.0,0.0,-0.1,-0.7,14.693,88.246158
51900,2026-05-09 10:20:19.900,51.9,0.9810964083175804,ground,51900,2026-05-09 10:20:20,0.0,,,-11.885298608676,0.328084,0.0,56.043636964,82.047902888,15,5,14.693,0.581893391324,12.467192,8.6345884,56.337600228,0.0,0.0,0.223694,210.1,0.0,-0.6,,,0,0,1024,1024,1024,1024,0,0,0,0,205.1,0.0,0,56,3.674,3.672,3.673,3.674,0,0,6.006,77.36,-11.885298608676,0.0,33,Confirm_Landing,0.0,0.0,0.0,-11.885298608676,-11.885298608676,0.0,0.0,0.0,0.0,-0.6,14.693,88.246158
52000,2026-05-09 10:20:20.000,52.0,0.9829867674858224,ground,52000,2026-05-09 10:20:20,0.0,,,-11.885298608676,0.0,0.0,56.036419116,82.05544882,15,5,14.693,0.581893391324,12.467192,8.6345884,56.337600228,0.0,0.0,0.0,210.3,2.6,-1.6,,,0,0,1024,1024,1024,1024,0,0,0,0,205.1,0.0,0,56,3.674,3.672,3.673,3.674,0,0,6.006,77.36,-11.885298608676,0.0,33,Confirm_Landing,0.0,0.0,0.0,-11.885298608676,-11.885298608676,0.0,0.0,0.0,2.6,-1.6,14.693,88.246158
52100,2026-05-09 10:20:20.100,52.1,0.9848771266540643,ground,52100,2026-05-09 10:20:20,0.0,,,-11.885298608676,0.328084,0.0,56.052167148,82.07185302,15,5,14.743,0.581893391324,12.467192,8.6345884,56.337600228,0.0,0.0,0.0,210.2,4.7,-1.5,,,0,0,1024,1024,1024,1024,0,0,0,0,205.1,0.0,0,56,3.681,3.68,3.682,3.682,0,0,5.447,77.36,-11.885298608676,0.0,33,Confirm_Landing,0.0,0.0,0.0,-11.885298608676,-11.885298608676,0.0,0.0,0.0,4.7,-1.5,14.743,80.305121
52200,2026-05-09 10:20:20.200,52.2,0.9867674858223063,ground,52200,2026-05-09 10:20:20,0.0,,,-11.885298608676,0.328084,0.0,56.041996544,82.086288716,15,5,14.743,0.581893391324,12.467192,8.6345884,56.337600228,0.0,0.0,0.0,210.2,6.3,-1.5,,,0,0,1024,1024,1024,1024,0,0,0,0,205.1,0.0,0,56,3.681,3.68,3.682,3.682,0,0,5.447,77.36,-11.885298608676,0.0,33,Confirm_Landing,0.0,0.0,0.0,-11.885298608676,-11.885298608676,0.0,0.0,0.0,6.3,-1.5,14.743,80.305121
52300,2026-05-09 10:20:20.300,52.3,0.9886578449905482,ground,52300,2026-05-09 10:20:20,0.0,,,-11.885298608676,0.0,0.0,56.033794444,82.094490816,15,5,14.743,0.581893391324,12.467192,8.6345884,56.337600228,0.0,0.0,0.0,210.2,6.7,-1.5,,,0,0,1024,1024,1024,1024,0,0,0,0,205.1,0.0,0,56,3.681,3.68,3.682,3.682,0,0,5.447,77.36,-11.885298608676,0.0,33,Confirm_Landing,0.0,0.0,0.0,-11.885298608676,-11.885298608676,0.0,0.0,0.0,6.7,-1.5,14.743,80.305121
52400,2026-05-09 10:20:20.400,52.4,0.9905482041587902,ground,52400,2026-05-09 10:20:20,0.0,,,-11.885298608676,0.0,0.0,56.056760324,82.12106562,15,5,14.743,0.581893391324,12.467192,8.6345884,56.337600228,0.0,0.0,0.0,210.2,6.7,-1.5,,,0,0,1024,1024,1024,1024,0,0,0,0,205.1,0.0,0,56,3.681,3.68,3.682,3.682,0,0,5.447,77.36,-11.885298608676,0.0,33,Confirm_Landing,0.0,0.0,0.0,-11.885298608676,-11.885298608676,0.0,0.0,0.0,6.7,-1.5,14.743,80.305121
52500,2026-05-09 10:20:20.500,52.5,0.9924385633270322,ground,52500,2026-05-09 10:20:20,0.0,,,-11.885298608676,0.0,0.0,56.054135652,82.12598688,15,5,14.743,0.581893391324,12.467192,8.6345884,56.337600228,0.0,0.0,0.0,210.2,6.7,-1.5,,,0,0,1024,1024,1024,1024,0,0,0,0,205.1,0.0,0,56,3.681,3.68,3.682,3.682,0,0,5.447,77.36,-11.885298608676,0.0,33,Confirm_Landing,0.0,0.0,0.0,-11.885298608676,-11.885298608676,0.0,0.0,0.0,6.7,-1.5,14.743,80.305121
52600,2026-05-09 10:20:20.600,52.6,0.9943289224952742,ground,52600,2026-05-09 10:20:20,0.0,,,-11.885298608676,0.0,0.0,56.054463736,82.133860896,15,5,14.743,0.581893391324,12.467192,8.6345884,56.337600228,0.0,0.0,0.0,210.2,6.7,-1.5,,,0,0,1024,1024,1024,1024,0,0,0,0,205.1,0.0,0,56,3.681,3.68,3.682,3.682,0,0,5.447,77.36,-11.885298608676,0.0,33,Confirm_Landing,0.0,0.0,0.0,-11.885298608676,-11.885298608676,0.0,0.0,0.0,6.7,-1.5,14.743,80.305121
52700,2026-05-09 10:20:20.700,52.7,0.9962192816635161,ground,52700,2026-05-09 10:20:20,0.0,,,-11.885298608676,0.0,0.0,56.053479484,82.136485568,15,5,14.743,0.581893391324,12.467192,8.6345884,56.337600228,0.0,0.0,0.0,210.2,6.7,-1.5,,,0,0,1024,1024,1024,1024,0,0,0,0,205.1,0.0,0,56,3.681,3.68,3.682,3.682,0,0,5.447,77.36,-11.885298608676,0.0,33,Confirm_Landing,0.0,0.0,0.0,-11.885298608676,-11.885298608676,0.0,0.0,0.0,6.7,-1.5,14.743,80.305121
52800,2026-05-09 10:20:20.800,52.8,0.998109640831758,ground,52800,2026-05-09 10:20:21,0.0,,,-11.885298608676,0.0,0.0,56.054463736,82.14895276,14,5,14.743,0.581893391324,12.467192,8.6345884,56.337600228,0.0,0.0,0.0,210.2,6.7,-1.5,,,0,0,1024,1024,1024,1024,0,0,0,0,205.2,0.0,0,56,3.681,3.68,3.682,3.682,0,0,5.447,77.36,-11.885298608676,0.0,33,Confirm_Landing,0.0,0.0,0.0,-11.885298608676,-11.885298608676,0.0,0.0,0.0,6.7,-1.5,14.743,80.305121
52900,2026-05-09 10:20:20.900,52.9,1.0,ground,52900,2026-05-09 10:20:21,0.0,,,-11.885298608676,0.328084,0.0,56.055776072,82.150265096,14,5,14.743,0.581893391324,12.467192,8.6345884,56.337600228,0.0,0.0,0.0,210.2,6.7,-1.5,,,0,0,1024,1024,1024,1024,0,0,0,0,205.2,0.0,0,56,3.681,3.68,3.682,3.682,0,0,5.447,77.36,-11.885298608676,0.0,33,Confirm_Landing,0.0,0.0,0.0,-11.885298608676,-11.885298608676,0.0,0.0,0.0,6.7,-1.5,14.743,80.305121
