time(millisecond),datetime(utc),aligned_time_s,aligned_phase,ideal_flight_phase,original_time(millisecond),original_datetime(utc),original_height_above_takeoff(feet),height_above_ground_at_drone_location(feet),ground_elevation_at_drone_location(feet),original_altitude_above_seaLevel(feet),original_height_sonar(feet),original_speed(mph),distance(feet),mileage(feet),satellites,gpslevel,voltage(v),max_altitude(feet),max_ascent(feet),max_speed(mph),max_distance(feet),xSpeed(mph),ySpeed(mph),original_zSpeed(mph),compass_heading(degrees),original_pitch(degrees),original_roll(degrees),wind_speed(mph),wind_direction(degrees),isPhoto,isVideo,rc_elevator,rc_aileron,rc_throttle,rc_rudder,rc_elevator(percent),rc_aileron(percent),rc_throttle(percent),rc_rudder(percent),gimbal_heading(degrees),gimbal_pitch(degrees),gimbal_roll(degrees),battery_percent,voltageCell1,voltageCell2,voltageCell3,voltageCell4,voltageCell5,voltageCell6,current(A),battery_temperature(f),original_altitude(feet),original_ascent(feet),flycStateRaw,flycState,height_above_takeoff(feet),height_above_takeoff(m),ascent(feet),altitude(feet),altitude_above_seaLevel(feet),height_sonar(feet),zSpeed(mph),speed(mph),pitch(degrees),roll(degrees),estimated_pack_voltage(V),estimated_power(W)
0,2026-05-09 10:19:28.000,0.0,0.0,ground,100900,2026-05-09 10:21:18,0.0,Available with any HD 360 subscription,Available with any HD 360 subscription,-9.863457664712,0.328084,0.0,0.0,0.0,15,5,0.0,0.0,0.0,0.0,0.0,0.0,0.0,0.0,30.3,5.2,-0.3,Available with Enterprise subscription,,0,0,1024,1024,1024,1024,0,0,0,0,25.2,0.0,0,54,3.72,3.717,3.717,3.719,0,0,0.0,81.86,-9.863457664712,0.0,6,P-GPS,0.0,0.0,0.0,-9.863457664712,-9.863457664712,0.0,0.0,0.0,5.2,-0.3,14.873,0.0
106,2026-05-09 10:19:28.106,0.1060120240480962,0.0020040080160320644,ground,101000,2026-05-09 10:21:19,0.0,,,-9.863457664712,0.328084,0.0,0.0036473754448,0.0036473754448,15,5,0.0,0.0,0.0,0.0,0.0036473754448,0.0,0.0,0.0,30.3,5.3,-0.3,,,0,0,1024,1024,1024,1024,0,0,0,0,25.2,0.0,0,54,3.72,3.717,3.717,3.719,0,0,0.0,81.86,-9.863457664712,0.0,41,Motors_Started,0.0,0.0,0.0,-9.863457664712,-9.863457664712,0.0,0.0,0.0,5.3,-0.3,14.873,0.0
212,2026-05-09 10:19:28.212,0.2120240480961924,0.004008016032064129,ground,101100,2026-05-09 10:21:19,0.0,,,-9.863457664712,0.328084,0.0,0.00246346464576,0.0091017719448,15,5,0.0,0.0,0.0,0.0,0.0036473754448,0.0,0.0,0.0,30.3,5.3,-0.3,,,0,0,1024,1024,1024,1024,0,0,0,0,25.2,0.0,0,54,3.72,3.717,3.717,3.719,0,0,0.0,81.86,-9.863457664712,0.0,41,Motors_Started,0.0,0.0,0.0,-9.863457664712,-9.863457664712,0.0,0.0,0.0,5.3,-0.3,14.873,0.0
318,2026-05-09 10:19:28.318,0.3180360721442886,0.006012024048096192,ground,101200,2026-05-09 10:21:19,0.0,,,-9.863457664712,0.328084,0.0,0.004866469972,0.0157313653328,15,5,0.0,0.0,0.0,0.0,0.004866469972,0.0,0.0,0.0,30.3,5.3,-0.3,,,0,0,1024,1024,1024,1024,0,0,0,0,25.2,0.0,0,54,3.72,3.717,3.717,3.719,0,0,0.0,81.86,-9.863457664712,0.0,41,Motors_Started,0.0,0.0,0.0,-9.863457664712,-9.863457664712,0.0,0.0,0.0,5.3,-0.3,14.873,0.0
424,2026-05-09 10:19:28.424,0.4240480961923848,0.008016032064128258,ground,101300,2026-05-09 10:21:19,0.0,,,-9.863457664712,0.328084,0.0,0.007631069798,0.0189491147796,15,5,0.0,0.0,0.0,0.0,0.007631069798,0.0,0.0,0.0,30.3,5.3,-0.3,,,0,0,1024,1024,1024,1024,0,0,0,0,25.2,0.0,0,54,3.72,3.717,3.717,3.719,0,0,0.0,81.86,-9.863457664712,0.0,41,Motors_Started,0.0,0.0,0.0,-9.863457664712,-9.863457664712,0.0,0.0,0.0,5.3,-0.3,14.873,0.0
530,2026-05-09 10:19:28.530,0.5300601202404809,0.01002004008016032,ground,101400,2026-05-09 10:21:19,0.0,,,-9.863457664712,0.328084,0.0,53.347442652,0.0205929140448,15,5,0.0,0.0,0.0,0.0,53.347442652,0.0,0.0,0.0,30.3,5.3,-0.3,,,0,0,1024,1024,1024,1024,0,0,0,0,25.2,0.0,0,54,3.72,3.717,3.717,3.719,0,0,0.0,81.86,-9.863457664712,0.0,41,Motors_Started,0.0,0.0,0.0,-9.863457664712,-9.863457664712,0.0,0.0,0.0,5.3,-0.3,14.873,0.0
636,2026-05-09 10:19:28.636,0.6360721442885772,0.012024048096192385,ground,101500,2026-05-09 10:21:19,0.0,,,-9.863457664712,0.328084,0.0,53.34317756,0.0258321202492,15,5,0.0,0.0,0.0,0.0,53.347442652,0.0,0.0,0.0,30.3,5.3,-0.3,,,0,0,1024,1024,1024,1024,0,0,0,0,25.2,0.0,0,54,3.72,3.717,3.717,3.719,0,0,0.0,81.86,-9.863457664712,0.0,41,Motors_Started,0.0,0.0,0.0,-9.863457664712,-9.863457664712,0.0,0.0,0.0,5.3,-0.3,14.873,0.0
742,2026-05-09 10:19:28.742,0.7420841683366733,0.014028056112224449,ground,101600,2026-05-09 10:21:19,0.0,,,-9.863457664712,0.328084,0.0,53.343833728,0.0266366806424,15,5,0.0,0.0,0.0,0.0,53.347442652,0.0,0.0,0.0,30.3,5.2,-0.3,,,0,0,1024,1024,1024,1024,0,0,0,0,25.2,0.0,0,54,3.72,3.717,3.717,3.719,0,0,0.0,81.86,-9.863457664712,0.0,41,Motors_Started,0.0,0.0,0.0,-9.863457664712,-9.863457664712,0.0,0.0,0.0,5.2,-0.3,14.873,0.0
848,2026-05-09 10:19:28.848,0.8480961923847696,0.016032064128256515,ground,101700,2026-05-09 10:21:19,0.0,,,-9.863457664712,0.328084,0.0,53.339240552,0.0326082031432,15,5,0.0,0.0,0.0,0.0,53.347442652,0.0,0.0,0.0,30.3,5.2,-0.3,,,0,0,1024,1024,1024,1024,0,0,0,0,25.2,0.0,0,54,3.72,3.717,3.717,3.719,0,0,0.0,81.86,-9.863457664712,0.0,41,Motors_Started,0.0,0.0,0.0,-9.863457664712,-9.863457664712,0.0,0.0,0.0,5.2,-0.3,14.873,0.0
954,2026-05-09 10:19:28.954,0.9541082164328657,0.018036072144288578,ground,101800,2026-05-09 10:21:19,0.0,,,-9.863457664712,0.328084,0.0,53.351051576,0.044661090668,15,5,0.0,0.0,0.0,0.0,53.351051576,0.0,0.0,0.0,30.3,5.3,-0.3,,,0,0,1024,1024,1024,1024,0,0,0,0,25.2,0.0,0,54,3.72,3.717,3.717,3.719,0,0,0.0,81.86,-9.863457664712,0.0,41,Motors_Started,0.0,0.0,0.0,-9.863457664712,-9.863457664712,0.0,0.0,0.0,5.3,-0.3,14.873,0.0
1060,2026-05-09 10:19:29.060,1.0601202404809618,0.02004008016032064,ground,101900,2026-05-09 10:21:19,0.0,,,-9.863457664712,0.328084,0.0,53.352363912,0.0474819569,15,5,0.0,0.0,0.0,0.0,53.352363912,0.0,0.0,0.0,30.3,5.2,-0.3,,,0,0,1024,1024,1024,1024,0,0,0,0,25.2,0.0,0,54,3.72,3.717,3.717,3.719,0,0,0.0,81.86,-9.863457664712,0.0,41,Motors_Started,0.0,0.0,0.0,-9.863457664712,-9.863457664712,0.0,0.0,0.0,5.2,-0.3,14.873,0.0
1166,2026-05-09 10:19:29.166,1.1661322645290582,0.022044088176352707,ground,102000,2026-05-09 10:21:20,0.0,,,-9.863457664712,0.328084,0.0,53.340552888,0.061257219808,15,5,0.0,0.0,0.0,0.0,53.352363912,0.0,0.0,0.0,30.3,5.3,-0.3,,,0,0,1024,1024,1024,1024,0,0,0,0,25.2,0.0,0,54,3.72,3.717,3.717,3.719,0,0,0.0,81.86,-9.863457664712,0.0,41,Motors_Started,0.0,0.0,0.0,-9.863457664712,-9.863457664712,0.0,0.0,0.0,5.3,-0.3,14.873,0.0
1272,2026-05-09 10:19:29.272,1.2721442885771543,0.02404809619238477,ground,102100,2026-05-09 10:21:20,0.0,,,-9.863457664712,0.328084,0.0,53.339240552,0.062638781532,15,5,14.873,0.0,0.0,0.0,53.352363912,0.0,0.0,0.0,30.3,5.3,-0.3,,,0,0,1024,1024,1024,1024,0,0,0,0,25.2,0.0,0,54,3.683,3.681,3.68,3.68,0,0,0.958,81.86,-9.863457664712,0.0,41,Motors_Started,0.0,0.0,0.0,-9.863457664712,-9.863457664712,0.0,0.0,0.0,5.3,-0.3,14.873,14.248333999999998
1378,2026-05-09 10:19:29.378,1.3781563126252505,0.026052104208416835,ground,102200,2026-05-09 10:21:20,0.0,,,-9.863457664712,0.328084,0.0,53.338912468,0.063081038764,15,5,14.873,0.0,0.0,0.0,53.352363912,0.0,0.0,0.0,30.3,5.3,-0.3,,,0,0,1024,1024,1024,1024,0,0,0,0,25.2,0.0,0,54,3.683,3.681,3.68,3.68,0,0,0.958,81.86,-9.863457664712,0.0,41,Motors_Started,0.0,0.0,0.0,-9.863457664712,-9.863457664712,0.0,0.0,0.0,5.3,-0.3,14.873,14.248333999999998
1484,2026-05-09 10:19:29.484,1.4841683366733467,0.028056112224448898,ground,102300,2026-05-09 10:21:20,0.0,,,-9.863457664712,0.328084,0.0,53.35302008,0.078868768928,15,5,14.873,0.0,0.0,0.0,53.35302008,0.0,0.0,0.0,30.3,5.3,-0.3,,,0,0,1024,1024,1024,1024,0,0,0,0,25.2,0.0,0,54,3.683,3.681,3.68,3.68,0,0,0.958,81.86,-9.863457664712,0.0,41,Motors_Started,0.0,0.0,0.0,-9.863457664712,-9.863457664712,0.0,0.0,0.0,5.3,-0.3,14.873,14.248333999999998
1590,2026-05-09 10:19:29.590,1.5901803607214429,0.030060120240480964,ground,102400,2026-05-09 10:21:20,0.0,,,-9.863457664712,0.328084,0.0,53.346130316,0.085772312456,15,5,14.873,0.0,0.0,0.0,53.35302008,0.0,0.0,0.0,30.3,5.3,-0.2,,,0,0,1024,1024,1024,1024,0,0,0,0,25.2,0.0,0,54,3.683,3.681,3.68,3.68,0,0,0.958,81.86,-9.863457664712,0.0,41,Motors_Started,0.0,0.0,0.0,-9.863457664712,-9.863457664712,0.0,0.0,0.0,5.3,-0.2,14.873,14.248333999999998
1696,2026-05-09 10:19:29.696,1.6961923847695393,0.03206412825651303,ground,102500,2026-05-09 10:21:20,0.0,,,-9.863457664712,0.328084,0.0,53.346786484,0.086432745548,15,5,14.873,0.0,0.0,0.0,53.35302008,0.0,0.0,0.0,30.3,5.3,-0.3,,,0,0,1024,1024,1024,1024,0,0,0,0,25.2,0.0,0,54,3.683,3.681,3.68,3.68,0,0,0.958,81.86,-9.863457664712,0.0,11,AutoTakeoff,0.0,0.0,0.0,-9.863457664712,-9.863457664712,0.0,0.0,0.0,5.3,-0.3,14.873,14.248333999999998
1802,2026-05-09 10:19:29.802,1.8022044088176352,0.03406813627254509,ground,102600,2026-05-09 10:21:20,0.0,,,-9.863457664712,0.328084,0.0,53.347114568,0.086605317732,15,5,14.873,0.0,0.0,0.0,53.35302008,0.0,0.0,0.0,30.3,5.3,-0.3,,,0,0,1024,1024,1024,1024,0,0,0,0,25.2,0.0,0,54,3.683,3.681,3.68,3.68,0,0,0.958,81.86,-9.863457664712,0.0,11,AutoTakeoff,0.0,0.0,0.0,-9.863457664712,-9.863457664712,0.0,0.0,0.0,5.3,-0.3,14.873,14.248333999999998
1908,2026-05-09 10:19:29.908,1.9082164328657314,0.036072144288577156,ground,102700,2026-05-09 10:21:20,0.0,,,-9.863457664712,0.328084,0.0,53.347770736,0.088489504144,15,5,14.873,0.0,0.0,0.0,53.35302008,0.0,0.0,0.0,30.3,5.2,-0.2,,,0,0,1024,1024,1024,1024,0,0,0,0,25.2,0.0,0,54,3.683,3.681,3.68,3.68,0,0,0.958,81.86,-9.863457664712,0.0,11,AutoTakeoff,0.0,0.0,0.0,-9.863457664712,-9.863457664712,0.0,0.0,0.0,5.2,-0.2,14.873,14.248333999999998
2014,2026-05-09 10:19:30.014,2.0142284569138273,0.038076152304609215,ground,102800,2026-05-09 10:21:20,0.0,,,-9.863457664712,0.328084,0.0,53.347770736,0.088748690504,15,5,14.873,0.0,0.0,0.0,53.35302008,0.0,0.0,0.0,30.3,5.2,-0.2,,,0,0,1024,1024,1024,1024,0,0,0,0,25.2,0.0,0,54,3.683,3.681,3.68,3.68,0,0,0.958,81.86,-9.863457664712,0.0,11,AutoTakeoff,0.0,0.0,0.0,-9.863457664712,-9.863457664712,0.0,0.0,0.0,5.2,-0.2,14.873,14.248333999999998
2120,2026-05-09 10:19:30.120,2.1202404809619235,0.04008016032064128,ground,102900,2026-05-09 10:21:20,0.0,,,-9.863457664712,0.328084,0.0,53.340552888,0.097846787908,15,5,14.873,0.0,0.0,0.0,53.35302008,0.0,0.0,0.0,30.4,4.9,-0.2,,,0,0,1024,1024,1024,1024,0,0,0,0,25.2,0.0,0,54,3.683,3.681,3.68,3.68,0,0,0.958,81.86,-9.863457664712,0.0,11,AutoTakeoff,0.0,0.0,0.0,-9.863457664712,-9.863457664712,0.0,0.0,0.0,4.9,-0.2,14.873,14.248333999999998
2226,2026-05-09 10:19:30.226,2.22625250501002,0.04208416833667335,ground,103000,2026-05-09 10:21:21,0.0,,,-9.863457664712,0.328084,0.0,53.324476772,0.114122050896,15,5,14.873,0.0,0.0,0.0,53.35302008,0.0,0.0,0.0,30.2,2.2,-0.2,,,0,0,1024,1024,1024,1024,0,0,0,0,25.2,0.0,0,54,3.683,3.681,3.68,3.68,0,0,0.958,81.86,-9.863457664712,0.0,11,AutoTakeoff,0.0,0.0,0.0,-9.863457664712,-9.863457664712,0.0,0.0,0.0,2.2,-0.2,14.873,14.248333999999998
2332,2026-05-09 10:19:30.332,2.3322645290581163,0.04408817635270541,ground,103100,2026-05-09 10:21:21,0.0,,,-9.863457664712,0.328084,0.0,53.301182808,0.13761319338,15,5,14.742,0.0,0.0,0.0,53.35302008,0.0,0.0,-0.223694,30.0,-0.9,-0.1,,,0,0,1024,1024,1024,1024,0,0,0,0,25.2,0.0,0,54,3.706,3.702,3.7,3.699,0,0,2.965,82.04,-9.863457664712,0.0,11,AutoTakeoff,0.0,0.0,0.0,-9.863457664712,-9.863457664712,0.0,0.0,0.0,-0.9,-0.1,14.742,43.71003
2438,2026-05-09 10:19:30.438,2.438276553106212,0.04609218436873747,ground,103200,2026-05-09 10:21:21,0.0,,,-9.863457664712,0.328084,0.0,53.263781232,0.174953745756,15,5,14.742,0.0,0.0,0.0,53.35302008,0.0,0.0,-0.671082,30.1,-1.6,0.1,,,0,0,1024,1024,1024,1024,0,0,0,0,25.2,0.0,0,54,3.706,3.702,3.7,3.699,0,0,2.965,82.04,-9.863457664712,0.0,11,AutoTakeoff,0.0,0.0,0.0,-9.863457664712,-9.863457664712,0.0,0.0,0.0,-1.6,0.1,14.742,43.71003
2544,2026-05-09 10:19:30.544,2.5442885771543087,0.04809619238476954,ground,103300,2026-05-09 10:21:21,0.0,,,-9.863457664712,0.656168,0.0,53.247048948,0.192178811924,15,5,14.742,0.0,0.0,0.0,53.35302008,0.0,0.0,-1.11847,30.2,-0.9,-0.2,,,0,0,1024,1024,1024,1024,0,0,0,0,25.2,0.0,0,54,3.706,3.702,3.7,3.699,0,0,2.965,82.04,-9.863457664712,0.0,11,AutoTakeoff,0.0,0.0,0.0,-9.863457664712,-9.863457664712,0.0,0.0,0.0,-0.9,-0.2,14.742,43.71003
2650,2026-05-09 10:19:30.650,2.650300601202405,0.050100200400801605,ground,103400,2026-05-09 10:21:21,0.328084,,,-9.535373664712,0.984252,0.0,53.20866312,0.235362212256,15,5,14.742,0.0,0.328084,0.0,53.35302008,0.0,0.0,-1.11847,30.3,-0.3,-0.6,,,0,0,1024,1024,1024,1024,0,0,0,0,25.2,0.0,0,54,3.706,3.702,3.7,3.699,0,0,2.965,82.04,-9.535373664712,0.328084,11,AutoTakeoff,0.0,0.0,0.0,-9.863457664712,-9.863457664712,0.0,0.0,0.0,-0.3,-0.6,14.742,43.71003
2756,2026-05-09 10:19:30.756,2.756312625250501,0.05210420841683367,ground,103500,2026-05-09 10:21:21,0.328084,,,-9.535373664712,0.984252,0.0,53.198492516,0.24547901048,15,5,14.742,0.0,0.328084,0.0,53.35302008,0.0,0.0,-1.11847,30.3,0.0,-0.5,,,0,0,1024,1024,1024,1024,0,0,0,0,25.2,0.0,0,54,3.706,3.702,3.7,3.699,0,0,2.965,82.04,-9.535373664712,0.328084,11,AutoTakeoff,0.0,0.0,0.0,-9.863457664712,-9.863457664712,0.0,0.0,0.0,0.0,-0.5,14.742,43.71003
2862,2026-05-09 10:19:30.862,2.862324649298597,0.05410821643286574,ground,103600,2026-05-09 10:21:21,0.656168,,,-9.207289664712,0.984252,0.0,53.181432148,0.26363517904,15,5,14.742,0.0,0.656168,0.0,53.35302008,0.0,0.0,-1.11847,30.3,0.0,-0.4,,,0,0,1024,1024,1024,1024,0,0,0,0,25.2,0.0,0,54,3.706,3.702,3.7,3.699,0,0,2.965,82.04,-9.207289664712,0.656168,11,AutoTakeoff,0.0,0.0,0.0,-9.863457664712,-9.863457664712,0.0,0.0,0.0,0.0,-0.4,14.742,43.71003
2968,2026-05-09 10:19:30.968,2.9683366733466934,0.056112224448897796,ground,103700,2026-05-09 10:21:21,0.656168,,,-9.207289664712,1.312336,0.0,53.148295664,0.297035114492,15,5,14.742,0.0,0.656168,0.0,53.35302008,0.0,0.0,-1.11847,30.2,-0.2,-0.1,,,0,0,1024,1024,1024,1024,0,0,0,0,25.2,0.0,0,54,3.706,3.702,3.7,3.699,0,0,2.965,82.04,-9.207289664712,0.656168,11,AutoTakeoff,0.0,0.0,0.0,-9.863457664712,-9.863457664712,0.0,0.0,0.0,-0.2,-0.1,14.742,43.71003
3074,2026-05-09 10:19:31.074,3.0743486973947896,0.05811623246492986,ground,103800,2026-05-09 10:21:21,0.984252,,,-8.879205664712,1.312336,0.0,53.132219548,0.315354668884,15,5,14.742,0.0,0.984252,0.0,53.35302008,0.0,0.0,-0.894776,30.2,-0.6,0.0,,,0,0,1024,1024,1024,1024,0,0,0,0,25.2,0.0,0,54,3.706,3.702,3.7,3.699,0,0,2.965,82.04,-8.879205664712,0.984252,11,AutoTakeoff,0.0,0.0,0.0,-9.863457664712,-9.863457664712,0.0,0.0,0.0,-0.6,0.0,14.742,43.71003
3180,2026-05-09 10:19:31.180,3.1803607214428857,0.06012024048096193,ground,103900,2026-05-09 10:21:21,0.984252,,,-8.879205664712,1.312336,0.0,53.140093564,0.32977691344,15,5,14.742,0.0,0.984252,0.0,53.35302008,0.0,0.0,-0.894776,30.2,-0.6,0.2,,,0,0,1024,1024,1024,1024,0,0,0,0,25.2,0.0,0,54,3.706,3.702,3.7,3.699,0,0,2.965,82.04,-8.879205664712,0.984252,11,AutoTakeoff,0.0,0.0,0.0,-9.863457664712,-9.863457664712,0.0,0.0,0.0,-0.6,0.2,14.742,43.71003
3286,2026-05-09 10:19:31.286,3.2863727454909823,0.062124248496993995,ascent,104000,2026-05-09 10:21:22,1.312336,,,-8.551121664712,1.64042,0.0,53.160762856,0.35550197988,15,5,14.742,0.0,1.312336,0.0,53.35302008,0.0,0.0,-0.894776,30.2,-0.6,0.3,,,0,0,1024,1024,1024,1024,0,0,0,0,25.2,0.0,0,54,3.706,3.702,3.7,3.699,0,0,2.965,82.04,-8.551121664712,1.312336,11,AutoTakeoff,0.0,0.0,0.0,-9.863457664712,-9.863457664712,0.0,0.0,0.0,0.0,0.0,14.742,43.71003
3392,2026-05-09 10:19:31.392,3.3923847695390785,0.06412825651302606,ascent,104100,2026-05-09 10:21:22,1.312336,,,-8.551121664712,1.64042,0.0,53.148623748,0.36923885696,15,5,14.752,0.0,1.312336,0.0,53.35302008,0.0,0.0,-0.894776,30.2,-0.5,0.3,,,0,0,1024,1024,1024,1024,0,0,0,0,25.2,0.0,0,54,3.667,3.666,3.665,3.665,0,0,2.955,81.86,-8.551121664712,1.312336,11,AutoTakeoff,0.6026032460228192,0.1836734693877553,0.6026032460228192,-9.260854418689181,-9.260854418689181,0.6026032460228192,3.875653287919576,3.875653287919576,0.0,0.0,14.752,43.59216
3498,2026-05-09 10:19:31.498,3.4983967935871743,0.06613226452905811,ascent,104200,2026-05-09 10:21:22,1.312336,,,-8.551121664712,1.64042,0.0,53.137796976,0.3805938442,15,5,14.752,0.0,1.312336,0.0,53.35302008,0.0,0.0,-0.894776,30.2,-0.6,0.2,,,0,0,1024,1024,1024,1024,0,0,0,0,25.2,0.0,0,54,3.667,3.666,3.665,3.665,0,0,2.955,81.86,-8.551121664712,1.312336,11,AutoTakeoff,1.2052064920456342,0.36734693877550934,1.2052064920456342,-8.658251172666365,-8.658251172666365,1.2052064920456342,3.875653287919565,3.875653287919565,0.0,0.0,14.752,43.59216
3604,2026-05-09 10:19:31.604,3.6044088176352704,0.06813627254509018,ascent,104300,2026-05-09 10:21:22,1.64042,,,-8.223037664712,1.968504,0.0,53.117127684,0.40278544596,15,5,14.752,0.0,1.64042,0.0,53.35302008,0.0,0.0,-0.894776,30.2,-0.6,0.2,,,0,0,1024,1024,1024,1024,0,0,0,0,25.2,0.0,0,54,3.667,3.666,3.665,3.665,0,0,2.955,81.86,-8.223037664712,1.64042,11,AutoTakeoff,1.8078097380684535,0.5510204081632647,1.8078097380684535,-8.055647926643546,-8.055647926643546,1.8078097380684535,3.875653287919576,3.875653287919576,0.0,0.0,14.752,43.59216
3710,2026-05-09 10:19:31.710,3.7104208416833666,0.07014028056112225,ascent,104400,2026-05-09 10:21:22,1.64042,,,-8.223037664712,2.296588,0.0,53.124017448,0.41225066936,15,5,14.752,0.0,1.64042,0.0,53.35302008,0.0,0.0,-0.894776,30.2,-0.6,0.2,,,0,0,1024,1024,1024,1024,0,0,0,0,25.2,0.0,0,54,3.667,3.666,3.665,3.665,0,0,2.955,81.86,-8.223037664712,1.64042,11,AutoTakeoff,2.4104129840912725,0.7346938775510199,2.4104129840912725,-7.453044680620727,-7.453044680620727,2.4104129840912725,3.875653287919574,3.875653287919574,0.0,0.0,14.752,43.59216
3816,2026-05-09 10:19:31.816,3.816432865731463,0.07214428857715431,ascent,104500,2026-05-09 10:21:22,1.968504,,,-7.894953664712,2.296588,0.0,53.119752356,0.41692586636,15,5,14.752,0.0,1.968504,0.0,53.35302008,0.0,0.0,-1.11847,30.2,-0.6,0.1,,,0,0,1024,1024,1024,1024,0,0,0,0,25.2,0.0,0,54,3.667,3.666,3.665,3.665,0,0,2.955,81.86,-7.894953664712,1.968504,11,AutoTakeoff,3.0130162301140917,0.9183673469387752,3.0130162301140917,-6.850441434597908,-6.850441434597908,3.0130162301140917,3.875653287919576,3.875653287919576,0.0,0.0,14.752,43.59216
3922,2026-05-09 10:19:31.922,3.9224448897795594,0.07414829659318638,ascent,104600,2026-05-09 10:21:22,1.968504,,,-7.894953664712,2.296588,0.0,53.12008044,0.41986221816,15,5,14.752,0.0,1.968504,0.0,53.35302008,0.0,0.0,-1.11847,30.2,-0.4,0.0,,,0,0,1024,1024,1024,1024,0,0,0,0,25.2,0.0,0,54,3.667,3.666,3.665,3.665,0,0,2.955,81.86,-7.894953664712,1.968504,11,AutoTakeoff,3.615619476136911,1.1020408163265305,3.615619476136911,-6.247838188575089,-6.247838188575089,3.615619476136911,3.8756532879195595,3.8756532879195595,0.0,0.0,14.752,43.59216
4028,2026-05-09 10:19:32.028,4.028456913827655,0.07615230460921843,ascent,104700,2026-05-09 10:21:22,2.296588,,,-7.566869664712,2.624672,0.0,53.095146056,0.4449803292,15,5,14.752,0.0,2.296588,0.0,53.35302008,0.0,0.0,-1.11847,30.2,-0.3,0.1,,,0,0,1024,1024,1024,1024,0,0,0,0,25.2,0.0,0,54,3.667,3.666,3.665,3.665,0,0,2.955,81.86,-7.566869664712,2.296588,11,AutoTakeoff,4.218222722159726,1.2857142857142845,4.218222722159726,-5.645234942552274,-5.645234942552274,4.218222722159726,3.8756532879195795,3.8756532879195795,0.0,0.0,14.752,43.59216
4134,2026-05-09 10:19:32.134,4.134468937875751,0.0781563126252505,ascent,104800,2026-05-09 10:21:22,2.624672,,,-7.238785664712,2.624672,0.0,53.101379652,0.4528543452,15,5,14.752,0.0,2.624672,0.0,53.35302008,0.0,0.0,-1.11847,30.2,-0.3,0.3,,,0,0,1024,1024,1266,1024,0,0,37,0,25.2,0.0,0,54,3.667,3.666,3.665,3.665,0,0,2.955,81.86,-7.238785664712,2.624672,11,AutoTakeoff,4.820825968182545,1.4693877551020398,4.820825968182545,-5.042631696529455,-5.042631696529455,4.820825968182545,3.8756532879195595,3.8756532879195595,0.0,0.0,14.752,43.59216
4240,2026-05-09 10:19:32.240,4.240480961923847,0.08016032064128256,ascent,104900,2026-05-09 10:21:22,2.624672,,,-7.238785664712,2.952756,0.0,53.149936084,0.50229988484,15,5,14.752,0.0,2.624672,0.0,53.35302008,0.0,0.0,-1.11847,30.2,-0.2,0.4,,,0,0,1024,1024,1441,1024,0,0,63,0,25.2,0.0,0,54,3.667,3.666,3.665,3.665,0,0,2.955,81.86,-7.238785664712,2.624672,11,AutoTakeoff,5.423429214205364,1.653061224489795,5.423429214205364,-4.440028450506635,-4.440028450506635,5.423429214205364,3.8756532879195924,3.8756532879195924,0.0,0.0,14.752,43.59216
4346,2026-05-09 10:19:32.346,4.346492985971944,0.08216432865731463,ascent,105000,2026-05-09 10:21:23,2.952756,,,-6.910701664712,2.952756,0.0,53.154857344,0.50742127608,15,5,14.752,0.0,2.952756,0.0,53.35302008,0.0,0.0,-1.342164,30.2,-0.2,0.2,,,0,0,1024,1024,1542,1024,0,0,78,0,25.2,0.0,0,54,3.667,3.666,3.665,3.665,0,0,2.955,81.86,-6.910701664712,2.952756,11,AutoTakeoff,6.026032460228183,1.8367346938775504,6.026032460228183,-3.837425204483816,-3.837425204483816,6.026032460228183,3.8756532879195595,3.8756532879195595,0.0,0.0,14.752,43.59216
4453,2026-05-09 10:19:32.452,4.45250501002004,0.0841683366733467,ascent,105100,2026-05-09 10:21:23,2.952756,,,-6.910701664712,3.28084,0.0,53.176510888,0.53187009576,15,5,14.657,0.0,2.952756,0.0,53.35302008,0.0,0.0,-2.23694,30.2,-0.3,0.0,,,0,0,1024,1024,1541,1024,0,0,78,0,25.2,0.0,0,54,3.662,3.659,3.656,3.649,0,0,5.926,82.04,-6.910701664712,2.952756,11,AutoTakeoff,6.628635706251003,2.020408163265306,6.628635706251003,-3.234821958460997,-3.234821958460997,6.628635706251003,3.8756532879195595,3.8756532879195595,0.0,0.0,14.657,86.857382
4559,2026-05-09 10:19:32.558,4.558517034068136,0.08617234468937876,ascent,105200,2026-05-09 10:21:23,3.608924,,,-6.254533664712,3.608924,0.0,53.178807476,0.53608597516,15,5,14.657,0.0,3.608924,0.0,53.35302008,0.0,0.0,-3.35541,30.2,-0.1,0.1,,,0,0,1024,1024,1522,1024,0,0,75,0,25.2,0.0,0,54,3.662,3.659,3.656,3.649,0,0,5.926,82.04,-6.254533664712,3.608924,11,AutoTakeoff,7.231238952273822,2.204081632653061,7.231238952273822,-2.6322187124381777,-2.6322187124381777,7.231238952273822,3.8756532879195924,3.8756532879195924,0.0,0.0,14.657,86.857382
4665,2026-05-09 10:19:32.664,4.664529058116233,0.08817635270541083,ascent,105300,2026-05-09 10:21:23,4.265092,,,-5.598365664712,4.265092,0.0,53.173230048,0.54231300948,15,5,14.657,0.0,4.265092,0.0,53.35302008,0.0,0.0,-4.47388,30.3,0.0,0.6,,,0,0,1024,1024,1499,1024,0,0,72,0,25.2,0.0,0,54,3.662,3.659,3.656,3.649,0,0,5.926,82.04,-5.598365664712,4.265092,11,AutoTakeoff,7.833842198296641,2.3877551020408165,7.833842198296641,-2.0296154664153585,-2.0296154664153585,7.833842198296641,3.8756532879195595,3.8756532879195595,0.0,0.0,14.657,86.857382
4771,2026-05-09 10:19:32.770,4.770541082164329,0.09018036072144289,ascent,105400,2026-05-09 10:21:23,4.92126,,,-4.942197664712,4.92126,0.0,53.181104064,0.550442931,15,5,14.657,0.0,4.92126,0.0,53.35302008,0.0,0.0,-5.59235,30.4,0.0,1.0,,,0,0,1024,1024,1449,1024,0,0,64,0,25.2,0.0,0,54,3.662,3.659,3.656,3.649,0,0,5.926,82.04,-4.942197664712,4.92126,6,P-GPS,8.43644544431946,2.5714285714285716,8.43644544431946,-1.4270122203925393,-1.4270122203925393,8.43644544431946,3.8756532879195595,3.8756532879195595,0.0,0.0,14.657,86.857382
4877,2026-05-09 10:19:32.876,4.876553106212424,0.09218436873747494,ascent,105500,2026-05-09 10:21:23,5.905512,,,-3.957945664712,5.577428,0.0,53.173558132,0.55932744572,15,5,14.657,0.0,5.905512,0.0,53.35302008,0.0,0.0,-6.487126,30.5,0.0,0.9,,,0,0,1024,1024,1367,1024,0,0,52,0,25.2,0.0,0,54,3.662,3.659,3.656,3.649,0,0,5.926,82.04,-3.957945664712,5.905512,6,P-GPS,9.039048690342275,2.7551020408163254,9.039048690342275,-0.8244089743697245,-0.8244089743697245,9.039048690342275,3.875653287919596,3.875653287919596,0.0,0.0,14.657,86.857382
4983,2026-05-09 10:19:32.982,4.982565130260522,0.09418837675350702,ascent,105600,2026-05-09 10:21:23,6.889764,,,-2.973693664712,6.56168,0.0,53.172245796,0.56176510984,15,5,14.657,0.0,6.889764,0.0,53.35302008,0.0,0.0,-6.487126,30.5,0.0,0.7,,,0,0,1024,1024,1186,1024,0,0,25,0,25.2,0.0,0,54,3.662,3.659,3.656,3.649,0,0,5.926,82.04,-2.973693664712,6.889764,6,P-GPS,9.641651936365099,2.9387755102040822,9.641651936365099,-0.22180572834690082,-0.22180572834690082,9.641651936365099,3.875653287919556,3.875653287919556,0.0,0.0,14.657,86.857382
5089,2026-05-09 10:19:33.088,5.088577154308617,0.09619238476953908,ascent,105700,2026-05-09 10:21:23,7.874016,,,-1.989441664712,7.217848,0.0,53.176838972,0.57382547768,15,5,14.657,0.0,7.874016,0.0,53.35302008,0.0,0.0,-5.816044,30.5,-0.1,0.3,,,0,0,1024,1024,1024,1024,0,0,0,0,25.2,0.0,0,54,3.662,3.659,3.656,3.649,0,0,5.926,82.04,-1.989441664712,7.874016,6,P-GPS,10.244255182387914,3.1224489795918364,10.244255182387914,0.38079751767591397,0.38079751767591397,10.244255182387914,3.875653287919563,3.875653287919563,0.0,0.0,14.657,86.857382
5195,2026-05-09 10:19:33.194,5.194589178356714,0.09819639278557116,ascent,105800,2026-05-09 10:21:23,8.858268,,,-1.005189664712,7.874016,0.0,53.18077598,0.58210631784,15,5,14.657,0.0,8.858268,0.0,53.35302008,0.0,0.0,-4.697574,30.5,-0.2,0.1,,,0,0,1024,1024,1024,1024,0,0,0,0,25.2,0.0,0,54,3.662,3.659,3.656,3.649,0,0,5.926,82.04,-1.005189664712,8.858268,6,P-GPS,10.846858428410737,3.306122448979593,10.846858428410737,0.9834007636987376,0.9834007636987376,10.846858428410737,3.875653287919588,3.875653287919588,0.0,0.0,14.657,86.857382
5301,2026-05-09 10:19:33.300,5.30060120240481,0.10020040080160321,ascent,105900,2026-05-09 10:21:23,9.186352,,,-0.677105664712,8.530184,0.0,53.185041072,0.64747705484,15,5,14.657,0.0,9.186352,0.0,53.35302008,0.0,0.0,-3.579104,30.5,-0.3,-0.2,,,0,0,1024,1024,1206,1024,0,0,28,0,25.2,0.0,0,54,3.662,3.659,3.656,3.649,0,0,5.926,82.04,-0.677105664712,9.186352,6,P-GPS,11.449461674433554,3.4897959183673475,11.449461674433554,1.5860040097215542,1.5860040097215542,11.449461674433554,3.8756532879195746,3.8756532879195746,0.0,0.0,14.657,86.857382
5407,2026-05-09 10:19:33.406,5.406613226452905,0.10220440881763526,ascent,106000,2026-05-09 10:21:24,9.84252,,,-0.020937664712001,8.858268,0.0,53.189962332,0.659038735,15,5,14.657,0.0,9.84252,0.0,53.35302008,0.0,0.0,-2.460634,30.5,-0.3,-0.3,,,0,0,1024,1024,1401,1024,0,0,57,0,25.2,0.0,0,54,3.662,3.659,3.656,3.649,0,0,5.926,82.04,-0.020937664712001,9.84252,6,P-GPS,12.052064920456367,3.673469387755101,12.052064920456367,2.188607255744367,2.188607255744367,12.052064920456367,3.8756532879195524,3.8756532879195524,0.0,0.0,14.657,86.857382
5513,2026-05-09 10:19:33.512,5.512625250501002,0.10420841683366734,ascent,106100,2026-05-09 10:21:24,9.84252,,,-0.020937664712001,9.186352,0.0,53.189962332,0.6709645884,15,5,14.731,0.0,9.84252,0.0,53.35302008,0.0,0.0,-1.342164,30.4,-0.3,-0.3,,,0,0,1024,1024,1450,1024,0,0,65,0,25.2,0.0,0,54,3.658,3.664,3.664,3.664,0,0,7.069,82.22,-0.020937664712001,9.84252,6,P-GPS,12.654668166479192,3.857142857142858,12.654668166479192,2.7912105017671927,2.7912105017671927,12.654668166479192,3.8756532879195995,3.8756532879195995,0.0,0.0,14.731,104.133439
5619,2026-05-09 10:19:33.618,5.618637274549098,0.1062124248496994,ascent,106200,2026-05-09 10:21:24,10.170604,,,0.307146335288,9.186352,0.0,53.187009576,0.68575133428,16,5,14.731,0.307146335288,10.170604,0.0,53.35302008,0.0,0.0,-1.342164,30.3,-0.4,-0.2,,,0,0,1024,1024,1469,1024,0,0,67,0,25.2,0.0,0,54,3.658,3.664,3.664,3.664,0,0,7.069,82.22,0.307146335288,10.170604,6,P-GPS,13.257271412502005,4.040816326530612,13.257271412502005,3.3938137477900057,3.3938137477900057,13.257271412502005,3.8756532879195524,3.8756532879195524,0.0,0.0,14.731,104.133439
5725,2026-05-09 10:19:33.724,5.724649298597194,0.10821643286573147,ascent,106300,2026-05-09 10:21:24,10.498688,,,0.635230335288,9.514436,0.0,53.177167056,0.71708991796,16,5,14.731,0.635230335288,10.498688,0.0,53.35302008,0.0,0.0,-2.23694,30.3,-0.4,0.3,,,0,0,1024,1024,1456,1024,0,0,65,0,25.2,0.0,0,54,3.658,3.664,3.664,3.664,0,0,7.069,82.22,0.635230335288,10.498688,6,P-GPS,13.85987465852483,4.224489795918369,13.85987465852483,3.996416993812831,3.996416993812831,13.85987465852483,3.8756532879195995,3.8756532879195995,0.0,0.0,14.731,104.133439
5831,2026-05-09 10:19:33.830,5.83066132264529,0.11022044088176353,ascent,106400,2026-05-09 10:21:24,10.826772,,,0.963314335288,10.170604,0.0,53.175198552,0.73935697904,16,5,14.731,0.963314335288,10.826772,0.0,53.35302008,0.0,0.0,-3.35541,30.2,-0.5,0.9,,,0,0,1024,1024,1460,1024,0,0,66,0,25.2,0.0,0,54,3.658,3.664,3.664,3.664,0,0,7.069,82.22,0.963314335288,10.826772,6,P-GPS,14.462477904547644,4.408163265306122,14.462477904547644,4.599020239835644,4.599020239835644,14.462477904547644,3.8756532879195524,3.8756532879195524,0.0,0.0,14.731,104.133439
5937,2026-05-09 10:19:33.936,5.936673346693387,0.11222444889779559,ascent,106500,2026-05-09 10:21:24,11.48294,,,1.619482335288,10.170604,0.0,53.157482016,0.76310041812,16,5,14.731,1.619482335288,11.48294,0.0,53.35302008,0.0,0.0,-4.250186,30.3,-0.6,1.4,,,0,0,1024,1024,1462,1024,0,0,66,0,25.2,0.0,0,54,3.658,3.664,3.664,3.664,0,0,7.069,82.22,1.619482335288,11.48294,6,P-GPS,15.065081150570464,4.591836734693878,15.065081150570464,5.201623485858464,5.201623485858464,15.065081150570464,3.875653287919565,3.875653287919565,0.0,0.0,14.731,104.133439
6043,2026-05-09 10:19:34.042,6.042685370741483,0.11422845691382766,ascent,106600,2026-05-09 10:21:24,12.139108,,,2.275650335288,10.498688,0.0,53.098426896,0.82615160124,16,5,14.731,2.275650335288,12.139108,0.0,53.35302008,0.0,0.0,-5.144962,30.4,-0.9,1.1,,,0,0,1024,1024,1453,1024,0,0,65,0,25.2,0.0,0,54,3.658,3.664,3.664,3.664,0,0,7.069,82.22,2.275650335288,12.139108,6,P-GPS,15.667684396593282,4.775510204081633,15.667684396593282,5.804226731881283,5.804226731881283,15.667684396593282,3.875653287919554,3.875653287919554,0.0,0.0,14.731,104.133439
6149,2026-05-09 10:19:34.148,6.148697394789579,0.11623246492985972,ascent,106700,2026-05-09 10:21:24,13.12336,,,3.259902335288,11.154856,0.0,53.086287788,0.84219818968,16,5,14.731,3.259902335288,13.12336,0.0,53.35302008,0.0,0.0,-5.368656,30.5,-1.0,1.0,,,0,0,1024,1024,1453,1024,0,0,65,0,25.2,0.0,0,54,3.658,3.664,3.664,3.664,0,0,7.069,82.22,3.259902335288,13.12336,6,P-GPS,16.2702876426161,4.959183673469387,16.2702876426161,6.406829977904101,6.406829977904101,16.2702876426161,3.875653287919586,3.875653287919586,0.0,0.0,14.731,104.133439
6255,2026-05-09 10:19:34.254,6.254709418837676,0.11823647294589179,ascent,106800,2026-05-09 10:21:24,14.107612,,,4.244154335288,12.139108,0.0,53.078741856,0.86812994904,16,5,14.731,4.244154335288,14.107612,0.0,53.35302008,0.0,0.0,-5.59235,30.5,-0.9,0.5,,,0,0,1024,1024,1435,1024,0,0,62,0,25.2,0.0,0,54,3.658,3.664,3.664,3.664,0,0,7.069,82.22,4.244154335288,14.107612,6,P-GPS,16.87289088863892,5.142857142857143,16.87289088863892,7.009433223926921,7.009433223926921,16.87289088863892,3.875653287919565,3.875653287919565,0.0,0.0,14.731,104.133439
6361,2026-05-09 10:19:34.360,6.3607214428857715,0.12024048096192386,ascent,106900,2026-05-09 10:21:24,14.76378,,,4.900322335288,12.467192,0.0,53.077757604,0.9076935986,16,5,14.731,4.900322335288,14.76378,0.0,53.35302008,0.0,0.0,-5.59235,30.5,-0.6,-0.3,,,0,0,1024,1024,1333,1024,0,0,47,0,25.2,0.0,0,54,3.658,3.664,3.664,3.664,0,0,7.069,82.22,4.900322335288,14.76378,6,P-GPS,17.47549413466174,5.326530612244899,17.47549413466174,7.612036469949741,7.612036469949741,17.47549413466174,3.8756532879195977,3.8756532879195977,0.0,0.0,14.731,104.133439
6467,2026-05-09 10:19:34.466,6.466733466933867,0.12224448897795591,ascent,107000,2026-05-09 10:21:25,15.748032,,,5.884574335288,13.451444,0.0,53.068243168,0.925606985,16,5,14.731,5.884574335288,15.748032,0.0,53.35302008,0.0,0.0,-5.368656,30.6,-0.5,-0.6,,,0,0,1024,1024,1217,1024,0,0,29,0,25.2,0.0,0,54,3.658,3.664,3.664,3.664,0,0,7.069,82.22,5.884574335288,15.748032,6,P-GPS,18.078097380684557,5.510204081632653,18.078097380684557,8.214639715972558,8.214639715972558,18.078097380684557,3.8756532879195746,3.8756532879195746,0.0,0.0,14.731,104.133439
6573,2026-05-09 10:19:34.572,6.572745490981965,0.12424849699398799,ascent,107100,2026-05-09 10:21:25,16.4042,,,6.540742335288,14.107612,0.0,53.066274664,0.94853677576,16,5,14.731,6.540742335288,16.4042,0.0,53.35302008,0.0,0.0,-4.47388,30.6,-0.8,-0.8,,,0,0,1024,1024,1137,1024,0,0,17,0,25.2,0.0,0,54,3.631,3.622,3.612,3.605,0,0,7.069,82.22,6.540742335288,16.4042,6,P-GPS,18.680700626707377,5.6938775510204085,18.680700626707377,8.817242961995378,8.817242961995378,18.680700626707377,3.875653287919533,3.875653287919533,0.0,0.0,14.731,104.133439
6679,2026-05-09 10:19:34.678,6.6787575150300595,0.12625250501002003,ascent,107200,2026-05-09 10:21:25,17.060368,,,7.196910335288,14.76378,0.0,53.080054192,1.0161909774,16,5,14.731,7.196910335288,17.060368,0.0,53.35302008,0.0,0.0,-3.35541,30.5,-1.0,-1.0,,,0,0,1024,1024,1123,1024,0,0,15,0,25.2,0.0,0,54,3.631,3.622,3.612,3.605,0,0,7.069,82.22,7.196910335288,17.060368,6,P-GPS,19.283303872730187,5.877551020408161,19.283303872730187,9.419846208018187,9.419846208018187,19.283303872730187,3.8756532879195613,3.8756532879195613,0.0,0.0,14.731,104.133439
6785,2026-05-09 10:19:34.784,6.784769539078157,0.12825651302605212,ascent,107300,2026-05-09 10:21:25,17.388452,,,7.524994335288,14.76378,0.0,53.080382276,1.03849084688,16,5,14.731,7.524994335288,17.388452,0.0,53.35302008,0.0,0.0,-2.013246,30.4,-1.0,-1.3,,,0,0,1024,1024,1175,1024,0,0,23,0,25.2,0.0,0,54,3.631,3.622,3.612,3.605,0,0,7.069,82.22,7.524994335288,17.388452,6,P-GPS,19.885907118753018,6.06122448979592,19.885907118753018,10.022449454041018,10.022449454041018,19.885907118753018,3.8756532879196013,3.8756532879196013,0.0,0.0,14.731,104.133439
6891,2026-05-09 10:19:34.890,6.890781563126252,0.13026052104208416,ascent,107400,2026-05-09 10:21:25,17.716536,,,7.853078335288,15.091864,0.0,53.084975452,1.04964898372,16,5,14.731,7.853078335288,17.716536,0.0,53.35302008,0.0,0.0,-1.11847,30.3,-0.9,-1.3,,,0,0,1024,1024,1316,1024,0,0,44,0,25.2,0.0,0,54,3.631,3.622,3.612,3.605,0,0,7.069,82.22,7.853078335288,17.716536,6,P-GPS,20.488510364775827,6.244897959183673,20.488510364775827,10.625052700063828,10.625052700063828,20.488510364775827,3.8756532879195613,3.8756532879195613,0.0,0.0,14.731,104.133439
6997,2026-05-09 10:19:34.996,6.9967935871743485,0.13226452905811623,ascent,107500,2026-05-09 10:21:25,17.716536,,,7.853078335288,15.091864,0.0,53.052495136,1.08777562536,16,5,14.731,7.853078335288,17.716536,0.0,53.35302008,0.0,0.0,-0.671082,30.2,-0.8,-1.1,,,0,0,1024,1024,1382,1024,0,0,54,0,25.2,0.0,0,54,3.631,3.622,3.612,3.605,0,0,7.069,82.22,7.853078335288,17.716536,6,P-GPS,21.091113610798644,6.428571428571427,21.091113610798644,11.227655946086644,11.227655946086644,21.091113610798644,3.8756532879195427,3.8756532879195427,0.0,0.0,14.731,104.133439
7103,2026-05-09 10:19:35.102,7.102805611222444,0.1342685370741483,ascent,107600,2026-05-09 10:21:25,17.716536,,,7.853078335288,14.76378,0.0,53.04462112,1.09666670176,16,5,14.731,7.853078335288,17.716536,0.0,53.35302008,0.0,0.0,-1.11847,30.1,-0.8,-0.7,,,0,0,1024,1024,1415,1024,0,0,59,0,25.2,0.0,0,54,3.631,3.622,3.612,3.605,0,0,7.069,82.22,7.853078335288,17.716536,6,P-GPS,21.693716856821464,6.612244897959182,21.693716856821464,11.830259192109464,11.830259192109464,21.693716856821464,3.8756532879195977,3.8756532879195977,0.0,0.0,14.731,104.133439
7209,2026-05-09 10:19:35.208,7.208817635270541,0.13627254509018036,ascent,107700,2026-05-09 10:21:25,18.04462,,,8.181162335288,15.091864,0.0,53.0593849,1.11211617732,16,5,14.731,8.181162335288,18.04462,0.0,53.35302008,0.0,0.0,-2.23694,30.1,-0.7,-0.2,,,0,0,1024,1024,1421,1024,0,0,60,0,25.2,0.0,0,54,3.631,3.622,3.612,3.605,0,0,7.069,82.22,8.181162335288,18.04462,6,P-GPS,22.296320102844287,6.795918367346939,22.296320102844287,12.432862438132288,12.432862438132288,22.296320102844287,3.875653287919588,3.875653287919588,0.0,0.0,14.731,104.133439
7315,2026-05-09 10:19:35.314,7.3148296593186375,0.13827655310621242,ascent,107800,2026-05-09 10:21:25,18.700788,,,8.837330335288,15.419948,0.0,53.050854716,1.12440620396,16,5,14.731,8.837330335288,18.700788,0.0,53.35302008,0.0,0.0,-3.35541,30.2,-0.9,0.1,,,0,0,1024,1024,1426,1024,0,0,61,0,25.2,0.0,0,54,3.631,3.622,3.612,3.605,0,0,7.069,82.22,8.837330335288,18.700788,6,P-GPS,22.898923348867108,6.979591836734695,22.898923348867108,13.035465684155108,13.035465684155108,22.898923348867108,3.875653287919565,3.875653287919565,0.0,0.0,14.731,104.133439
7421,2026-05-09 10:19:35.420,7.420841683366733,0.1402805611222445,ascent,107900,2026-05-09 10:21:25,19.356956,,,9.493498335288,15.748032,0.0,53.06922742,1.15591539132,16,5,14.731,9.493498335288,19.356956,0.0,53.35302008,0.0,0.0,-4.250186,30.2,-1.1,0.4,,,0,0,1024,1024,1441,1024,0,0,63,0,25.2,0.0,0,54,3.631,3.622,3.612,3.605,0,0,7.069,82.22,9.493498335288,19.356956,6,P-GPS,23.501526594889924,7.163265306122449,23.501526594889924,13.638068930177925,13.638068930177925,23.501526594889924,3.8756532879195746,3.8756532879195746,0.0,0.0,14.731,104.133439
7527,2026-05-09 10:19:35.526,7.52685370741483,0.14228456913827656,ascent,108000,2026-05-09 10:21:26,20.013124,,,10.149666335288,16.4042,0.0,53.069555504,1.16668638904,16,5,14.731,10.149666335288,20.013124,0.0,53.35302008,0.0,0.0,-4.697574,30.2,-1.0,0.4,,,0,0,1024,1024,1471,1024,0,0,68,0,25.2,0.0,0,54,3.631,3.622,3.612,3.605,0,0,7.069,82.22,10.149666335288,20.013124,6,P-GPS,24.104129840912744,7.346938775510205,24.104129840912744,14.240672176200745,14.240672176200745,24.104129840912744,3.875653287919565,3.875653287919565,0.0,0.0,14.731,104.133439
7633,2026-05-09 10:19:35.632,7.632865731462926,0.14428857715430862,ascent,108100,2026-05-09 10:21:26,20.669292,,,10.805834335288,17.060368,0.0,53.086615872,1.19842851604,16,5,14.517,10.805834335288,20.669292,0.0,53.35302008,0.0,0.0,-4.921268,30.3,-0.9,0.3,,,0,0,1024,1024,1477,1024,0,0,69,0,25.2,0.0,0,54,3.622,3.624,3.626,3.629,0,0,7.937,82.22,10.805834335288,20.669292,6,P-GPS,24.706733086935564,7.53061224489796,24.706733086935564,14.843275422223565,14.843275422223565,24.706733086935564,3.8756532879195977,3.8756532879195977,0.0,0.0,14.517,115.221429
7739,2026-05-09 10:19:35.738,7.738877755511022,0.1462925851703407,ascent,108200,2026-05-09 10:21:26,21.32546,,,11.462002335288,17.716536,0.0,53.097770728,1.21097116736,16,5,14.517,11.462002335288,21.32546,0.0,53.35302008,0.0,0.0,-5.368656,30.3,-0.6,0.3,,,0,0,1024,1024,1480,1024,0,0,69,0,25.2,0.0,0,54,3.622,3.624,3.626,3.629,0,0,7.937,82.22,11.462002335288,21.32546,6,P-GPS,25.309336332958384,7.714285714285716,25.309336332958384,15.445878668246385,15.445878668246385,25.309336332958384,3.875653287919565,3.875653287919565,0.0,0.0,14.517,115.221429
7845,2026-05-09 10:19:35.844,7.844889779559119,0.14829659318637275,ascent,108300,2026-05-09 10:21:26,22.309712,,,12.446254335288,18.372704,0.0,53.12992296,1.24527234956,16,5,14.517,12.446254335288,22.309712,0.0,53.35302008,0.0,0.0,-5.816044,30.3,-0.3,0.2,,,0,0,1024,1024,1481,1024,0,0,69,0,25.2,0.0,0,54,3.622,3.624,3.626,3.629,0,0,7.937,82.22,12.446254335288,22.309712,6,P-GPS,25.9119395789812,7.89795918367347,25.9119395789812,16.048481914269203,16.048481914269203,25.9119395789812,3.8756532879195427,3.8756532879195427,0.0,0.0,14.517,115.221429
7951,2026-05-09 10:19:35.950,7.9509018036072145,0.15030060120240482,ascent,108400,2026-05-09 10:21:26,23.293964,,,13.430506335288,19.028872,0.0,53.14304632,1.27673232432,16,5,14.517,13.430506335288,23.293964,0.0,53.35302008,0.0,0.0,-6.039738,30.3,0.0,0.2,,,0,0,1024,1024,1481,1024,0,0,69,0,25.2,0.0,0,54,3.622,3.624,3.626,3.629,0,0,7.937,82.22,13.430506335288,23.293964,6,P-GPS,26.51454282500402,8.081632653061225,26.51454282500402,16.65108516029202,16.65108516029202,26.51454282500402,3.8756532879195977,3.8756532879195977,0.0,0.0,14.517,115.221429
8057,2026-05-09 10:19:36.056,8.05691382765531,0.15230460921843686,ascent,108500,2026-05-09 10:21:26,24.278216,,,14.414758335288,19.356956,0.0,53.176838972,1.31103678736,16,5,14.517,14.414758335288,24.278216,0.0,53.35302008,0.0,0.0,-6.263432,30.4,0.1,0.0,,,0,0,1024,1024,1481,1024,0,0,69,0,25.2,0.0,0,54,3.622,3.624,3.626,3.629,0,0,7.937,82.22,14.414758335288,24.278216,6,P-GPS,27.11714607102683,8.265306122448978,27.11714607102683,17.25368840631483,17.25368840631483,27.11714607102683,3.8756532879195613,3.8756532879195613,0.0,0.0,14.517,115.221429
8163,2026-05-09 10:19:36.162,8.162925851703408,0.15430861723446895,ascent,108600,2026-05-09 10:21:26,25.262468,,,15.399010335288,20.013124,0.0,53.1578101,1.34682090924,16,5,14.517,15.399010335288,25.262468,0.0,53.35302008,0.0,0.0,-6.263432,30.4,0.1,0.0,,,0,0,1024,1024,1481,1024,0,0,69,0,25.2,0.0,0,54,3.622,3.624,3.626,3.629,0,0,7.937,82.22,15.399010335288,25.262468,6,P-GPS,27.71974931704966,8.448979591836737,27.71974931704966,17.85629165233766,17.85629165233766,27.71974931704966,3.8756532879195684,3.8756532879195684,0.0,0.0,14.517,115.221429
8269,2026-05-09 10:19:36.268,8.268937875751503,0.156312625250501,ascent,108700,2026-05-09 10:21:26,26.24672,,,16.383262335288,20.997376,0.0,53.17585472,1.36493114604,16,5,14.517,16.383262335288,26.24672,0.0,53.35302008,0.0,0.0,-6.263432,30.4,0.5,0.1,,,0,0,1024,1024,1481,1024,0,0,69,0,25.2,0.0,0,54,3.622,3.624,3.626,3.629,0,0,7.937,82.22,16.383262335288,26.24672,6,P-GPS,28.32235256307247,8.63265306122449,28.32235256307247,18.45889489836047,18.45889489836047,28.32235256307247,3.8756532879195613,3.8756532879195613,0.0,0.0,14.517,115.221429
8375,2026-05-09 10:19:36.374,8.3749498997996,0.15831663326653309,ascent,108800,2026-05-09 10:21:26,27.230972,,,17.367514335288,21.653544,0.0,53.186025324,1.37528547708,17,5,14.517,17.367514335288,27.230972,0.0,53.35302008,0.0,0.0,-6.263432,30.3,0.5,0.0,,,0,0,1024,1024,1480,1024,0,0,69,0,25.2,0.0,0,54,3.622,3.624,3.626,3.629,0,0,7.937,82.22,17.367514335288,27.230972,6,P-GPS,28.924955809095298,8.816326530612248,28.924955809095298,19.0614981443833,19.0614981443833,28.924955809095298,3.875653287919611,3.875653287919611,0.0,0.0,14.517,115.221429
8481,2026-05-09 10:19:36.480,8.480961923847694,0.16032064128256512,cruise,108900,2026-05-09 10:21:26,28.215224,,,18.351766335288,22.637796,0.0,53.133859968,1.44428810396,17,5,14.517,18.351766335288,28.215224,0.0,53.35302008,0.0,0.0,-6.263432,30.2,0.1,-0.1,,,0,0,1024,1024,1479,1024,0,0,69,0,25.2,0.0,0,54,3.622,3.624,3.626,3.629,0,0,7.937,82.22,18.351766335288,28.215224,6,P-GPS,29.527559055118108,9.0,29.527559055118108,19.66410139040611,19.66410139040611,29.527559055118108,3.8756532879195613,3.8756532879195613,0.0,0.0,14.517,115.221429
8587,2026-05-09 10:19:36.586,8.58697394789579,0.1623246492985972,cruise,109000,2026-05-09 10:21:27,29.199476,,,19.336018335288,23.293964,0.0,53.085303536,1.50488521876,17,5,14.517,19.336018335288,29.199476,0.0,53.35302008,0.0,0.0,-6.263432,30.3,-0.5,-0.3,,,0,0,1024,1024,1471,1024,0,0,68,0,25.2,0.0,0,54,3.622,3.624,3.626,3.629,0,0,7.937,82.22,19.336018335288,29.199476,6,P-GPS,29.527559055118108,9.0,29.527559055118108,19.66410139040611,19.66410139040611,29.527559055118108,0.0,0.0,0.0,0.0,14.517,115.221429
8693,2026-05-09 10:19:36.692,8.692985971943887,0.16432865731462926,cruise,109100,2026-05-09 10:21:27,30.183728,,,20.320270335288,24.278216,0.0,53.052167052,1.53889112536,17,5,14.692,20.320270335288,30.183728,0.0,53.35302008,0.0,0.0,-6.263432,30.2,-1.2,0.1,,,0,0,1024,1024,1326,1024,0,0,46,0,25.2,0.0,0,53,3.639,3.637,3.637,3.635,0,0,5.804,82.4,20.320270335288,30.183728,6,P-GPS,29.527559055118108,9.0,29.527559055118108,19.66410139040611,19.66410139040611,29.527559055118108,0.0,0.0,0.0,0.0,14.692,85.272368
8799,2026-05-09 10:19:36.798,8.798997995991986,0.16633266533066135,cruise,109200,2026-05-09 10:21:27,31.16798,,,21.304522335288,24.934384,0.0,53.006563376,1.5861385022,17,5,14.692,21.304522335288,31.16798,0.0,53.35302008,0.0,0.0,-6.263432,30.2,-1.8,0.6,,,0,0,1024,1024,1024,1024,0,0,0,0,25.2,0.0,0,53,3.639,3.637,3.637,3.635,0,0,5.804,82.4,21.304522335288,31.16798,6,P-GPS,29.527559055118108,9.0,29.527559055118108,19.66410139040611,19.66410139040611,29.527559055118108,0.0,0.0,0.0,0.0,14.692,85.272368
8905,2026-05-09 10:19:36.905,8.90501002004008,0.1683366733466934,cruise,109300,2026-05-09 10:21:27,32.152232,,,22.288774335288,25.262468,0.223694,52.960303532,1.6475722312,17,5,14.692,22.288774335288,32.152232,0.223694,53.35302008,-0.223694,0.0,-6.039738,30.3,-2.5,0.0,,,0,0,1024,1024,1024,1024,0,0,0,0,25.2,0.0,0,53,3.639,3.637,3.637,3.635,0,0,5.804,82.4,22.288774335288,32.152232,6,P-GPS,29.527559055118108,9.0,29.527559055118108,19.66410139040611,19.66410139040611,29.527559055118108,0.0,0.223694,0.0,0.0,14.692,85.272368
9011,2026-05-09 10:19:37.011,9.011022044088175,0.17034068136272545,cruise,109400,2026-05-09 10:21:27,32.8084,,,22.944942335288,25.918636,0.223694,52.949804844,1.69599086792,17,5,14.692,22.944942335288,32.8084,0.223694,53.35302008,-0.223694,0.0,-4.921268,30.4,-2.8,-0.7,,,0,0,1024,1024,1024,1024,0,0,0,0,25.2,0.0,0,53,3.639,3.637,3.637,3.635,0,0,5.804,82.4,22.944942335288,32.8084,6,P-GPS,29.527559055118108,9.0,29.527559055118108,19.66410139040611,19.66410139040611,29.527559055118108,0.0,0.223694,0.0,0.0,14.692,85.272368
9117,2026-05-09 10:19:37.117,9.117034068136272,0.17234468937875752,cruise,109500,2026-05-09 10:21:27,33.464568,,,23.601110335288,26.574804,0.223694,52.91338752,1.74203745732,17,5,14.692,23.601110335288,33.464568,0.223694,53.35302008,-0.223694,0.0,-3.802798,30.4,-3.2,-1.4,,,0,0,1024,1024,1024,1024,0,0,0,0,25.2,0.0,0,53,3.639,3.637,3.637,3.635,0,0,5.804,82.4,23.601110335288,33.464568,6,P-GPS,29.527559055118108,9.0,29.527559055118108,19.66410139040611,19.66410139040611,29.527559055118108,0.0,0.223694,0.0,0.0,14.692,85.272368
9223,2026-05-09 10:19:37.223,9.223046092184367,0.17434869739478956,cruise,109600,2026-05-09 10:21:27,33.792652,,,23.929194335288,26.574804,0.223694,52.88057912,1.80656829928,17,5,14.692,23.929194335288,33.792652,0.223694,53.35302008,-0.223694,0.0,-2.684328,30.4,-3.2,-1.9,,,0,0,1024,1024,1024,1024,0,0,0,0,25.2,0.0,0,53,3.639,3.637,3.637,3.635,0,0,5.804,82.4,23.929194335288,33.792652,6,P-GPS,29.527559055118108,9.0,29.527559055118108,19.66410139040611,19.66410139040611,29.527559055118108,0.0,0.223694,0.0,0.0,14.692,85.272368
9329,2026-05-09 10:19:37.329,9.329058116232465,0.17635270541082165,cruise,109700,2026-05-09 10:21:27,33.792652,,,23.929194335288,36.08924,0.223694,52.847114552,1.86356961344,17,5,14.692,23.929194335288,33.792652,0.223694,53.35302008,-0.223694,0.0,-1.565858,30.4,-3.2,-2.1,,,0,0,1024,1024,923,1024,0,0,-15,0,25.2,0.0,0,53,3.639,3.637,3.637,3.635,0,0,5.804,82.4,23.929194335288,33.792652,6,P-GPS,29.527559055118108,9.0,29.527559055118108,19.66410139040611,19.66410139040611,29.527559055118108,0.0,0.223694,0.0,0.0,14.692,85.272368
9435,2026-05-09 10:19:37.435,9.435070140280562,0.17835671342685372,cruise,109800,2026-05-09 10:21:27,34.120736,,,24.257278335288,36.08924,0.223694,52.809384892,1.90975071728,17,5,14.692,24.257278335288,34.120736,0.223694,53.35302008,-0.223694,0.0,-0.447388,30.4,-3.1,-2.2,,,0,0,1024,1024,664,1024,0,0,-55,0,25.2,0.0,0,53,3.639,3.637,3.637,3.635,0,0,5.804,82.4,24.257278335288,34.120736,6,P-GPS,29.527559055118108,9.0,29.527559055118108,19.66410139040611,19.66410139040611,29.527559055118108,0.0,0.223694,0.0,0.0,14.692,85.272368
9541,2026-05-09 10:19:37.541,9.541082164328659,0.18036072144288579,cruise,109900,2026-05-09 10:21:27,34.120736,,,24.257278335288,36.08924,0.0,52.800854708,1.94628615152,17,5,14.692,24.257278335288,34.120736,0.223694,53.35302008,0.0,0.0,0.0,30.3,-2.9,-2.0,,,0,0,1024,1024,664,1024,0,0,-55,0,25.2,0.0,0,53,3.639,3.637,3.637,3.635,0,0,5.804,82.4,24.257278335288,34.120736,6,P-GPS,29.527559055118108,9.0,29.527559055118108,19.66410139040611,19.66410139040611,29.527559055118108,0.0,0.0,0.0,0.0,14.692,85.272368
9647,2026-05-09 10:19:37.647,9.647094188376753,0.18236472945891782,cruise,110000,2026-05-09 10:21:28,34.120736,,,24.257278335288,8.530184,0.0,52.777888828,2.01713917216,17,5,14.692,24.257278335288,34.120736,0.223694,53.35302008,0.0,0.0,0.0,30.3,-2.7,-1.8,,,0,0,1024,1024,532,1024,0,0,-75,0,25.2,0.0,0,53,3.639,3.637,3.637,3.635,0,0,5.804,82.4,24.257278335288,34.120736,6,P-GPS,29.527559055118108,9.0,29.527559055118108,19.66410139040611,19.66410139040611,29.527559055118108,0.0,0.0,0.0,0.0,14.692,85.272368
9753,2026-05-09 10:19:37.753,9.753106212424848,0.1843687374749499,cruise,110100,2026-05-09 10:21:28,34.120736,,,24.257278335288,8.530184,0.0,52.747048932,2.06251975104,17,5,14.546,24.257278335288,34.120736,0.223694,53.35302008,0.0,0.0,1.11847,30.2,-2.9,-1.9,,,0,0,1024,1024,530,1024,0,0,-75,0,25.2,0.0,0,53,3.678,3.672,3.671,3.672,0,0,8.166,82.4,24.257278335288,34.120736,6,P-GPS,29.527559055118108,9.0,29.527559055118108,19.66410139040611,19.66410139040611,29.527559055118108,0.0,0.0,0.0,0.0,14.546,118.782636
9859,2026-05-09 10:19:37.859,9.859118236472947,0.18637274549098198,cruise,110200,2026-05-09 10:21:28,33.792652,,,23.929194335288,8.2021,0.0,52.770342896,2.10012801996,17,5,14.546,24.257278335288,34.120736,0.223694,53.35302008,0.0,0.0,2.013246,30.2,-3.0,-2.1,,,0,0,1024,1024,548,1024,0,0,-72,0,25.2,0.0,0,53,3.678,3.672,3.671,3.672,0,0,8.166,82.4,23.929194335288,33.792652,6,P-GPS,29.527559055118108,9.0,29.527559055118108,19.66410139040611,19.66410139040611,29.527559055118108,0.0,0.0,0.0,0.0,14.546,118.782636
9965,2026-05-09 10:19:37.965,9.965130260521043,0.18837675350701405,cruise,110300,2026-05-09 10:21:28,33.464568,,,23.601110335288,8.2021,0.0,52.761812712,2.12616148536,17,5,14.546,24.257278335288,34.120736,0.223694,53.35302008,0.0,0.0,2.460634,30.1,-2.6,-2.2,,,0,0,1024,1024,626,1024,0,0,-60,0,25.2,0.0,0,53,3.678,3.672,3.671,3.672,0,0,8.166,82.4,23.601110335288,33.464568,6,P-GPS,29.527559055118108,9.0,29.527559055118108,19.66410139040611,19.66410139040611,29.527559055118108,0.0,0.0,0.0,0.0,14.546,118.782636
10071,2026-05-09 10:19:38.071,10.071142284569138,0.1903807615230461,cruise,110400,2026-05-09 10:21:28,32.8084,,,22.944942335288,34.44882,0.0,52.735565992,2.15686686692,17,5,14.546,24.257278335288,34.120736,0.223694,53.35302008,0.0,0.0,2.684328,30.1,-2.1,-2.4,,,0,0,1024,1024,1024,1024,0,0,0,0,25.2,0.0,0,53,3.678,3.672,3.671,3.672,0,0,8.166,82.4,22.944942335288,32.8084,6,P-GPS,29.527559055118108,9.0,29.527559055118108,19.66410139040611,19.66410139040611,29.527559055118108,0.0,0.0,0.0,0.0,14.546,118.782636
10177,2026-05-09 10:19:38.177,10.177154308617235,0.19238476953907815,cruise,110500,2026-05-09 10:21:28,32.480316,,,22.616858335288,33.792652,0.0,52.73622216,2.16964901956,17,5,14.546,24.257278335288,34.120736,0.223694,53.35302008,0.0,0.0,2.684328,30.1,-2.2,-1.9,,,0,0,1024,1024,1024,1024,0,0,0,0,25.2,0.0,0,53,3.678,3.672,3.671,3.672,0,0,8.166,82.4,22.616858335288,32.480316,6,P-GPS,29.527559055118108,9.0,29.527559055118108,19.66410139040611,19.66410139040611,29.527559055118108,0.0,0.0,0.0,0.0,14.546,118.782636
10283,2026-05-09 10:19:38.283,10.28316633266533,0.19438877755511022,cruise,110600,2026-05-09 10:21:28,32.152232,,,22.288774335288,33.792652,0.0,52.774279904,2.20796266908,17,5,14.546,24.257278335288,34.120736,0.223694,53.35302008,0.0,0.0,1.789552,30.1,-2.1,-1.5,,,0,0,1024,1024,1024,1024,0,0,0,0,25.2,0.0,0,53,3.678,3.672,3.671,3.672,0,0,8.166,82.4,22.288774335288,32.152232,6,P-GPS,29.527559055118108,9.0,29.527559055118108,19.66410139040611,19.66410139040611,29.527559055118108,0.0,0.0,0.0,0.0,14.546,118.782636
10389,2026-05-09 10:19:38.389,10.389178356713428,0.19639278557114231,cruise,110700,2026-05-09 10:21:28,31.824148,,,21.960690335288,10.826772,0.0,52.792652608,2.22661424448,17,5,14.546,24.257278335288,34.120736,0.223694,53.35302008,0.0,0.0,0.894776,30.1,-1.7,-0.8,,,0,0,1024,1024,1024,1024,0,0,0,0,25.2,0.0,0,53,3.678,3.672,3.671,3.672,0,0,8.166,82.4,21.960690335288,31.824148,6,P-GPS,29.527559055118108,9.0,29.527559055118108,19.66410139040611,19.66410139040611,29.527559055118108,0.0,0.0,0.0,0.0,14.546,118.782636
10495,2026-05-09 10:19:38.495,10.495190380761523,0.19839679358717435,cruise,110800,2026-05-09 10:21:28,31.824148,,,21.960690335288,10.498688,0.0,52.764765468,2.25719823496,17,5,14.546,24.257278335288,34.120736,0.223694,53.35302008,0.0,0.0,0.223694,30.1,-2.0,-0.7,,,0,0,1024,1024,1024,1024,0,0,0,0,25.2,0.0,0,53,3.678,3.672,3.671,3.672,0,0,8.166,82.4,21.960690335288,31.824148,6,P-GPS,29.527559055118108,9.0,29.527559055118108,19.66410139040611,19.66410139040611,29.527559055118108,0.0,0.0,0.0,0.0,14.546,118.782636
10601,2026-05-09 10:19:38.601,10.60120240480962,0.20040080160320642,cruise,110900,2026-05-09 10:21:28,31.824148,,,21.960690335288,10.498688,0.0,52.792324524,2.28506240908,17,5,14.546,24.257278335288,34.120736,0.223694,53.35302008,0.0,0.0,0.0,30.1,-2.0,-1.2,,,0,0,1024,1024,1024,1024,0,0,0,0,25.2,0.0,0,53,3.678,3.672,3.671,3.672,0,0,8.166,82.4,21.960690335288,31.824148,6,P-GPS,29.527559055118108,9.0,29.527559055118108,19.66410139040611,19.66410139040611,29.527559055118108,0.0,0.0,0.0,0.0,14.546,118.782636
10707,2026-05-09 10:19:38.707,10.707214428857716,0.20240480961923848,cruise,111000,2026-05-09 10:21:29,31.824148,,,21.960690335288,9.84252,0.0,52.824148672,2.31814639964,17,5,14.546,24.257278335288,34.120736,0.223694,53.35302008,0.0,0.0,0.0,30.0,-1.9,-1.4,,,0,0,1024,1024,881,1024,0,0,-22,0,25.2,0.0,0,53,3.678,3.672,3.671,3.672,0,0,8.166,82.4,21.960690335288,31.824148,6,P-GPS,29.527559055118108,9.0,29.527559055118108,19.66410139040611,19.66410139040611,29.527559055118108,0.0,0.0,0.0,0.0,14.546,118.782636
10813,2026-05-09 10:19:38.813,10.81322645290581,0.20440881763527052,cruise,111100,2026-05-09 10:21:29,31.824148,,,21.960690335288,9.84252,0.0,52.804791716,2.3395505998,17,5,14.735,24.257278335288,34.120736,0.223694,53.35302008,0.0,0.0,0.0,30.1,-1.8,-1.2,,,0,0,1024,1024,568,1024,0,0,-69,0,25.2,0.0,0,53,3.646,3.643,3.645,3.646,0,0,5.145,82.58,21.960690335288,31.824148,6,P-GPS,29.527559055118108,9.0,29.527559055118108,19.66410139040611,19.66410139040611,29.527559055118108,0.0,0.0,0.0,0.0,14.735,75.81157499999999
10919,2026-05-09 10:19:38.919,10.919238476953907,0.20641282565130262,cruise,111200,2026-05-09 10:21:29,31.824148,,,21.960690335288,9.186352,0.0,52.777560744,2.37291018092,17,5,14.735,24.257278335288,34.120736,0.223694,53.35302008,0.0,0.0,0.223694,30.1,-1.8,-1.4,,,0,0,1024,1024,562,1024,0,0,-70,0,25.2,0.0,0,53,3.646,3.643,3.645,3.646,0,0,5.145,82.58,21.960690335288,31.824148,6,P-GPS,29.527559055118108,9.0,29.527559055118108,19.66410139040611,19.66410139040611,29.527559055118108,0.0,0.0,0.0,0.0,14.735,75.81157499999999
11025,2026-05-09 10:19:39.025,11.025250501002004,0.20841683366733468,cruise,111300,2026-05-09 10:21:29,31.824148,,,21.960690335288,8.858268,0.0,52.677823208,2.4729003416,17,5,14.735,24.257278335288,34.120736,0.223694,53.35302008,0.0,0.0,1.11847,30.1,-2.6,-1.6,,,0,0,1024,1024,950,1024,0,0,-11,0,25.2,0.0,0,53,3.646,3.643,3.645,3.646,0,0,5.145,82.58,21.960690335288,31.824148,6,P-GPS,29.527559055118108,9.0,29.527559055118108,19.66410139040611,19.66410139040611,29.527559055118108,0.0,0.0,0.0,0.0,14.735,75.81157499999999
11131,2026-05-09 10:19:39.131,11.1312625250501,0.21042084168336675,cruise,111400,2026-05-09 10:21:29,31.496064,,,21.632606335288,8.530184,0.0,52.658138168,2.49595808512,17,5,14.735,24.257278335288,34.120736,0.223694,53.35302008,0.0,0.0,2.23694,30.1,-2.7,-1.7,,,0,0,1024,1024,1024,1024,0,0,0,0,25.2,0.0,0,53,3.646,3.643,3.645,3.646,0,0,5.145,82.58,21.632606335288,31.496064,6,P-GPS,29.527559055118108,9.0,29.527559055118108,19.66410139040611,19.66410139040611,29.527559055118108,0.0,0.0,0.0,0.0,14.735,75.81157499999999
11237,2026-05-09 10:19:39.237,11.237274549098196,0.2124248496993988,cruise,111500,2026-05-09 10:21:29,31.16798,,,21.304522335288,8.2021,0.0,52.631891448,2.522555855,17,5,14.735,24.257278335288,34.120736,0.223694,53.35302008,0.0,0.0,2.23694,30.0,-2.4,-1.9,,,0,0,1024,1024,1024,1024,0,0,0,0,25.2,0.0,0,53,3.646,3.643,3.645,3.646,0,0,5.145,82.58,21.304522335288,31.16798,6,P-GPS,29.527559055118108,9.0,29.527559055118108,19.66410139040611,19.66410139040611,29.527559055118108,0.0,0.0,0.0,0.0,14.735,75.81157499999999
11343,2026-05-09 10:19:39.343,11.343286573146292,0.21442885771543085,cruise,111600,2026-05-09 10:21:29,30.839896,,,20.976438335288,11.48294,0.0,52.579398008,2.57515756272,17,5,14.735,24.257278335288,34.120736,0.223694,53.35302008,0.0,0.0,1.342164,30.0,-1.7,-1.8,,,0,0,1024,1024,1024,1024,0,0,0,0,25.2,0.0,0,53,3.646,3.643,3.645,3.646,0,0,5.145,82.58,20.976438335288,30.839896,6,P-GPS,29.527559055118108,9.0,29.527559055118108,19.66410139040611,19.66410139040611,29.527559055118108,0.0,0.0,0.0,0.0,14.735,75.81157499999999
11449,2026-05-09 10:19:39.449,11.449298597194389,0.21643286573146295,cruise,111700,2026-05-09 10:21:29,30.839896,,,20.976438335288,11.48294,0.0,52.6328757,2.65589247344,17,5,14.735,24.257278335288,34.120736,0.223694,53.35302008,0.0,0.0,0.447388,30.1,-2.6,-1.4,,,0,0,1024,1024,915,1024,0,0,-17,0,25.2,0.0,0,53,3.646,3.643,3.645,3.646,0,0,5.145,82.58,20.976438335288,30.839896,6,P-GPS,29.527559055118108,9.0,29.527559055118108,19.66410139040611,19.66410139040611,29.527559055118108,0.0,0.0,0.0,0.0,14.735,75.81157499999999
11555,2026-05-09 10:19:39.555,11.555310621242485,0.21843687374749501,cruise,111800,2026-05-09 10:21:29,30.511812,,,20.648354335288,11.48294,0.0,52.628610608,2.68999024356,17,5,14.735,24.257278335288,34.120736,0.223694,53.35302008,0.0,0.0,0.0,30.2,-3.2,-1.0,,,0,0,1024,1024,627,1024,0,0,-60,0,25.2,0.0,0,53,3.646,3.643,3.645,3.646,0,0,5.145,82.58,20.648354335288,30.511812,6,P-GPS,29.527559055118108,9.0,29.527559055118108,19.66410139040611,19.66410139040611,29.527559055118108,0.0,0.0,0.0,0.0,14.735,75.81157499999999
11661,2026-05-09 10:19:39.661,11.66132264529058,0.22044088176352705,cruise,111900,2026-05-09 10:21:29,30.511812,,,20.648354335288,11.811024,0.0,52.703741844,2.77205717532,17,5,14.735,24.257278335288,34.120736,0.223694,53.35302008,0.0,0.0,0.0,30.2,-3.1,-0.3,,,0,0,1024,1024,644,1024,0,0,-58,0,25.2,0.0,0,53,3.646,3.643,3.645,3.646,0,0,5.145,82.58,20.648354335288,30.511812,6,P-GPS,29.527559055118108,9.0,29.527559055118108,19.66410139040611,19.66410139040611,29.527559055118108,0.0,0.0,0.0,0.0,14.735,75.81157499999999
11767,2026-05-09 10:19:39.767,11.767334669338677,0.22244488977955912,cruise,112000,2026-05-09 10:21:30,30.511812,,,20.648354335288,11.811024,0.0,52.731628984,2.80187673008,17,5,14.735,24.257278335288,34.120736,0.223694,53.35302008,0.0,0.0,0.671082,30.3,-3.1,-0.5,,,0,0,1024,1024,1024,1024,0,0,0,0,25.2,0.0,0,53,3.646,3.643,3.645,3.646,0,0,5.145,82.58,20.648354335288,30.511812,6,P-GPS,29.527559055118108,9.0,29.527559055118108,19.66410139040611,19.66410139040611,29.527559055118108,0.0,0.0,0.0,0.0,14.735,75.81157499999999
11873,2026-05-09 10:19:39.873,11.873346693386774,0.22444889779559118,cruise,112100,2026-05-09 10:21:30,30.511812,,,20.648354335288,11.811024,0.0,52.799214288,2.8706037664,17,5,14.652,24.257278335288,34.120736,0.223694,53.35302008,0.0,0.0,1.789552,30.3,-2.5,-0.7,,,0,0,1024,1024,1024,1024,0,0,0,0,25.2,0.0,0,53,3.629,3.634,3.641,3.638,0,0,5.226,82.58,20.648354335288,30.511812,6,P-GPS,29.527559055118108,9.0,29.527559055118108,19.66410139040611,19.66410139040611,29.527559055118108,0.0,0.0,0.0,0.0,14.652,76.57135199999999
11979,2026-05-09 10:19:39.979,11.979358717434872,0.22645290581162328,cruise,112200,2026-05-09 10:21:30,30.183728,,,20.320270335288,11.48294,0.223694,52.698820584,2.9722113812,17,5,14.652,24.257278335288,34.120736,0.223694,53.35302008,0.223694,0.0,1.565858,30.3,-1.3,-0.9,,,0,0,1024,1024,1024,1024,0,0,0,0,25.2,0.0,0,53,3.629,3.634,3.641,3.638,0,0,5.226,82.58,20.320270335288,30.183728,6,P-GPS,29.527559055118108,9.0,29.527559055118108,19.66410139040611,19.66410139040611,29.527559055118108,0.0,0.223694,0.0,0.0,14.652,76.57135199999999
12085,2026-05-09 10:19:40.085,12.085370741482967,0.22845691382765532,cruise,112300,2026-05-09 10:21:30,29.855644,,,19.992186335288,10.826772,0.0,52.721130296,2.998441697,17,5,14.652,24.257278335288,34.120736,0.223694,53.35302008,0.0,0.0,0.671082,30.3,-0.7,-1.0,,,0,0,1024,1024,1024,1024,0,0,0,0,25.2,0.0,0,53,3.629,3.634,3.641,3.638,0,0,5.226,82.58,19.992186335288,29.855644,6,P-GPS,29.527559055118108,9.0,29.527559055118108,19.66410139040611,19.66410139040611,29.527559055118108,0.0,0.0,0.0,0.0,14.652,76.57135199999999
12191,2026-05-09 10:19:40.191,12.191382765531062,0.23046092184368738,cruise,112400,2026-05-09 10:21:30,29.855644,,,19.992186335288,10.498688,0.0,52.709647356,3.01785442728,17,5,14.652,24.257278335288,34.120736,0.223694,53.35302008,0.0,0.0,0.223694,30.2,-1.1,-0.8,,,0,0,1024,1024,1024,1024,0,0,0,0,25.2,0.0,0,53,3.629,3.634,3.641,3.638,0,0,5.226,82.58,19.992186335288,29.855644,6,P-GPS,29.527559055118108,9.0,29.527559055118108,19.66410139040611,19.66410139040611,29.527559055118108,0.0,0.0,0.0,0.0,14.652,76.57135199999999
12297,2026-05-09 10:19:40.297,12.297394789579158,0.23246492985971945,cruise,112500,2026-05-09 10:21:30,29.855644,,,19.992186335288,9.84252,0.0,52.65256074,3.07586295932,17,5,14.652,24.257278335288,34.120736,0.223694,53.35302008,0.0,0.0,0.0,30.3,-2.4,-0.8,,,0,0,1024,1024,1024,1024,0,0,0,0,25.2,0.0,0,53,3.629,3.634,3.641,3.638,0,0,5.226,82.58,19.992186335288,29.855644,6,P-GPS,29.527559055118108,9.0,29.527559055118108,19.66410139040611,19.66410139040611,29.527559055118108,0.0,0.0,0.0,0.0,14.652,76.57135199999999
12403,2026-05-09 10:19:40.403,12.403406813627253,0.2344689378757515,cruise,112600,2026-05-09 10:21:30,29.855644,,,19.992186335288,9.514436,0.0,52.62795444,3.1010335638,17,5,14.652,24.257278335288,34.120736,0.223694,53.35302008,0.0,0.0,0.0,30.3,-2.8,-0.9,,,0,0,1024,1024,1024,1024,0,0,0,0,25.2,0.0,0,53,3.629,3.634,3.641,3.638,0,0,5.226,82.58,19.992186335288,29.855644,6,P-GPS,29.527559055118108,9.0,29.527559055118108,19.66410139040611,19.66410139040611,29.527559055118108,0.0,0.0,0.0,0.0,14.652,76.57135199999999
12509,2026-05-09 10:19:40.509,12.509418837675351,0.23647294589178358,cruise,112700,2026-05-09 10:21:30,29.855644,,,19.992186335288,9.84252,0.0,52.743440008,3.23181112704,17,5,14.652,24.257278335288,34.120736,0.223694,53.35302008,0.0,0.0,0.0,30.3,-2.8,-0.8,,,0,0,1024,1024,1024,1024,0,0,0,0,25.2,0.0,0,53,3.629,3.634,3.641,3.638,0,0,5.226,82.58,19.992186335288,29.855644,6,P-GPS,29.527559055118108,9.0,29.527559055118108,19.66410139040611,19.66410139040611,29.527559055118108,0.0,0.0,0.0,0.0,14.652,76.57135199999999
12615,2026-05-09 10:19:40.615,12.615430861723448,0.23847695390781565,cruise,112800,2026-05-09 10:21:30,29.855644,,,19.992186335288,9.84252,0.0,52.758859956,3.25896335888,17,5,14.652,24.257278335288,34.120736,0.223694,53.35302008,0.0,0.0,0.0,30.3,-2.4,-0.5,,,0,0,1024,1024,910,1024,0,0,-17,0,25.2,0.0,0,53,3.629,3.634,3.641,3.638,0,0,5.226,82.58,19.992186335288,29.855644,6,P-GPS,29.527559055118108,9.0,29.527559055118108,19.66410139040611,19.66410139040611,29.527559055118108,0.0,0.0,0.0,0.0,14.652,76.57135199999999
12721,2026-05-09 10:19:40.721,12.721442885771543,0.2404809619238477,cruise,112900,2026-05-09 10:21:30,29.855644,,,19.992186335288,9.514436,0.0,52.819555496,3.3336287156,17,5,14.652,24.257278335288,34.120736,0.223694,53.35302008,0.0,0.0,0.0,30.4,-2.1,-0.2,,,0,0,1024,1024,587,1024,0,0,-66,0,25.2,0.0,0,53,3.629,3.634,3.641,3.638,0,0,5.226,82.58,19.992186335288,29.855644,6,P-GPS,29.527559055118108,9.0,29.527559055118108,19.66410139040611,19.66410139040611,29.527559055118108,0.0,0.0,0.0,0.0,14.652,76.57135199999999
12827,2026-05-09 10:19:40.827,12.827454909819638,0.24248496993987975,cruise,113000,2026-05-09 10:21:31,29.855644,,,19.992186335288,9.186352,0.0,52.858597492,3.3728347536,17,5,14.652,24.257278335288,34.120736,0.223694,53.35302008,0.0,0.0,0.0,30.3,-1.8,-0.1,,,0,0,1024,1024,826,994,0,0,-30,-5,25.2,0.0,0,53,3.629,3.634,3.641,3.638,0,0,5.226,82.58,19.992186335288,29.855644,6,P-GPS,29.527559055118108,9.0,29.527559055118108,19.66410139040611,19.66410139040611,29.527559055118108,0.0,0.0,0.0,0.0,14.652,76.57135199999999
12933,2026-05-09 10:19:40.933,12.933466933867734,0.24448897795591182,cruise,113100,2026-05-09 10:21:31,29.855644,,,19.992186335288,9.186352,0.0,52.8871408,3.4085959096,17,5,14.542,24.257278335288,34.120736,0.223694,53.35302008,0.0,0.0,0.447388,30.3,-1.7,-0.5,,,0,0,1024,1024,1024,1024,0,0,0,0,25.2,0.0,0,53,3.652,3.638,3.637,3.639,0,0,6.539,82.76,19.992186335288,29.855644,6,P-GPS,29.527559055118108,9.0,29.527559055118108,19.66410139040611,19.66410139040611,29.527559055118108,0.0,0.0,0.0,0.0,14.542,95.090138
13039,2026-05-09 10:19:41.039,13.039478957915833,0.2464929859719439,cruise,113200,2026-05-09 10:21:31,29.855644,,,19.992186335288,9.186352,0.0,52.897967572,3.4196851488,17,5,14.542,24.257278335288,34.120736,0.223694,53.35302008,0.0,0.0,1.342164,30.2,-1.8,-0.5,,,0,0,1024,1024,1024,1024,0,0,0,0,25.1,0.0,0,53,3.652,3.638,3.637,3.639,0,0,6.539,82.76,19.992186335288,29.855644,6,P-GPS,29.527559055118108,9.0,29.527559055118108,19.66410139040611,19.66410139040611,29.527559055118108,0.0,0.0,0.0,0.0,14.542,95.090138
13145,2026-05-09 10:19:41.145,13.14549098196393,0.24849699398797598,cruise,113300,2026-05-09 10:21:31,29.52756,,,19.664102335288,8.530184,0.223694,52.931104056,3.4559712392,17,5,14.542,24.257278335288,34.120736,0.223694,53.35302008,0.223694,0.0,1.11847,30.2,-1.1,-0.4,,,0,0,1024,1024,1024,1024,0,0,0,0,25.1,0.0,0,53,3.652,3.638,3.637,3.639,0,0,6.539,82.76,19.664102335288,29.52756,6,P-GPS,29.527559055118108,9.0,29.527559055118108,19.66410139040611,19.66410139040611,29.527559055118108,0.0,0.223694,0.0,0.0,14.542,95.090138
13252,2026-05-09 10:19:41.251,13.251503006012026,0.25050100200400804,cruise,113400,2026-05-09 10:21:31,29.52756,,,19.664102335288,8.2021,0.223694,52.936025316,3.4646982736,17,5,14.542,24.257278335288,34.120736,0.223694,53.35302008,0.0,0.0,0.223694,30.2,-0.6,-0.2,,,0,0,1024,1024,1024,1024,0,0,0,0,25.1,0.0,0,53,3.652,3.638,3.637,3.639,0,0,6.539,82.76,19.664102335288,29.52756,6,P-GPS,29.527559055118108,9.0,29.527559055118108,19.66410139040611,19.66410139040611,29.527559055118108,0.0,0.0,0.0,0.0,14.542,95.090138
13358,2026-05-09 10:19:41.357,13.357515030060119,0.25250501002004005,cruise,113500,2026-05-09 10:21:31,29.52756,,,19.664102335288,8.2021,0.0,52.95767886,3.4877625788,17,5,14.542,24.257278335288,34.120736,0.223694,53.35302008,0.0,0.0,0.0,30.2,-1.1,-0.2,,,0,0,1024,1024,1024,1024,0,0,0,0,25.1,0.0,0,53,3.652,3.638,3.637,3.639,0,0,6.539,82.76,19.664102335288,29.52756,6,P-GPS,29.527559055118108,9.0,29.527559055118108,19.66410139040611,19.66410139040611,29.527559055118108,0.0,0.0,0.0,0.0,14.542,95.090138
13464,2026-05-09 10:19:41.463,13.463527054108216,0.2545090180360721,cruise,113600,2026-05-09 10:21:31,29.52756,,,19.664102335288,8.2021,0.0,53.0019702,3.5427822656,17,5,14.542,24.257278335288,34.120736,0.223694,53.35302008,0.0,0.0,0.0,30.2,-1.4,0.0,,,0,0,1024,1024,1024,1024,0,0,0,0,25.1,0.0,0,53,3.652,3.638,3.637,3.639,0,0,6.539,82.76,19.664102335288,29.52756,6,P-GPS,29.527559055118108,9.0,29.527559055118108,19.66410139040611,19.66410139040611,29.527559055118108,0.0,0.0,0.0,0.0,14.542,95.090138
13570,2026-05-09 10:19:41.569,13.569539078156314,0.25651302605210424,cruise,113700,2026-05-09 10:21:31,29.52756,,,19.664102335288,7.545932,0.0,53.02329566,3.5648623188,17,5,14.542,24.257278335288,34.120736,0.223694,53.35302008,0.0,0.0,0.0,30.2,-1.4,-0.3,,,0,0,1024,1024,1024,1024,0,0,0,0,25.1,0.0,0,53,3.652,3.638,3.637,3.639,0,0,6.539,82.76,19.664102335288,29.52756,6,P-GPS,29.527559055118108,9.0,29.527559055118108,19.66410139040611,19.66410139040611,29.527559055118108,0.0,0.0,0.0,0.0,14.542,95.090138
13676,2026-05-09 10:19:41.675,13.67555110220441,0.2585170340681363,cruise,113800,2026-05-09 10:21:31,29.52756,,,19.664102335288,8.2021,0.0,53.02493608,3.6357940796,17,5,14.542,24.257278335288,34.120736,0.223694,53.35302008,0.0,0.0,0.0,30.2,-1.4,-0.4,,,0,0,1024,1024,1024,1024,0,0,0,0,25.1,0.0,0,53,3.652,3.638,3.637,3.639,0,0,6.539,82.76,19.664102335288,29.52756,6,P-GPS,29.527559055118108,9.0,29.527559055118108,19.66410139040611,19.66410139040611,29.527559055118108,0.0,0.0,0.0,0.0,14.542,95.090138
13782,2026-05-09 10:19:41.781,13.781563126252504,0.2605210420841683,cruise,113900,2026-05-09 10:21:31,29.52756,,,19.664102335288,7.874016,0.0,53.018046316,3.6704725584,17,5,14.542,24.257278335288,34.120736,0.223694,53.35302008,0.0,0.0,0.0,30.2,-1.6,-0.2,,,0,0,1024,1040,1024,1024,0,2,0,0,25.1,0.0,0,53,3.652,3.638,3.637,3.639,0,0,6.539,82.76,19.664102335288,29.52756,6,P-GPS,29.527559055118108,9.0,29.527559055118108,19.66410139040611,19.66410139040611,29.527559055118108,0.0,0.0,0.0,0.0,14.542,95.090138
13888,2026-05-09 10:19:41.887,13.8875751503006,0.2625250501002004,cruise,114000,2026-05-09 10:21:32,29.52756,,,19.664102335288,7.874016,0.0,53.048230044,3.7093833208,17,5,14.542,24.257278335288,34.120736,0.223694,53.35302008,0.0,0.0,0.0,30.2,-1.6,0.0,,,0,0,1024,1040,1024,1024,0,2,0,0,25.1,0.0,0,53,3.652,3.638,3.637,3.639,0,0,6.539,82.76,19.664102335288,29.52756,6,P-GPS,29.527559055118108,9.0,29.527559055118108,19.66410139040611,19.66410139040611,29.527559055118108,0.0,0.0,0.0,0.0,14.542,95.090138
13994,2026-05-09 10:19:41.993,13.993587174348697,0.26452905811623245,cruise,114100,2026-05-09 10:21:32,29.52756,,,19.664102335288,7.874016,0.0,53.060041068,3.7429135056,17,5,14.566,24.257278335288,34.120736,0.223694,53.35302008,0.0,0.0,0.0,30.2,-1.5,0.3,,,0,0,1024,1024,1024,1024,0,0,0,0,25.1,0.0,0,53,3.649,3.65,3.651,3.649,0,0,6.909,82.76,19.664102335288,29.52756,6,P-GPS,29.527559055118108,9.0,29.527559055118108,19.66410139040611,19.66410139040611,29.527559055118108,0.0,0.0,0.0,0.0,14.566,100.636494
14100,2026-05-09 10:19:42.099,14.099599198396795,0.2665330661322646,cruise,114200,2026-05-09 10:21:32,29.52756,,,19.664102335288,7.874016,0.0,53.073164428,3.7632547136,17,5,14.566,24.257278335288,34.120736,0.223694,53.35302008,0.0,0.0,0.0,30.3,-1.4,0.5,,,0,0,1024,1024,1024,1024,0,0,0,0,25.1,0.0,0,53,3.649,3.65,3.651,3.649,0,0,6.909,82.76,19.664102335288,29.52756,6,P-GPS,29.527559055118108,9.0,29.527559055118108,19.66410139040611,19.66410139040611,29.527559055118108,0.0,0.0,0.0,0.0,14.566,100.636494
14206,2026-05-09 10:19:42.205,14.205611222444888,0.2685370741482966,cruise,114300,2026-05-09 10:21:32,29.52756,,,19.664102335288,7.545932,0.0,53.086287788,3.796424006,17,5,14.566,24.257278335288,34.120736,0.223694,53.35302008,0.0,0.0,0.0,30.3,-1.3,0.6,,,0,0,1024,1024,1024,1024,0,0,0,0,25.1,0.0,0,53,3.649,3.65,3.651,3.649,0,0,6.909,82.76,19.664102335288,29.52756,6,P-GPS,29.527559055118108,9.0,29.527559055118108,19.66410139040611,19.66410139040611,29.527559055118108,0.0,0.0,0.0,0.0,14.566,100.636494
14312,2026-05-09 10:19:42.311,14.311623246492985,0.27054108216432865,cruise,114400,2026-05-09 10:21:32,29.52756,,,19.664102335288,7.545932,0.0,53.090880964,3.8143373924,17,5,14.566,24.257278335288,34.120736,0.223694,53.35302008,0.0,0.0,0.0,30.3,-1.3,0.5,,,0,0,1024,1024,1024,1024,0,0,0,0,25.1,0.0,0,53,3.649,3.65,3.651,3.649,0,0,6.909,82.76,19.664102335288,29.52756,6,P-GPS,29.527559055118108,9.0,29.527559055118108,19.66410139040611,19.66410139040611,29.527559055118108,0.0,0.0,0.0,0.0,14.566,100.636494
14418,2026-05-09 10:19:42.417,14.417635270541082,0.2725450901803607,cruise,114500,2026-05-09 10:21:32,29.52756,,,19.664102335288,7.545932,0.0,53.100067316,3.8419620652,17,5,14.566,24.257278335288,34.120736,0.223694,53.35302008,0.0,0.0,0.0,30.3,-1.2,0.6,,,0,0,1024,1172,1024,1024,0,22,0,0,25.1,0.0,0,53,3.649,3.65,3.651,3.649,0,0,6.909,82.76,19.664102335288,29.52756,6,P-GPS,29.527559055118108,9.0,29.527559055118108,19.66410139040611,19.66410139040611,29.527559055118108,0.0,0.0,0.0,0.0,14.566,100.636494
14524,2026-05-09 10:19:42.523,14.523647294589178,0.2745490981963928,cruise,114600,2026-05-09 10:21:32,29.52756,,,19.664102335288,7.217848,0.0,53.1003954,3.8686681028,17,5,14.566,24.257278335288,34.120736,0.223694,53.35302008,0.0,0.0,0.0,30.3,-1.4,0.9,,,0,0,1024,1390,1024,1024,0,55,0,0,25.1,0.0,0,53,3.649,3.65,3.651,3.649,0,0,6.909,82.76,19.664102335288,29.52756,6,P-GPS,29.527559055118108,9.0,29.527559055118108,19.66410139040611,19.66410139040611,29.527559055118108,0.0,0.0,0.0,0.0,14.566,100.636494
14630,2026-05-09 10:19:42.629,14.629659318637275,0.27655310621242485,cruise,114700,2026-05-09 10:21:32,29.52756,,,19.664102335288,7.217848,0.0,53.08235078,3.8967520932,17,5,14.566,24.257278335288,34.120736,0.223694,53.35302008,0.0,0.0,0.0,30.3,-1.6,2.8,,,0,0,1024,1469,1024,1024,0,67,0,0,25.1,0.0,0,53,3.649,3.65,3.651,3.649,0,0,6.909,82.76,19.664102335288,29.52756,6,P-GPS,29.527559055118108,9.0,29.527559055118108,19.66410139040611,19.66410139040611,29.527559055118108,0.0,0.0,0.0,0.0,14.566,100.636494
14736,2026-05-09 10:19:42.735,14.73567134268537,0.2785571142284569,cruise,114800,2026-05-09 10:21:32,29.52756,,,19.664102335288,7.217848,0.0,53.097770728,3.9124345084,17,5,14.566,24.257278335288,34.120736,0.223694,53.35302008,0.0,0.0,0.0,30.3,-1.5,6.6,,,0,0,1024,1449,1024,1024,0,64,0,0,25.1,0.0,0,53,3.649,3.65,3.651,3.649,0,0,6.909,82.76,19.664102335288,29.52756,6,P-GPS,29.527559055118108,9.0,29.527559055118108,19.66410139040611,19.66410139040611,29.527559055118108,0.0,0.0,0.0,0.0,14.566,100.636494
14842,2026-05-09 10:19:42.841,14.841683366733466,0.280561122244489,cruise,114900,2026-05-09 10:21:32,29.52756,,,19.664102335288,6.889764,0.223694,53.092849468,3.943405638,17,5,14.566,24.257278335288,34.120736,0.223694,53.35302008,0.0,0.223694,0.0,30.3,-1.4,9.6,,,0,0,1024,1410,1024,1024,0,58,0,0,25.1,0.0,0,53,3.649,3.65,3.651,3.649,0,0,6.909,82.76,19.664102335288,29.52756,6,P-GPS,29.527559055118108,9.0,29.527559055118108,19.66410139040611,19.66410139040611,29.527559055118108,0.0,0.223694,0.0,0.0,14.566,100.636494
14948,2026-05-09 10:19:42.947,14.947695390781563,0.28256513026052105,cruise,115000,2026-05-09 10:21:33,29.52756,,,19.664102335288,6.889764,0.4921268,53.122377028,4.0550198148,17,5,14.566,24.257278335288,34.120736,0.4921268,53.35302008,-0.223694,0.447388,0.0,30.5,-1.4,10.0,,,0,0,1024,1369,1024,1024,0,52,0,0,25.1,0.0,0,53,3.649,3.65,3.651,3.649,0,0,6.909,82.76,19.664102335288,29.52756,6,P-GPS,29.527559055118108,9.0,29.527559055118108,19.66410139040611,19.66410139040611,29.527559055118108,0.0,0.500194990158838,0.0,0.0,14.566,100.636494
15054,2026-05-09 10:19:43.053,15.05370741482966,0.2845691382765531,cruise,115100,2026-05-09 10:21:33,29.52756,,,19.664102335288,6.889764,1.006623,53.13484422,4.2122048592,17,5,14.69,24.257278335288,34.120736,1.006623,53.35302008,-0.447388,0.894776,0.0,30.8,-1.5,9.1,,,0,0,1024,1035,1024,1024,0,2,0,0,25.1,0.0,0,53,3.653,3.65,3.65,3.649,0,0,6.345,82.76,19.664102335288,29.52756,6,P-GPS,29.527559055118108,9.0,29.527559055118108,19.66410139040611,19.66410139040611,29.527559055118108,0.0,1.000389980317676,0.0,0.0,14.69,93.20805
15160,2026-05-09 10:19:43.159,15.159719438877756,0.2865731462925852,cruise,115200,2026-05-09 10:21:33,29.52756,,,19.664102335288,6.889764,1.2974252,53.148295664,4.4335303256,17,5,14.69,24.257278335288,34.120736,1.2974252,53.35302008,-0.671082,1.11847,0.0,31.3,-1.5,6.7,,,0,0,1024,1024,1024,1024,0,0,0,0,25.1,0.0,0,53,3.653,3.65,3.65,3.649,0,0,6.345,82.76,19.664102335288,29.52756,6,P-GPS,29.527559055118108,9.0,29.527559055118108,19.66410139040611,19.66410139040611,29.527559055118108,0.0,1.3043489531655248,0.0,0.0,14.69,93.20805
15266,2026-05-09 10:19:43.265,15.265731462925851,0.28857715430861725,cruise,115300,2026-05-09 10:21:33,29.52756,,,19.664102335288,19.028872,1.4987498,53.169949208,4.6641405692,17,5,14.69,24.257278335288,34.120736,1.4987498,53.35302008,-0.671082,1.342164,0.0,31.6,-1.4,2.9,,,0,0,1024,1024,1024,1024,0,0,0,0,25.1,0.0,0,53,3.653,3.65,3.65,3.649,0,0,6.345,82.76,19.664102335288,29.52756,6,P-GPS,29.527559055118108,9.0,29.527559055118108,19.66410139040611,19.66410139040611,29.527559055118108,0.0,1.5005849704765137,0.0,0.0,14.69,93.20805
15372,2026-05-09 10:19:43.371,15.371743486973948,0.2905811623246493,cruise,115400,2026-05-09 10:21:33,29.52756,,,19.664102335288,18.700788,1.4987498,53.1906185,4.9355972708,17,5,14.69,24.257278335288,34.120736,1.4987498,53.35302008,-0.671082,1.342164,0.0,31.9,-1.2,0.9,,,0,0,1024,1024,1024,1201,0,0,0,27,25.1,0.0,0,53,3.653,3.65,3.65,3.649,0,0,6.345,82.76,19.664102335288,29.52756,6,P-GPS,29.527559055118108,9.0,29.527559055118108,19.66410139040611,19.66410139040611,29.527559055118108,0.0,1.5005849704765137,0.0,0.0,14.69,93.20805
15478,2026-05-09 10:19:43.477,15.477755511022044,0.2925851703406814,cruise,115500,2026-05-09 10:21:33,29.52756,,,19.664102335288,18.372704,1.4987498,53.208991204,5.1540684064,17,5,14.69,24.257278335288,34.120736,1.4987498,53.35302008,-0.671082,1.342164,0.0,32.1,-1.3,-2.7,,,0,0,1024,1024,1024,1589,0,0,0,86,25.2,0.0,0,53,3.653,3.65,3.65,3.649,0,0,6.345,82.76,19.664102335288,29.52756,6,P-GPS,29.527559055118108,9.0,29.527559055118108,19.66410139040611,19.66410139040611,29.527559055118108,0.0,1.5005849704765137,0.0,0.0,14.69,93.20805
15584,2026-05-09 10:19:43.583,15.583767535070141,0.29458917835671344,cruise,115600,2026-05-09 10:21:33,29.52756,,,19.664102335288,18.04462,1.4987498,53.22178648,5.431102536,17,5,14.69,24.257278335288,34.120736,1.4987498,53.35302008,-0.671082,1.342164,0.0,32.0,-1.1,-5.4,,,0,0,1024,1024,1024,1684,0,0,0,100,26.5,0.0,0,53,3.653,3.65,3.65,3.649,0,0,6.345,82.76,19.664102335288,29.52756,6,P-GPS,29.527559055118108,9.0,29.527559055118108,19.66410139040611,19.66410139040611,29.527559055118108,0.0,1.5005849704765137,0.0,0.0,14.69,93.20805
15690,2026-05-09 10:19:43.689,15.689779559118238,0.2965931863727455,cruise,115700,2026-05-09 10:21:33,29.52756,,,19.664102335288,18.04462,1.2974252,53.212928212,5.5759188136,17,5,14.69,24.257278335288,34.120736,1.4987498,53.35302008,-0.671082,1.11847,0.0,33.5,-0.9,-6.3,,,0,0,1024,1024,1024,1684,0,0,0,100,30.5,0.0,0,53,3.653,3.65,3.65,3.649,0,0,6.345,82.76,19.664102335288,29.52756,6,P-GPS,29.527559055118108,9.0,29.527559055118108,19.66410139040611,19.66410139040611,29.527559055118108,0.0,1.3043489531655248,0.0,0.0,14.69,93.20805
15796,2026-05-09 10:19:43.795,15.795791583166332,0.2985971943887776,cruise,115800,2026-05-09 10:21:33,29.52756,,,19.664102335288,18.700788,1.006623,53.22998858,5.772802022,17,5,14.69,24.257278335288,34.120736,1.4987498,53.35302008,-0.447388,0.894776,0.0,37.8,-0.4,-6.0,,,0,0,1024,1024,1024,1684,0,0,0,100,36.0,0.0,0,53,3.653,3.65,3.65,3.649,0,0,6.345,82.76,19.664102335288,29.52756,6,P-GPS,29.527559055118108,9.0,29.527559055118108,19.66410139040611,19.66410139040611,29.527559055118108,0.0,1.000389980317676,0.0,0.0,14.69,93.20805
15902,2026-05-09 10:19:43.901,15.901803607214429,0.30060120240480964,cruise,115900,2026-05-09 10:21:33,29.52756,,,19.664102335288,18.372704,0.8052984,53.25295446,5.926673418,17,5,14.69,24.257278335288,34.120736,1.4987498,53.35302008,-0.447388,0.671082,0.0,43.1,0.0,-5.1,,,0,0,1024,1024,1024,1684,0,0,0,100,42.0,0.0,0,53,3.653,3.65,3.65,3.649,0,0,6.345,82.76,19.664102335288,29.52756,6,P-GPS,29.527559055118108,9.0,29.527559055118108,19.66410139040611,19.66410139040611,29.527559055118108,0.0,0.8065401870136416,0.0,0.0,14.69,93.20805
16008,2026-05-09 10:19:44.007,16.007815631262527,0.3026052104208417,cruise,116000,2026-05-09 10:21:34,29.52756,,,19.664102335288,18.372704,0.4921268,53.278873096,6.0292324764,17,5,14.69,24.257278335288,34.120736,1.4987498,53.35302008,-0.223694,0.447388,0.0,48.7,0.3,-4.3,,,0,0,1024,1024,1024,1684,0,0,0,100,47.9,0.0,0,53,3.653,3.65,3.65,3.649,0,0,6.345,82.76,19.664102335288,29.52756,6,P-GPS,29.527559055118108,9.0,29.527559055118108,19.66410139040611,19.66410139040611,29.527559055118108,0.0,0.500194990158838,0.0,0.0,14.69,93.20805
16114,2026-05-09 10:19:44.113,16.11382765531062,0.3046092184368737,cruise,116100,2026-05-09 10:21:34,29.52756,,,19.664102335288,18.372704,0.4921268,53.267062072,6.1022967832,17,5,14.604,24.257278335288,34.120736,1.4987498,53.35302008,-0.223694,0.447388,0.0,54.2,0.2,-3.7,,,0,0,1024,1024,1024,1684,0,0,0,100,53.9,0.0,0,53,3.653,3.649,3.649,3.649,0,0,6.115,82.94,19.664102335288,29.52756,6,P-GPS,29.527559055118108,9.0,29.527559055118108,19.66410139040611,19.66410139040611,29.527559055118108,0.0,0.500194990158838,0.0,0.0,14.604,89.30346
16220,2026-05-09 10:19:44.219,16.219839679358717,0.30661322645290584,cruise,116200,2026-05-09 10:21:34,29.52756,,,19.664102335288,18.700788,0.4921268,53.310041076,6.2305120104,17,5,14.604,24.257278335288,34.120736,1.4987498,53.35302008,-0.223694,0.447388,0.0,59.8,0.2,-3.1,,,0,0,1024,1024,1024,1684,0,0,0,100,59.9,0.0,0,53,3.653,3.649,3.649,3.649,0,0,6.115,82.94,19.664102335288,29.52756,6,P-GPS,29.527559055118108,9.0,29.527559055118108,19.66410139040611,19.66410139040611,29.527559055118108,0.0,0.500194990158838,0.0,0.0,14.604,89.30346
16326,2026-05-09 10:19:44.325,16.325851703406816,0.3086172344689379,cruise,116300,2026-05-09 10:21:34,29.52756,,,19.664102335288,18.700788,0.3131716,53.328085696,6.3270015148,17,5,14.604,24.257278335288,34.120736,1.4987498,53.35302008,-0.223694,0.223694,0.0,65.4,0.3,-2.9,,,0,0,1024,1024,1024,1684,0,0,0,100,65.9,0.0,0,53,3.653,3.649,3.649,3.649,0,0,6.115,82.94,19.664102335288,29.52756,6,P-GPS,29.527559055118108,9.0,29.527559055118108,19.66410139040611,19.66410139040611,29.527559055118108,0.0,0.31635108862148714,0.0,0.0,14.604,89.30346
16432,2026-05-09 10:19:44.431,16.43186372745491,0.31062124248497,cruise,116400,2026-05-09 10:21:34,29.52756,,,19.664102335288,19.028872,0.3131716,53.311025328,6.4163715964,17,5,14.604,24.257278335288,34.120736,1.4987498,53.35302008,-0.223694,0.223694,0.0,71.3,0.4,-3.2,,,0,0,1024,1024,1024,1684,0,0,0,100,71.9,0.0,0,53,3.653,3.649,3.649,3.649,0,0,6.115,82.94,19.664102335288,29.52756,6,P-GPS,29.527559055118108,9.0,29.527559055118108,19.66410139040611,19.66410139040611,29.527559055118108,0.0,0.31635108862148714,0.0,0.0,14.604,89.30346
16538,2026-05-09 10:19:44.537,16.537875751503005,0.312625250501002,cruise,116500,2026-05-09 10:21:34,29.52756,,,19.664102335288,19.028872,0.3131716,53.295277296,6.4873361656,17,5,14.604,24.257278335288,34.120736,1.4987498,53.35302008,-0.223694,0.223694,0.0,77.2,0.5,-3.3,,,0,0,1024,1024,1024,1684,0,0,0,100,77.9,0.0,0,53,3.653,3.649,3.649,3.649,0,0,6.115,82.94,19.664102335288,29.52756,6,P-GPS,29.527559055118108,9.0,29.527559055118108,19.66410139040611,19.66410139040611,29.527559055118108,0.0,0.31635108862148714,0.0,0.0,14.604,89.30346
16644,2026-05-09 10:19:44.643,16.6438877755511,0.31462925851703405,cruise,116600,2026-05-09 10:21:34,29.52756,,,19.664102335288,19.028872,0.3131716,53.283466272,6.5494096584,17,5,14.604,24.257278335288,34.120736,1.4987498,53.35302008,-0.223694,0.223694,0.0,83.3,0.4,-3.4,,,0,0,1024,1024,1024,1684,0,0,0,100,83.9,0.0,0,53,3.653,3.649,3.649,3.649,0,0,6.115,82.94,19.664102335288,29.52756,6,P-GPS,29.527559055118108,9.0,29.527559055118108,19.66410139040611,19.66410139040611,29.527559055118108,0.0,0.31635108862148714,0.0,0.0,14.604,89.30346
16750,2026-05-09 10:19:44.749,16.7498997995992,0.31663326653306617,cruise,116700,2026-05-09 10:21:34,29.52756,,,19.664102335288,18.700788,0.3131716,53.311353412,6.6170277708,17,5,14.604,24.257278335288,34.120736,1.4987498,53.35302008,-0.223694,0.223694,0.0,89.3,0.7,-3.2,,,0,0,1024,1024,1024,1684,0,0,0,100,89.9,0.0,0,53,3.653,3.649,3.649,3.649,0,0,6.115,82.94,19.664102335288,29.52756,6,P-GPS,29.527559055118108,9.0,29.527559055118108,19.66410139040611,19.66410139040611,29.527559055118108,0.0,0.31635108862148714,0.0,0.0,14.604,89.30346
16856,2026-05-09 10:19:44.855,16.855911823647297,0.31863727454909824,cruise,116800,2026-05-09 10:21:34,29.52756,,,19.664102335288,18.700788,0.223694,53.305775984,6.6668965388,17,5,14.604,24.257278335288,34.120736,1.4987498,53.35302008,-0.223694,0.0,0.0,95.4,0.9,-2.9,,,0,0,1024,1024,1024,1684,0,0,0,100,92.9,0.0,0,53,3.653,3.649,3.649,3.649,0,0,6.115,82.94,19.664102335288,29.52756,6,P-GPS,29.527559055118108,9.0,29.527559055118108,19.66410139040611,19.66410139040611,29.527559055118108,0.0,0.223694,0.0,0.0,14.604,89.30346
16962,2026-05-09 10:19:44.961,16.961923847695388,0.32064128256513025,cruise,116900,2026-05-09 10:21:34,29.52756,,,19.664102335288,18.372704,0.223694,53.310697244,6.7479989036,17,5,14.604,24.257278335288,34.120736,1.4987498,53.35302008,-0.223694,0.0,0.0,101.4,1.2,-2.6,,,0,0,1024,1024,1024,1684,0,0,0,100,101.9,0.0,0,53,3.653,3.649,3.649,3.649,0,0,6.115,82.94,19.664102335288,29.52756,6,P-GPS,29.527559055118108,9.0,29.527559055118108,19.66410139040611,19.66410139040611,29.527559055118108,0.0,0.223694,0.0,0.0,14.604,89.30346
17068,2026-05-09 10:19:45.067,17.06793587174349,0.32264529058116237,cruise,117000,2026-05-09 10:21:35,29.52756,,,19.664102335288,18.372704,0.223694,53.307416404,6.7930120284,17,5,14.604,24.257278335288,34.120736,1.4987498,53.35302008,-0.223694,0.0,0.0,107.4,1.5,-2.5,,,0,0,1024,1024,1024,1684,0,0,0,100,107.9,0.0,0,53,3.653,3.649,3.649,3.649,0,0,6.115,82.94,19.664102335288,29.52756,6,P-GPS,29.527559055118108,9.0,29.527559055118108,19.66410139040611,19.66410139040611,29.527559055118108,0.0,0.223694,0.0,0.0,14.604,89.30346
17174,2026-05-09 10:19:45.173,17.17394789579158,0.3246492985971944,cruise,117100,2026-05-09 10:21:35,29.52756,,,19.664102335288,18.04462,0.0,53.301182808,6.84711308,17,5,14.604,24.257278335288,34.120736,1.4987498,53.35302008,0.0,0.0,0.0,113.6,1.7,-2.3,,,0,0,1024,1024,1024,1684,0,0,0,100,113.9,0.0,0,53,3.653,3.649,3.649,3.648,0,0,6.115,82.94,19.664102335288,29.52756,6,P-GPS,29.527559055118108,9.0,29.527559055118108,19.66410139040611,19.66410139040611,29.527559055118108,0.0,0.0,0.0,0.0,14.604,89.30346
17280,2026-05-09 10:19:45.279,17.27995991983968,0.3266533066132265,cruise,117200,2026-05-09 10:21:35,29.52756,,,19.664102335288,17.716536,0.0,53.28412244,6.8862535012,17,5,14.604,24.257278335288,34.120736,1.4987498,53.35302008,0.0,0.0,0.0,119.7,1.7,-2.1,,,0,0,1024,1024,1024,1684,0,0,0,100,119.9,0.0,0,53,3.653,3.649,3.649,3.648,0,0,6.115,82.94,19.664102335288,29.52756,6,P-GPS,29.527559055118108,9.0,29.527559055118108,19.66410139040611,19.66410139040611,29.527559055118108,0.0,0.0,0.0,0.0,14.604,89.30346
17386,2026-05-09 10:19:45.385,17.385971943887775,0.3286573146292585,cruise,117300,2026-05-09 10:21:35,29.52756,,,19.664102335288,18.04462,0.0,53.247048948,6.924704946,17,5,14.604,24.257278335288,34.120736,1.4987498,53.35302008,0.0,0.0,0.0,125.8,1.7,-1.9,,,0,0,1024,1024,1024,1684,0,0,0,100,125.9,0.0,0,53,3.653,3.649,3.649,3.648,0,0,6.115,82.94,19.664102335288,29.52756,6,P-GPS,29.527559055118108,9.0,29.527559055118108,19.66410139040611,19.66410139040611,29.527559055118108,0.0,0.0,0.0,0.0,14.604,89.30346
17492,2026-05-09 10:19:45.491,17.49198396793587,0.3306613226452906,cruise,117400,2026-05-09 10:21:35,29.52756,,,19.664102335288,18.04462,0.0,53.250329788,6.9490487788,17,5,14.604,24.257278335288,34.120736,1.4987498,53.35302008,0.0,0.0,0.0,131.9,1.8,-1.8,,,0,0,1024,1024,1024,1684,0,0,0,100,131.9,0.0,0,53,3.653,3.649,3.649,3.648,0,0,6.115,82.94,19.664102335288,29.52756,6,P-GPS,29.527559055118108,9.0,29.527559055118108,19.66410139040611,19.66410139040611,29.527559055118108,0.0,0.0,0.0,0.0,14.604,89.30346
17598,2026-05-09 10:19:45.597,17.59799599198397,0.3326653306613227,cruise,117500,2026-05-09 10:21:35,29.52756,,,19.664102335288,18.04462,0.0,53.232941336,6.9697508792,17,5,14.604,24.257278335288,34.120736,1.4987498,53.35302008,0.0,0.0,0.0,138.0,1.8,-1.7,,,0,0,1024,1024,1024,1684,0,0,0,100,137.9,0.0,0,53,3.653,3.649,3.649,3.648,0,0,6.115,82.94,19.664102335288,29.52756,6,P-GPS,29.527559055118108,9.0,29.527559055118108,19.66410139040611,19.66410139040611,29.527559055118108,0.0,0.0,0.0,0.0,14.604,89.30346
17704,2026-05-09 10:19:45.704,17.704008016032063,0.3346693386773547,cruise,117600,2026-05-09 10:21:35,29.52756,,,19.664102335288,18.04462,0.0,53.233597504,7.00869445,17,5,14.604,24.257278335288,34.120736,1.4987498,53.35302008,0.0,0.0,0.0,144.1,1.9,-1.6,,,0,0,1024,1024,1024,1684,0,0,0,100,143.9,0.0,0,53,3.653,3.649,3.649,3.648,0,0,6.115,82.94,19.664102335288,29.52756,6,P-GPS,29.527559055118108,9.0,29.527559055118108,19.66410139040611,19.66410139040611,29.527559055118108,0.0,0.0,0.0,0.0,14.604,89.30346
17810,2026-05-09 10:19:45.810,17.81002004008016,0.3366733466933868,cruise,117700,2026-05-09 10:21:35,29.52756,,,19.664102335288,18.372704,0.0,53.221130312,7.0278217472,17,5,14.604,24.257278335288,34.120736,1.4987498,53.35302008,0.0,0.0,0.0,150.2,1.9,-1.3,,,0,0,1024,1024,1024,1684,0,0,0,100,149.9,0.0,0,53,3.653,3.649,3.649,3.648,0,0,6.115,82.94,19.664102335288,29.52756,6,P-GPS,29.527559055118108,9.0,29.527559055118108,19.66410139040611,19.66410139040611,29.527559055118108,0.0,0.0,0.0,0.0,14.604,89.30346
17916,2026-05-09 10:19:45.916,17.916032064128256,0.33867735470941884,cruise,117800,2026-05-09 10:21:35,29.52756,,,19.664102335288,18.700788,0.0,53.181432148,7.0676511448,17,5,14.604,24.257278335288,34.120736,1.4987498,53.35302008,0.0,0.0,0.0,156.2,1.9,-1.5,,,0,0,1024,1024,1024,1684,0,0,0,100,155.9,0.0,0,53,3.653,3.649,3.649,3.648,0,0,6.115,82.94,19.664102335288,29.52756,6,P-GPS,29.527559055118108,9.0,29.527559055118108,19.66410139040611,19.66410139040611,29.527559055118108,0.0,0.0,0.0,0.0,14.604,89.30346
18022,2026-05-09 10:19:46.022,18.02204408817635,0.3406813627254509,cruise,117900,2026-05-09 10:21:35,29.52756,,,19.664102335288,18.700788,0.0,53.174542384,7.0865815916,17,5,14.604,24.257278335288,34.120736,1.4987498,53.35302008,0.0,0.0,0.0,162.3,2.0,-1.4,,,0,0,1024,1024,1024,1684,0,0,0,100,161.9,0.0,0,53,3.653,3.649,3.649,3.648,0,0,6.115,82.94,19.664102335288,29.52756,6,P-GPS,29.527559055118108,9.0,29.527559055118108,19.66410139040611,19.66410139040611,29.527559055118108,0.0,0.0,0.0,0.0,14.604,89.30346
18128,2026-05-09 10:19:46.128,18.128056112224453,0.34268537074148303,cruise,118000,2026-05-09 10:21:36,29.52756,,,19.664102335288,18.700788,0.0,53.126970204,7.1371065276,17,5,14.604,24.257278335288,34.120736,1.4987498,53.35302008,0.0,0.0,0.0,168.4,2.1,-1.3,,,0,0,1024,1024,1024,1684,0,0,0,100,167.9,0.0,0,53,3.653,3.649,3.649,3.648,0,0,6.115,82.94,19.664102335288,29.52756,6,P-GPS,29.527559055118108,9.0,29.527559055118108,19.66410139040611,19.66410139040611,29.527559055118108,0.0,0.0,0.0,0.0,14.604,89.30346
18234,2026-05-09 10:19:46.234,18.234068136272544,0.34468937875751504,cruise,118100,2026-05-09 10:21:36,29.52756,,,19.664102335288,18.700788,0.0,53.113190676,7.1511157144,17,5,14.601,24.257278335288,34.120736,1.4987498,53.35302008,0.0,0.0,0.0,174.5,2.0,-1.2,,,0,0,1024,1024,1024,1684,0,0,0,100,173.9,0.0,0,53,3.651,3.647,3.647,3.647,0,0,6.199,83.12,19.664102335288,29.52756,6,P-GPS,29.527559055118108,9.0,29.527559055118108,19.66410139040611,19.66410139040611,29.527559055118108,0.0,0.0,0.0,0.0,14.601,90.511599
18340,2026-05-09 10:19:46.340,18.340080160320642,0.3466933867735471,cruise,118200,2026-05-09 10:21:36,29.52756,,,19.664102335288,18.700788,0.0,53.092521384,7.1718178148,17,5,14.601,24.257278335288,34.120736,1.4987498,53.35302008,0.0,0.0,0.0,180.7,1.9,-1.1,,,0,0,1024,1024,1024,1684,0,0,0,100,179.9,0.0,0,53,3.651,3.647,3.647,3.647,0,0,6.199,83.12,19.664102335288,29.52756,6,P-GPS,29.527559055118108,9.0,29.527559055118108,19.66410139040611,19.66410139040611,29.527559055118108,0.0,0.0,0.0,0.0,14.601,90.511599
18446,2026-05-09 10:19:46.446,18.446092184368734,0.3486973947895791,cruise,118300,2026-05-09 10:21:36,29.52756,,,19.664102335288,18.700788,0.0,53.060369152,7.2071196532,17,5,14.601,24.257278335288,34.120736,1.4987498,53.35302008,0.0,0.0,0.0,186.7,1.8,-0.8,,,0,0,1024,1024,1024,1684,0,0,0,100,185.9,0.0,0,53,3.651,3.647,3.647,3.647,0,0,6.199,83.12,19.664102335288,29.52756,6,P-GPS,29.527559055118108,9.0,29.527559055118108,19.66410139040611,19.66410139040611,29.527559055118108,0.0,0.0,0.0,0.0,14.601,90.511599
18552,2026-05-09 10:19:46.552,18.552104208416836,0.35070140280561124,cruise,118400,2026-05-09 10:21:36,29.52756,,,19.664102335288,19.028872,0.0,53.046589624,7.2262469504,17,5,14.601,24.257278335288,34.120736,1.4987498,53.35302008,0.0,0.0,0.0,192.8,1.8,-0.5,,,0,0,1024,1024,1024,1684,0,0,0,100,191.9,0.0,0,53,3.651,3.647,3.647,3.647,0,0,6.199,83.12,19.664102335288,29.52756,6,P-GPS,29.527559055118108,9.0,29.527559055118108,19.66410139040611,19.66410139040611,29.527559055118108,0.0,0.0,0.0,0.0,14.601,90.511599
18658,2026-05-09 10:19:46.658,18.65811623246493,0.3527054108216433,cruise,118500,2026-05-09 10:21:36,29.52756,,,19.664102335288,19.68504,0.0,53.035106684,7.237697082,17,5,14.601,24.257278335288,34.120736,1.4987498,53.35302008,0.0,0.0,0.0,198.9,1.9,-0.4,,,0,0,1024,1024,1024,1684,0,0,0,100,197.9,0.0,0,53,3.651,3.647,3.647,3.647,0,0,6.199,83.12,19.664102335288,29.52756,6,P-GPS,29.527559055118108,9.0,29.527559055118108,19.66410139040611,19.66410139040611,29.527559055118108,0.0,0.0,0.0,0.0,14.601,90.511599
18764,2026-05-09 10:19:46.764,18.764128256513025,0.35470941883767537,cruise,118600,2026-05-09 10:21:36,29.52756,,,19.664102335288,19.68504,0.0,53.030185424,7.2427167672,17,5,14.601,24.257278335288,34.120736,1.4987498,53.35302008,0.0,0.0,0.0,205.0,1.8,-0.3,,,0,0,1024,1024,1024,1024,0,0,0,0,200.9,0.0,0,53,3.651,3.647,3.647,3.647,0,0,6.199,83.12,19.664102335288,29.52756,6,P-GPS,29.527559055118108,9.0,29.527559055118108,19.66410139040611,19.66410139040611,29.527559055118108,0.0,0.0,0.0,0.0,14.601,90.511599
18870,2026-05-09 10:19:46.870,18.870140280561124,0.35671342685370744,cruise,118700,2026-05-09 10:21:36,29.52756,,,19.664102335288,19.68504,0.0,53.041668364,7.2666997076,17,5,14.601,24.257278335288,34.120736,1.4987498,53.35302008,0.0,0.0,0.0,210.9,1.6,0.0,,,0,0,1024,1024,1024,1024,0,0,0,0,207.8,0.0,0,53,3.651,3.647,3.647,3.647,0,0,6.199,83.12,19.664102335288,29.52756,6,P-GPS,29.527559055118108,9.0,29.527559055118108,19.66410139040611,19.66410139040611,29.527559055118108,0.0,0.0,0.0,0.0,14.601,90.511599
18976,2026-05-09 10:19:46.976,18.976152304609215,0.35871743486973945,cruise,118800,2026-05-09 10:21:36,29.52756,,,19.664102335288,20.013124,0.0,53.058728732,7.2935041704,17,5,14.601,24.257278335288,34.120736,1.4987498,53.35302008,0.0,0.0,0.0,214.1,1.4,0.0,,,0,0,1024,1024,1024,1024,0,0,0,0,208.7,0.0,0,53,3.651,3.647,3.647,3.647,0,0,6.199,83.12,19.664102335288,29.52756,6,P-GPS,29.527559055118108,9.0,29.527559055118108,19.66410139040611,19.66410139040611,29.527559055118108,0.0,0.0,0.0,0.0,14.601,90.511599
19082,2026-05-09 10:19:47.082,19.082164328657317,0.36072144288577157,cruise,118900,2026-05-09 10:21:36,29.52756,,,19.664102335288,20.013124,0.0,53.066930832,7.3020671628,17,5,14.601,24.257278335288,34.120736,1.4987498,53.35302008,0.0,0.0,0.0,214.2,1.4,0.2,,,0,0,1024,1024,1024,1024,0,0,0,0,208.8,0.0,0,53,3.651,3.647,3.647,3.647,0,0,6.199,83.12,19.664102335288,29.52756,6,P-GPS,29.527559055118108,9.0,29.527559055118108,19.66410139040611,19.66410139040611,29.527559055118108,0.0,0.0,0.0,0.0,14.601,90.511599
19188,2026-05-09 10:19:47.188,19.188176352705412,0.36272545090180364,cruise,119000,2026-05-09 10:21:37,29.52756,,,19.664102335288,20.013124,0.0,53.05774448,7.3127298928,17,5,14.601,24.257278335288,34.120736,1.4987498,53.35302008,0.0,0.0,0.0,214.2,1.4,0.5,,,0,0,1024,1024,1024,1024,0,0,0,0,208.8,0.0,0,53,3.651,3.647,3.647,3.647,0,0,6.199,83.12,19.664102335288,29.52756,6,P-GPS,29.527559055118108,9.0,29.527559055118108,19.66410139040611,19.66410139040611,29.527559055118108,0.0,0.0,0.0,0.0,14.601,90.511599
19294,2026-05-09 10:19:47.294,19.294188376753507,0.36472945891783565,cruise,119100,2026-05-09 10:21:37,29.52756,,,19.664102335288,19.68504,0.0,53.061353404,7.3205711004,17,5,14.588,24.257278335288,34.120736,1.4987498,53.35302008,0.0,0.0,0.0,214.2,1.4,0.5,,,0,0,1024,1024,1024,1290,0,0,0,40,208.8,0.0,0,53,3.649,3.647,3.646,3.646,0,0,6.265,83.12,19.664102335288,29.52756,6,P-GPS,29.527559055118108,9.0,29.527559055118108,19.66410139040611,19.66410139040611,29.527559055118108,0.0,0.0,0.0,0.0,14.588,91.39381999999999
19400,2026-05-09 10:19:47.400,19.400200400801605,0.36673346693386777,cruise,119200,2026-05-09 10:21:37,29.52756,,,19.664102335288,19.68504,0.0,53.069555504,7.3296590272,17,5,14.588,24.257278335288,34.120736,1.4987498,53.35302008,0.0,0.0,0.0,214.3,1.4,0.3,,,0,0,1024,1024,1024,1594,0,0,0,86,208.8,0.0,0,53,3.649,3.647,3.646,3.646,0,0,6.265,83.12,19.664102335288,29.52756,6,P-GPS,29.527559055118108,9.0,29.527559055118108,19.66410139040611,19.66410139040611,29.527559055118108,0.0,0.0,0.0,0.0,14.588,91.39381999999999
19506,2026-05-09 10:19:47.506,19.506212424849696,0.3687374749498998,cruise,119300,2026-05-09 10:21:37,29.52756,,,19.664102335288,19.68504,0.0,53.066930832,7.341043542,17,5,14.588,24.257278335288,34.120736,1.4987498,53.35302008,0.0,0.0,0.0,214.3,1.2,0.3,,,0,0,1024,1024,1024,1024,0,0,0,0,209.6,0.0,0,53,3.649,3.647,3.646,3.646,0,0,6.265,83.12,19.664102335288,29.52756,6,P-GPS,29.527559055118108,9.0,29.527559055118108,19.66410139040611,19.66410139040611,29.527559055118108,0.0,0.0,0.0,0.0,14.588,91.39381999999999
19612,2026-05-09 10:19:47.612,19.6122244488978,0.3707414829659319,cruise,119400,2026-05-09 10:21:37,29.52756,,,19.664102335288,20.013124,0.0,53.071852092,7.3619096844,17,5,14.588,24.257278335288,34.120736,1.4987498,53.35302008,0.0,0.0,0.0,215.3,1.2,0.4,,,0,0,1024,1024,1024,1024,0,0,0,0,211.6,0.0,0,53,3.649,3.647,3.646,3.646,0,0,6.265,83.12,19.664102335288,29.52756,6,P-GPS,29.527559055118108,9.0,29.527559055118108,19.66410139040611,19.66410139040611,29.527559055118108,0.0,0.0,0.0,0.0,14.588,91.39381999999999
19718,2026-05-09 10:19:47.718,19.718236472945893,0.37274549098196397,cruise,119500,2026-05-09 10:21:37,29.52756,,,19.664102335288,20.013124,0.0,53.088256292,7.3822508924,17,5,14.588,24.257278335288,34.120736,1.4987498,53.35302008,0.0,0.0,0.0,217.5,1.0,0.5,,,0,0,1024,1024,1024,1024,0,0,0,0,212.4,0.0,0,53,3.649,3.647,3.646,3.646,0,0,6.265,83.12,19.664102335288,29.52756,6,P-GPS,29.527559055118108,9.0,29.527559055118108,19.66410139040611,19.66410139040611,29.527559055118108,0.0,0.0,0.0,0.0,14.588,91.39381999999999
19824,2026-05-09 10:19:47.824,19.824248496993988,0.374749498997996,cruise,119600,2026-05-09 10:21:37,29.52756,,,19.664102335288,20.013124,0.0,53.056432144,7.4267390828,17,5,14.588,24.257278335288,34.120736,1.4987498,53.35302008,0.0,0.0,0.0,217.8,1.0,0.2,,,0,0,1024,1024,1024,1024,0,0,0,0,212.5,0.0,0,53,3.649,3.647,3.646,3.646,0,0,6.265,83.12,19.664102335288,29.52756,6,P-GPS,29.527559055118108,9.0,29.527559055118108,19.66410139040611,19.66410139040611,29.527559055118108,0.0,0.0,0.0,0.0,14.588,91.39381999999999
19930,2026-05-09 10:19:47.930,19.930260521042086,0.3767535070140281,cruise,119700,2026-05-09 10:21:37,29.52756,,,19.664102335288,20.013124,0.0,53.060041068,7.441109162,17,5,14.588,24.257278335288,34.120736,1.4987498,53.35302008,0.0,0.0,0.0,217.7,1.0,0.0,,,0,0,1024,1024,1024,1024,0,0,0,0,212.5,0.0,0,53,3.649,3.647,3.646,3.646,0,0,6.265,83.12,19.664102335288,29.52756,6,P-GPS,29.527559055118108,9.0,29.527559055118108,19.66410139040611,19.66410139040611,29.527559055118108,0.0,0.0,0.0,0.0,14.588,91.39381999999999
20036,2026-05-09 10:19:48.036,20.036272545090178,0.3787575150300601,cruise,119800,2026-05-09 10:21:37,29.52756,,,19.664102335288,20.013124,0.0,53.053479388,7.4583007636,17,5,14.588,24.257278335288,34.120736,1.4987498,53.35302008,0.0,0.0,0.0,217.6,1.0,-0.4,,,0,0,1024,1024,1024,1024,0,0,0,0,212.5,0.0,0,53,3.649,3.647,3.646,3.646,0,0,6.265,83.12,19.664102335288,29.52756,6,P-GPS,29.527559055118108,9.0,29.527559055118108,19.66410139040611,19.66410139040611,29.527559055118108,0.0,0.0,0.0,0.0,14.588,91.39381999999999
20142,2026-05-09 10:19:48.142,20.142284569138276,0.3807615230460922,cruise,119900,2026-05-09 10:21:37,29.52756,,,19.664102335288,20.013124,0.0,53.006235292,7.5273296372,17,5,14.588,24.257278335288,34.120736,1.4987498,53.35302008,0.0,0.0,0.0,217.5,1.2,-0.6,,,0,0,1024,1024,1024,1024,0,0,0,0,212.5,0.0,0,53,3.649,3.647,3.646,3.646,0,0,6.265,83.12,19.664102335288,29.52756,6,P-GPS,29.527559055118108,9.0,29.527559055118108,19.66410139040611,19.66410139040611,29.527559055118108,0.0,0.0,0.0,0.0,14.588,91.39381999999999
20248,2026-05-09 10:19:48.248,20.248296593186375,0.3827655310621243,cruise,120000,2026-05-09 10:21:38,29.52756,,,19.664102335288,20.013124,0.0,52.990815344,7.555446436,17,5,14.588,24.257278335288,34.120736,1.4987498,53.35302008,0.0,0.0,0.0,217.5,1.3,-0.4,,,0,0,1024,1024,1024,1024,0,0,0,0,212.5,0.0,0,53,3.649,3.647,3.646,3.646,0,0,6.265,83.12,19.664102335288,29.52756,6,P-GPS,29.527559055118108,9.0,29.527559055118108,19.66410139040611,19.66410139040611,29.527559055118108,0.0,0.0,0.0,0.0,14.588,91.39381999999999
20354,2026-05-09 10:19:48.354,20.35430861723447,0.3847695390781563,cruise,120100,2026-05-09 10:21:38,29.52756,,,19.664102335288,20.013124,0.0,52.975395396,7.5776249144,17,5,14.59,24.257278335288,34.120736,1.4987498,53.35302008,0.0,0.0,0.0,217.4,1.4,-0.2,,,0,0,1024,1024,1024,1024,0,0,0,0,212.5,0.0,0,53,3.649,3.645,3.645,3.644,0,0,6.255,83.12,19.664102335288,29.52756,6,P-GPS,29.527559055118108,9.0,29.527559055118108,19.66410139040611,19.66410139040611,29.527559055118108,0.0,0.0,0.0,0.0,14.59,91.26044999999999
20460,2026-05-09 10:19:48.460,20.460320641282564,0.3867735470941884,cruise,120200,2026-05-09 10:21:38,29.52756,,,19.664102335288,20.013124,0.0,52.960303532,7.5932745212,17,5,14.59,24.257278335288,34.120736,1.4987498,53.35302008,0.0,0.0,0.0,217.3,1.6,0.0,,,0,0,1024,1024,1024,1024,0,0,0,0,212.5,0.0,0,53,3.649,3.645,3.645,3.644,0,0,6.255,83.12,19.664102335288,29.52756,6,P-GPS,29.527559055118108,9.0,29.527559055118108,19.66410139040611,19.66410139040611,29.527559055118108,0.0,0.0,0.0,0.0,14.59,91.26044999999999
20566,2026-05-09 10:19:48.566,20.56633266533066,0.38877755511022044,cruise,120300,2026-05-09 10:21:38,29.52756,,,19.664102335288,20.341208,0.0,52.959975448,7.6019031304,17,5,14.59,24.257278335288,34.120736,1.4987498,53.35302008,0.0,0.0,0.0,217.2,1.6,0.1,,,0,0,1024,1024,1024,1024,0,0,0,0,212.5,0.0,0,53,3.649,3.645,3.645,3.644,0,0,6.255,83.12,19.664102335288,29.52756,6,P-GPS,29.527559055118108,9.0,29.527559055118108,19.66410139040611,19.66410139040611,29.527559055118108,0.0,0.0,0.0,0.0,14.59,91.26044999999999
20672,2026-05-09 10:19:48.672,20.672344689378757,0.3907815631262525,cruise,120400,2026-05-09 10:21:38,29.52756,,,19.664102335288,20.013124,0.0,52.953413768,7.6140750468,17,5,14.59,24.257278335288,34.120736,1.4987498,53.35302008,0.0,0.0,0.0,217.2,1.5,0.2,,,0,0,1024,1024,1024,1024,0,0,0,0,212.5,0.0,0,53,3.649,3.645,3.645,3.644,0,0,6.255,83.12,19.664102335288,29.52756,6,P-GPS,29.527559055118108,9.0,29.527559055118108,19.66410139040611,19.66410139040611,29.527559055118108,0.0,0.0,0.0,0.0,14.59,91.26044999999999
20778,2026-05-09 10:19:48.778,20.778356713426856,0.39278557114228463,cruise,120500,2026-05-09 10:21:38,29.52756,,,19.664102335288,20.013124,0.0,52.964896708,7.6590881716,17,5,14.59,24.257278335288,34.120736,1.4987498,53.35302008,0.0,0.0,0.0,217.1,1.4,0.1,,,0,0,1027,1024,1024,1024,0,0,0,0,212.5,0.0,0,53,3.649,3.645,3.645,3.644,0,0,6.255,83.12,19.664102335288,29.52756,6,P-GPS,29.527559055118108,9.0,29.527559055118108,19.66410139040611,19.66410139040611,29.527559055118108,0.0,0.0,0.0,0.0,14.59,91.26044999999999
20884,2026-05-09 10:19:48.884,20.88436873747495,0.39478957915831664,cruise,120600,2026-05-09 10:21:38,29.52756,,,19.664102335288,20.341208,0.0,52.96752138,7.7028545772,17,5,14.59,24.257278335288,34.120736,1.4987498,53.35302008,0.0,0.0,0.0,217.1,1.3,0.0,,,0,0,1194,1024,1024,1024,26,0,0,0,212.5,0.0,0,53,3.649,3.645,3.645,3.644,0,0,6.255,83.12,19.664102335288,29.52756,6,P-GPS,29.527559055118108,9.0,29.527559055118108,19.66410139040611,19.66410139040611,29.527559055118108,0.0,0.0,0.0,0.0,14.59,91.26044999999999
20990,2026-05-09 10:19:48.990,20.990380761523046,0.3967935871743487,cruise,120700,2026-05-09 10:21:38,29.52756,,,19.664102335288,20.341208,0.0,52.967849464,7.7275593024,17,5,14.59,24.257278335288,34.120736,1.4987498,53.35302008,0.0,0.0,0.0,217.0,1.1,-0.2,,,0,0,1229,1024,1024,1024,31,0,0,0,212.5,0.0,0,53,3.649,3.645,3.645,3.644,0,0,6.255,83.12,19.664102335288,29.52756,6,P-GPS,29.527559055118108,9.0,29.527559055118108,19.66410139040611,19.66410139040611,29.527559055118108,0.0,0.0,0.0,0.0,14.59,91.26044999999999
21096,2026-05-09 10:19:49.096,21.096392785571144,0.39879759519038077,cruise,120800,2026-05-09 10:21:38,29.52756,,,19.664102335288,20.341208,0.0,52.9609597,7.7414044472,17,5,14.59,24.257278335288,34.120736,1.4987498,53.35302008,0.0,0.0,0.0,217.0,0.2,-0.2,,,0,0,1299,1024,1024,1024,42,0,0,0,212.5,0.0,0,53,3.649,3.645,3.645,3.644,0,0,6.255,83.12,19.664102335288,29.52756,6,P-GPS,29.527559055118108,9.0,29.527559055118108,19.66410139040611,19.66410139040611,29.527559055118108,0.0,0.0,0.0,0.0,14.59,91.26044999999999
21202,2026-05-09 10:19:49.202,21.20240480961924,0.40080160320641284,cruise,120900,2026-05-09 10:21:38,29.52756,,,19.664102335288,20.341208,0.0,52.950132928,7.7694556292,17,5,14.59,24.257278335288,34.120736,1.4987498,53.35302008,0.0,0.0,0.0,217.0,-0.6,-0.2,,,0,0,1372,1024,1024,1024,53,0,0,0,212.5,0.0,0,53,3.649,3.645,3.645,3.644,0,0,6.255,83.12,19.664102335288,29.52756,6,P-GPS,29.527559055118108,9.0,29.527559055118108,19.66410139040611,19.66410139040611,29.527559055118108,0.0,0.0,0.0,0.0,14.59,91.26044999999999
21308,2026-05-09 10:19:49.308,21.308416833667334,0.4028056112224449,cruise,121000,2026-05-09 10:21:39,29.52756,,,19.664102335288,20.013124,0.0,52.943571248,7.7916012992,17,5,14.59,24.257278335288,34.120736,1.4987498,53.35302008,0.0,0.0,0.0,217.0,-1.9,-0.1,,,0,0,1421,1024,1024,1024,60,0,0,0,212.5,0.0,0,53,3.649,3.645,3.645,3.644,0,0,6.255,83.12,19.664102335288,29.52756,6,P-GPS,29.527559055118108,9.0,29.527559055118108,19.66410139040611,19.66410139040611,29.527559055118108,0.0,0.0,0.0,0.0,14.59,91.26044999999999
21414,2026-05-09 10:19:49.414,21.414428857715432,0.40480961923847697,cruise,121100,2026-05-09 10:21:39,29.52756,,,19.664102335288,20.013124,0.0,52.929463636,7.8059057616,17,5,14.587,24.257278335288,34.120736,1.4987498,53.35302008,0.0,0.0,0.0,217.0,-4.0,-0.2,,,0,0,1472,1024,1024,1024,68,0,0,0,212.5,0.0,0,53,3.65,3.647,3.647,3.647,0,0,6.258,83.3,19.664102335288,29.52756,6,P-GPS,29.527559055118108,9.0,29.527559055118108,19.66410139040611,19.66410139040611,29.527559055118108,0.0,0.0,0.0,0.0,14.587,91.285446
21520,2026-05-09 10:19:49.520,21.520440881763527,0.40681362725450904,cruise,121200,2026-05-09 10:21:39,29.52756,,,19.664102335288,20.013124,0.3131716,52.837600116,7.897966132,17,5,14.587,24.257278335288,34.120736,1.4987498,53.35302008,-0.223694,-0.223694,0.0,217.0,-6.3,-0.3,,,0,0,1492,1024,1024,1024,71,0,0,0,212.5,0.0,0,53,3.65,3.647,3.647,3.647,0,0,6.258,83.3,19.664102335288,29.52756,6,P-GPS,29.527559055118108,9.0,29.527559055118108,19.66410139040611,19.66410139040611,29.527559055118108,0.0,0.31635108862148714,0.0,0.0,14.587,91.285446
21626,2026-05-09 10:19:49.626,21.62645290581162,0.40881763527054105,cruise,121300,2026-05-09 10:21:39,29.52756,,,19.664102335288,20.013124,0.6263432,52.761156544,7.9745081292,17,5,14.587,24.257278335288,34.120736,1.4987498,53.35302008,-0.447388,-0.447388,0.0,217.0,-8.7,-0.1,,,0,0,1507,1024,1024,1024,73,0,0,0,212.5,0.0,0,53,3.65,3.647,3.647,3.647,0,0,6.258,83.3,19.664102335288,29.52756,6,P-GPS,29.527559055118108,9.0,29.527559055118108,19.66410139040611,19.66410139040611,29.527559055118108,0.0,0.6327021772429743,0.0,0.0,14.587,91.285446
21732,2026-05-09 10:19:49.732,21.73246492985972,0.41082164328657317,cruise,121400,2026-05-09 10:21:39,29.52756,,,19.664102335288,20.013124,0.9395148,52.543308768,8.1928480312,17,5,14.587,24.257278335288,34.120736,1.4987498,53.35302008,-0.671082,-0.671082,0.0,217.1,-10.6,0.0,,,0,0,1492,1024,1024,1024,71,0,0,0,212.5,0.0,0,53,3.65,3.647,3.647,3.647,0,0,6.258,83.3,19.664102335288,29.52756,6,P-GPS,29.527559055118108,9.0,29.527559055118108,19.66410139040611,19.66410139040611,29.527559055118108,0.0,0.9490532658644613,0.0,0.0,14.587,91.285446
21838,2026-05-09 10:19:49.838,21.838476953907815,0.41282565130260523,cruise,121500,2026-05-09 10:21:39,29.52756,,,19.664102335288,20.013124,0.9395148,52.313321884,8.4229661488,17,5,14.587,24.257278335288,34.120736,1.4987498,53.35302008,-1.11847,-0.894776,0.0,217.1,-11.9,0.0,,,0,0,1367,1024,1024,1024,52,0,0,0,212.5,0.0,0,53,3.65,3.647,3.647,3.647,0,0,6.258,83.3,19.664102335288,29.52756,6,P-GPS,29.527559055118108,9.0,29.527559055118108,19.66410139040611,19.66410139040611,29.527559055118108,0.0,1.4323404731683036,0.0,0.0,14.587,91.285446
21944,2026-05-09 10:19:49.944,21.94448897795591,0.41482965931863724,cruise,121600,2026-05-09 10:21:39,29.52756,,,19.664102335288,20.013124,1.9237684,52.058072532,8.6785107764,17,5,14.587,24.257278335288,34.120736,1.9237684,53.35302008,-1.565858,-1.11847,0.0,217.1,-12.1,0.0,,,0,0,1024,1024,1024,1024,0,0,0,0,212.5,0.0,0,53,3.65,3.647,3.647,3.647,0,0,6.258,83.3,19.664102335288,29.52756,6,P-GPS,29.527559055118108,9.0,29.527559055118108,19.66410139040611,19.66410139040611,29.527559055118108,0.0,1.9242885482858334,0.0,0.0,14.587,91.285446
22051,2026-05-09 10:19:50.050,22.050501002004008,0.41683366733466937,cruise,121700,2026-05-09 10:21:39,29.52756,,,19.664102335288,20.013124,2.3711564,51.68799378,9.0490160376,17,5,14.587,24.257278335288,34.120736,2.3711564,53.35302008,-1.789552,-1.565858,0.0,217.2,-9.9,0.0,,,0,0,1024,1024,1024,1024,0,0,0,0,212.5,0.0,0,53,3.65,3.647,3.647,3.647,0,0,6.258,83.3,19.664102335288,29.52756,6,P-GPS,29.527559055118108,9.0,29.527559055118108,19.66410139040611,19.66410139040611,29.527559055118108,0.0,2.3778998374338647,0.0,0.0,14.587,91.285446
22157,2026-05-09 10:19:50.156,22.156513026052103,0.4188376753507014,cruise,121800,2026-05-09 10:21:39,29.52756,,,19.664102335288,19.028872,2.7290668,51.303479332,9.4346459712,17,5,14.587,24.257278335288,34.120736,2.7290668,53.35302008,-2.23694,-1.565858,0.0,217.3,-5.0,0.0,,,0,0,1024,1024,1024,1024,0,0,0,0,212.5,0.0,0,53,3.65,3.647,3.647,3.647,0,0,6.258,83.3,19.664102335288,29.52756,6,P-GPS,29.527559055118108,9.0,29.527559055118108,19.66410139040611,19.66410139040611,29.527559055118108,0.0,2.730533251905935,0.0,0.0,14.587,91.285446
22263,2026-05-09 10:19:50.262,22.2625250501002,0.4208416833667335,cruise,121900,2026-05-09 10:21:39,29.52756,,,19.664102335288,19.356956,2.8632832,50.822180104,9.9161420496,17,5,14.587,24.257278335288,34.120736,2.8632832,53.35302008,-2.23694,-1.789552,0.0,217.3,-1.2,0.1,,,0,0,1024,1024,1024,1024,0,0,0,0,212.5,0.0,0,53,3.65,3.647,3.647,3.647,0,0,6.258,83.3,19.664102335288,29.52756,6,P-GPS,29.527559055118108,9.0,29.527559055118108,19.66410139040611,19.66410139040611,29.527559055118108,0.0,2.864680946336607,0.0,0.0,14.587,91.285446
22369,2026-05-09 10:19:50.368,22.368537074148296,0.42284569138276556,cruise,122000,2026-05-09 10:21:40,29.52756,,,19.664102335288,19.68504,2.8632832,50.396655156,10.347277234,17,5,14.587,24.257278335288,34.120736,2.8632832,53.35302008,-2.23694,-1.789552,0.0,217.3,2.8,0.1,,,0,0,1024,1024,1024,1024,0,0,0,0,212.5,0.0,0,53,3.65,3.647,3.647,3.647,0,0,6.258,83.3,19.664102335288,29.52756,6,P-GPS,29.527559055118108,9.0,29.527559055118108,19.66410139040611,19.66410139040611,29.527559055118108,0.0,2.864680946336607,0.0,0.0,14.587,91.285446
22475,2026-05-09 10:19:50.474,22.47454909819639,0.4248496993987976,cruise,122100,2026-05-09 10:21:40,29.52756,,,19.664102335288,19.68504,2.8632832,49.926510784,10.8180449656,17,5,14.588,24.257278335288,34.120736,2.8632832,53.35302008,-2.23694,-1.789552,0.0,217.3,8.2,0.0,,,0,0,1024,1024,1024,1024,0,0,0,0,212.5,0.0,0,53,3.65,3.646,3.646,3.645,0,0,6.183,83.48,19.664102335288,29.52756,6,P-GPS,29.527559055118108,9.0,29.527559055118108,19.66410139040611,19.66410139040611,29.527559055118108,0.0,2.864680946336607,0.0,0.0,14.588,90.197604
22581,2026-05-09 10:19:50.580,22.58056112224449,0.4268537074148297,cruise,122200,2026-05-09 10:21:40,29.52756,,,19.664102335288,19.68504,2.3711564,49.538387412,11.2069885476,17,5,14.588,24.257278335288,34.120736,2.8632832,53.35302008,-1.789552,-1.565858,0.0,217.2,10.5,-0.1,,,0,0,1024,1024,1024,1024,0,0,0,0,212.5,-9.5,0,53,3.65,3.646,3.646,3.645,0,0,6.183,83.48,19.664102335288,29.52756,6,P-GPS,29.527559055118108,9.0,29.527559055118108,19.66410139040611,19.66410139040611,29.527559055118108,0.0,2.3778998374338647,0.0,0.0,14.588,90.197604
22687,2026-05-09 10:19:50.686,22.686573146292584,0.4288577154308617,cruise,122300,2026-05-09 10:21:40,29.52756,,,19.664102335288,19.68504,2.0579848,49.257219424,11.4884190028,17,5,14.588,24.257278335288,34.120736,2.8632832,53.35302008,-1.565858,-1.342164,0.0,217.2,10.6,-0.3,,,0,0,1024,1024,1024,1024,0,0,0,0,212.5,-38.5,0,53,3.65,3.646,3.646,3.645,0,0,6.183,83.48,19.664102335288,29.52756,6,P-GPS,29.527559055118108,9.0,29.527559055118108,19.66410139040611,19.66410139040611,29.527559055118108,0.0,2.062356777829675,0.0,0.0,14.588,90.197604
22793,2026-05-09 10:19:50.792,22.79258517034068,0.4308617234468938,cruise,122400,2026-05-09 10:21:40,29.52756,,,19.664102335288,19.68504,1.4316416,49.009844088,11.7577759668,17,5,14.588,24.257278335288,34.120736,2.8632832,53.35302008,-1.11847,-0.894776,0.0,217.2,9.5,-0.6,,,0,0,1024,1024,1024,1024,0,0,0,0,212.5,-71.8,0,53,3.65,3.646,3.646,3.645,0,0,6.183,83.48,19.664102335288,29.52756,6,P-GPS,29.527559055118108,9.0,29.527559055118108,19.66410139040611,19.66410139040611,29.527559055118108,0.0,1.4323404731683036,0.0,0.0,14.588,90.197604
22899,2026-05-09 10:19:50.898,22.898597194388778,0.4328657314629259,cruise,122500,2026-05-09 10:21:40,29.52756,,,19.664102335288,19.68504,1.11847,48.824148544,11.9500659992,17,5,14.588,24.257278335288,34.120736,2.8632832,53.35302008,-0.894776,-0.671082,0.0,217.2,8.1,-0.9,,,0,0,1024,1024,1024,1024,0,0,0,0,212.5,-89.8,0,53,3.65,3.646,3.646,3.645,0,0,6.183,83.48,19.664102335288,29.52756,6,P-GPS,29.527559055118108,9.0,29.527559055118108,19.66410139040611,19.66410139040611,29.527559055118108,0.0,1.11847,0.0,0.0,14.588,90.197604
23005,2026-05-09 10:19:51.004,23.004609218436872,0.4348697394789579,cruise,122600,2026-05-09 10:21:40,29.52756,,,19.664102335288,19.68504,0.9395148,48.71555274,12.0604990736,17,5,14.588,24.257278335288,34.120736,2.8632832,53.35302008,-0.671082,-0.671082,0.0,217.2,6.8,-0.8,,,0,0,1024,1024,1024,1024,0,0,0,0,212.5,-90.0,0,53,3.65,3.646,3.646,3.645,0,0,6.183,83.48,19.664102335288,29.52756,6,P-GPS,29.527559055118108,9.0,29.527559055118108,19.66410139040611,19.66410139040611,29.527559055118108,0.0,0.9490532658644613,0.0,0.0,14.588,90.197604
23111,2026-05-09 10:19:51.110,23.11062124248497,0.43687374749499003,cruise,122700,2026-05-09 10:21:40,29.52756,,,19.664102335288,19.356956,0.6263432,48.623361136,12.1699150876,17,5,14.588,24.257278335288,34.120736,2.8632832,53.35302008,-0.447388,-0.447388,0.0,217.3,5.6,-0.6,,,0,0,1024,1024,1024,1024,0,0,0,0,212.5,-90.0,0,53,3.65,3.646,3.646,3.645,0,0,6.183,83.48,19.664102335288,29.52756,6,P-GPS,29.527559055118108,9.0,29.527559055118108,19.66410139040611,19.66410139040611,29.527559055118108,0.0,0.6327021772429743,0.0,0.0,14.588,90.197604
23217,2026-05-09 10:19:51.216,23.216633266533066,0.43887775551102204,cruise,122800,2026-05-09 10:21:40,29.52756,,,19.664102335288,19.356956,0.4921268,48.39239,12.406988586,17,5,14.588,24.257278335288,34.120736,2.8632832,53.35302008,-0.447388,-0.223694,0.0,217.3,4.7,-0.4,,,0,0,1132,1024,1024,1024,16,0,0,0,212.5,-90.0,0,53,3.65,3.646,3.646,3.645,0,0,6.183,83.48,19.664102335288,29.52756,6,P-GPS,29.527559055118108,9.0,29.527559055118108,19.66410139040611,19.66410139040611,29.527559055118108,0.0,0.500194990158838,0.0,0.0,14.588,90.197604
23323,2026-05-09 10:19:51.322,23.32264529058116,0.4408817635270541,cruise,122900,2026-05-09 10:21:40,29.52756,,,19.664102335288,19.356956,0.3131716,48.283794196,12.5221788784,17,5,14.588,24.257278335288,34.120736,2.8632832,53.35302008,-0.223694,-0.223694,0.0,217.3,4.0,-0.3,,,0,0,1340,1024,1024,1024,48,0,0,0,212.5,-90.0,0,53,3.65,3.646,3.646,3.645,0,0,6.183,83.48,19.664102335288,29.52756,6,P-GPS,29.527559055118108,9.0,29.527559055118108,19.66410139040611,19.66410139040611,29.527559055118108,0.0,0.31635108862148714,0.0,0.0,14.588,90.197604
23429,2026-05-09 10:19:51.428,23.428657314629262,0.4428857715430862,cruise,123000,2026-05-09 10:21:41,29.52756,,,19.664102335288,19.028872,0.3131716,48.235565848,12.5894360984,17,5,14.588,24.257278335288,34.120736,2.8632832,53.35302008,-0.223694,-0.223694,0.0,217.3,2.5,-0.3,,,0,0,1445,1024,1024,1024,64,0,0,0,212.5,-90.0,0,53,3.65,3.646,3.646,3.645,0,0,6.183,83.48,19.664102335288,29.52756,6,P-GPS,29.527559055118108,9.0,29.527559055118108,19.66410139040611,19.66410139040611,29.527559055118108,0.0,0.31635108862148714,0.0,0.0,14.588,90.197604
23535,2026-05-09 10:19:51.534,23.534669338677354,0.44488977955911824,cruise,123100,2026-05-09 10:21:41,29.52756,,,19.664102335288,19.028872,0.3131716,48.146327,12.6823822956,17,5,14.582,24.257278335288,34.120736,2.8632832,53.35302008,-0.223694,-0.223694,0.0,217.3,-0.8,-0.4,,,0,0,1532,1024,1024,1024,77,0,0,0,212.5,-90.0,0,53,3.647,3.644,3.643,3.643,0,0,6.208,83.48,19.664102335288,29.52756,6,P-GPS,29.527559055118108,9.0,29.527559055118108,19.66410139040611,19.66410139040611,29.527559055118108,0.0,0.31635108862148714,0.0,0.0,14.582,90.525056
23641,2026-05-09 10:19:51.640,23.64068136272545,0.4468937875751503,cruise,123200,2026-05-09 10:21:41,29.52756,,,19.664102335288,18.700788,0.4921268,48.071523848,12.758202508,17,5,14.582,24.257278335288,34.120736,2.8632832,53.35302008,-0.447388,-0.223694,0.0,217.3,-5.4,-0.5,,,0,0,1560,1024,1024,1024,81,0,0,0,212.5,-90.0,0,53,3.647,3.644,3.643,3.643,0,0,6.208,83.48,19.664102335288,29.52756,6,P-GPS,29.527559055118108,9.0,29.527559055118108,19.66410139040611,19.66410139040611,29.527559055118108,0.0,0.500194990158838,0.0,0.0,14.582,90.525056
23747,2026-05-09 10:19:51.746,23.746693386773547,0.44889779559118237,cruise,123300,2026-05-09 10:21:41,29.52756,,,19.664102335288,18.700788,0.8052984,47.96752122,12.8624347948,17,5,14.582,24.257278335288,34.120736,2.8632832,53.35302008,-0.671082,-0.447388,0.0,217.3,-9.9,-0.4,,,0,0,1570,1024,1024,1024,83,0,0,0,212.5,-90.0,0,53,3.647,3.644,3.643,3.643,0,0,6.208,83.48,19.664102335288,29.52756,6,P-GPS,29.527559055118108,9.0,29.527559055118108,19.66410139040611,19.66410139040611,29.527559055118108,0.0,0.8065401870136416,0.0,0.0,14.582,90.525056
23853,2026-05-09 10:19:51.852,23.852705410821642,0.45090180360721444,cruise,123400,2026-05-09 10:21:41,29.52756,,,19.664102335288,18.700788,1.11847,47.794292868,13.0411421496,17,5,14.582,24.257278335288,34.120736,2.8632832,53.35302008,-0.894776,-0.671082,0.0,217.3,-13.2,-0.4,,,0,0,1585,1024,1024,1024,85,0,0,0,212.5,-90.0,0,53,3.647,3.644,3.643,3.643,0,0,6.208,83.48,19.664102335288,29.52756,6,P-GPS,29.527559055118108,9.0,29.527559055118108,19.66410139040611,19.66410139040611,29.527559055118108,0.0,1.11847,0.0,0.0,14.582,90.525056
23959,2026-05-09 10:19:51.958,23.958717434869744,0.45290581162324656,cruise,123500,2026-05-09 10:21:41,29.52756,,,19.664102335288,18.372704,1.6105968,47.529857164,13.3055778536,17,5,14.582,24.257278335288,34.120736,2.8632832,53.35302008,-1.342164,-0.894776,0.0,217.3,-15.1,-0.3,,,0,0,1590,1024,1024,1024,86,0,0,0,212.5,-90.0,0,53,3.647,3.644,3.643,3.643,0,0,6.208,83.48,19.664102335288,29.52756,6,P-GPS,29.527559055118108,9.0,29.527559055118108,19.66410139040611,19.66410139040611,29.527559055118108,0.0,1.6130803740272832,0.0,0.0,14.582,90.525056
24065,2026-05-09 10:19:52.064,24.064729458917835,0.45490981963927857,cruise,123600,2026-05-09 10:21:41,29.52756,,,19.664102335288,18.372704,2.4158952,47.214240356,13.6211290448,17,5,14.582,24.257278335288,34.120736,2.8632832,53.35302008,-2.013246,-1.342164,0.0,217.3,-16.0,-0.2,,,0,0,1589,1024,1024,1024,86,0,0,0,212.5,-90.0,0,53,3.647,3.644,3.643,3.643,0,0,6.208,83.48,19.664102335288,29.52756,6,P-GPS,29.527559055118108,9.0,29.527559055118108,19.66410139040611,19.66410139040611,29.527559055118108,0.0,2.419620561040925,0.0,0.0,14.582,90.525056
24171,2026-05-09 10:19:52.170,24.170741482965933,0.45691382765531063,cruise,123700,2026-05-09 10:21:41,29.52756,,,19.664102335288,18.04462,3.0422384,46.710631416,14.1273626568,17,5,14.582,24.257278335288,34.120736,3.0422384,53.35302008,-2.460634,-1.789552,0.0,217.3,-16.4,-0.1,,,0,0,1579,1024,1024,1024,84,0,0,0,212.5,-90.0,0,53,3.647,3.644,3.643,3.643,0,0,6.208,83.48,19.664102335288,29.52756,6,P-GPS,29.527559055118108,9.0,29.527559055118108,19.66410139040611,19.66410139040611,29.527559055118108,0.0,3.0425673439810663,0.0,0.0,14.582,90.525056
24277,2026-05-09 10:19:52.276,24.276753507014025,0.45891783567134264,cruise,123800,2026-05-09 10:21:41,29.52756,,,19.664102335288,17.716536,3.6685816,46.185697016,14.6524610988,17,5,14.582,24.257278335288,34.120736,3.6685816,53.35302008,-2.908022,-2.23694,0.0,217.3,-16.4,-0.1,,,0,0,1577,1024,1024,1024,84,0,0,0,212.5,-90.0,0,53,3.647,3.644,3.643,3.643,0,0,6.208,83.48,19.664102335288,29.52756,6,P-GPS,29.527559055118108,9.0,29.527559055118108,19.66410139040611,19.66410139040611,29.527559055118108,0.0,3.668854387419048,0.0,0.0,14.582,90.525056
24383,2026-05-09 10:19:52.382,24.382765531062123,0.46092184368737477,cruise,123900,2026-05-09 10:21:41,29.52756,,,19.664102335288,17.388452,4.1607084,45.571195684,15.268373192,17,5,14.582,24.257278335288,34.120736,4.1607084,53.35302008,-3.35541,-2.460634,0.0,217.3,-16.2,0.0,,,0,0,1577,1024,1024,1024,84,0,0,0,212.5,-90.0,0,53,3.647,3.644,3.643,3.643,0,0,6.208,83.48,19.664102335288,29.52756,6,P-GPS,29.527559055118108,9.0,29.527559055118108,19.66410139040611,19.66410139040611,29.527559055118108,0.0,4.160948924230626,0.0,0.0,14.582,90.525056
24489,2026-05-09 10:19:52.488,24.48877755511022,0.46292585170340683,cruise,124000,2026-05-09 10:21:42,29.52756,,,19.664102335288,17.388452,4.9660068,44.873361016,15.9669296448,17,5,14.582,24.257278335288,34.120736,4.9660068,53.35302008,-4.026492,-2.908022,0.0,217.4,-16.0,0.2,,,0,0,1577,1024,1024,1024,84,0,0,0,212.5,-90.0,0,53,3.647,3.644,3.643,3.643,0,0,6.208,83.48,19.664102335288,29.52756,6,P-GPS,29.527559055118108,9.0,29.527559055118108,19.66410139040611,19.66410139040611,29.527559055118108,0.0,4.966812839089872,0.0,0.0,14.582,90.525056
24595,2026-05-09 10:19:52.594,24.594789579158316,0.4649298597194389,cruise,124100,2026-05-09 10:21:42,29.52756,,,19.664102335288,17.388452,5.59235,44.034450228,16.8059060496,17,5,14.577,24.257278335288,34.120736,5.59235,53.35302008,-4.47388,-3.35541,0.0,217.4,-15.5,0.3,,,0,0,1578,1024,1024,1024,84,0,0,0,212.5,-90.0,0,53,3.649,3.645,3.644,3.644,0,0,6.361,83.66,19.664102335288,29.52756,6,P-GPS,29.527559055118108,9.0,29.527559055118108,19.66410139040611,19.66410139040611,29.527559055118108,0.0,5.59235,0.0,0.0,14.577,92.72429699999999
24701,2026-05-09 10:19:52.700,24.700801603206415,0.46693386773547096,cruise,124200,2026-05-09 10:21:42,29.52756,,,19.664102335288,17.716536,6.2186932,42.986878016,17.8551186816,17,5,14.577,24.257278335288,34.120736,6.2186932,53.35302008,-4.921268,-3.802798,0.0,217.3,-15.4,0.2,,,0,0,1577,1024,1024,1024,84,0,0,0,212.5,-90.0,0,53,3.649,3.645,3.644,3.644,0,0,6.361,83.66,19.664102335288,29.52756,6,P-GPS,29.527559055118108,9.0,29.527559055118108,19.66410139040611,19.66410139040611,29.527559055118108,0.0,6.219336890427146,0.0,0.0,14.577,92.72429699999999
24807,2026-05-09 10:19:52.806,24.806813627254506,0.468937875751503,cruise,124300,2026-05-09 10:21:42,29.52756,,,19.664102335288,18.04462,6.5318648,42.131891112,18.7111882628,17,5,14.577,24.257278335288,34.120736,6.5318648,53.35302008,-5.144962,-4.026492,0.0,217.3,-15.4,0.0,,,0,0,1578,1024,1024,1024,84,0,0,0,212.5,-90.0,0,53,3.649,3.645,3.644,3.644,0,0,6.361,83.66,19.664102335288,29.52756,6,P-GPS,29.527559055118108,9.0,29.527559055118108,19.66410139040611,19.66410139040611,29.527559055118108,0.0,6.53324359009428,0.0,0.0,14.577,92.72429699999999
24913,2026-05-09 10:19:52.912,24.912825651302605,0.4709418837675351,cruise,124400,2026-05-09 10:21:42,29.52756,,,19.664102335288,18.04462,7.158208,40.996064304,19.8492788504,17,5,14.577,24.257278335288,34.120736,7.158208,53.35302008,-5.59235,-4.47388,0.0,217.3,-15.4,-0.3,,,0,0,1577,1024,1024,1024,84,0,0,0,212.5,-90.0,0,53,3.649,3.645,3.644,3.644,0,0,6.361,83.66,19.664102335288,29.52756,6,P-GPS,29.527559055118108,9.0,29.527559055118108,19.66410139040611,19.66410139040611,29.527559055118108,0.0,7.161702365841518,0.0,0.0,14.577,92.72429699999999
25019,2026-05-09 10:19:53.018,25.018837675350703,0.47294589178356716,cruise,124500,2026-05-09 10:21:42,29.52756,,,19.664102335288,18.04462,7.6503348,40.013452724,20.833826126,17,5,14.577,24.257278335288,34.120736,7.6503348,53.35302008,-6.039738,-4.697574,0.0,217.3,-15.2,-0.5,,,0,0,1577,1024,1024,1024,84,0,0,0,212.5,-90.0,0,53,3.649,3.645,3.644,3.644,0,0,6.361,83.66,19.664102335288,29.52756,6,P-GPS,29.527559055118108,9.0,29.527559055118108,19.66410139040611,19.66410139040611,29.527559055118108,0.0,7.6515120462637976,0.0,0.0,14.577,92.72429699999999
25125,2026-05-09 10:19:53.124,25.124849699398794,0.4749498997995992,cruise,124600,2026-05-09 10:21:42,29.52756,,,19.664102335288,17.716536,8.1424616,38.642389688,22.206529582,17,5,14.577,24.257278335288,34.120736,8.1424616,53.35302008,-6.487126,-4.921268,0.0,217.2,-14.8,-0.4,,,0,0,1575,1024,1024,1024,83,0,0,0,212.5,-90.0,0,53,3.649,3.645,3.644,3.644,0,0,6.361,83.66,19.664102335288,29.52756,6,P-GPS,29.527559055118108,9.0,29.527559055118108,19.66410139040611,19.66410139040611,29.527559055118108,0.0,8.142584507863582,0.0,0.0,14.577,92.72429699999999
25231,2026-05-09 10:19:53.230,25.230861723446896,0.4769539078156313,cruise,124700,2026-05-09 10:21:42,29.52756,,,19.664102335288,17.716536,8.6345884,37.447179676,23.404200224,17,5,14.577,24.257278335288,34.120736,8.6345884,53.35302008,-6.934514,-5.144962,0.0,217.3,-14.8,-0.1,,,0,0,1538,1024,1024,1024,78,0,0,0,212.5,-90.0,0,53,3.649,3.645,3.644,3.644,0,0,6.361,83.66,19.664102335288,29.52756,6,P-GPS,29.527559055118108,9.0,29.527559055118108,19.66410139040611,19.66410139040611,29.527559055118108,0.0,8.634704302849055,0.0,0.0,14.577,92.72429699999999
25337,2026-05-09 10:19:53.336,25.336873747494987,0.4789579158316633,cruise,124800,2026-05-09 10:21:42,29.52756,,,19.664102335288,18.04462,9.2609316,36.132875172,24.7200795312,17,5,14.577,24.257278335288,34.120736,9.2609316,53.35302008,-7.381902,-5.59235,0.0,217.3,-14.7,0.3,,,0,0,1370,1024,1024,1024,52,0,0,0,212.5,-90.0,0,53,3.649,3.645,3.644,3.644,0,0,6.361,83.66,19.664102335288,29.52756,6,P-GPS,29.527559055118108,9.0,29.527559055118108,19.66410139040611,19.66410139040611,29.527559055118108,0.0,9.261039664103809,0.0,0.0,14.577,92.72429699999999
25443,2026-05-09 10:19:53.442,25.442885771543086,0.4809619238476954,cruise,124900,2026-05-09 10:21:42,29.52756,,,19.664102335288,18.372704,9.5741032,34.814961744,26.0410441404,17,5,14.577,24.257278335288,34.120736,9.5741032,53.35302008,-7.605596,-5.816044,0.0,217.4,-13.4,0.3,,,0,0,1024,1024,1024,1024,0,0,0,0,212.5,-90.0,0,53,3.649,3.645,3.644,3.644,0,0,6.361,83.66,19.664102335288,29.52756,6,P-GPS,29.527559055118108,9.0,29.527559055118108,19.66410139040611,19.66410139040611,29.527559055118108,0.0,9.57452131049652,0.0,0.0,14.577,92.72429699999999
25549,2026-05-09 10:19:53.548,25.548897795591184,0.4829659318637275,cruise,125000,2026-05-09 10:21:43,29.52756,,,19.664102335288,18.372704,9.8872748,33.383859336,27.4751649212,17,5,14.577,24.257278335288,34.120736,9.8872748,53.35302008,-7.82929,-6.039738,0.0,217.4,-8.9,0.4,,,0,0,1024,1024,1024,1024,0,0,0,0,212.5,-90.0,0,53,3.649,3.645,3.644,3.644,0,0,6.361,83.66,19.664102335288,29.52756,6,P-GPS,29.527559055118108,9.0,29.527559055118108,19.66410139040611,19.66410139040611,29.527559055118108,0.0,9.888185729078112,0.0,0.0,14.577,92.72429699999999
25655,2026-05-09 10:19:53.654,25.654909819639276,0.4849699398797595,cruise,125100,2026-05-09 10:21:43,29.52756,,,19.664102335288,18.372704,10.2004464,31.8769039072,28.9834983028,17,5,14.57,24.257278335288,34.120736,10.2004464,53.35302008,-8.052984,-6.263432,0.0,217.4,-2.6,0.3,,,0,0,1024,1024,1024,1024,0,0,0,0,212.5,-90.0,0,53,3.646,3.643,3.642,3.642,0,0,6.364,83.48,19.664102335288,29.52756,6,P-GPS,29.527559055118108,9.0,29.527559055118108,19.66410139040611,19.66410139040611,29.527559055118108,0.0,10.202016061685063,0.0,0.0,14.57,92.72348
25761,2026-05-09 10:19:53.760,25.760921843687377,0.4869739478957916,cruise,125200,2026-05-09 10:21:43,29.52756,,,19.664102335288,18.372704,9.8872748,30.1572844296,30.7089248672,17,5,14.57,24.257278335288,34.120736,10.2004464,53.35302008,-7.82929,-6.039738,0.0,217.3,1.7,0.0,,,0,0,1024,1024,1024,1024,0,0,0,0,212.5,-90.0,0,53,3.646,3.643,3.642,3.642,0,0,6.364,83.48,19.664102335288,29.52756,6,P-GPS,29.527559055118108,9.0,29.527559055118108,19.66410139040611,19.66410139040611,29.527559055118108,0.0,9.888185729078112,0.0,0.0,14.57,92.72348
25867,2026-05-09 10:19:53.866,25.86693386773547,0.48897795591182364,cruise,125300,2026-05-09 10:21:43,29.52756,,,19.664102335288,18.372704,9.5741032,28.7880914724,32.081365856,17,5,14.57,24.257278335288,34.120736,10.2004464,53.35302008,-7.605596,-5.816044,0.0,217.3,11.9,-0.3,,,0,0,1024,1024,1024,1024,0,0,0,0,212.5,-90.0,0,53,3.646,3.643,3.642,3.642,0,0,6.364,83.48,19.664102335288,29.52756,6,P-GPS,29.527559055118108,9.0,29.527559055118108,19.66410139040611,19.66410139040611,29.527559055118108,0.0,9.57452131049652,0.0,0.0,14.57,92.72348
25973,2026-05-09 10:19:53.972,25.972945891783567,0.4909819639278557,cruise,125400,2026-05-09 10:21:43,29.52756,,,19.664102335288,18.700788,9.0819764,27.3563985132,33.522310784,17,5,14.57,24.257278335288,34.120736,10.2004464,53.35302008,-7.158208,-5.59235,0.0,217.6,25.9,-0.2,,,0,0,1024,1024,1024,1024,0,0,0,0,212.5,-90.0,0,53,3.646,3.643,3.642,3.642,0,0,6.364,83.48,19.664102335288,29.52756,6,P-GPS,29.527559055118108,9.0,29.527559055118108,19.66410139040611,19.66410139040611,29.527559055118108,0.0,9.083739334314036,0.0,0.0,14.57,92.72348
26079,2026-05-09 10:19:54.078,26.078957915831666,0.4929859719438878,cruise,125500,2026-05-09 10:21:43,29.52756,,,19.664102335288,18.700788,7.82929,26.159613698,34.723754392,17,5,14.57,24.257278335288,34.120736,10.2004464,53.35302008,-6.263432,-4.697574,0.0,217.4,30.7,-0.4,,,0,0,1024,1024,1024,1024,0,0,0,0,212.5,-90.0,0,53,3.646,3.643,3.642,3.642,0,0,6.364,83.48,19.664102335288,29.52756,6,P-GPS,29.527559055118108,9.0,29.527559055118108,19.66410139040611,19.66410139040611,29.527559055118108,0.0,7.82929,0.0,0.0,14.57,92.72348
26185,2026-05-09 10:19:54.184,26.184969939879757,0.49498997995991983,cruise,125600,2026-05-09 10:21:43,29.52756,,,19.664102335288,18.372704,6.5318648,25.2948826992,35.59547358,17,5,14.57,24.257278335288,34.120736,10.2004464,53.35302008,-5.144962,-4.026492,0.0,217.2,30.5,-0.2,,,0,0,1024,1024,1024,1024,0,0,0,0,212.5,-90.0,0,53,3.646,3.643,3.642,3.642,0,0,6.364,83.48,19.664102335288,29.52756,6,P-GPS,29.527559055118108,9.0,29.527559055118108,19.66410139040611,19.66410139040611,29.527559055118108,0.0,6.53324359009428,0.0,0.0,14.57,92.72348
26291,2026-05-09 10:19:54.290,26.29098196392786,0.49699398797595196,cruise,125700,2026-05-09 10:21:43,29.52756,,,19.664102335288,18.372704,5.1002232,24.379265872,36.517061536,17,5,14.57,24.257278335288,34.120736,10.2004464,53.35302008,-4.026492,-3.131716,0.0,217.1,26.4,-0.3,,,0,0,1024,1024,1024,1024,0,0,0,0,212.5,-90.0,0,53,3.646,3.643,3.642,3.642,0,0,6.364,83.48,19.664102335288,29.52756,6,P-GPS,29.527559055118108,9.0,29.527559055118108,19.66410139040611,19.66410139040611,29.527559055118108,0.0,5.101008030842531,0.0,0.0,14.57,92.72348
26397,2026-05-09 10:19:54.396,26.39699398797595,0.49899799599198397,cruise,125800,2026-05-09 10:21:43,29.52756,,,19.664102335288,18.04462,3.8475368,23.7633209704,37.136812212,17,5,14.57,24.257278335288,34.120736,10.2004464,53.35302008,-3.131716,-2.23694,0.0,217.1,21.3,0.0,,,0,0,1041,1024,1024,1024,3,0,0,0,212.5,-90.0,0,53,3.646,3.643,3.642,3.642,0,0,6.364,83.48,19.664102335288,29.52756,6,P-GPS,29.527559055118108,9.0,29.527559055118108,19.66410139040611,19.66410139040611,29.527559055118108,0.0,3.848577096571667,0.0,0.0,14.57,92.72348
26503,2026-05-09 10:19:54.503,26.503006012024052,0.5010020040080161,cruise,125900,2026-05-09 10:21:43,29.52756,,,19.664102335288,17.716536,3.0422384,23.3595479916,37.545604876,17,5,14.57,24.257278335288,34.120736,10.2004464,53.35302008,-2.460634,-1.789552,0.0,217.1,17.3,0.0,,,0,0,1041,1024,1024,1024,3,0,0,0,212.5,-90.0,0,53,3.646,3.643,3.642,3.642,0,0,6.364,83.48,19.664102335288,29.52756,6,P-GPS,29.527559055118108,9.0,29.527559055118108,19.66410139040611,19.66410139040611,29.527559055118108,0.0,3.0425673439810663,0.0,0.0,14.57,92.72348
26609,2026-05-09 10:19:54.609,26.609018036072147,0.5030060120240482,cruise,126000,2026-05-09 10:21:44,29.52756,,,19.664102335288,17.716536,2.23694,23.0436030996,37.862862104,17,5,14.57,24.257278335288,34.120736,10.2004464,53.35302008,-1.789552,-1.342164,0.0,217.1,13.8,0.0,,,0,0,1257,1024,1024,1024,35,0,0,0,212.5,-90.0,0,53,3.646,3.643,3.642,3.642,0,0,6.364,83.48,19.664102335288,29.52756,6,P-GPS,29.527559055118108,9.0,29.527559055118108,19.66410139040611,19.66410139040611,29.527559055118108,0.0,2.23694,0.0,0.0,14.57,92.72348
26715,2026-05-09 10:19:54.715,26.715030060120238,0.5050100200400801,cruise,126100,2026-05-09 10:21:44,29.52756,,,19.664102335288,17.716536,1.7448132,22.811844562,38.099082584,17,5,14.578,24.257278335288,34.120736,10.2004464,53.35302008,-1.342164,-1.11847,0.0,217.1,9.7,-0.2,,,0,0,1463,1024,1024,1024,67,0,0,0,212.5,-90.0,0,53,3.64,3.637,3.633,3.628,0,0,6.362,83.66,19.664102335288,29.52756,6,P-GPS,29.527559055118108,9.0,29.527559055118108,19.66410139040611,19.66410139040611,29.527559055118108,0.0,1.747105991002263,0.0,0.0,14.578,92.74523599999999
26821,2026-05-09 10:19:54.821,26.82104208416834,0.5070140280561123,cruise,126200,2026-05-09 10:21:44,29.52756,,,19.664102335288,17.716536,1.4316416,22.5675532156,38.350066844,17,5,14.578,24.257278335288,34.120736,10.2004464,53.35302008,-1.11847,-0.894776,0.0,217.1,5.1,-0.4,,,0,0,1575,1024,1024,1024,83,0,0,0,212.5,-90.0,0,53,3.64,3.637,3.633,3.628,0,0,6.362,83.66,19.664102335288,29.52756,6,P-GPS,29.527559055118108,9.0,29.527559055118108,19.66410139040611,19.66410139040611,29.527559055118108,0.0,1.4323404731683036,0.0,0.0,14.578,92.74523599999999
26927,2026-05-09 10:19:54.927,26.92705410821643,0.5090180360721442,cruise,126300,2026-05-09 10:21:44,29.52756,,,19.664102335288,17.716536,1.4316416,22.3244101632,38.598098348,17,5,14.578,24.257278335288,34.120736,10.2004464,53.35302008,-1.11847,-0.894776,0.0,217.0,-1.8,-0.5,,,0,0,1594,1024,1024,1024,86,0,0,0,212.5,-90.0,0,53,3.64,3.637,3.633,3.628,0,0,6.362,83.66,19.664102335288,29.52756,6,P-GPS,29.527559055118108,9.0,29.527559055118108,19.66410139040611,19.66410139040611,29.527559055118108,0.0,1.4323404731683036,0.0,0.0,14.578,92.74523599999999
27033,2026-05-09 10:19:55.033,27.033066132264533,0.5110220440881764,cruise,126400,2026-05-09 10:21:44,29.52756,,,19.664102335288,17.388452,1.4316416,21.932743484,38.99442382,17,5,14.578,24.257278335288,34.120736,10.2004464,53.35302008,-1.11847,-0.894776,0.0,217.1,-8.5,-0.7,,,0,0,1567,1024,1024,1024,82,0,0,0,212.5,-90.0,0,53,3.64,3.637,3.633,3.628,0,0,6.362,83.66,19.664102335288,29.52756,6,P-GPS,29.527559055118108,9.0,29.527559055118108,19.66410139040611,19.66410139040611,29.527559055118108,0.0,1.4323404731683036,0.0,0.0,14.578,92.74523599999999
27139,2026-05-09 10:19:55.139,27.139078156312628,0.5130260521042085,cruise,126500,2026-05-09 10:21:44,29.52756,,,19.664102335288,17.060368,1.9237684,21.6272644716,39.305775536,17,5,14.578,24.257278335288,34.120736,10.2004464,53.35302008,-1.565858,-1.11847,0.0,217.1,-12.4,-0.6,,,0,0,1424,1024,1024,1024,61,0,0,0,212.5,-90.0,0,53,3.64,3.637,3.633,3.628,0,0,6.362,83.66,19.664102335288,29.52756,6,P-GPS,29.527559055118108,9.0,29.527559055118108,19.66410139040611,19.66410139040611,29.527559055118108,0.0,1.9242885482858334,0.0,0.0,14.578,92.74523599999999
27245,2026-05-09 10:19:55.245,27.24509018036072,0.5150300601202404,cruise,126600,2026-05-09 10:21:44,29.52756,,,19.664102335288,17.060368,1.9237684,21.2008536968,39.735565576,17,5,14.578,24.257278335288,34.120736,10.2004464,53.35302008,-2.013246,-1.342164,0.0,217.2,-13.5,-0.5,,,0,0,1158,1024,1024,1024,20,0,0,0,212.5,-90.0,0,53,3.64,3.637,3.633,3.628,0,0,6.362,83.66,19.664102335288,29.52756,6,P-GPS,29.527559055118108,9.0,29.527559055118108,19.66410139040611,19.66410139040611,29.527559055118108,0.0,2.419620561040925,0.0,0.0,14.578,92.74523599999999
27351,2026-05-09 10:19:55.351,27.35110220440882,0.5170340681362726,cruise,126700,2026-05-09 10:21:44,29.52756,,,19.664102335288,17.060368,3.0422384,20.7606962024,40.181759816,17,5,14.578,24.257278335288,34.120736,10.2004464,53.35302008,-2.460634,-1.789552,0.0,217.2,-10.4,-0.2,,,0,0,1024,1024,1024,1024,0,0,0,0,212.5,-90.0,0,53,3.64,3.637,3.633,3.628,0,0,6.362,83.66,19.664102335288,29.52756,6,P-GPS,29.527559055118108,9.0,29.527559055118108,19.66410139040611,19.66410139040611,29.527559055118108,0.0,3.0425673439810663,0.0,0.0,14.578,92.74523599999999
27457,2026-05-09 10:19:55.457,27.457114228456913,0.5190380761523046,cruise,126800,2026-05-09 10:21:44,29.52756,,,19.664102335288,17.060368,3.0422384,20.2667657404,40.682416,17,5,14.578,24.257278335288,34.120736,10.2004464,53.35302008,-2.684328,-2.013246,0.0,217.2,-4.6,0.0,,,0,0,1024,1024,1024,1024,0,0,0,0,212.5,-90.0,0,53,3.64,3.637,3.633,3.628,0,0,6.362,83.66,19.664102335288,29.52756,6,P-GPS,29.527559055118108,9.0,29.527559055118108,19.66410139040611,19.66410139040611,29.527559055118108,0.0,3.35541,0.0,0.0,14.578,92.74523599999999
27563,2026-05-09 10:19:55.563,27.563126252505008,0.5210420841683366,cruise,126900,2026-05-09 10:21:44,29.52756,,,19.664102335288,17.388452,3.5343652,19.6205058772,41.334646992,17,5,14.578,24.257278335288,34.120736,10.2004464,53.35302008,-2.908022,-2.013246,0.0,217.2,0.0,0.0,,,0,0,1024,1024,1024,1024,0,0,0,0,212.5,-90.0,0,53,3.64,3.637,3.633,3.628,0,0,6.362,83.66,19.664102335288,29.52756,6,P-GPS,29.527559055118108,9.0,29.527559055118108,19.66410139040611,19.66410139040611,29.527559055118108,0.0,3.536912694568527,0.0,0.0,14.578,92.74523599999999
27669,2026-05-09 10:19:55.669,27.66913827655311,0.5230460921843688,cruise,127000,2026-05-09 10:21:44,29.52756,,,19.664102335288,17.060368,3.6685816,19.1654861776,41.795605012,17,5,14.578,24.257278335288,34.120736,10.2004464,53.35302008,-2.908022,-2.23694,0.0,217.2,2.3,0.0,,,0,0,1396,1024,1024,1024,56,0,0,0,212.5,-90.0,0,53,3.64,3.637,3.633,3.628,0,0,6.362,83.66,19.664102335288,29.52756,6,P-GPS,29.527559055118108,9.0,29.527559055118108,19.66410139040611,19.66410139040611,29.527559055118108,0.0,3.668854387419048,0.0,0.0,14.578,92.74523599999999
27775,2026-05-09 10:19:55.775,27.7751503006012,0.5250501002004008,cruise,127100,2026-05-09 10:21:45,29.52756,,,19.664102335288,17.388452,3.35541,18.5681764472,42.40321658,17,5,14.555,24.257278335288,34.120736,10.2004464,53.35302008,-2.684328,-2.013246,0.0,217.2,5.4,-0.2,,,0,0,1589,1024,1024,1024,86,0,0,0,212.5,-90.0,0,53,3.643,3.639,3.638,3.638,0,0,6.749,83.84,19.664102335288,29.52756,6,P-GPS,29.527559055118108,9.0,29.527559055118108,19.66410139040611,19.66410139040611,29.527559055118108,0.0,3.35541,0.0,0.0,14.555,98.23169499999999
27881,2026-05-09 10:19:55.881,27.881162324649303,0.527054108216433,cruise,127200,2026-05-09 10:21:45,29.52756,,,19.664102335288,17.716536,3.1764548,18.1149612096,42.86745544,17,5,14.555,24.257278335288,34.120736,10.2004464,53.35302008,-2.460634,-2.013246,0.0,217.1,1.9,-0.4,,,0,0,1620,1024,1024,1024,90,0,0,0,212.5,-90.0,0,53,3.643,3.639,3.638,3.638,0,0,6.749,83.84,19.664102335288,29.52756,6,P-GPS,29.527559055118108,9.0,29.527559055118108,19.66410139040611,19.66410139040611,29.527559055118108,0.0,3.179289093252138,0.0,0.0,14.555,98.23169499999999
27987,2026-05-09 10:19:55.987,27.987174348697394,0.5290581162324649,cruise,127300,2026-05-09 10:21:45,29.52756,,,19.664102335288,17.716536,3.1764548,17.6729336364,43.31036884,17,5,14.555,24.257278335288,34.120736,10.2004464,53.35302008,-2.460634,-2.013246,0.0,217.0,-5.9,-0.4,,,0,0,1510,1024,1024,1024,74,0,0,0,212.5,-90.0,0,53,3.643,3.639,3.638,3.638,0,0,6.749,83.84,19.664102335288,29.52756,6,P-GPS,29.527559055118108,9.0,29.527559055118108,19.66410139040611,19.66410139040611,29.527559055118108,0.0,3.179289093252138,0.0,0.0,14.555,98.23169499999999
28093,2026-05-09 10:19:56.093,28.09318637274549,0.531062124248497,cruise,127400,2026-05-09 10:21:45,29.52756,,,19.664102335288,17.388452,3.35541,17.1601711528,43.823492216,17,5,14.555,24.257278335288,34.120736,10.2004464,53.35302008,-2.684328,-2.013246,0.0,217.0,-12.1,-0.2,,,0,0,1355,1024,1024,1024,50,0,0,0,212.5,-90.0,0,53,3.643,3.639,3.638,3.638,0,0,6.749,83.84,19.664102335288,29.52756,6,P-GPS,29.527559055118108,9.0,29.527559055118108,19.66410139040611,19.66410139040611,29.527559055118108,0.0,3.35541,0.0,0.0,14.555,98.23169499999999
28199,2026-05-09 10:19:56.199,28.19919839679359,0.5330661322645291,cruise,127500,2026-05-09 10:21:45,29.52756,,,19.664102335288,17.388452,3.35541,16.627133078,44.359581472,17,5,14.555,24.257278335288,34.120736,10.2004464,53.35302008,-3.131716,-2.23694,0.0,217.1,-13.1,0.2,,,0,0,1024,1024,1024,1024,0,0,0,0,212.5,-90.0,0,53,3.643,3.639,3.638,3.638,0,0,6.749,83.84,19.664102335288,29.52756,6,P-GPS,29.527559055118108,9.0,29.527559055118108,19.66410139040611,19.66410139040611,29.527559055118108,0.0,3.848577096571667,0.0,0.0,14.555,98.23169499999999
28305,2026-05-09 10:19:56.305,28.305210420841682,0.5350701402805611,cruise,127600,2026-05-09 10:21:45,29.52756,,,19.664102335288,17.388452,4.47388,15.8988194064,45.094817716,17,5,14.555,24.257278335288,34.120736,10.2004464,53.35302008,-3.579104,-2.684328,0.0,217.2,-9.2,0.4,,,0,0,1024,1024,1024,1024,0,0,0,0,212.5,-90.0,0,53,3.643,3.639,3.638,3.638,0,0,6.749,83.84,19.664102335288,29.52756,6,P-GPS,29.527559055118108,9.0,29.527559055118108,19.66410139040611,19.66410139040611,29.527559055118108,0.0,4.47388,0.0,0.0,14.555,98.23169499999999
28411,2026-05-09 10:19:56.411,28.411222444889777,0.5370741482965932,cruise,127700,2026-05-09 10:21:45,29.52756,,,19.664102335288,17.388452,4.6528352,15.2824151872,45.715552644,17,5,14.555,24.257278335288,34.120736,10.2004464,53.35302008,-3.802798,-2.684328,0.0,217.3,-3.1,0.4,,,0,0,1024,1024,1024,1024,0,0,0,0,212.5,-90.0,0,53,3.643,3.639,3.638,3.638,0,0,6.749,83.84,19.664102335288,29.52756,6,P-GPS,29.527559055118108,9.0,29.527559055118108,19.66410139040611,19.66410139040611,29.527559055118108,0.0,4.654770610931112,0.0,0.0,14.555,98.23169499999999
28517,2026-05-09 10:19:56.517,28.517234468937875,0.5390781563126252,cruise,127800,2026-05-09 10:21:45,29.52756,,,19.664102335288,17.716536,4.6528352,14.5493442976,46.467193088,17,5,14.555,24.257278335288,34.120736,10.2004464,53.35302008,-3.802798,-2.684328,0.0,217.3,0.5,0.3,,,0,0,1024,1024,1024,1024,0,0,0,0,212.5,-90.0,0,53,3.643,3.639,3.638,3.638,0,0,6.749,83.84,19.664102335288,29.52756,6,P-GPS,29.527559055118108,9.0,29.527559055118108,19.66410139040611,19.66410139040611,29.527559055118108,0.0,4.654770610931112,0.0,0.0,14.555,98.23169499999999
28623,2026-05-09 10:19:56.623,28.62324649298597,0.5410821643286573,cruise,127900,2026-05-09 10:21:46,29.52756,,,19.664102335288,17.388452,4.6528352,13.8221133032,47.208662928,17,5,14.555,24.257278335288,34.120736,10.2004464,53.35302008,-3.802798,-2.684328,0.0,217.3,7.5,0.1,,,0,0,1117,1024,1024,1024,14,0,0,0,212.5,-90.0,0,53,3.643,3.639,3.638,3.638,0,0,6.749,83.84,19.664102335288,29.52756,6,P-GPS,29.527559055118108,9.0,29.527559055118108,19.66410139040611,19.66410139040611,29.527559055118108,0.0,4.654770610931112,0.0,0.0,14.555,98.23169499999999
28729,2026-05-09 10:19:56.729,28.729258517034072,0.5430861723446895,cruise,128000,2026-05-09 10:21:46,29.52756,,,19.664102335288,17.716536,4.6528352,13.1671920224,47.872704944,17,5,14.555,24.257278335288,34.120736,10.2004464,53.35302008,-3.35541,-2.460634,0.0,217.4,13.8,0.1,,,0,0,1230,1024,1024,1024,31,0,0,0,212.5,-90.0,0,53,3.643,3.639,3.638,3.638,0,0,6.749,83.84,19.664102335288,29.52756,6,P-GPS,29.527559055118108,9.0,29.527559055118108,19.66410139040611,19.66410139040611,29.527559055118108,0.0,4.160948924230626,0.0,0.0,14.555,98.23169499999999
28835,2026-05-09 10:19:56.835,28.835270541082163,0.5450901803607214,cruise,128100,2026-05-09 10:21:46,29.52756,,,19.664102335288,17.716536,3.6685816,12.6608599852,48.38910916,17,5,14.554,24.257278335288,34.120736,10.2004464,53.35302008,-2.908022,-2.23694,0.0,217.2,11.5,0.0,,,0,0,1409,1024,1024,1024,58,0,0,0,212.5,-90.0,0,53,3.643,3.639,3.639,3.638,0,0,6.756,83.84,19.664102335288,29.52756,6,P-GPS,29.527559055118108,9.0,29.527559055118108,19.66410139040611,19.66410139040611,29.527559055118108,0.0,3.668854387419048,0.0,0.0,14.554,98.326824
28941,2026-05-09 10:19:56.941,28.94128256513026,0.5470941883767535,cruise,128200,2026-05-09 10:21:46,29.52756,,,19.664102335288,18.04462,3.6685816,12.1178481568,48.94029028,17,5,14.554,24.257278335288,34.120736,10.2004464,53.35302008,-2.684328,-2.013246,0.0,217.1,7.6,0.0,,,0,0,1549,1024,1024,1024,80,0,0,0,212.5,-90.0,0,53,3.643,3.639,3.639,3.638,0,0,6.756,83.84,19.664102335288,29.52756,6,P-GPS,29.527559055118108,9.0,29.527559055118108,19.66410139040611,19.66410139040611,29.527559055118108,0.0,3.35541,0.0,0.0,14.554,98.326824
29047,2026-05-09 10:19:57.047,29.047294589178357,0.5490981963927856,cruise,128300,2026-05-09 10:21:46,29.52756,,,19.664102335288,18.04462,3.0422384,11.707021372,49.359909716,17,5,14.554,24.257278335288,34.120736,10.2004464,53.35302008,-2.460634,-1.789552,0.0,217.1,2.8,0.0,,,0,0,1549,1024,1024,1024,80,0,0,0,212.5,-90.0,0,53,3.643,3.639,3.639,3.638,0,0,6.756,83.84,19.664102335288,29.52756,6,P-GPS,29.527559055118108,9.0,29.527559055118108,19.66410139040611,19.66410139040611,29.527559055118108,0.0,3.0425673439810663,0.0,0.0,14.554,98.326824
29153,2026-05-09 10:19:57.153,29.15330661322645,0.5511022044088176,cruise,128400,2026-05-09 10:21:46,29.52756,,,19.664102335288,18.04462,2.8632832,11.2376315932,49.834975348,17,5,14.554,24.257278335288,34.120736,10.2004464,53.35302008,-2.23694,-1.789552,0.0,217.1,-3.1,0.0,,,0,0,1554,1024,1024,1024,80,0,0,0,212.5,-90.0,0,53,3.643,3.639,3.639,3.638,0,0,6.756,83.84,19.664102335288,29.52756,6,P-GPS,29.527559055118108,9.0,29.527559055118108,19.66410139040611,19.66410139040611,29.527559055118108,0.0,2.864680946336607,0.0,0.0,14.554,98.326824
29259,2026-05-09 10:19:57.259,29.25931863727455,0.5531062124248497,cruise,128500,2026-05-09 10:21:46,29.52756,,,19.664102335288,17.716536,3.0422384,10.737861236,50.340880876,17,5,14.554,24.257278335288,34.120736,10.2004464,53.35302008,-2.460634,-1.789552,0.0,217.0,-8.9,0.2,,,0,0,1554,1024,1024,1024,80,0,0,0,212.5,-90.0,0,53,3.643,3.639,3.639,3.638,0,0,6.756,83.84,19.664102335288,29.52756,6,P-GPS,29.527559055118108,9.0,29.527559055118108,19.66410139040611,19.66410139040611,29.527559055118108,0.0,3.0425673439810663,0.0,0.0,14.554,98.326824
29365,2026-05-09 10:19:57.365,29.365330661322645,0.5551102204408818,cruise,128600,2026-05-09 10:21:46,29.52756,,,19.664102335288,17.716536,3.35541,10.3383205408,50.747376952,17,5,14.554,24.257278335288,34.120736,10.2004464,53.35302008,-2.684328,-2.013246,0.0,217.0,-12.2,0.4,,,0,0,1420,1024,1024,1024,60,0,0,0,212.5,-90.0,0,53,3.643,3.639,3.639,3.638,0,0,6.756,83.84,19.664102335288,29.52756,6,P-GPS,29.527559055118108,9.0,29.527559055118108,19.66410139040611,19.66410139040611,29.527559055118108,0.0,3.35541,0.0,0.0,14.554,98.326824
29471,2026-05-09 10:19:57.471,29.47134268537074,0.5571142284569138,cruise,128700,2026-05-09 10:21:46,29.52756,,,19.664102335288,17.388452,3.8475368,9.7627299712,51.33858432,17,5,14.554,24.257278335288,34.120736,10.2004464,53.35302008,-3.131716,-2.23694,0.0,217.1,-12.6,0.6,,,0,0,1219,1024,1024,1024,30,0,0,0,212.5,-90.0,0,53,3.643,3.639,3.639,3.638,0,0,6.756,83.84,19.664102335288,29.52756,6,P-GPS,29.527559055118108,9.0,29.527559055118108,19.66410139040611,19.66410139040611,29.527559055118108,0.0,3.848577096571667,0.0,0.0,14.554,98.326824
29577,2026-05-09 10:19:57.577,29.577354709418838,0.5591182364729459,cruise,128800,2026-05-09 10:21:46,29.52756,,,19.664102335288,17.388452,4.3396636,9.177165648,51.941274628,17,5,14.554,24.257278335288,34.120736,10.2004464,53.35302008,-3.579104,-2.460634,0.0,217.2,-9.1,0.7,,,0,0,1024,1024,1024,1024,0,0,0,0,212.5,-90.0,0,53,3.643,3.639,3.639,3.638,0,0,6.756,83.84,19.664102335288,29.52756,6,P-GPS,29.527559055118108,9.0,29.527559055118108,19.66410139040611,19.66410139040611,29.527559055118108,0.0,4.3433518306455445,0.0,0.0,14.554,98.326824
29683,2026-05-09 10:19:57.683,29.683366733466933,0.561122244488978,cruise,128900,2026-05-09 10:21:46,29.52756,,,19.664102335288,17.388452,4.6528352,8.3147640456,52.83628778,17,5,14.554,24.257278335288,34.120736,10.2004464,53.35302008,-3.802798,-2.684328,0.0,217.3,-3.6,0.7,,,0,0,1024,1024,1024,1024,0,0,0,0,212.5,-90.0,0,53,3.643,3.639,3.639,3.638,0,0,6.756,83.84,19.664102335288,29.52756,6,P-GPS,29.527559055118108,9.0,29.527559055118108,19.66410139040611,19.66410139040611,29.527559055118108,0.0,4.654770610931112,0.0,0.0,14.554,98.326824
29789,2026-05-09 10:19:57.789,29.78937875751503,0.56312625250501,cruise,129000,2026-05-09 10:21:47,29.52756,,,19.664102335288,17.388452,4.6528352,7.723425444,53.459319296,17,5,14.554,24.257278335288,34.120736,10.2004464,53.35302008,-3.802798,-2.684328,0.0,217.3,0.2,0.9,,,0,0,1024,1024,1024,1024,0,0,0,0,212.5,-90.0,0,53,3.643,3.639,3.639,3.638,0,0,6.756,83.84,19.664102335288,29.52756,6,P-GPS,29.527559055118108,9.0,29.527559055118108,19.66410139040611,19.66410139040611,29.527559055118108,0.0,4.654770610931112,0.0,0.0,14.554,98.326824
29895,2026-05-09 10:19:57.895,29.895390781563126,0.5651302605210421,cruise,129100,2026-05-09 10:21:47,29.52756,,,19.664102335288,17.388452,4.6528352,6.9897968116,54.23556604,17,5,14.546,24.257278335288,34.120736,10.2004464,53.35302008,-3.802798,-2.684328,0.0,217.2,3.3,0.8,,,0,0,1024,1024,1024,1024,0,0,0,0,212.5,-90.0,0,53,3.643,3.639,3.638,3.638,0,0,6.76,83.84,19.664102335288,29.52756,6,P-GPS,29.527559055118108,9.0,29.527559055118108,19.66410139040611,19.66410139040611,29.527559055118108,0.0,4.654770610931112,0.0,0.0,14.546,98.33095999999999
30001,2026-05-09 10:19:58.001,30.00140280561122,0.5671342685370742,cruise,129200,2026-05-09 10:21:47,29.52756,,,19.664102335288,17.388452,4.47388,6.3814634588,54.881235352,17,5,14.546,24.257278335288,34.120736,10.2004464,53.35302008,-3.579104,-2.684328,0.0,217.4,11.8,0.6,,,0,0,1027,1024,1024,1024,0,0,0,0,212.5,-90.0,0,53,3.643,3.639,3.638,3.638,0,0,6.76,83.84,19.664102335288,29.52756,6,P-GPS,29.527559055118108,9.0,29.527559055118108,19.66410139040611,19.66410139040611,29.527559055118108,0.0,4.47388,0.0,0.0,14.546,98.33095999999999
30107,2026-05-09 10:19:58.107,30.10741482965932,0.5691382765531062,cruise,129300,2026-05-09 10:21:47,29.52756,,,19.664102335288,17.388452,3.8475368,5.8565946756,55.464568704,17,5,14.546,24.257278335288,34.120736,10.2004464,53.35302008,-3.131716,-2.23694,0.0,217.3,15.8,0.3,,,0,0,1139,1024,1024,1024,17,0,0,0,212.5,-90.0,0,53,3.643,3.639,3.638,3.638,0,0,6.76,83.84,19.664102335288,29.52756,6,P-GPS,29.527559055118108,9.0,29.527559055118108,19.66410139040611,19.66410139040611,29.527559055118108,0.0,3.848577096571667,0.0,0.0,14.546,98.33095999999999
30213,2026-05-09 10:19:58.213,30.213426853707414,0.5711422845691383,cruise,129400,2026-05-09 10:21:47,29.52756,,,19.664102335288,17.388452,3.1764548,5.3854660516,55.989831188,17,5,14.546,24.257278335288,34.120736,10.2004464,53.35302008,-2.460634,-2.013246,0.0,217.1,13.2,0.0,,,0,0,1232,1024,1024,1024,32,0,0,0,212.5,-90.0,0,53,3.643,3.639,3.638,3.638,0,0,6.76,83.84,19.664102335288,29.52756,6,P-GPS,29.527559055118108,9.0,29.527559055118108,19.66410139040611,19.66410139040611,29.527559055118108,0.0,3.179289093252138,0.0,0.0,14.546,98.33095999999999
30319,2026-05-09 10:19:58.319,30.319438877755513,0.5731462925851704,cruise,129500,2026-05-09 10:21:47,29.52756,,,19.664102335288,17.388452,2.5501116,5.0598426816,56.365815452,17,5,14.546,24.257278335288,34.120736,10.2004464,53.35302008,-2.013246,-1.565858,0.0,217.0,9.0,-0.1,,,0,0,1232,1024,1024,1024,32,0,0,0,212.5,-90.0,0,53,3.643,3.639,3.638,3.638,0,0,6.76,83.84,19.664102335288,29.52756,6,P-GPS,29.527559055118108,9.0,29.527559055118108,19.66410139040611,19.66410139040611,29.527559055118108,0.0,2.5505040154212657,0.0,0.0,14.546,98.33095999999999
30425,2026-05-09 10:19:58.425,30.425450901803607,0.5751503006012024,cruise,129600,2026-05-09 10:21:47,29.52756,,,19.664102335288,17.060368,2.23694,4.7103676048,56.746720976,17,5,14.546,24.257278335288,34.120736,10.2004464,53.35302008,-1.789552,-1.342164,0.0,217.0,5.3,-0.1,,,0,0,1114,1024,1024,1024,14,0,0,0,212.5,-90.0,0,53,3.643,3.639,3.638,3.638,0,0,6.76,83.84,19.664102335288,29.52756,6,P-GPS,29.527559055118108,9.0,29.527559055118108,19.66410139040611,19.66410139040611,29.527559055118108,0.0,2.23694,0.0,0.0,14.546,98.33095999999999
30531,2026-05-09 10:19:58.531,30.531462925851702,0.5771543086172345,cruise,129700,2026-05-09 10:21:47,29.52756,,,19.664102335288,17.060368,2.23694,4.4927166792,57.003610748,17,5,14.546,24.257278335288,34.120736,10.2004464,53.35302008,-1.789552,-1.342164,0.0,217.1,2.9,-0.1,,,0,0,1024,1024,1024,1024,0,0,0,0,212.5,-90.0,0,53,3.643,3.639,3.638,3.638,0,0,6.76,83.84,19.664102335288,29.52756,6,P-GPS,29.527559055118108,9.0,29.527559055118108,19.66410139040611,19.66410139040611,29.527559055118108,0.0,2.23694,0.0,0.0,14.546,98.33095999999999
30637,2026-05-09 10:19:58.637,30.6374749498998,0.5791583166332666,cruise,129800,2026-05-09 10:21:47,29.52756,,,19.664102335288,17.060368,1.9237684,4.1952757248,57.353676376,17,5,14.546,24.257278335288,34.120736,10.2004464,53.35302008,-1.565858,-1.11847,0.0,217.1,2.5,0.0,,,0,0,1024,1024,1024,1024,0,0,0,0,212.5,-90.0,0,53,3.643,3.639,3.638,3.638,0,0,6.76,83.84,19.664102335288,29.52756,6,P-GPS,29.527559055118108,9.0,29.527559055118108,19.66410139040611,19.66410139040611,29.527559055118108,0.0,1.9242885482858334,0.0,0.0,14.546,98.33095999999999
30743,2026-05-09 10:19:58.743,30.743486973947896,0.5811623246492986,cruise,129900,2026-05-09 10:21:47,29.52756,,,19.664102335288,8.858268,1.9237684,3.9415683676,57.647967724,17,5,14.546,24.257278335288,34.120736,10.2004464,53.35302008,-1.565858,-1.11847,0.0,217.1,2.6,0.1,,,0,0,1024,1024,1024,1024,0,0,0,0,212.5,-90.0,0,53,3.643,3.639,3.638,3.638,0,0,6.76,83.84,19.664102335288,29.52756,6,P-GPS,29.527559055118108,9.0,29.527559055118108,19.66410139040611,19.66410139040611,29.527559055118108,0.0,1.9242885482858334,0.0,0.0,14.546,98.33095999999999
30849,2026-05-09 10:19:58.849,30.849498997995994,0.5831663326653307,cruise,130000,2026-05-09 10:21:48,29.52756,,,19.664102335288,8.858268,1.7448132,3.691601168,57.955382432,17,5,14.546,24.257278335288,34.120736,10.2004464,53.35302008,-1.342164,-1.11847,0.0,217.2,5.2,0.2,,,0,0,1024,1024,1024,1024,0,0,0,0,212.5,-90.0,0,53,3.643,3.639,3.638,3.638,0,0,6.76,83.84,19.664102335288,29.52756,6,P-GPS,29.527559055118108,9.0,29.527559055118108,19.66410139040611,19.66410139040611,29.527559055118108,0.0,1.747105991002263,0.0,0.0,14.546,98.33095999999999
30956,2026-05-09 10:19:58.955,30.95551102204409,0.5851703406813628,cruise,130100,2026-05-09 10:21:48,29.52756,,,19.664102335288,8.858268,1.6105968,3.50065628,58.2431121,17,5,14.554,24.257278335288,34.120736,10.2004464,53.35302008,-1.342164,-0.894776,0.0,217.2,7.3,0.0,,,0,0,1330,1024,1024,1024,46,0,0,0,212.5,-90.0,0,53,3.636,3.638,3.638,3.635,0,0,6.538,84.02,19.664102335288,29.52756,6,P-GPS,29.527559055118108,9.0,29.527559055118108,19.66410139040611,19.66410139040611,29.527559055118108,0.0,1.6130803740272832,0.0,0.0,14.554,95.15405200000001
31062,2026-05-09 10:19:59.061,31.061523046092184,0.5871743486973948,cruise,130200,2026-05-09 10:21:48,29.52756,,,19.664102335288,8.858268,1.2974252,3.357447614,58.450789272,17,5,14.554,24.257278335288,34.120736,10.2004464,53.35302008,-1.11847,-0.671082,0.0,217.1,7.0,0.0,,,0,0,1600,1011,1024,1024,87,-2,0,0,212.5,-90.0,0,53,3.636,3.638,3.638,3.635,0,0,6.538,84.02,19.664102335288,29.52756,6,P-GPS,29.527559055118108,9.0,29.527559055118108,19.66410139040611,19.66410139040611,29.527559055118108,0.0,1.3043489531655248,0.0,0.0,14.554,95.15405200000001
31168,2026-05-09 10:19:59.167,31.167535070140282,0.5891783567134269,cruise,130300,2026-05-09 10:21:48,29.52756,,,19.664102335288,8.858268,1.11847,3.22255259656,58.65977878,17,5,14.554,24.257278335288,34.120736,10.2004464,53.35302008,-0.894776,-0.671082,0.0,217.1,3.2,0.0,,,0,0,1631,999,1024,1024,92,-4,0,0,212.5,-90.0,0,53,3.636,3.638,3.638,3.635,0,0,6.538,84.02,19.664102335288,29.52756,6,P-GPS,29.527559055118108,9.0,29.527559055118108,19.66410139040611,19.66410139040611,29.527559055118108,0.0,1.11847,0.0,0.0,14.554,95.15405200000001
31274,2026-05-09 10:19:59.273,31.273547094188377,0.591182364729459,cruise,130400,2026-05-09 10:21:48,29.52756,,,19.664102335288,8.858268,1.11847,3.0912402564,58.818243352,17,5,14.554,24.257278335288,34.120736,10.2004464,53.35302008,-0.894776,-0.671082,0.0,216.9,-5.2,0.1,,,0,0,1494,1018,1024,1024,71,-1,0,0,212.5,-90.0,0,53,3.636,3.638,3.638,3.635,0,0,6.538,84.02,19.664102335288,29.52756,6,P-GPS,29.527559055118108,9.0,29.527559055118108,19.66410139040611,19.66410139040611,29.527559055118108,0.0,1.11847,0.0,0.0,14.554,95.15405200000001
31380,2026-05-09 10:19:59.379,31.379559118236475,0.593186372745491,cruise,130500,2026-05-09 10:21:48,29.52756,,,19.664102335288,8.858268,1.2974252,2.94727043552,59.019358844,17,5,14.554,24.257278335288,34.120736,10.2004464,53.35302008,-1.11847,-0.671082,0.0,216.9,-12.4,0.3,,,0,0,1239,1024,1024,1024,33,0,0,0,212.5,-90.0,0,53,3.636,3.638,3.638,3.635,0,0,6.538,84.02,19.664102335288,29.52756,6,P-GPS,29.527559055118108,9.0,29.527559055118108,19.66410139040611,19.66410139040611,29.527559055118108,0.0,1.3043489531655248,0.0,0.0,14.554,95.15405200000001
31486,2026-05-09 10:19:59.485,31.48557114228457,0.5951903807615231,cruise,130600,2026-05-09 10:21:48,29.52756,,,19.664102335288,8.858268,1.8119214,2.7739830284,59.316931032,17,5,14.554,24.257278335288,34.120736,10.2004464,53.35302008,-1.565858,-0.894776,0.0,217.0,-13.5,0.5,,,0,0,1082,1024,1024,1024,9,0,0,0,212.5,-90.0,0,53,3.636,3.638,3.638,3.635,0,0,6.538,84.02,19.664102335288,29.52756,6,P-GPS,29.527559055118108,9.0,29.527559055118108,19.66410139040611,19.66410139040611,29.527559055118108,0.0,1.8034786847478959,0.0,0.0,14.554,95.15405200000001
31592,2026-05-09 10:19:59.591,31.591583166332665,0.5971943887775552,cruise,130700,2026-05-09 10:21:48,29.52756,,,19.664102335288,8.530184,2.4158952,2.5773786914,59.656169888,17,5,14.554,24.257278335288,34.120736,10.2004464,53.35302008,-2.013246,-1.342164,0.0,217.2,-8.7,0.6,,,0,0,1024,1024,1024,1024,0,0,0,0,212.5,-90.0,0,53,3.636,3.638,3.638,3.635,0,0,6.538,84.02,19.664102335288,29.52756,6,P-GPS,29.527559055118108,9.0,29.527559055118108,19.66410139040611,19.66410139040611,29.527559055118108,0.0,2.419620561040925,0.0,0.0,14.554,95.15405200000001
31698,2026-05-09 10:19:59.697,31.697595190380763,0.5991983967935872,cruise,130800,2026-05-09 10:21:48,29.52756,,,19.664102335288,8.530184,2.7290668,2.37530191328,60.101379876,17,5,14.554,24.257278335288,34.120736,10.2004464,53.35302008,-2.23694,-1.565858,0.0,217.2,-3.3,0.8,,,0,0,1024,1024,1024,1024,0,0,0,0,212.5,-90.0,0,53,3.636,3.638,3.638,3.635,0,0,6.538,84.02,19.664102335288,29.52756,6,P-GPS,29.527559055118108,9.0,29.527559055118108,19.66410139040611,19.66410139040611,29.527559055118108,0.0,2.730533251905935,0.0,0.0,14.554,95.15405200000001
31804,2026-05-09 10:19:59.803,31.803607214428858,0.6012024048096193,cruise,130900,2026-05-09 10:21:48,29.52756,,,19.664102335288,8.530184,2.7290668,2.25179797232,60.564634484,17,5,14.554,24.257278335288,34.120736,10.2004464,53.35302008,-2.23694,-1.565858,0.0,217.2,0.1,0.9,,,0,0,1024,1024,1024,1024,0,0,0,0,212.5,-90.0,0,53,3.636,3.638,3.638,3.635,0,0,6.538,84.02,19.664102335288,29.52756,6,P-GPS,29.527559055118108,9.0,29.527559055118108,19.66410139040611,19.66410139040611,29.527559055118108,0.0,2.730533251905935,0.0,0.0,14.554,95.15405200000001
31910,2026-05-09 10:19:59.909,31.909619238476957,0.6032064128256514,cruise,131000,2026-05-09 10:21:49,29.52756,,,19.664102335288,8.530184,2.7290668,2.22202106848,61.008532136,17,5,14.554,24.257278335288,34.120736,10.2004464,53.35302008,-2.23694,-1.565858,0.0,217.2,3.4,0.8,,,0,0,1024,1024,1024,1024,0,0,0,0,212.5,-90.0,0,53,3.636,3.638,3.638,3.635,0,0,6.538,84.02,19.664102335288,29.52756,6,P-GPS,29.527559055118108,9.0,29.527559055118108,19.66410139040611,19.66410139040611,29.527559055118108,0.0,2.730533251905935,0.0,0.0,14.554,95.15405200000001
32016,2026-05-09 10:20:00.015,32.015631262525055,0.6052104208416834,cruise,131100,2026-05-09 10:21:49,29.52756,,,19.664102335288,19.68504,2.5501116,2.26391739528,61.378282804,17,5,14.554,24.257278335288,34.120736,10.2004464,53.35302008,-2.013246,-1.565858,0.0,217.3,8.4,0.8,,,0,0,1024,1024,1024,869,0,0,0,-23,212.5,-90.0,0,52,3.639,3.636,3.636,3.637,0,0,6.407,84.02,19.664102335288,29.52756,6,P-GPS,29.527559055118108,9.0,29.527559055118108,19.66410139040611,19.66410139040611,29.527559055118108,0.0,2.5505040154212657,0.0,0.0,14.554,93.247478
32122,2026-05-09 10:20:00.121,32.121643286573146,0.6072144288577155,cruise,131200,2026-05-09 10:21:49,29.52756,,,19.664102335288,19.356956,2.23694,2.40630913212,61.736222448,17,5,14.554,24.257278335288,34.120736,10.2004464,53.35302008,-1.789552,-1.342164,0.0,217.3,10.6,0.7,,,0,0,1024,1024,1024,869,0,0,0,-23,212.5,-90.0,0,52,3.639,3.636,3.636,3.637,0,0,6.407,84.02,19.664102335288,29.52756,6,P-GPS,29.527559055118108,9.0,29.527559055118108,19.66410139040611,19.66410139040611,29.527559055118108,0.0,2.23694,0.0,0.0,14.554,93.247478
32228,2026-05-09 10:20:00.227,32.22765531062124,0.6092184368737474,cruise,131300,2026-05-09 10:21:49,29.52756,,,19.664102335288,19.356956,1.7448132,2.53596792892,61.99311222,17,5,14.554,24.257278335288,34.120736,10.2004464,53.35302008,-1.342164,-1.11847,0.0,217.2,10.5,0.3,,,0,0,1024,1024,1024,364,0,0,0,-100,212.2,-90.0,0,52,3.639,3.636,3.636,3.637,0,0,6.407,84.02,19.664102335288,29.52756,6,P-GPS,29.527559055118108,9.0,29.527559055118108,19.66410139040611,19.66410139040611,29.527559055118108,0.0,1.747105991002263,0.0,0.0,14.554,93.247478
32334,2026-05-09 10:20:00.333,32.33366733466934,0.6112224448897796,cruise,131400,2026-05-09 10:21:49,29.52756,,,19.664102335288,19.356956,1.4316416,2.68151583384,62.251970496,17,5,14.554,24.257278335288,34.120736,10.2004464,53.35302008,-1.11847,-0.894776,0.0,216.6,9.4,0.0,,,0,0,1024,1024,1024,552,0,0,0,-72,209.3,-90.0,0,52,3.639,3.636,3.636,3.637,0,0,6.407,84.02,19.664102335288,29.52756,6,P-GPS,29.527559055118108,9.0,29.527559055118108,19.66410139040611,19.66410139040611,29.527559055118108,0.0,1.4323404731683036,0.0,0.0,14.554,93.247478
32440,2026-05-09 10:20:00.439,32.439679358717434,0.6132264529058117,cruise,131500,2026-05-09 10:21:49,29.52756,,,19.664102335288,19.356956,1.11847,2.74530520596,62.424870764,17,5,14.554,24.257278335288,34.120736,10.2004464,53.35302008,-0.894776,-0.671082,0.0,212.9,7.9,-0.7,,,0,0,1024,1024,1024,1022,0,0,0,0,205.4,-90.0,0,52,3.639,3.636,3.636,3.637,0,0,6.407,84.02,19.664102335288,29.52756,6,P-GPS,29.527559055118108,9.0,29.527559055118108,19.66410139040611,19.66410139040611,29.527559055118108,0.0,1.11847,0.0,0.0,14.554,93.247478
32546,2026-05-09 10:20:00.545,32.545691382765526,0.6152304609218436,cruise,131600,2026-05-09 10:21:49,29.52756,,,19.664102335288,19.356956,0.8052984,2.81808736052,62.553807776,17,5,14.554,24.257278335288,34.120736,10.2004464,53.35302008,-0.671082,-0.447388,0.0,208.9,6.5,-1.2,,,0,0,1024,1024,1024,1024,0,0,0,0,204.0,-90.0,0,52,3.639,3.636,3.636,3.637,0,0,6.407,84.02,19.664102335288,29.52756,6,P-GPS,29.527559055118108,9.0,29.527559055118108,19.66410139040611,19.66410139040611,29.527559055118108,0.0,0.8065401870136416,0.0,0.0,14.554,93.247478
32652,2026-05-09 10:20:00.651,32.65170340681363,0.6172344689378758,cruise,131700,2026-05-09 10:21:49,29.52756,,,19.664102335288,19.356956,0.4921268,2.86342200764,62.71981828,17,5,14.554,24.257278335288,34.120736,10.2004464,53.35302008,-0.447388,-0.223694,0.0,208.3,5.4,-0.8,,,0,0,1024,1024,1024,1024,0,0,0,0,203.7,-90.0,0,52,3.639,3.636,3.636,3.637,0,0,6.407,84.02,19.664102335288,29.52756,6,P-GPS,29.527559055118108,9.0,29.527559055118108,19.66410139040611,19.66410139040611,29.527559055118108,0.0,0.500194990158838,0.0,0.0,14.554,93.247478
32758,2026-05-09 10:20:00.757,32.75771543086172,0.6192384769539078,cruise,131800,2026-05-09 10:21:49,29.52756,,,19.664102335288,19.028872,0.4921268,2.91643053952,62.817587312,17,5,14.554,24.257278335288,34.120736,10.2004464,53.35302008,-0.447388,-0.223694,0.0,208.6,4.6,-0.6,,,0,0,1024,1024,1024,1016,0,0,0,-1,203.7,-90.0,0,52,3.639,3.636,3.636,3.637,0,0,6.407,84.02,19.664102335288,29.52756,6,P-GPS,29.527559055118108,9.0,29.527559055118108,19.66410139040611,19.66410139040611,29.527559055118108,0.0,0.500194990158838,0.0,0.0,14.554,93.247478
32864,2026-05-09 10:20:00.863,32.86372745490982,0.62124248496994,cruise,131900,2026-05-09 10:21:49,29.52756,,,19.664102335288,18.700788,0.3131716,2.96359261452,62.875002012,17,5,14.554,24.257278335288,34.120736,10.2004464,53.35302008,-0.223694,-0.223694,0.0,208.8,3.9,-0.5,,,0,0,1024,1024,1024,806,0,0,0,-33,203.7,-90.0,0,52,3.639,3.636,3.636,3.637,0,0,6.407,84.02,19.664102335288,29.52756,6,P-GPS,29.527559055118108,9.0,29.527559055118108,19.66410139040611,19.66410139040611,29.527559055118108,0.0,0.31635108862148714,0.0,0.0,14.554,93.247478
32970,2026-05-09 10:20:00.969,32.96973947895792,0.623246492985972,cruise,132000,2026-05-09 10:21:50,29.52756,,,19.664102335288,19.028872,0.223694,2.9920276548,62.912403588,17,5,14.554,24.257278335288,34.120736,10.2004464,53.35302008,-0.223694,0.0,0.0,208.9,3.5,-0.3,,,0,0,1024,1024,1024,928,0,0,0,-15,203.6,-90.0,0,52,3.639,3.636,3.636,3.637,0,0,6.407,84.02,19.664102335288,29.52756,6,P-GPS,29.527559055118108,9.0,29.527559055118108,19.66410139040611,19.66410139040611,29.527559055118108,0.0,0.223694,0.0,0.0,14.554,93.247478
33076,2026-05-09 10:20:01.075,33.07575150300601,0.625250501002004,cruise,132100,2026-05-09 10:21:50,29.52756,,,19.664102335288,19.028872,0.223694,3.024032249,62.94455582,17,5,14.549,24.257278335288,34.120736,10.2004464,53.35302008,-0.223694,0.0,0.0,208.8,3.2,0.0,,,0,0,1080,924,1024,1024,8,-15,0,0,203.1,-90.0,0,52,3.639,3.635,3.635,3.635,0,0,6.545,84.02,19.664102335288,29.52756,6,P-GPS,29.527559055118108,9.0,29.527559055118108,19.66410139040611,19.66410139040611,29.527559055118108,0.0,0.223694,0.0,0.0,14.549,95.223205
33182,2026-05-09 10:20:01.181,33.18176352705411,0.6272545090180361,cruise,132200,2026-05-09 10:21:50,29.52756,,,19.664102335288,19.356956,0.0,3.02481308892,62.988190992,17,5,14.549,24.257278335288,34.120736,10.2004464,53.35302008,0.0,0.0,0.0,208.2,2.7,0.0,,,0,0,1160,599,1024,1024,21,-64,0,0,202.9,-90.0,0,52,3.639,3.635,3.635,3.635,0,0,6.545,84.02,19.664102335288,29.52756,6,P-GPS,29.527559055118108,9.0,29.527559055118108,19.66410139040611,19.66410139040611,29.527559055118108,0.0,0.0,0.0,0.0,14.549,95.223205
33288,2026-05-09 10:20:01.287,33.2877755511022,0.6292585170340681,cruise,132300,2026-05-09 10:21:50,29.52756,,,19.664102335288,19.356956,0.0,3.0319226692,63.014437712,17,5,14.549,24.257278335288,34.120736,10.2004464,53.35302008,0.0,0.0,0.0,208.1,2.1,-0.9,,,0,0,1220,507,1024,1024,30,-78,0,0,202.8,-90.0,0,52,3.639,3.635,3.635,3.635,0,0,6.545,84.02,19.664102335288,29.52756,6,P-GPS,29.527559055118108,9.0,29.527559055118108,19.66410139040611,19.66410139040611,29.527559055118108,0.0,0.0,0.0,0.0,14.549,95.223205
33394,2026-05-09 10:20:01.393,33.3937875751503,0.6312625250501002,cruise,132400,2026-05-09 10:21:50,29.52756,,,19.664102335288,19.356956,0.0,3.01622056896,63.060041388,17,5,14.549,24.257278335288,34.120736,10.2004464,53.35302008,0.0,0.0,0.0,208.0,1.2,-5.3,,,0,0,1230,687,1024,1024,31,-51,0,0,202.8,-90.0,0,52,3.639,3.635,3.635,3.635,0,0,6.545,84.02,19.664102335288,29.52756,6,P-GPS,29.527559055118108,9.0,29.527559055118108,19.66410139040611,19.66410139040611,29.527559055118108,0.0,0.0,0.0,0.0,14.549,95.223205
33500,2026-05-09 10:20:01.499,33.4997995991984,0.6332665330661323,cruise,132500,2026-05-09 10:21:50,29.52756,,,19.664102335288,19.68504,0.3131716,2.9967520644,63.0987553,17,5,14.549,24.257278335288,34.120736,10.2004464,53.35302008,-0.223694,0.223694,0.0,207.9,0.2,-9.0,,,0,0,1225,749,1024,1024,30,-42,0,0,202.8,-90.0,0,52,3.639,3.635,3.635,3.635,0,0,6.545,84.02,19.664102335288,29.52756,6,P-GPS,29.527559055118108,9.0,29.527559055118108,19.66410139040611,19.66410139040611,29.527559055118108,0.0,0.31635108862148714,0.0,0.0,14.549,95.223205
33606,2026-05-09 10:20:01.605,33.60581162324649,0.6352705410821643,cruise,132600,2026-05-09 10:21:50,29.52756,,,19.664102335288,20.013124,0.6263432,2.909776996,63.229660816,17,5,14.549,24.257278335288,34.120736,10.2004464,53.35302008,-0.447388,0.447388,0.0,207.9,-0.3,-8.6,,,0,0,1171,896,1024,1024,22,-19,0,0,202.8,-90.0,0,52,3.639,3.635,3.635,3.635,0,0,6.545,84.02,19.664102335288,29.52756,6,P-GPS,29.527559055118108,9.0,29.527559055118108,19.66410139040611,19.66410139040611,29.527559055118108,0.0,0.6327021772429743,0.0,0.0,14.549,95.223205
33712,2026-05-09 10:20:01.711,33.711823647294594,0.6372745490981965,cruise,132700,2026-05-09 10:21:50,29.52756,,,19.664102335288,20.013124,0.9395148,2.83411098308,63.344490216,17,5,14.549,24.257278335288,34.120736,10.2004464,53.35302008,-0.671082,0.671082,0.0,207.8,-0.5,-6.1,,,0,0,1024,1024,1024,1024,0,0,0,0,202.8,-90.0,0,52,3.639,3.635,3.635,3.635,0,0,6.545,84.02,19.664102335288,29.52756,6,P-GPS,29.527559055118108,9.0,29.527559055118108,19.66410139040611,19.66410139040611,29.527559055118108,0.0,0.9490532658644613,0.0,0.0,14.549,95.223205
33818,2026-05-09 10:20:01.817,33.817835671342685,0.6392785571142284,cruise,132800,2026-05-09 10:21:50,29.52756,,,19.664102335288,20.013124,1.11847,2.71041019172,63.553479724,17,5,14.549,24.257278335288,34.120736,10.2004464,53.35302008,-0.671082,0.894776,0.0,207.7,-0.1,-3.2,,,0,0,1024,1024,1024,1024,0,0,0,0,202.8,-90.0,0,52,3.639,3.635,3.635,3.635,0,0,6.545,84.02,19.664102335288,29.52756,6,P-GPS,29.527559055118108,9.0,29.527559055118108,19.66410139040611,19.66410139040611,29.527559055118108,0.0,1.11847,0.0,0.0,14.549,95.223205
33924,2026-05-09 10:20:01.923,33.923847695390776,0.6412825651302605,cruise,132900,2026-05-09 10:21:50,29.52756,,,19.664102335288,19.68504,1.2750558,2.60340887596,63.790684456,17,5,14.549,24.257278335288,34.120736,10.2004464,53.35302008,-0.894776,0.894776,0.0,207.7,0.5,-1.1,,,0,0,1024,906,1024,1024,0,-18,0,0,202.8,-90.0,0,52,3.639,3.635,3.635,3.635,0,0,6.545,84.02,19.664102335288,29.52756,6,P-GPS,29.527559055118108,9.0,29.527559055118108,19.66410139040611,19.66410139040611,29.527559055118108,0.0,1.2654043544859486,0.0,0.0,14.549,95.223205
34030,2026-05-09 10:20:02.029,34.02985971943888,0.6432865731462927,cruise,133000,2026-05-09 10:21:51,29.52756,,,19.664102335288,19.68504,1.2750558,2.52509522516,64.042324884,17,5,14.549,24.257278335288,34.120736,10.2004464,53.35302008,-0.894776,0.894776,0.0,207.7,1.0,0.1,,,0,0,1219,486,1024,1024,30,-82,0,0,202.8,-90.0,0,52,3.639,3.635,3.635,3.635,0,0,6.545,84.02,19.664102335288,29.52756,6,P-GPS,29.527559055118108,9.0,29.527559055118108,19.66410139040611,19.66410139040611,29.527559055118108,0.0,1.2654043544859486,0.0,0.0,14.549,95.223205
34136,2026-05-09 10:20:02.135,34.13587174348698,0.6452905811623247,cruise,133100,2026-05-09 10:21:51,29.52756,,,19.664102335288,20.013124,1.2750558,2.46581044636,64.250986308,17,5,14.554,24.257278335288,34.120736,10.2004464,53.35302008,-0.894776,0.894776,0.0,207.7,1.3,0.0,,,0,0,1263,395,1024,1024,36,-95,0,0,202.8,-90.0,0,52,3.643,3.638,3.638,3.637,0,0,6.431,84.2,19.664102335288,29.52756,6,P-GPS,29.527559055118108,9.0,29.527559055118108,19.66410139040611,19.66410139040611,29.527559055118108,0.0,1.2654043544859486,0.0,0.0,14.554,93.596774
34242,2026-05-09 10:20:02.241,34.24188376753507,0.6472945891783567,cruise,133200,2026-05-09 10:21:51,29.52756,,,19.664102335288,20.013124,1.2750558,2.42774942152,64.415684476,17,5,14.554,24.257278335288,34.120736,10.2004464,53.35302008,-0.894776,0.894776,0.0,207.6,0.9,-4.2,,,0,0,1279,516,1024,1024,39,-77,0,0,202.8,-90.0,0,52,3.643,3.638,3.638,3.637,0,0,6.431,84.2,19.664102335288,29.52756,6,P-GPS,29.527559055118108,9.0,29.527559055118108,19.66410139040611,19.66410139040611,29.527559055118108,0.0,1.2654043544859486,0.0,0.0,14.554,93.596774
34348,2026-05-09 10:20:02.347,34.34789579158316,0.6492985971943888,cruise,133300,2026-05-09 10:21:51,29.52756,,,19.664102335288,20.013124,1.2750558,2.42534784664,64.660763224,17,5,14.554,24.257278335288,34.120736,10.2004464,53.35302008,-0.894776,0.894776,0.0,207.6,0.2,-8.4,,,0,0,1179,1024,1024,1024,23,0,0,0,202.8,-90.0,0,52,3.643,3.638,3.638,3.637,0,0,6.431,84.2,19.664102335288,29.52756,6,P-GPS,29.527559055118108,9.0,29.527559055118108,19.66410139040611,19.66410139040611,29.527559055118108,0.0,1.2654043544859486,0.0,0.0,14.554,93.596774
34454,2026-05-09 10:20:02.453,34.45390781563126,0.6513026052104208,cruise,133400,2026-05-09 10:21:51,29.52756,,,19.664102335288,20.013124,1.7448132,2.32168970684,64.929792104,17,5,14.554,24.257278335288,34.120736,10.2004464,53.35302008,-1.11847,1.342164,0.0,207.7,-0.7,-10.6,,,0,0,1024,1024,1024,1024,0,0,0,0,202.8,-90.0,0,52,3.643,3.638,3.638,3.637,0,0,6.431,84.2,19.664102335288,29.52756,6,P-GPS,29.527559055118108,9.0,29.527559055118108,19.66410139040611,19.66410139040611,29.527559055118108,0.0,1.747105991002263,0.0,0.0,14.554,93.596774
34560,2026-05-09 10:20:02.559,34.55991983967936,0.653306613226453,cruise,133500,2026-05-09 10:21:51,29.52756,,,19.664102335288,19.68504,1.7448132,2.33046923468,65.238191064,17,5,14.554,24.257278335288,34.120736,10.2004464,53.35302008,-1.342164,1.565858,0.0,207.8,-1.0,-7.5,,,0,0,1024,1024,1024,1024,0,0,0,0,202.8,-90.0,0,52,3.643,3.638,3.638,3.637,0,0,6.431,84.2,19.664102335288,29.52756,6,P-GPS,29.527559055118108,9.0,29.527559055118108,19.66410139040611,19.66410139040611,29.527559055118108,0.0,2.062356777829675,0.0,0.0,14.554,93.596774
34666,2026-05-09 10:20:02.665,34.66593186372746,0.6553106212424851,cruise,133600,2026-05-09 10:21:51,29.52756,,,19.664102335288,19.68504,2.3711564,2.40544299036,65.631235696,17,5,14.554,24.257278335288,34.120736,10.2004464,53.35302008,-1.565858,1.789552,0.0,207.8,0.0,-3.3,,,0,0,1024,837,1024,1024,0,-28,0,0,202.8,-90.0,0,52,3.643,3.638,3.638,3.637,0,0,6.431,84.2,19.664102335288,29.52756,6,P-GPS,29.527559055118108,9.0,29.527559055118108,19.66410139040611,19.66410139040611,29.527559055118108,0.0,2.3778998374338647,0.0,0.0,14.554,93.596774
34772,2026-05-09 10:20:02.771,34.77194388777555,0.657314629258517,cruise,133700,2026-05-09 10:21:51,29.52756,,,19.664102335288,19.356956,2.3711564,2.51699811204,65.976380064,17,5,14.554,24.257278335288,34.120736,10.2004464,53.35302008,-1.565858,1.789552,0.0,207.8,0.8,-1.1,,,0,0,1079,651,1024,1024,8,-57,0,0,202.8,-90.0,0,52,3.643,3.638,3.638,3.637,0,0,6.431,84.2,19.664102335288,29.52756,6,P-GPS,29.527559055118108,9.0,29.527559055118108,19.66410139040611,19.66410139040611,29.527559055118108,0.0,2.3778998374338647,0.0,0.0,14.554,93.596774
34878,2026-05-09 10:20:02.877,34.87795591182365,0.6593186372745491,cruise,133800,2026-05-09 10:21:51,29.52756,,,19.664102335288,19.356956,2.3711564,2.66177173872,66.308729156,17,5,14.554,24.257278335288,34.120736,10.2004464,53.35302008,-1.565858,1.789552,0.0,207.8,1.5,0.7,,,0,0,1024,1024,1024,1024,0,0,0,0,202.8,-90.0,0,52,3.643,3.638,3.638,3.637,0,0,6.431,84.2,19.664102335288,29.52756,6,P-GPS,29.527559055118108,9.0,29.527559055118108,19.66410139040611,19.66410139040611,29.527559055118108,0.0,2.3778998374338647,0.0,0.0,14.554,93.596774
34984,2026-05-09 10:20:02.983,34.98396793587174,0.6613226452905812,cruise,133900,2026-05-09 10:21:51,29.52756,,,19.664102335288,19.356956,2.3711564,2.87336623368,66.758204236,17,5,14.554,24.257278335288,34.120736,10.2004464,53.35302008,-1.565858,1.789552,0.0,207.7,1.6,-1.0,,,0,0,1024,1024,1024,1024,0,0,0,0,202.8,-90.0,0,52,3.643,3.638,3.638,3.637,0,0,6.431,84.2,19.664102335288,29.52756,6,P-GPS,29.527559055118108,9.0,29.527559055118108,19.66410139040611,19.66410139040611,29.527559055118108,0.0,2.3778998374338647,0.0,0.0,14.554,93.596774
35090,2026-05-09 10:20:03.089,35.08997995991984,0.6633266533066132,cruise,134000,2026-05-09 10:21:51,29.52756,,,19.664102335288,19.028872,2.3711564,3.0961779206,67.080382724,17,5,14.554,24.257278335288,34.120736,10.2004464,53.35302008,-1.565858,1.789552,0.0,207.7,1.5,-2.0,,,0,0,1024,1024,1024,1024,0,0,0,0,202.8,-90.0,0,52,3.643,3.638,3.638,3.637,0,0,6.431,84.2,19.664102335288,29.52756,6,P-GPS,29.527559055118108,9.0,29.527559055118108,19.66410139040611,19.66410139040611,29.527559055118108,0.0,2.3778998374338647,0.0,0.0,14.554,93.596774
35196,2026-05-09 10:20:03.195,35.19599198396794,0.6653306613226454,cruise,134100,2026-05-09 10:21:52,29.52756,,,19.664102335288,19.028872,2.3711564,3.3281497128,67.424214756,17,5,14.555,24.257278335288,34.120736,10.2004464,53.35302008,-1.565858,1.789552,0.0,207.7,1.7,-0.6,,,0,0,1024,1024,984,1024,0,0,-6,0,202.8,-90.0,0,52,3.639,3.637,3.635,3.632,0,0,6.326,84.38,19.664102335288,29.52756,6,P-GPS,29.527559055118108,9.0,29.527559055118108,19.66410139040611,19.66410139040611,29.527559055118108,0.0,2.3778998374338647,0.0,0.0,14.555,92.07493
35302,2026-05-09 10:20:03.302,35.302004008016034,0.6673346693386774,cruise,134200,2026-05-09 10:21:52,29.52756,,,19.664102335288,19.028872,2.3711564,3.659612978,67.8723775,17,5,14.555,24.257278335288,34.120736,10.2004464,53.35302008,-1.565858,1.789552,0.0,207.7,1.7,0.5,,,0,0,1024,1024,984,1024,0,0,-6,0,202.8,-90.0,0,52,3.639,3.637,3.635,3.632,0,0,6.326,84.38,19.664102335288,29.52756,6,P-GPS,29.527559055118108,9.0,29.527559055118108,19.66410139040611,19.66410139040611,29.527559055118108,0.0,2.3778998374338647,0.0,0.0,14.555,92.07493
35408,2026-05-09 10:20:03.408,35.408016032064126,0.6693386773547094,cruise,134300,2026-05-09 10:21:52,29.52756,,,19.664102335288,19.028872,2.3711564,3.8908465812,68.166996932,17,5,14.555,24.257278335288,34.120736,10.2004464,53.35302008,-1.565858,1.789552,0.0,207.8,2.8,5.1,,,0,0,1024,1024,364,1130,0,0,-100,16,202.8,-90.0,0,52,3.639,3.637,3.635,3.632,0,0,6.326,84.38,19.664102335288,29.52756,6,P-GPS,29.527559055118108,9.0,29.527559055118108,19.66410139040611,19.66410139040611,29.527559055118108,0.0,2.3778998374338647,0.0,0.0,14.555,92.07493
35514,2026-05-09 10:20:03.514,35.514028056112224,0.6713426853707415,cruise,134400,2026-05-09 10:21:52,29.52756,,,19.664102335288,19.028872,2.0579848,4.1562009204,68.501642612,17,5,14.555,24.257278335288,34.120736,10.2004464,53.35302008,-1.342164,1.565858,0.223694,208.0,3.6,7.9,,,0,0,1024,1024,364,1079,0,0,-100,8,202.9,-90.0,0,52,3.639,3.637,3.635,3.632,0,0,6.326,84.38,19.664102335288,29.52756,6,P-GPS,29.527559055118108,9.0,29.527559055118108,19.66410139040611,19.66410139040611,29.527559055118108,0.0,2.062356777829675,0.0,0.0,14.555,92.07493
35620,2026-05-09 10:20:03.620,35.62004008016032,0.6733466933867736,cruise,134500,2026-05-09 10:21:52,29.199476,,,19.336018335288,27.230972,2.0579848,4.4308728452,68.850395904,17,5,14.555,24.257278335288,34.120736,10.2004464,53.35302008,-1.11847,1.342164,1.11847,208.1,3.9,9.1,,,0,0,1024,1024,364,1090,0,0,-100,10,202.9,-90.0,0,52,3.639,3.637,3.635,3.632,0,0,6.326,84.38,19.336018335288,29.199476,6,P-GPS,29.527559055118108,9.0,29.527559055118108,19.66410139040611,19.66410139040611,29.527559055118108,0.0,1.747105991002263,0.0,0.0,14.555,92.07493
35726,2026-05-09 10:20:03.726,35.72605210420842,0.6753507014028057,cruise,134600,2026-05-09 10:21:52,29.199476,,,19.336018335288,27.230972,1.5882274,4.6019358428,69.042653128,17,5,14.555,24.257278335288,34.120736,10.2004464,53.35302008,-1.11847,1.11847,2.460634,208.2,4.0,9.5,,,0,0,1024,1024,364,1110,0,0,-100,13,203.0,-90.0,0,52,3.639,3.637,3.635,3.632,0,0,6.326,84.38,19.336018335288,29.199476,6,P-GPS,29.527559055118108,9.0,29.527559055118108,19.66410139040611,19.66410139040611,29.527559055118108,0.0,1.5817554431074357,0.0,0.0,14.555,92.07493
35832,2026-05-09 10:20:03.832,35.83206412825651,0.6773547094188377,descent,134700,2026-05-09 10:21:52,28.543308,,,18.679850335288,25.918636,1.5882274,4.82529543,69.303807992,17,5,14.555,24.257278335288,34.120736,10.2004464,53.35302008,-0.894776,1.11847,3.579104,208.2,3.6,9.1,,,0,0,1024,1024,364,1152,0,0,-100,19,203.0,-90.0,0,52,3.639,3.637,3.635,3.632,0,0,6.326,84.38,18.679850335288,28.543308,6,P-GPS,29.527559055118108,9.0,29.527559055118108,19.66410139040611,19.66410139040611,29.527559055118108,0.0,1.4323404731683036,0.0,0.0,14.555,92.07493
35938,2026-05-09 10:20:03.938,35.93807615230461,0.6793587174348698,descent,134800,2026-05-09 10:21:52,27.88714,,,18.023682335288,38.385828,1.11847,4.9873361176,69.502626896,17,5,14.555,24.257278335288,34.120736,10.2004464,53.35302008,-0.671082,0.894776,4.47388,208.2,2.8,8.8,,,0,0,1024,1024,364,1166,0,0,-100,22,203.1,-90.0,0,52,3.639,3.637,3.635,3.632,0,0,6.326,84.38,18.023682335288,27.88714,6,P-GPS,29.332012306408714,8.940397350993377,29.332012306408714,19.468554641696713,19.468554641696713,29.332012306408714,-1.2576623252189196,1.6830596142665475,0.0,0.0,14.555,92.07493
36044,2026-05-09 10:20:04.044,36.0440881763527,0.6813627254509018,descent,134900,2026-05-09 10:21:52,27.230972,,,17.367514335288,37.72966,0.8052984,5.1044292972,69.649280444,17,5,14.555,24.257278335288,34.120736,10.2004464,53.35302008,-0.447388,0.671082,4.921268,208.2,1.3,7.6,,,0,0,1024,1024,364,1200,0,0,-100,27,203.3,-90.0,0,52,3.639,3.637,3.635,3.632,0,0,6.326,84.38,17.367514335288,27.230972,6,P-GPS,29.136465557699324,8.880794701986755,29.136465557699324,19.273007892987323,19.273007892987323,29.136465557699324,-1.2576623252189811,1.4940621130137843,0.0,0.0,14.555,92.07493
36150,2026-05-09 10:20:04.150,36.1501002004008,0.6833667334669339,descent,135000,2026-05-09 10:21:53,26.574804,,,16.711346335288,16.732284,0.6263432,5.2329398,69.782482548,17,5,14.555,24.257278335288,34.120736,10.2004464,53.35302008,-0.447388,0.447388,5.144962,208.1,1.2,5.6,,,0,0,1024,1024,364,1221,0,0,-100,30,203.5,-90.0,0,52,3.639,3.637,3.635,3.632,0,0,6.326,84.38,16.711346335288,26.574804,6,P-GPS,28.940918808989935,8.821192052980132,28.940918808989935,19.077461144277933,19.077461144277933,28.940918808989935,-1.2576623252188968,1.4078446538460847,0.0,0.0,14.555,92.07493
36256,2026-05-09 10:20:04.256,36.256112224448906,0.6853707414829661,descent,135100,2026-05-09 10:21:53,25.590552,,,15.727094335288,16.076116,0.3131716,5.2903216916,69.8490836,17,5,14.546,24.257278335288,34.120736,10.2004464,53.35302008,-0.223694,0.223694,5.368656,208.3,1.7,3.8,,,0,0,1024,1024,364,1240,0,0,-100,33,203.8,-90.0,0,52,3.673,3.669,3.667,3.665,0,0,6.463,84.38,15.727094335288,25.590552,6,P-GPS,28.74537206028053,8.761589403973506,28.74537206028053,18.88191439556853,18.88191439556853,28.74537206028053,-1.257662325218904,1.296839440928221,0.0,0.0,14.546,94.010798
36362,2026-05-09 10:20:04.362,36.36212424849699,0.6873747494989979,descent,135200,2026-05-09 10:21:53,24.934384,,,15.070926335288,15.091864,0.3131716,5.3145014824,69.88517284,17,5,14.546,24.257278335288,34.120736,10.2004464,53.35302008,-0.223694,0.223694,5.368656,208.5,1.5,2.4,,,0,0,1024,1024,364,1261,0,0,-100,36,204.2,-90.0,0,52,3.673,3.669,3.667,3.665,0,0,6.463,84.38,15.070926335288,24.934384,6,P-GPS,28.54982531157116,8.701986754966889,28.54982531157116,18.68636764685916,18.68636764685916,28.54982531157116,-1.2576623252189512,1.2968394409282664,0.0,0.0,14.546,94.010798
36468,2026-05-09 10:20:04.468,36.46813627254509,0.6893787575150301,descent,135300,2026-05-09 10:21:53,23.950132,,,14.086674335288,14.76378,0.0,5.3653873108,69.955054732,17,5,14.546,24.257278335288,34.120736,10.2004464,53.35302008,0.0,0.0,5.368656,208.8,1.2,2.1,,,0,0,1024,1024,364,1279,0,0,-100,39,204.7,-90.0,0,52,3.673,3.669,3.667,3.665,0,0,6.463,84.38,14.086674335288,23.950132,6,P-GPS,28.354278562861754,8.642384105960263,28.354278562861754,18.490820898149757,18.490820898149757,28.354278562861754,-1.2576623252189882,1.2576623252189882,0.0,0.0,14.546,94.010798
36574,2026-05-09 10:20:04.574,36.57414829659319,0.6913827655310621,descent,135400,2026-05-09 10:21:53,23.293964,,,13.430506335288,16.732284,0.0,5.4557416444,70.045934,16,5,14.546,24.257278335288,34.120736,10.2004464,53.35302008,0.0,0.0,5.368656,209.4,0.8,2.3,,,0,0,1024,1024,364,1287,0,0,-100,40,205.3,-90.0,0,52,3.673,3.669,3.667,3.665,0,0,6.463,84.38,13.430506335288,23.293964,6,P-GPS,28.158731814152368,8.582781456953642,28.158731814152368,18.295274149440367,18.295274149440367,28.158731814152368,-1.257662325218874,1.257662325218874,0.0,0.0,14.546,94.010798
36680,2026-05-09 10:20:04.680,36.680160320641285,0.6933867735470942,descent,135500,2026-05-09 10:21:53,22.637796,,,12.774338335288,16.076116,0.0,5.4744752408,70.074805392,16,5,14.546,24.257278335288,34.120736,10.2004464,53.35302008,0.0,0.0,5.368656,210.1,1.3,2.4,,,0,0,1024,1024,364,1304,0,0,-100,42,206.0,-90.0,0,52,3.673,3.669,3.667,3.665,0,0,6.463,84.38,12.774338335288,22.637796,6,P-GPS,27.963185065442975,8.52317880794702,27.963185065442975,18.099727400730977,18.099727400730977,27.963185065442975,-1.2576623252189196,1.2576623252189196,0.0,0.0,14.546,94.010798
36786,2026-05-09 10:20:04.786,36.786172344689376,0.6953907815631263,descent,135600,2026-05-09 10:21:53,21.653544,,,11.790086335288,15.091864,0.0,5.5587928288,70.16732508,16,5,14.546,24.257278335288,34.120736,10.2004464,53.35302008,0.0,0.0,5.368656,210.7,1.8,2.1,,,0,0,1024,1024,364,1321,0,0,-100,45,206.8,-90.0,0,52,3.673,3.669,3.667,3.665,0,0,6.463,84.38,11.790086335288,21.653544,6,P-GPS,27.76763831673358,8.463576158940397,27.76763831673358,17.90418065202158,17.90418065202158,27.76763831673358,-1.257662325219004,1.257662325219004,0.0,0.0,14.546,94.010798
36892,2026-05-09 10:20:04.892,36.89218436873747,0.6973947895791582,descent,135700,2026-05-09 10:21:53,20.997376,,,11.133918335288,14.435696,0.0,5.6041012292,70.212928756,16,5,14.546,24.257278335288,34.120736,10.2004464,53.35302008,0.0,0.0,5.368656,211.6,2.4,1.6,,,0,0,1024,1024,364,1342,0,0,-100,48,207.6,-90.0,0,52,3.673,3.669,3.667,3.665,0,0,6.463,84.38,11.133918335288,20.997376,6,P-GPS,27.572091568024202,8.403973509933778,27.572091568024202,17.708633903312204,17.708633903312204,27.572091568024202,-1.2576623252189125,1.2576623252189125,0.0,0.0,14.546,94.010798
36998,2026-05-09 10:20:04.998,36.99819639278557,0.6993987975951904,descent,135800,2026-05-09 10:21:53,20.341208,,,10.477750335288,13.779528,0.0,5.64058417,70.2509865,16,5,14.546,24.257278335288,34.120736,10.2004464,53.35302008,0.0,0.0,5.368656,212.5,2.5,1.2,,,0,0,1024,1024,364,1350,0,0,-100,49,208.6,-90.0,0,52,3.673,3.669,3.667,3.665,0,0,6.463,84.38,10.477750335288,20.341208,6,P-GPS,27.3765448193148,8.344370860927151,27.3765448193148,17.5130871546028,17.5130871546028,27.3765448193148,-1.2576623252188812,1.2576623252188812,0.0,0.0,14.546,94.010798
37104,2026-05-09 10:20:05.104,37.10420841683367,0.7014028056112225,descent,135900,2026-05-09 10:21:53,19.68504,,,9.821582335288,13.451444,0.0,5.6309385004,70.268046868,16,5,14.546,24.257278335288,34.120736,10.2004464,53.35302008,0.0,0.0,5.144962,213.7,2.3,1.1,,,0,0,1024,1024,364,1364,0,0,-100,52,209.7,-90.0,0,52,3.673,3.669,3.667,3.665,0,0,6.463,84.38,9.821582335288,19.68504,6,P-GPS,27.18099807060541,8.284768211920529,27.18099807060541,17.31754040589341,17.31754040589341,27.18099807060541,-1.2576623252189196,1.2576623252189196,0.0,0.0,14.546,94.010798
37210,2026-05-09 10:20:05.210,37.21022044088176,0.7034068136272545,descent,136000,2026-05-09 10:21:54,18.700788,,,8.837330335288,12.795276,0.0,5.6211944056,70.281498312,16,5,14.546,24.257278335288,34.120736,10.2004464,53.35302008,0.0,0.0,4.921268,214.9,1.7,1.3,,,0,0,1024,1024,364,1382,0,0,-100,54,210.9,-90.0,0,52,3.673,3.669,3.667,3.665,0,0,6.463,84.38,8.837330335288,18.700788,6,P-GPS,26.985451321896015,8.225165562913906,26.985451321896015,17.121993657184014,17.121993657184014,26.985451321896015,-1.257662325219004,1.257662325219004,0.0,0.0,14.546,94.010798
37316,2026-05-09 10:20:05.316,37.31623246492986,0.7054108216432866,descent,136100,2026-05-09 10:21:54,18.372704,,,8.509246335288,12.467192,0.0,5.6259516236,70.286419572,16,5,14.548,24.257278335288,34.120736,10.2004464,53.35302008,0.0,0.0,4.697574,216.1,2.5,1.1,,,0,0,1024,1024,364,1387,0,0,-100,55,212.2,-90.0,0,52,3.639,3.632,3.628,3.627,0,0,5.313,84.38,8.509246335288,18.372704,6,P-GPS,26.78990457318662,8.165562913907282,26.78990457318662,16.926446908474624,16.926446908474624,26.78990457318662,-1.2576623252189196,1.2576623252189196,0.0,0.0,14.548,77.29352399999999
37422,2026-05-09 10:20:05.422,37.42224448897795,0.7074148296593186,descent,136200,2026-05-09 10:21:54,17.716536,,,7.853078335288,11.811024,0.0,5.6261812824,70.300855268,16,5,14.548,24.257278335288,34.120736,10.2004464,53.35302008,0.0,0.0,4.47388,217.5,2.5,1.2,,,0,0,1024,1024,364,1398,0,0,-100,57,213.6,-90.0,0,52,3.639,3.632,3.628,3.627,0,0,5.313,84.38,7.853078335288,17.716536,6,P-GPS,26.594357824477243,8.105960264900665,26.594357824477243,16.73090015976524,16.73090015976524,26.594357824477243,-1.2576623252189125,1.2576623252189125,0.0,0.0,14.548,77.29352399999999
37528,2026-05-09 10:20:05.528,37.52825651302605,0.7094188376753507,descent,136300,2026-05-09 10:21:54,17.388452,,,7.524994335288,11.48294,0.0,5.6084975548,70.32152456,16,5,14.548,24.257278335288,34.120736,10.2004464,53.35302008,0.0,0.0,4.250186,219.1,2.4,0.8,,,0,0,1024,1024,364,1412,0,0,-100,59,215.2,-90.0,0,52,3.639,3.632,3.628,3.627,0,0,5.313,84.38,7.524994335288,17.388452,6,P-GPS,26.398811075767842,8.046357615894038,26.398811075767842,16.535353411055844,16.535353411055844,26.398811075767842,-1.2576623252189654,1.2576623252189654,0.0,0.0,14.548,77.29352399999999
37634,2026-05-09 10:20:05.634,37.63426853707415,0.7114228456913828,descent,136400,2026-05-09 10:21:54,16.732284,,,6.868826335288,11.154856,0.0,5.5895342996,70.3576138,16,5,14.548,24.257278335288,34.120736,10.2004464,53.35302008,0.0,0.0,4.026492,220.7,2.2,0.3,,,0,0,1024,1024,364,1419,0,0,-100,60,216.8,-90.0,0,52,3.639,3.632,3.628,3.627,0,0,5.313,84.38,6.868826335288,16.732284,6,P-GPS,26.20326432705845,7.986754966887416,26.20326432705845,16.339806662346447,16.339806662346447,26.20326432705845,-1.2576623252189196,1.2576623252189196,0.0,0.0,14.548,77.29352399999999
37740,2026-05-09 10:20:05.740,37.74028056112225,0.7134268537074149,descent,136500,2026-05-09 10:21:54,16.076116,,,6.212658335288,10.826772,0.0,5.5726051652,70.374674168,16,5,14.548,24.257278335288,34.120736,10.2004464,53.35302008,0.0,0.0,3.802798,222.5,2.0,0.2,,,0,0,1024,1024,364,1422,0,0,-100,60,218.6,-90.0,0,52,3.639,3.632,3.628,3.627,0,0,5.313,84.38,6.212658335288,16.076116,6,P-GPS,26.007717578349055,7.927152317880792,26.007717578349055,16.144259913637057,16.144259913637057,26.007717578349055,-1.2576623252189196,1.2576623252189196,0.0,0.0,14.548,77.29352399999999
37846,2026-05-09 10:20:05.846,37.84629258517034,0.7154308617234469,descent,136600,2026-05-09 10:21:54,15.748032,,,5.884574335288,10.498688,0.0,5.558235086,70.3904222,16,5,14.548,24.257278335288,34.120736,10.2004464,53.35302008,0.0,0.0,3.802798,224.4,1.9,0.4,,,0,0,1024,1024,364,1425,0,0,-100,61,220.4,-90.0,0,52,3.639,3.632,3.628,3.627,0,0,5.313,84.38,5.884574335288,15.748032,6,P-GPS,25.81217082963967,7.8675496688741715,25.81217082963967,15.94871316492767,15.94871316492767,25.81217082963967,-1.2576623252189583,1.2576623252189583,0.0,0.0,14.548,77.29352399999999
37952,2026-05-09 10:20:05.952,37.95230460921843,0.7174348697394789,descent,136700,2026-05-09 10:21:54,15.091864,,,5.228406335288,10.170604,0.0,5.5190618564,70.430776532,16,5,14.548,24.257278335288,34.120736,10.2004464,53.35302008,0.0,0.0,3.579104,226.3,1.5,0.0,,,0,0,1024,1024,364,1426,0,0,-100,61,221.3,-90.0,0,52,3.639,3.632,3.628,3.627,0,0,5.313,84.38,5.228406335288,15.091864,6,P-GPS,25.616624080930286,7.807947019867552,25.616624080930286,15.753166416218287,15.753166416218287,25.616624080930286,-1.2576623252189354,1.2576623252189354,0.0,0.0,14.548,77.29352399999999
38058,2026-05-09 10:20:06.058,38.05831663326653,0.719438877755511,descent,136800,2026-05-09 10:21:54,14.76378,,,4.900322335288,9.514436,0.0,5.4841537188,70.46588152,16,5,14.548,24.257278335288,34.120736,10.2004464,53.35302008,0.0,0.0,3.35541,228.3,1.1,-0.4,,,0,0,1024,1024,364,1427,0,0,-100,61,224.2,-90.0,0,52,3.639,3.632,3.628,3.627,0,0,5.313,84.38,4.900322335288,14.76378,6,P-GPS,25.421077332220893,7.748344370860929,25.421077332220893,15.557619667508893,15.557619667508893,25.421077332220893,-1.2576623252189196,1.2576623252189196,0.0,0.0,14.548,77.29352399999999
38164,2026-05-09 10:20:06.164,38.164328657314634,0.7214428857715431,descent,136900,2026-05-09 10:21:54,14.107612,,,4.244154335288,9.514436,0.0,5.4960303596,70.488519316,16,5,14.548,24.257278335288,34.120736,10.2004464,53.35302008,0.0,0.0,3.35541,230.1,1.1,-0.2,,,0,0,1024,1024,364,1425,0,0,-100,61,226.1,-90.0,0,52,3.639,3.632,3.628,3.627,0,0,5.313,84.38,4.244154335288,14.107612,6,P-GPS,25.22553058351149,7.688741721854302,25.22553058351149,15.36207291879949,15.36207291879949,25.22553058351149,-1.257662325218904,1.257662325218904,0.0,0.0,14.548,77.29352399999999
38270,2026-05-09 10:20:06.270,38.270340681362725,0.7234468937875752,descent,137000,2026-05-09 10:21:55,13.451444,,,3.587986335288,9.514436,0.0,5.4886156612,70.498361836,16,5,14.548,24.257278335288,34.120736,10.2004464,53.35302008,0.0,0.0,3.131716,232.1,0.9,-0.4,,,0,0,1024,1024,486,1325,0,0,-82,46,228.0,-90.0,0,52,3.639,3.632,3.628,3.627,0,0,5.313,84.38,3.587986335288,13.451444,6,P-GPS,25.0299838348021,7.62913907284768,25.0299838348021,15.1665261700901,15.1665261700901,25.0299838348021,-1.2576623252189811,1.2576623252189811,0.0,0.0,14.548,77.29352399999999
38376,2026-05-09 10:20:06.376,38.376352705410824,0.7254509018036073,descent,137100,2026-05-09 10:21:55,13.12336,,,3.259902335288,9.186352,0.0,5.461614348,70.525592808,16,5,14.527,24.257278335288,34.120736,10.2004464,53.35302008,0.0,0.0,3.131716,234.0,1.1,-0.2,,,0,0,1024,1024,769,1058,0,0,-39,5,229.7,-90.0,0,52,3.635,3.63,3.629,3.628,0,0,7.006,84.56,3.259902335288,13.12336,6,P-GPS,24.83443708609271,7.5695364238410585,24.83443708609271,14.97097942138071,14.97097942138071,24.83443708609271,-1.2576623252188968,1.2576623252188968,0.0,0.0,14.527,101.776162
38482,2026-05-09 10:20:06.482,38.482364729458915,0.7274549098196392,descent,137200,2026-05-09 10:21:55,12.467192,,,2.603734335288,9.186352,0.0,5.447342694,70.541997008,16,5,14.527,24.257278335288,34.120736,10.2004464,53.35302008,0.0,0.0,3.131716,235.5,1.2,-0.1,,,0,0,1024,1024,1024,1024,0,0,0,0,230.5,-90.0,0,52,3.635,3.63,3.629,3.628,0,0,7.006,84.56,2.603734335288,12.467192,6,P-GPS,24.638890337383327,7.509933774834439,24.638890337383327,14.775432672671327,14.775432672671327,24.638890337383327,-1.2576623252189354,1.2576623252189354,0.0,0.0,14.527,101.776162
38588,2026-05-09 10:20:06.588,38.58837675350701,0.7294589178356713,descent,137300,2026-05-09 10:21:55,12.139108,,,2.275650335288,8.530184,0.0,5.4300526672,70.56758756,16,5,14.527,24.257278335288,34.120736,10.2004464,53.35302008,0.0,0.0,2.908022,236.2,1.1,-0.4,,,0,0,1024,1024,1024,1024,0,0,0,0,230.8,-90.0,0,52,3.635,3.63,3.629,3.628,0,0,7.006,84.56,2.275650335288,12.139108,6,P-GPS,24.443343588673937,7.450331125827816,24.443343588673937,14.579885923961937,14.579885923961937,24.443343588673937,-1.2576623252188968,1.2576623252188968,0.0,0.0,14.527,101.776162
38694,2026-05-09 10:20:06.694,38.69438877755511,0.7314629258517035,descent,137400,2026-05-09 10:21:55,11.48294,,,1.619482335288,8.530184,0.0,5.4001314064,70.617456328,16,5,14.527,24.257278335288,34.120736,10.2004464,53.35302008,0.0,0.0,2.23694,236.2,1.7,-0.5,,,0,0,1024,1024,1024,1024,0,0,0,0,230.8,-90.0,0,52,3.635,3.63,3.629,3.628,0,0,7.006,84.56,1.619482335288,11.48294,6,P-GPS,24.247796839964533,7.39072847682119,24.247796839964533,14.384339175252533,14.384339175252533,24.247796839964533,-1.2576623252189882,1.2576623252189882,0.0,0.0,14.527,101.776162
38800,2026-05-09 10:20:06.800,38.80040080160321,0.7334669338677355,descent,137500,2026-05-09 10:21:55,11.154856,,,1.291398335288,8.530184,0.0,5.3802167076,70.638781788,16,5,14.527,24.257278335288,34.120736,10.2004464,53.35302008,0.0,0.0,1.11847,236.4,1.9,-0.4,,,0,0,1024,1024,1024,1024,0,0,0,0,230.8,-90.0,0,52,3.635,3.63,3.629,3.628,0,0,7.006,84.56,1.291398335288,11.154856,6,P-GPS,24.052250091255143,7.331125827814568,24.052250091255143,14.188792426543143,14.188792426543143,24.052250091255143,-1.2576623252188968,1.2576623252188968,0.0,0.0,14.527,101.776162
38906,2026-05-09 10:20:06.906,38.90641282565131,0.7354709418837676,descent,137600,2026-05-09 10:21:55,11.154856,,,1.291398335288,8.530184,0.0,5.3637796992,70.655185988,16,5,14.527,24.257278335288,34.120736,10.2004464,53.35302008,0.0,0.0,0.223694,236.3,2.0,0.0,,,0,0,1024,1024,1024,1024,0,0,0,0,230.8,-90.0,0,52,3.635,3.63,3.629,3.628,0,0,7.006,84.56,1.291398335288,11.154856,6,P-GPS,23.85670334254575,7.271523178807945,23.85670334254575,13.99324567783375,13.99324567783375,23.85670334254575,-1.2576623252189196,1.2576623252189196,0.0,0.0,14.527,101.776162
39012,2026-05-09 10:20:07.012,39.01242484969939,0.7374749498997996,descent,137700,2026-05-09 10:21:55,11.154856,,,1.291398335288,8.530184,0.0,5.3917652644,70.688650556,16,5,14.527,24.257278335288,34.120736,10.2004464,53.35302008,0.0,0.0,0.0,236.3,1.9,0.0,,,0,0,1024,1024,1024,1024,0,0,0,0,230.8,-90.0,0,52,3.635,3.63,3.629,3.628,0,0,7.006,84.56,1.291398335288,11.154856,6,P-GPS,23.661156593836367,7.211920529801325,23.661156593836367,13.797698929124367,13.797698929124367,23.661156593836367,-1.2576623252190198,1.2576623252190198,0.0,0.0,14.527,101.776162
39118,2026-05-09 10:20:07.118,39.11843687374749,0.7394789579158316,descent,137800,2026-05-09 10:21:55,11.154856,,,1.291398335288,8.530184,0.0,5.4288387564,70.73162956,16,5,14.527,24.257278335288,34.120736,10.2004464,53.35302008,0.0,0.0,0.0,236.3,1.4,0.0,,,0,0,1024,1024,1024,1348,0,0,0,49,230.8,-90.0,0,52,3.635,3.63,3.629,3.628,0,0,7.006,84.56,1.291398335288,11.154856,6,P-GPS,23.465609845126977,7.152317880794703,23.465609845126977,13.602152180414977,13.602152180414977,23.465609845126977,-1.2576623252188968,1.2576623252188968,0.0,0.0,14.527,101.776162
39224,2026-05-09 10:20:07.224,39.2244488977956,0.7414829659318638,descent,137900,2026-05-09 10:21:55,11.154856,,,1.291398335288,8.858268,0.0,5.4372377068,70.753283104,16,5,14.527,24.257278335288,34.120736,10.2004464,53.35302008,0.0,0.0,0.0,236.2,1.1,0.4,,,0,0,1024,1024,1024,1466,0,0,0,67,230.9,-90.0,0,52,3.635,3.63,3.629,3.628,0,0,7.006,84.56,1.291398335288,11.154856,6,P-GPS,23.270063096417577,7.092715231788078,23.270063096417577,13.406605431705577,13.406605431705577,23.270063096417577,-1.2576623252188812,1.2576623252188812,0.0,0.0,14.527,101.776162
39330,2026-05-09 10:20:07.330,39.33046092184369,0.7434869739478959,descent,138000,2026-05-09 10:21:56,11.154856,,,1.291398335288,8.530184,0.0,5.4417980744,70.766406464,16,5,14.527,24.257278335288,34.120736,10.2004464,53.35302008,0.0,0.0,0.0,236.3,1.0,0.6,,,0,0,1024,1024,1024,1024,0,0,0,0,231.6,-90.0,0,52,3.635,3.63,3.629,3.628,0,0,7.006,84.56,1.291398335288,11.154856,6,P-GPS,23.074516347708183,7.033112582781454,23.074516347708183,13.211058682996184,13.211058682996184,23.074516347708183,-1.257662325219004,1.257662325219004,0.0,0.0,14.527,101.776162
39436,2026-05-09 10:20:07.436,39.436472945891786,0.7454909819639279,descent,138100,2026-05-09 10:21:56,11.154856,,,1.291398335288,8.530184,0.0,5.4337600164,70.79560594,16,5,14.53,24.257278335288,34.120736,10.2004464,53.35302008,0.0,0.0,0.0,237.2,0.9,0.6,,,0,0,1024,1024,1024,1024,0,0,0,0,232.9,-90.0,0,52,3.638,3.634,3.63,3.601,0,0,7.039,84.56,1.291398335288,11.154856,6,P-GPS,22.87896959899879,6.973509933774832,22.87896959899879,13.01551193428679,13.01551193428679,22.87896959899879,-1.2576623252189196,1.2576623252189196,0.0,0.0,14.53,102.27667
39542,2026-05-09 10:20:07.542,39.54248496993988,0.7474949899799599,descent,138200,2026-05-09 10:21:56,11.154856,,,1.291398335288,8.858268,0.0,5.4395014864,70.80380804,16,5,14.53,24.257278335288,34.120736,10.2004464,53.35302008,0.0,0.0,0.0,238.6,0.8,0.6,,,0,0,1024,1024,1024,1024,0,0,0,0,233.4,-90.0,0,52,3.638,3.634,3.63,3.601,0,0,7.039,84.56,1.291398335288,11.154856,6,P-GPS,22.68342285028941,6.913907284768213,22.68342285028941,12.819965185577411,12.819965185577411,22.68342285028941,-1.2576623252189125,1.2576623252189125,0.0,0.0,14.53,102.27667
39648,2026-05-09 10:20:07.648,39.648496993987976,0.749498997995992,descent,138300,2026-05-09 10:21:56,11.154856,,,1.291398335288,8.858268,0.0,5.4419949248,70.813978644,16,5,14.53,24.257278335288,34.120736,10.2004464,53.35302008,0.0,0.0,0.0,238.8,0.9,0.4,,,0,0,1024,1318,1024,1024,0,45,0,0,233.4,-90.0,0,52,3.638,3.634,3.63,3.601,0,0,7.039,84.56,1.291398335288,11.154856,6,P-GPS,22.48787610158002,6.854304635761591,22.48787610158002,12.624418436868021,12.624418436868021,22.48787610158002,-1.2576623252188968,1.2576623252188968,0.0,0.0,14.53,102.27667
39755,2026-05-09 10:20:07.754,39.75450901803607,0.751503006012024,descent,138400,2026-05-09 10:21:56,11.154856,,,1.291398335288,8.530184,0.0,5.458169466,70.830710928,16,5,14.53,24.257278335288,34.120736,10.2004464,53.35302008,0.0,0.0,0.0,238.7,1.1,0.9,,,0,0,1024,1618,1024,1024,0,90,0,0,233.5,-90.0,0,52,3.638,3.634,3.63,3.601,0,0,7.039,84.56,1.291398335288,11.154856,6,P-GPS,22.292329352870627,6.794701986754967,22.292329352870627,12.428871688158628,12.428871688158628,22.292329352870627,-1.257662325219004,1.257662325219004,0.0,0.0,14.53,102.27667
39861,2026-05-09 10:20:07.860,39.86052104208417,0.7535070140280562,descent,138500,2026-05-09 10:21:56,11.154856,,,1.291398335288,8.858268,0.0,5.4617455816,70.840553448,16,5,14.53,24.257278335288,34.120736,10.2004464,53.35302008,0.0,0.0,0.0,238.8,1.2,4.4,,,0,0,1024,1606,1024,1024,0,88,0,0,233.5,-90.0,0,52,3.638,3.634,3.63,3.601,0,0,7.039,84.56,1.291398335288,11.154856,6,P-GPS,22.096782604161223,6.735099337748341,22.096782604161223,12.233324939449224,12.233324939449224,22.096782604161223,-1.257662325218904,1.257662325218904,0.0,0.0,14.53,102.27667
39967,2026-05-09 10:20:07.966,39.96653306613227,0.7555110220440883,descent,138600,2026-05-09 10:21:56,11.154856,,,1.291398335288,8.530184,0.0,5.45193587,70.85630148,16,5,14.53,24.257278335288,34.120736,10.2004464,53.35302008,0.0,0.0,0.0,238.8,1.1,7.6,,,0,0,1024,1571,1024,1024,0,83,0,0,233.5,-90.0,0,52,3.638,3.634,3.63,3.601,0,0,7.039,84.56,1.291398335288,11.154856,6,P-GPS,21.901235855451834,6.6754966887417195,21.901235855451834,12.037778190739834,12.037778190739834,21.901235855451834,-1.2576623252188968,1.2576623252188968,0.0,0.0,14.53,102.27667
40073,2026-05-09 10:20:08.072,40.072545090180355,0.7575150300601202,descent,138700,2026-05-09 10:21:56,11.154856,,,1.291398335288,8.530184,0.3131716,5.404691774,70.90551408,16,5,14.53,24.257278335288,34.120736,10.2004464,53.35302008,0.223694,-0.223694,0.0,238.9,1.0,10.3,,,0,0,1024,1024,1024,1024,0,0,0,0,233.5,-90.0,0,52,3.638,3.634,3.63,3.601,0,0,7.039,84.56,1.291398335288,11.154856,6,P-GPS,21.70568910674245,6.6158940397351,21.70568910674245,11.842231442030451,11.842231442030451,21.70568910674245,-1.2576623252190198,1.296839440928333,0.0,0.0,14.53,102.27667
40179,2026-05-09 10:20:08.178,40.178557114228454,0.7595190380761523,descent,138800,2026-05-09 10:21:56,11.154856,,,1.291398335288,8.530184,0.8052984,5.3025920332,71.012469464,16,5,14.53,24.257278335288,34.120736,10.2004464,53.35302008,0.671082,-0.447388,0.0,238.9,1.1,11.3,,,0,0,1024,1024,1024,1024,0,0,0,0,233.5,-90.0,0,52,3.638,3.634,3.63,3.601,0,0,7.039,84.56,1.291398335288,11.154856,6,P-GPS,21.51014235803306,6.556291390728477,21.51014235803306,11.646684693321061,11.646684693321061,21.51014235803306,-1.2576623252188968,1.4940621130137135,0.0,0.0,14.53,102.27667
40285,2026-05-09 10:20:08.284,40.28456913827655,0.7615230460921844,descent,138900,2026-05-09 10:21:56,11.154856,,,1.291398335288,8.530184,1.11847,5.1003610556,71.223427476,16,5,14.53,24.257278335288,34.120736,10.2004464,53.35302008,0.894776,-0.671082,0.0,238.9,1.3,6.8,,,0,0,1024,1024,1024,1024,0,0,0,0,233.5,-90.0,0,52,3.638,3.634,3.63,3.601,0,0,7.039,84.56,1.291398335288,11.154856,6,P-GPS,21.314595609323668,6.496688741721854,21.314595609323668,11.451137944611668,11.451137944611668,21.314595609323668,-1.2576623252189196,1.6830596142665475,0.0,0.0,14.53,102.27667
40391,2026-05-09 10:20:08.390,40.39058116232465,0.7635270541082165,descent,139000,2026-05-09 10:21:57,11.154856,,,1.291398335288,8.530184,1.2974252,4.8973754848,71.431432732,16,5,14.53,24.257278335288,34.120736,10.2004464,53.35302008,1.11847,-0.671082,0.0,238.8,1.4,3.5,,,0,0,1024,1024,1024,1024,0,0,0,0,233.5,-90.0,0,52,3.638,3.634,3.63,3.601,0,0,7.039,84.56,1.291398335288,11.154856,6,P-GPS,21.119048860614264,6.437086092715228,21.119048860614264,11.255591195902264,11.255591195902264,21.119048860614264,-1.2576623252189882,1.8119163104015683,0.0,0.0,14.53,102.27667
40497,2026-05-09 10:20:08.496,40.49659318637275,0.7655310621242486,descent,139100,2026-05-09 10:21:57,11.154856,,,1.291398335288,8.530184,1.2974252,4.704560518,71.630251636,16,5,14.546,24.257278335288,34.120736,10.2004464,53.35302008,1.11847,-0.671082,0.0,238.8,1.5,0.0,,,0,0,1024,1024,1024,1024,0,0,0,0,233.5,-90.0,0,52,3.638,3.634,3.632,3.631,0,0,6.712,84.56,1.291398335288,11.154856,6,P-GPS,20.923502111904877,6.3774834437086065,20.923502111904877,11.060044447192878,11.060044447192878,20.923502111904877,-1.257662325218874,1.811916310401489,0.0,0.0,14.546,97.632752
40603,2026-05-09 10:20:08.602,40.60260521042084,0.7675350701402806,descent,139200,2026-05-09 10:21:57,11.154856,,,1.291398335288,8.530184,1.2974252,4.4686025052,71.867456368,16,5,14.546,24.257278335288,34.120736,10.2004464,53.35302008,1.11847,-0.671082,0.0,238.8,1.4,-3.1,,,0,0,1024,1024,1024,1024,0,0,0,0,233.5,-90.0,0,52,3.638,3.634,3.632,3.631,0,0,6.712,84.56,1.291398335288,11.154856,6,P-GPS,20.727955363195495,6.3178807947019875,20.727955363195495,10.864497698483495,10.864497698483495,20.727955363195495,-1.2576623252189354,1.8119163104015317,0.0,0.0,14.546,97.632752
40709,2026-05-09 10:20:08.708,40.70861723446894,0.7695390781563126,descent,139300,2026-05-09 10:21:57,11.154856,,,1.291398335288,8.2021,1.006623,4.3356956768,72.000986556,16,5,14.546,24.257278335288,34.120736,10.2004464,53.35302008,0.894776,-0.447388,0.0,238.8,1.3,-4.6,,,0,0,1024,1024,990,1024,0,0,-5,0,233.5,-90.0,0,52,3.638,3.634,3.632,3.631,0,0,6.712,84.56,1.291398335288,11.154856,6,P-GPS,20.5324086144861,6.258278145695364,20.5324086144861,10.668950949774102,10.668950949774102,20.5324086144861,-1.2576623252189196,1.6070141993756806,0.0,0.0,14.546,97.632752
40815,2026-05-09 10:20:08.814,40.81462925851703,0.7715430861723447,descent,139400,2026-05-09 10:21:57,11.154856,,,1.291398335288,8.530184,0.8052984,4.184383336,72.1538737,16,5,14.546,24.257278335288,34.120736,10.2004464,53.35302008,0.671082,-0.447388,0.0,238.8,1.2,-4.6,,,0,0,1024,1024,793,1024,0,0,-35,0,233.5,-90.0,0,52,3.638,3.634,3.632,3.631,0,0,6.712,84.56,1.291398335288,11.154856,6,P-GPS,20.33686186577671,6.198675496688742,20.33686186577671,10.473404201064712,10.473404201064712,20.33686186577671,-1.2576623252189811,1.4940621130137843,0.0,0.0,14.546,97.632752
40921,2026-05-09 10:20:08.920,40.92064128256513,0.7735470941883767,descent,139500,2026-05-09 10:21:57,11.154856,,,1.291398335288,8.530184,0.4921268,4.0575460616,72.286091552,16,5,14.546,24.257278335288,34.120736,10.2004464,53.35302008,0.447388,-0.223694,0.0,238.8,1.3,-3.8,,,0,0,1024,1024,676,1024,0,0,-53,0,233.5,-90.0,0,52,3.638,3.634,3.632,3.631,0,0,6.712,84.56,1.291398335288,11.154856,6,P-GPS,20.141315117067318,6.139072847682119,20.141315117067318,10.277857452355319,10.277857452355319,20.141315117067318,-1.2576623252189196,1.3534805327211248,0.0,0.0,14.546,97.632752
41027,2026-05-09 10:20:09.026,41.026653306613234,0.7755511022044089,descent,139600,2026-05-09 10:21:57,11.154856,,,1.291398335288,8.530184,0.4921268,3.9804135132,72.365815964,16,5,14.546,24.257278335288,34.120736,10.2004464,53.35302008,0.447388,-0.223694,0.447388,238.7,1.6,-3.0,,,0,0,1024,1024,678,1065,0,0,-52,6,233.5,-90.0,0,52,3.638,3.634,3.632,3.631,0,0,6.712,84.56,1.291398335288,11.154856,6,P-GPS,19.945768368357918,6.0794701986754935,19.945768368357918,10.082310703645918,10.082310703645918,19.945768368357918,-1.2576623252188812,1.353480532721089,0.0,0.0,14.546,97.632752
41133,2026-05-09 10:20:09.132,41.13266533066132,0.7775551102204409,descent,139700,2026-05-09 10:21:57,10.826772,,,0.963314335288,8.530184,0.3131716,3.8693570792,72.492784472,16,5,14.546,24.257278335288,34.120736,10.2004464,53.35302008,0.223694,-0.223694,1.565858,238.7,1.6,-2.5,,,0,0,1024,1024,499,1201,0,0,-80,27,233.5,-90.0,0,52,3.638,3.634,3.632,3.631,0,0,6.712,84.56,0.963314335288,10.826772,6,P-GPS,19.750221619648535,6.019867549668874,19.750221619648535,9.886763954936535,9.886763954936535,19.750221619648535,-1.2576623252190198,1.296839440928333,0.0,0.0,14.546,97.632752
41239,2026-05-09 10:20:09.238,41.23867735470942,0.779559118236473,descent,139800,2026-05-09 10:21:57,10.498688,,,0.635230335288,8.2021,0.3131716,3.8054135076,72.561025944,16,5,14.546,24.257278335288,34.120736,10.2004464,53.35302008,0.223694,-0.223694,2.460634,238.5,1.4,-2.1,,,0,0,1024,1024,364,1219,0,0,-100,30,233.5,-90.0,0,52,3.638,3.634,3.632,3.631,0,0,6.712,84.56,0.635230335288,10.498688,6,P-GPS,19.55467487093914,5.960264900662251,19.55467487093914,9.691217206227142,9.691217206227142,19.55467487093914,-1.2576623252189196,1.296839440928236,0.0,0.0,14.546,97.632752
41345,2026-05-09 10:20:09.344,41.344689378757515,0.781563126252505,descent,139900,2026-05-09 10:21:57,10.170604,,,0.307146335288,7.874016,0.223694,3.717355762,72.657154556,16,5,14.546,24.257278335288,34.120736,10.2004464,53.35302008,0.223694,0.0,2.684328,238.6,1.0,-1.9,,,0,0,1024,1024,364,1210,0,0,-100,28,233.8,-90.0,0,52,3.638,3.634,3.632,3.631,0,0,6.712,84.56,0.307146335288,10.170604,6,P-GPS,19.35912812222975,5.900662251655628,19.35912812222975,9.495670457517752,9.495670457517752,19.35912812222975,-1.2576623252188968,1.277401084198304,0.0,0.0,14.546,97.632752
41451,2026-05-09 10:20:09.450,41.45070140280561,0.7835671342685371,descent,140000,2026-05-09 10:21:58,9.84252,,,-0.020937664712001,7.545932,0.0,3.6664699336,72.716865844,16,5,14.546,24.257278335288,34.120736,10.2004464,53.35302008,0.0,0.0,2.684328,238.9,0.9,-1.6,,,0,0,1024,1024,364,1216,0,0,-100,29,234.1,-90.0,0,52,3.638,3.634,3.632,3.631,0,0,6.712,84.56,-0.020937664712001,9.84252,6,P-GPS,19.163581373520362,5.841059602649007,19.163581373520362,9.300123708808362,9.300123708808362,19.163581373520362,-1.2576623252188968,1.2576623252188968,0.0,0.0,14.546,97.632752
41557,2026-05-09 10:20:09.556,41.55671342685371,0.7855711422845693,descent,140100,2026-05-09 10:21:58,9.514436,,,-0.349021664712,7.217848,0.0,3.613189092,72.78215456,16,5,14.546,24.257278335288,34.120736,10.2004464,53.35302008,0.0,0.0,2.460634,239.3,1.3,-1.7,,,0,0,1024,1024,364,1221,0,0,-100,30,234.5,-90.0,0,52,3.641,3.643,3.653,3.664,0,0,6.358,84.74,-0.349021664712,9.514436,6,P-GPS,18.968034624810958,5.7814569536423805,18.968034624810958,9.104576960098958,9.104576960098958,18.968034624810958,-1.2576623252189882,1.2576623252189882,0.0,0.0,14.546,92.48346799999999
41663,2026-05-09 10:20:09.662,41.6627254509018,0.7875751503006012,descent,140200,2026-05-09 10:21:58,9.186352,,,-0.677105664712,6.889764,0.0,3.5702757048,72.833991832,16,5,14.546,24.257278335288,34.120736,10.2004464,53.35302008,0.0,0.0,2.23694,239.6,1.7,-1.8,,,0,0,1024,1024,364,1222,0,0,-100,30,234.8,-90.0,0,52,3.641,3.643,3.653,3.664,0,0,6.358,84.74,-0.677105664712,9.186352,6,P-GPS,18.772487876101575,5.721854304635761,18.772487876101575,8.909030211389576,8.909030211389576,18.772487876101575,-1.2576623252189354,1.2576623252189354,0.0,0.0,14.546,92.48346799999999
41769,2026-05-09 10:20:09.768,41.7687374749499,0.7895791583166333,descent,140300,2026-05-09 10:21:58,8.858268,,,-1.005189664712,6.889764,0.0,3.5529528696,72.855645376,16,5,14.546,24.257278335288,34.120736,10.2004464,53.35302008,0.0,0.0,2.23694,240.0,2.0,-1.6,,,0,0,1024,1024,364,1221,0,0,-100,30,235.2,-90.0,0,52,3.641,3.643,3.653,3.664,0,0,6.358,84.74,-1.005189664712,8.858268,6,P-GPS,18.576941127392185,5.662251655629138,18.576941127392185,8.713483462680186,8.713483462680186,18.576941127392185,-1.2576623252188968,1.2576623252188968,0.0,0.0,14.546,92.48346799999999
41875,2026-05-09 10:20:09.874,41.87474949899799,0.7915831663326653,descent,140400,2026-05-09 10:21:58,8.530184,,,-1.333273664712,6.56168,0.0,3.5436024756,72.875330416,16,5,14.546,24.257278335288,34.120736,10.2004464,53.35302008,0.0,0.0,2.013246,240.4,2.0,-1.5,,,0,0,1024,1024,364,1221,0,0,-100,30,235.6,-90.0,0,52,3.641,3.643,3.653,3.664,0,0,6.358,84.74,-1.333273664712,8.530184,6,P-GPS,18.381394378682796,5.602649006622516,18.381394378682796,8.517936713970796,8.517936713970796,18.381394378682796,-1.2576623252189811,1.2576623252189811,0.0,0.0,14.546,92.48346799999999
41981,2026-05-09 10:20:09.980,41.98076152304609,0.7935871743486974,descent,140500,2026-05-09 10:21:58,8.2021,,,-1.661357664712,6.233596,0.0,3.5065289836,72.922574512,16,5,14.546,24.257278335288,34.120736,10.2004464,53.35302008,0.0,0.0,2.013246,240.9,2.1,-1.8,,,0,0,1024,1024,364,1219,0,0,-100,30,236.0,-90.0,0,52,3.641,3.643,3.653,3.664,0,0,6.358,84.74,-1.661357664712,8.2021,6,P-GPS,18.185847629973402,5.543046357615894,18.185847629973402,8.322389965261403,8.322389965261403,18.185847629973402,-1.2576623252189196,1.2576623252189196,0.0,0.0,14.546,92.48346799999999
42087,2026-05-09 10:20:10.086,42.0867735470942,0.7955911823647296,descent,140600,2026-05-09 10:21:58,7.874016,,,-1.989441664712,6.233596,0.0,3.4744751768,72.967850104,16,5,14.546,24.257278335288,34.120736,10.2004464,53.35302008,0.0,0.0,1.789552,241.3,2.1,-1.9,,,0,0,1024,1024,364,1220,0,0,-100,30,236.3,-90.0,0,52,3.641,3.643,3.653,3.664,0,0,6.358,84.74,-1.989441664712,7.874016,6,P-GPS,17.990300881263998,5.483443708609267,17.990300881263998,8.126843216551999,8.126843216551999,17.990300881263998,-1.257662325218904,1.257662325218904,0.0,0.0,14.546,92.48346799999999
42193,2026-05-09 10:20:10.192,42.19278557114229,0.7975951903807615,descent,140700,2026-05-09 10:21:58,7.545932,,,-2.317525664712,5.905512,0.0,3.5270342336,73.022968216,16,5,14.546,24.257278335288,34.120736,10.2004464,53.35302008,0.0,0.0,1.789552,241.6,2.2,-1.6,,,0,0,1024,1024,364,1220,0,0,-100,30,236.5,-90.0,0,52,3.641,3.643,3.653,3.664,0,0,6.358,84.74,-2.317525664712,7.545932,6,P-GPS,17.79475413255462,5.4238410596026485,17.79475413255462,7.931296467842619,7.931296467842619,17.79475413255462,-1.2576623252189125,1.2576623252189125,0.0,0.0,14.546,92.48346799999999
42299,2026-05-09 10:20:10.298,42.29879759519038,0.7995991983967936,descent,140800,2026-05-09 10:21:58,7.217848,,,-2.645609664712,5.577428,0.0,3.5658793792,73.064962968,16,5,14.546,24.257278335288,34.120736,10.2004464,53.35302008,0.0,0.0,1.789552,241.9,2.0,-1.0,,,0,0,1024,1024,364,1219,0,0,-100,30,237.1,-90.0,0,52,3.641,3.643,3.653,3.664,0,0,6.358,84.74,-2.645609664712,7.217848,6,P-GPS,17.59920738384523,5.364238410596026,17.59920738384523,7.73574971913323,7.73574971913323,17.59920738384523,-1.2576623252189811,1.2576623252189811,0.0,0.0,14.546,92.48346799999999
42405,2026-05-09 10:20:10.404,42.40480961923848,0.8016032064128257,descent,140900,2026-05-09 10:21:58,6.889764,,,-2.973693664712,5.577428,0.0,3.5827100884,73.082023336,16,5,14.546,24.257278335288,34.120736,10.2004464,53.35302008,0.0,0.0,1.565858,242.3,1.9,-0.5,,,0,0,1024,1024,364,1219,0,0,-100,30,237.3,-90.0,0,52,3.641,3.643,3.653,3.664,0,0,6.358,84.74,-2.973693664712,6.889764,6,P-GPS,17.403660635135836,5.304635761589403,17.403660635135836,7.540202970423836,7.540202970423836,17.403660635135836,-1.2576623252189196,1.2576623252189196,0.0,0.0,14.546,92.48346799999999
42511,2026-05-09 10:20:10.510,42.510821643286576,0.8036072144288577,descent,141000,2026-05-09 10:21:58,6.56168,,,-3.301777664712,5.249344,0.0,3.624672032,73.141078456,16,5,14.546,24.257278335288,34.120736,10.2004464,53.35302008,0.0,0.0,1.565858,242.7,1.7,-0.4,,,0,0,1024,1024,364,1219,0,0,-100,30,237.8,-90.0,0,52,3.641,3.643,3.653,3.664,0,0,6.358,84.74,-3.301777664712,6.56168,6,P-GPS,17.208113886426442,5.24503311258278,17.208113886426442,7.344656221714443,7.344656221714443,17.208113886426442,-1.2576623252189196,1.2576623252189196,0.0,0.0,14.546,92.48346799999999
42617,2026-05-09 10:20:10.616,42.61683366733467,0.8056112224448898,descent,141100,2026-05-09 10:21:59,6.56168,,,-3.301777664712,5.249344,0.0,3.657480432,73.174871108,16,5,14.576,24.257278335288,34.120736,10.2004464,53.35302008,0.0,0.0,1.565858,243.1,1.7,-0.1,,,0,0,1024,1024,364,1219,0,0,-100,30,238.2,-90.0,0,52,3.636,3.631,3.631,3.631,0,0,5.546,84.74,-3.301777664712,6.56168,6,P-GPS,17.012567137717053,5.185430463576158,17.012567137717053,7.149109473005053,7.149109473005053,17.012567137717053,-1.2576623252189811,1.2576623252189811,0.0,0.0,14.576,80.838496
42723,2026-05-09 10:20:10.722,42.72284569138276,0.8076152304609218,descent,141200,2026-05-09 10:21:59,6.233596,,,-3.629861664712,4.92126,0.0,3.7127953944,73.2857635,16,5,14.576,24.257278335288,34.120736,10.2004464,53.35302008,0.0,0.0,1.342164,243.4,1.5,0.3,,,0,0,1024,1024,364,1220,0,0,-100,30,238.4,-90.0,0,52,3.636,3.631,3.631,3.631,0,0,5.546,84.74,-3.629861664712,6.233596,6,P-GPS,16.81702038900767,5.125827814569538,16.81702038900767,6.95356272429567,6.95356272429567,16.81702038900767,-1.2576623252189354,1.2576623252189354,0.0,0.0,14.576,80.838496
42829,2026-05-09 10:20:10.828,42.828857715430864,0.8096192384769539,descent,141300,2026-05-09 10:21:59,5.905512,,,-3.957945664712,4.92126,0.0,3.7402560252,73.334319932,16,5,14.576,24.257278335288,34.120736,10.2004464,53.35302008,0.0,0.0,1.342164,243.7,1.2,0.4,,,0,0,1024,1024,364,1220,0,0,-100,30,238.9,-90.0,0,52,3.636,3.631,3.631,3.631,0,0,5.546,84.74,-3.957945664712,5.905512,6,P-GPS,16.62147364029827,5.066225165562913,16.62147364029827,6.75801597558627,6.75801597558627,16.62147364029827,-1.2576623252188812,1.2576623252188812,0.0,0.0,14.576,80.838496
42935,2026-05-09 10:20:10.934,42.934869739478955,0.811623246492986,descent,141400,2026-05-09 10:21:59,5.905512,,,-3.957945664712,4.265092,0.0,3.7711287296,73.370409172,16,5,14.576,24.257278335288,34.120736,10.2004464,53.35302008,0.0,0.0,1.342164,244.1,1.0,0.5,,,0,0,1024,1024,364,1220,0,0,-100,30,239.3,-90.0,0,52,3.636,3.631,3.631,3.631,0,0,5.546,84.74,-3.957945664712,5.905512,6,P-GPS,16.425926891588876,5.006622516556289,16.425926891588876,6.5624692268768765,6.5624692268768765,16.425926891588876,-1.257662325219004,1.257662325219004,0.0,0.0,14.576,80.838496
43041,2026-05-09 10:20:11.040,43.040881763527054,0.8136272545090181,descent,141500,2026-05-09 10:21:59,5.577428,,,-4.286029664712,4.265092,0.0,3.8060040588,73.414372428,16,5,14.576,24.257278335288,34.120736,10.2004464,53.35302008,0.0,0.0,1.11847,244.5,0.7,1.0,,,0,0,1024,1024,364,1221,0,0,-100,30,239.5,-90.0,0,52,3.636,3.631,3.631,3.631,0,0,5.546,84.74,-4.286029664712,5.577428,6,P-GPS,16.230380142879486,4.947019867549668,16.230380142879486,6.366922478167487,6.366922478167487,16.230380142879486,-1.2576623252188968,1.2576623252188968,0.0,0.0,14.576,80.838496
43147,2026-05-09 10:20:11.146,43.14689378757515,0.8156312625250501,descent,141600,2026-05-09 10:21:59,5.577428,,,-4.286029664712,3.937008,0.0,3.840387262,73.45144592,15,5,14.576,24.257278335288,34.120736,10.2004464,53.35302008,0.0,0.0,0.894776,244.9,0.5,1.6,,,0,0,1024,1024,364,1224,0,0,-100,30,240.0,-90.0,0,52,3.636,3.631,3.631,3.631,0,0,5.546,84.74,-4.286029664712,5.577428,6,P-GPS,16.034833394170096,4.887417218543046,16.034833394170096,6.171375729458097,6.171375729458097,16.034833394170096,-1.2576623252188968,1.2576623252188968,0.0,0.0,14.576,80.838496
43253,2026-05-09 10:20:11.252,43.25290581162324,0.8176352705410821,descent,141700,2026-05-09 10:21:59,5.249344,,,-4.614113664712,3.608924,0.0,3.8860893632,73.510172956,15,5,14.576,24.257278335288,34.120736,10.2004464,53.35302008,0.0,0.0,0.894776,245.3,0.2,1.7,,,0,0,1024,1024,364,1232,0,0,-100,32,240.4,-90.0,0,52,3.636,3.631,3.631,3.631,0,0,5.546,84.74,-4.614113664712,5.249344,6,P-GPS,15.839286645460712,4.827814569536425,15.839286645460712,5.975828980748712,5.975828980748712,15.839286645460712,-1.257662325218947,1.257662325218947,0.0,0.0,14.576,80.838496
43359,2026-05-09 10:20:11.358,43.35891783567134,0.8196392785571143,descent,141800,2026-05-09 10:21:59,5.249344,,,-4.614113664712,3.608924,0.0,3.9137468444,73.540684768,15,5,14.576,24.257278335288,34.120736,10.2004464,53.35302008,0.0,0.0,0.894776,245.7,0.2,1.4,,,0,0,1024,1024,364,1243,0,0,-100,33,240.8,-90.0,0,52,3.636,3.631,3.631,3.631,0,0,5.546,84.74,-4.614113664712,5.249344,6,P-GPS,15.64373989675131,4.768211920529799,15.64373989675131,5.78028223203931,5.78028223203931,15.64373989675131,-1.257662325218977,1.257662325218977,0.0,0.0,14.576,80.838496
43465,2026-05-09 10:20:11.464,43.46492985971944,0.8216432865731463,descent,141900,2026-05-09 10:21:59,4.92126,,,-4.942197664712,3.608924,0.0,3.9208662672,73.550855372,15,5,14.576,24.257278335288,34.120736,10.2004464,53.35302008,0.0,0.0,0.671082,246.0,0.5,1.4,,,0,0,1024,1024,364,1254,0,0,-100,35,241.2,-90.0,0,52,3.636,3.631,3.631,3.631,0,0,5.546,84.74,-4.942197664712,4.92126,6,P-GPS,15.44819314804192,4.708609271523177,15.44819314804192,5.58473548332992,5.58473548332992,15.44819314804192,-1.2576623252188968,1.2576623252188968,0.0,0.0,14.576,80.838496
43571,2026-05-09 10:20:11.570,43.57094188376754,0.8236472945891784,descent,142000,2026-05-09 10:22:00,4.92126,,,-4.942197664712,3.608924,0.0,3.9541011764,73.603348812,15,5,14.576,24.257278335288,34.120736,10.2004464,53.35302008,0.0,0.0,0.671082,246.5,0.8,1.2,,,0,0,1024,1024,364,1259,0,0,-100,36,241.6,-90.0,0,52,3.636,3.631,3.631,3.631,0,0,5.546,84.74,-4.942197664712,4.92126,6,P-GPS,15.252646399332528,4.649006622516555,15.252646399332528,5.389188734620529,5.389188734620529,15.252646399332528,-1.2576623252189083,1.2576623252189083,0.0,0.0,14.576,80.838496
43677,2026-05-09 10:20:11.676,43.67695390781563,0.8256513026052105,descent,142100,2026-05-09 10:22:00,4.92126,,,-4.942197664712,3.28084,0.0,3.9620408092,73.614503668,15,5,14.536,24.257278335288,34.120736,10.2004464,53.35302008,0.0,0.0,0.671082,246.9,0.9,0.8,,,0,0,1024,1024,364,1267,0,0,-100,37,242.1,-90.0,0,52,3.638,3.631,3.627,3.628,0,0,6.515,84.92,-4.942197664712,4.92126,6,P-GPS,15.057099650623137,4.589403973509932,15.057099650623137,5.193641985911137,5.193641985911137,15.057099650623137,-1.2576623252189927,1.2576623252189927,0.0,0.0,14.536,94.70204
43783,2026-05-09 10:20:11.782,43.78296593186372,0.8276553106212424,descent,142200,2026-05-09 10:22:00,4.593176,,,-5.270281664712,3.28084,0.0,3.9702757176,73.652889496,15,5,14.536,24.257278335288,34.120736,10.2004464,53.35302008,0.0,0.0,0.671082,247.4,1.0,0.7,,,0,0,1024,1024,364,1272,0,0,-100,38,242.6,-90.0,0,52,3.638,3.631,3.627,3.628,0,0,6.515,84.92,-5.270281664712,4.593176,6,P-GPS,14.861552901913756,4.529801324503313,14.861552901913756,4.998095237201756,4.998095237201756,14.861552901913756,-1.257662325218924,1.257662325218924,0.0,0.0,14.536,94.70204
43889,2026-05-09 10:20:11.888,43.88897795591182,0.8296593186372745,descent,142300,2026-05-09 10:22:00,4.593176,,,-5.270281664712,3.28084,0.0,3.9739830668,73.657810756,15,5,14.536,24.257278335288,34.120736,10.2004464,53.35302008,0.0,0.0,0.671082,247.9,1.1,0.9,,,0,0,1024,1024,364,1278,0,0,-100,38,243.2,-90.0,0,52,3.638,3.631,3.627,3.628,0,0,6.515,84.92,-5.270281664712,4.593176,6,P-GPS,14.666006153204364,4.4701986754966905,14.666006153204364,4.802548488492365,4.802548488492365,14.666006153204364,-1.2576623252189083,1.2576623252189083,0.0,0.0,14.536,94.70204
43995,2026-05-09 10:20:11.994,43.99498997995992,0.8316633266533067,descent,142400,2026-05-09 10:22:00,4.593176,,,-5.270281664712,3.28084,0.0,3.975393828,73.662075848,15,5,14.536,24.257278335288,34.120736,10.2004464,53.35302008,0.0,0.0,0.671082,248.5,1.2,0.9,,,0,0,1024,1024,364,1284,0,0,-100,39,243.5,-90.0,0,52,3.638,3.631,3.627,3.628,0,0,6.515,84.92,-5.270281664712,4.593176,6,P-GPS,14.47045940449496,4.410596026490064,14.47045940449496,4.607001739782961,4.607001739782961,14.47045940449496,-1.2576623252189882,1.2576623252189882,0.0,0.0,14.536,94.70204
44101,2026-05-09 10:20:12.101,44.101002004008016,0.8336673346693387,descent,142500,2026-05-09 10:22:00,4.265092,,,-5.598365664712,3.28084,0.0,3.9812009148,73.66798136,15,5,14.536,24.257278335288,34.120736,10.2004464,53.35302008,0.0,0.0,0.447388,249.2,1.2,0.6,,,0,0,1024,1024,364,1288,0,0,-100,40,244.5,-90.0,0,52,3.638,3.631,3.627,3.628,0,0,6.515,84.92,-5.598365664712,4.265092,6,P-GPS,14.274912655785569,4.350993377483442,14.274912655785569,4.411454991073569,4.411454991073569,14.274912655785569,-1.2576623252189083,1.2576623252189083,0.0,0.0,14.536,94.70204
44207,2026-05-09 10:20:12.207,44.207014028056115,0.8356713426853708,descent,142600,2026-05-09 10:22:00,4.265092,,,-5.598365664712,2.952756,0.0,3.9942258496,73.68602598,15,5,14.536,24.257278335288,34.120736,10.2004464,53.35302008,0.0,0.0,0.447388,249.8,1.2,0.6,,,0,0,1024,1024,364,1292,0,0,-100,41,244.8,-90.0,0,52,3.638,3.631,3.627,3.628,0,0,6.515,84.92,-5.598365664712,4.265092,6,P-GPS,14.079365907076177,4.291390728476819,14.079365907076177,4.215908242364177,4.215908242364177,14.079365907076177,-1.2576623252189083,1.2576623252189083,0.0,0.0,14.536,94.70204
44313,2026-05-09 10:20:12.313,44.313026052104206,0.8376753507014028,descent,142700,2026-05-09 10:22:00,4.265092,,,-5.598365664712,2.952756,0.0,3.9997048524,73.693899996,15,5,14.536,24.257278335288,34.120736,10.2004464,53.35302008,0.0,0.0,0.447388,250.5,1.3,0.7,,,0,0,1024,1024,364,1300,0,0,-100,42,245.9,-90.0,0,52,3.638,3.631,3.627,3.628,0,0,6.515,84.92,-5.598365664712,4.265092,6,P-GPS,13.883819158366796,4.2317880794702,13.883819158366796,4.0203614936547964,4.0203614936547964,13.883819158366796,-1.257662325218924,1.257662325218924,0.0,0.0,14.536,94.70204
44419,2026-05-09 10:20:12.419,44.4190380761523,0.8396793587174348,descent,142800,2026-05-09 10:22:00,4.265092,,,-5.598365664712,2.952756,0.0,4.0000985532,73.69750892,15,5,14.536,24.257278335288,34.120736,10.2004464,53.35302008,0.0,0.0,0.447388,251.2,1.3,0.7,,,0,0,1024,1024,364,1307,0,0,-100,43,246.6,-90.0,0,52,3.638,3.631,3.627,3.628,0,0,6.515,84.92,-5.598365664712,4.265092,6,P-GPS,13.688272409657404,4.1721854304635775,13.688272409657404,3.824814744945405,3.824814744945405,13.688272409657404,-1.2576623252189927,1.2576623252189927,0.0,0.0,14.536,94.70204
44525,2026-05-09 10:20:12.525,44.5250501002004,0.841683366733467,descent,142900,2026-05-09 10:22:00,3.937008,,,-5.926449664712,2.624672,0.0,4.0022639076,73.722443304,15,5,14.536,24.257278335288,34.120736,10.2004464,53.35302008,0.0,0.0,0.447388,251.9,1.1,0.7,,,0,0,1024,1024,364,1310,0,0,-100,43,247.4,-90.0,0,52,3.638,3.631,3.627,3.628,0,0,6.515,84.92,-5.926449664712,3.937008,6,P-GPS,13.492725660948002,4.112582781456951,13.492725660948002,3.6292679962360026,3.6292679962360026,13.492725660948002,-1.2576623252188925,1.2576623252188925,0.0,0.0,14.536,94.70204
44631,2026-05-09 10:20:12.631,44.6310621242485,0.8436873747494991,descent,143000,2026-05-09 10:22:01,3.937008,,,-5.926449664712,2.624672,0.0,3.988517188,73.736222832,15,5,14.536,24.257278335288,34.120736,10.2004464,53.35302008,0.0,0.0,0.447388,252.8,1.1,0.5,,,0,0,1024,1024,364,1310,0,0,-100,43,248.3,-90.0,0,52,3.638,3.631,3.627,3.628,0,0,6.515,84.92,-5.926449664712,3.937008,6,P-GPS,13.29717891223861,4.052980132450329,13.29717891223861,3.433721247526611,3.433721247526611,13.29717891223861,-1.2576623252189083,1.2576623252189083,0.0,0.0,14.536,94.70204
44737,2026-05-09 10:20:12.737,44.73707414829659,0.8456913827655311,descent,143100,2026-05-09 10:22:01,3.937008,,,-5.926449664712,2.624672,0.0,3.9408137744,73.787075852,15,5,14.538,24.257278335288,34.120736,10.2004464,53.35302008,0.0,0.0,0.447388,253.6,1.0,0.0,,,0,0,1024,1024,364,1312,0,0,-100,44,249.1,-90.0,0,52,3.639,3.635,3.635,3.635,0,0,6.507,84.92,-5.926449664712,3.937008,6,P-GPS,13.101632163529219,3.993377483443706,13.101632163529219,3.2381744988172194,3.2381744988172194,13.101632163529219,-1.2576623252189927,1.2576623252189927,0.0,0.0,14.538,94.598766
44843,2026-05-09 10:20:12.843,44.843086172344684,0.8476953907815631,descent,143200,2026-05-09 10:22:01,3.608924,,,-6.254533664712,2.624672,0.0,3.9612205992,73.809385564,15,5,14.538,24.257278335288,34.120736,10.2004464,53.35302008,0.0,0.0,0.447388,254.5,0.7,-0.2,,,0,0,1024,1024,364,1313,0,0,-100,44,250.0,-90.0,0,52,3.639,3.635,3.635,3.635,0,0,6.507,84.92,-6.254533664712,3.608924,6,P-GPS,12.906085414819838,3.9337748344370866,12.906085414819838,3.0426277501078385,3.0426277501078385,12.906085414819838,-1.257662325218924,1.257662325218924,0.0,0.0,14.538,94.598766
44949,2026-05-09 10:20:12.949,44.94909819639278,0.8496993987975952,descent,143300,2026-05-09 10:22:01,3.608924,,,-6.254533664712,2.296588,0.0,3.9532153496,73.823165092,15,5,14.538,24.257278335288,34.120736,10.2004464,53.35302008,0.0,0.0,0.447388,255.4,0.2,-0.1,,,0,0,1024,1024,364,1313,0,0,-100,44,250.9,-90.0,0,52,3.639,3.635,3.635,3.635,0,0,6.507,84.92,-6.254533664712,3.608924,6,P-GPS,12.710538666110446,3.8741721854304645,12.710538666110446,2.847081001398447,2.847081001398447,12.710538666110446,-1.2576623252189083,1.2576623252189083,0.0,0.0,14.538,94.598766
45055,2026-05-09 10:20:13.055,45.05511022044089,0.8517034068136273,descent,143400,2026-05-09 10:22:01,3.608924,,,-6.254533664712,2.296588,0.0,3.9500985516,73.869424936,15,5,14.538,24.257278335288,34.120736,10.2004464,53.35302008,0.0,0.0,0.447388,256.2,0.0,0.0,,,0,0,1024,1024,364,1313,0,0,-100,44,251.8,-90.0,0,52,3.639,3.635,3.635,3.635,0,0,6.507,84.92,-6.254533664712,3.608924,6,P-GPS,12.514991917401044,3.8145695364238383,12.514991917401044,2.6515342526890446,2.6515342526890446,12.514991917401044,-1.2576623252188925,1.2576623252188925,0.0,0.0,14.538,94.598766
45161,2026-05-09 10:20:13.161,45.16112224448898,0.8537074148296594,descent,143500,2026-05-09 10:22:01,3.608924,,,-6.254533664712,2.296588,0.0,3.9506891028,73.878283204,15,5,14.538,24.257278335288,34.120736,10.2004464,53.35302008,0.0,0.0,0.447388,257.1,0.3,0.1,,,0,0,1024,1024,364,1312,0,0,-100,44,252.7,-90.0,0,52,3.639,3.635,3.635,3.635,0,0,6.507,84.92,-6.254533664712,3.608924,6,P-GPS,12.319445168691653,3.7549668874172157,12.319445168691653,2.455987503979653,2.455987503979653,12.319445168691653,-1.2576623252189927,1.2576623252189927,0.0,0.0,14.538,94.598766
45267,2026-05-09 10:20:13.267,45.26713426853708,0.8557114228456915,descent,143600,2026-05-09 10:22:01,3.608924,,,-6.254533664712,2.296588,0.0,3.9572507828,73.894031236,15,5,14.538,24.257278335288,34.120736,10.2004464,53.35302008,0.0,0.0,0.223694,258.0,0.5,0.2,,,0,0,1024,1024,364,1311,0,0,-100,43,253.6,-90.0,0,52,3.639,3.635,3.635,3.635,0,0,6.507,84.92,-6.254533664712,3.608924,6,P-GPS,12.123898419982261,3.695364238410593,12.123898419982261,2.2604407552702614,2.2604407552702614,12.123898419982261,-1.2576623252189083,1.2576623252189083,0.0,0.0,14.538,94.598766
45373,2026-05-09 10:20:13.373,45.37314629258517,0.8577154308617234,descent,143700,2026-05-09 10:22:01,3.28084,,,-6.582617664712,2.296588,0.0,3.9470473704,73.911747772,15,5,14.538,24.257278335288,34.120736,10.2004464,53.35302008,0.0,0.0,0.223694,258.9,0.5,0.3,,,0,0,1024,1024,364,1251,0,0,-100,34,254.5,-90.0,0,52,3.639,3.635,3.635,3.635,0,0,6.507,84.92,-6.582617664712,3.28084,6,P-GPS,11.92835167127288,3.635761589403974,11.92835167127288,2.0648940065608805,2.0648940065608805,11.92835167127288,-1.257662325218924,1.257662325218924,0.0,0.0,14.538,94.598766
45479,2026-05-09 10:20:13.479,45.47915831663327,0.8597194388777555,descent,143800,2026-05-09 10:22:01,3.28084,,,-6.582617664712,2.296588,0.0,3.9582022264,73.929464308,15,5,14.538,24.257278335288,34.120736,10.2004464,53.35302008,0.0,0.0,0.223694,259.8,0.4,0.2,,,0,0,1024,1024,364,1254,0,0,-100,35,254.9,-90.0,0,52,3.639,3.635,3.635,3.635,0,0,6.507,84.92,-6.582617664712,3.28084,6,P-GPS,11.732804922563489,3.5761589403973515,11.732804922563489,1.869347257851489,1.869347257851489,11.732804922563489,-1.2576623252189083,1.2576623252189083,0.0,0.0,14.538,94.598766
45585,2026-05-09 10:20:13.585,45.58517034068136,0.8617234468937875,descent,143900,2026-05-09 10:22:01,3.28084,,,-6.582617664712,2.296588,0.0,3.9630250612,73.941603416,15,5,14.538,24.257278335288,34.120736,10.2004464,53.35302008,0.0,0.0,0.223694,260.6,0.3,0.3,,,0,0,1024,1024,383,1189,0,0,-97,25,255.9,-90.0,0,52,3.639,3.635,3.635,3.635,0,0,6.507,84.92,-6.582617664712,3.28084,6,P-GPS,11.537258173854097,3.516556291390729,11.537258173854097,1.6738005091420973,1.6738005091420973,11.537258173854097,-1.2576623252189927,1.2576623252189927,0.0,0.0,14.538,94.598766
45691,2026-05-09 10:20:13.691,45.691182364729464,0.8637274549098197,descent,144000,2026-05-09 10:22:02,3.28084,,,-6.582617664712,1.968504,0.0,3.965387266,73.946524676,15,5,14.538,24.257278335288,34.120736,10.2004464,53.35302008,0.0,0.0,0.223694,261.1,0.1,0.4,,,0,0,1024,1024,741,1024,0,0,-43,0,256.3,-90.0,0,52,3.639,3.635,3.635,3.635,0,0,6.507,84.92,-6.582617664712,3.28084,6,P-GPS,11.341711425144695,3.456953642384103,11.341711425144695,1.478253760432695,1.478253760432695,11.341711425144695,-1.2576623252188925,1.2576623252188925,0.0,0.0,14.538,94.598766
45797,2026-05-09 10:20:13.797,45.797194388777555,0.8657314629258518,descent,144100,2026-05-09 10:22:02,3.28084,,,-6.582617664712,1.968504,0.0,3.9569226988,73.95505486,15,5,14.537,24.257278335288,34.120736,10.2004464,53.35302008,0.0,0.0,0.223694,261.5,0.0,0.3,,,0,0,1024,1024,1024,1024,0,0,0,0,256.6,-90.0,0,52,3.639,3.633,3.633,3.633,0,0,6.242,85.1,-6.582617664712,3.28084,6,P-GPS,11.146164676435303,3.3973509933774806,11.146164676435303,1.2827070117233035,1.2827070117233035,11.146164676435303,-1.2576623252189927,1.2576623252189927,0.0,0.0,14.537,90.73995400000001
45903,2026-05-09 10:20:13.903,45.90320641282565,0.8677354709418837,descent,144200,2026-05-09 10:22:02,3.28084,,,-6.582617664712,1.968504,0.0,3.9513780792,73.968506304,15,5,14.537,24.257278335288,34.120736,10.2004464,53.35302008,0.0,0.0,0.223694,261.6,0.2,0.5,,,0,0,1024,1024,1024,1024,0,0,0,0,256.6,-90.0,0,52,3.639,3.633,3.633,3.633,0,0,6.242,85.1,-6.582617664712,3.28084,6,P-GPS,10.950617927725922,3.337748344370861,10.950617927725922,1.0871602630139225,1.0871602630139225,10.950617927725922,-1.257662325218924,1.257662325218924,0.0,0.0,14.537,90.73995400000001
46009,2026-05-09 10:20:14.009,46.009218436873745,0.8697394789579158,descent,144300,2026-05-09 10:22:02,2.952756,,,-6.910701664712,1.968504,0.0,3.9486877904,73.97145906,15,5,14.537,24.257278335288,34.120736,10.2004464,53.35302008,0.0,0.0,0.0,261.6,0.3,0.5,,,0,0,1024,1024,1024,1024,0,0,0,0,256.6,-90.0,0,52,3.639,3.633,3.633,3.633,0,0,6.242,85.1,-6.910701664712,2.952756,6,P-GPS,10.75507117901653,3.2781456953642385,10.75507117901653,0.891613514304531,0.891613514304531,10.75507117901653,-1.2576623252189083,1.2576623252189083,0.0,0.0,14.537,90.73995400000001
46115,2026-05-09 10:20:14.115,46.11523046092184,0.8717434869739479,descent,144400,2026-05-09 10:22:02,2.952756,,,-6.910701664712,1.968504,0.0,3.9563321476,73.993440688,15,5,14.537,24.257278335288,34.120736,10.2004464,53.35302008,0.0,0.0,0.0,261.7,0.5,0.3,,,0,0,1024,1024,1024,1024,0,0,0,0,256.6,-90.0,0,52,3.639,3.633,3.633,3.633,0,0,6.242,85.1,-6.910701664712,2.952756,6,P-GPS,10.559524430307139,3.218543046357616,10.559524430307139,0.6960667655951394,0.6960667655951394,10.559524430307139,-1.2576623252189083,1.2576623252189083,0.0,0.0,14.537,90.73995400000001
46221,2026-05-09 10:20:14.221,46.22124248496994,0.8737474949899801,descent,144500,2026-05-09 10:22:02,2.952756,,,-6.910701664712,1.968504,0.0,3.9536746672,73.99606536,15,5,14.537,24.257278335288,34.120736,10.2004464,53.35302008,0.0,0.0,0.0,261.8,0.5,0.1,,,0,0,1024,1024,1024,1024,0,0,0,0,256.6,-90.0,0,52,3.639,3.633,3.633,3.633,0,0,6.242,85.1,-6.910701664712,2.952756,6,P-GPS,10.363977681597735,3.1589403973509897,10.363977681597735,0.5005200168857353,0.5005200168857353,10.363977681597735,-1.2576623252189882,1.2576623252189882,0.0,0.0,14.537,90.73995400000001
46327,2026-05-09 10:20:14.327,46.32725450901804,0.8757515030060121,descent,144600,2026-05-09 10:22:02,2.952756,,,-6.910701664712,1.968504,0.0,3.9527232236,73.997049612,15,5,14.537,24.257278335288,34.120736,10.2004464,53.35302008,0.0,0.0,0.0,261.7,0.4,0.1,,,0,0,1024,1024,1024,1024,0,0,0,0,256.6,-90.0,0,52,3.639,3.633,3.633,3.633,0,0,6.242,85.1,-6.910701664712,2.952756,6,P-GPS,10.168430932888345,3.0993377483443676,10.168430932888345,0.3049732681763455,0.3049732681763455,10.168430932888345,-1.2576623252188968,1.2576623252188968,0.0,0.0,14.537,90.73995400000001
46433,2026-05-09 10:20:14.433,46.43326653306613,0.8777555110220441,descent,144700,2026-05-09 10:22:02,2.952756,,,-6.910701664712,1.968504,0.0,3.9346786036,74.0157504,15,5,14.537,24.257278335288,34.120736,10.2004464,53.35302008,0.0,0.0,0.0,261.8,0.4,0.1,,,0,0,1024,1024,1024,1024,0,0,0,0,256.6,-90.0,0,52,3.639,3.633,3.633,3.633,0,0,6.242,85.1,-6.910701664712,2.952756,6,P-GPS,9.972884184178964,3.0397350993377485,9.972884184178964,0.10942651946696458,0.10942651946696458,9.972884184178964,-1.257662325218924,1.257662325218924,0.0,0.0,14.537,90.73995400000001
46539,2026-05-09 10:20:14.539,46.53927855711423,0.8797595190380761,descent,144800,2026-05-09 10:22:02,2.952756,,,-6.910701664712,1.968504,0.0,3.9301838528,74.02559292,15,5,14.537,24.257278335288,34.120736,10.2004464,53.35302008,0.0,0.0,0.0,261.8,0.5,0.3,,,0,0,1024,1024,1024,1024,0,0,0,0,256.6,-90.0,0,52,3.639,3.633,3.633,3.633,0,0,6.242,85.1,-6.910701664712,2.952756,6,P-GPS,9.77733743546957,2.9801324503311255,9.77733743546957,-0.08612022924242879,-0.08612022924242879,9.77733743546957,-1.2576623252189196,1.2576623252189196,0.0,0.0,14.537,90.73995400000001
46645,2026-05-09 10:20:14.645,46.64529058116232,0.8817635270541082,descent,144900,2026-05-09 10:22:02,2.952756,,,-6.910701664712,1.968504,0.0,3.9389108872,74.037732028,15,5,14.537,24.257278335288,34.120736,10.2004464,53.35302008,0.0,0.0,0.0,261.7,0.5,0.4,,,0,0,1024,1071,1024,1024,0,7,0,0,256.6,-90.0,0,52,3.639,3.633,3.633,3.633,0,0,6.242,85.1,-6.910701664712,2.952756,6,P-GPS,9.581790686760181,2.9205298013245033,9.581790686760181,-0.2816669779518186,-0.2816669779518186,9.581790686760181,-1.2576623252189811,1.2576623252189811,0.0,0.0,14.537,90.73995400000001
46751,2026-05-09 10:20:14.751,46.75130260521043,0.8837675350701404,descent,145000,2026-05-09 10:22:03,2.952756,,,-6.910701664712,1.968504,0.0,3.9357284724,74.047574548,15,5,14.537,24.257278335288,34.120736,10.2004464,53.35302008,0.0,0.0,0.0,261.7,0.7,0.4,,,0,0,1024,1236,1024,1024,0,32,0,0,256.6,-90.0,0,52,3.639,3.633,3.633,3.633,0,0,6.242,85.1,-6.910701664712,2.952756,6,P-GPS,9.386243938050779,2.8609271523178776,9.386243938050779,-0.47721372666122086,-0.47721372666122086,9.386243938050779,-1.2576623252188925,1.2576623252188925,0.0,0.0,14.537,90.73995400000001
46857,2026-05-09 10:20:14.857,46.857314629258525,0.8857715430861725,descent,145100,2026-05-09 10:22:03,2.952756,,,-6.910701664712,1.968504,0.0,3.9395998636,74.051511556,15,5,14.522,24.257278335288,34.120736,10.2004464,53.35302008,0.0,0.0,0.0,261.7,0.8,0.5,,,0,0,1024,1115,1024,1024,0,14,0,0,256.6,-90.0,0,52,3.638,3.634,3.633,3.633,0,0,6.321,85.1,-6.910701664712,2.952756,6,P-GPS,9.190697189341385,2.8013245033112546,9.190697189341385,-0.6727604753706142,-0.6727604753706142,9.190697189341385,-1.2576623252189196,1.2576623252189196,0.0,0.0,14.522,91.793562
46963,2026-05-09 10:20:14.963,46.96332665330661,0.8877755511022044,descent,145200,2026-05-09 10:22:03,2.952756,,,-6.910701664712,1.968504,0.0,3.9326116744,74.059713656,15,5,14.522,24.257278335288,34.120736,10.2004464,53.35302008,0.0,0.0,0.0,261.7,0.8,1.2,,,0,0,1024,1024,1024,1024,0,0,0,0,256.6,-90.0,0,52,3.638,3.634,3.633,3.633,0,0,6.321,85.1,-6.910701664712,2.952756,6,P-GPS,8.995150440632004,2.741721854304635,8.995150440632004,-0.8683072240799952,-0.8683072240799952,8.995150440632004,-1.2576623252190084,1.2576623252190084,0.0,0.0,14.522,91.793562
47069,2026-05-09 10:20:15.069,47.06933867735471,0.8897795591182365,descent,145300,2026-05-09 10:22:03,2.952756,,,-6.910701664712,1.968504,0.0,3.9269358212,74.070540428,15,5,14.522,24.257278335288,34.120736,10.2004464,53.35302008,0.0,0.0,0.0,261.7,0.8,1.6,,,0,0,1024,1024,1024,1024,0,0,0,0,256.6,-90.0,0,52,3.638,3.634,3.633,3.633,0,0,6.321,85.1,-6.910701664712,2.952756,6,P-GPS,8.799603691922615,2.682119205298013,8.799603691922615,-1.063853972789385,-1.063853972789385,8.799603691922615,-1.2576623252188968,1.2576623252188968,0.0,0.0,14.522,91.793562
47175,2026-05-09 10:20:15.175,47.175350701402806,0.8917835671342685,descent,145400,2026-05-09 10:22:03,2.952756,,,-6.910701664712,1.968504,0.0,3.9163715164,74.08300762,16,5,14.522,24.257278335288,34.120736,10.2004464,53.35302008,0.0,0.0,0.0,261.7,0.8,1.1,,,0,0,1024,1024,1024,1024,0,0,0,0,256.6,-90.0,0,52,3.638,3.634,3.633,3.633,0,0,6.321,85.1,-6.910701664712,2.952756,6,P-GPS,8.604056943213221,2.62251655629139,8.604056943213221,-1.2594007214987784,-1.2594007214987784,8.604056943213221,-1.2576623252189196,1.2576623252189196,0.0,0.0,14.522,91.793562
47281,2026-05-09 10:20:15.281,47.2813627254509,0.8937875751503006,descent,145500,2026-05-09 10:22:03,2.952756,,,-6.910701664712,1.968504,0.0,3.8894030116,74.111550928,16,5,14.522,24.257278335288,34.120736,10.2004464,53.35302008,0.0,0.0,0.0,261.7,1.0,0.7,,,0,0,1024,1024,1024,1024,0,0,0,0,256.6,-90.0,0,52,3.638,3.634,3.633,3.633,0,0,6.321,85.1,-6.910701664712,2.952756,6,P-GPS,8.408510194503831,2.5629139072847678,8.408510194503831,-1.4549474702081682,-1.4549474702081682,8.408510194503831,-1.2576623252189811,1.2576623252189811,0.0,0.0,14.522,91.793562
47387,2026-05-09 10:20:15.387,47.387374749499,0.8957915831663328,descent,145600,2026-05-09 10:22:03,2.952756,,,-6.910701664712,1.968504,0.0,3.8696195464,74.132876388,16,5,14.522,24.257278335288,34.120736,10.2004464,53.35302008,0.0,0.0,0.0,261.7,1.3,0.4,,,0,0,1024,1358,1024,1024,0,51,0,0,256.6,-90.0,0,52,3.638,3.634,3.633,3.633,0,0,6.321,85.1,-6.910701664712,2.952756,6,P-GPS,8.21296344579443,2.503311258278142,8.21296344579443,-1.6504942189175704,-1.6504942189175704,8.21296344579443,-1.2576623252188925,1.2576623252188925,0.0,0.0,14.522,91.793562
47493,2026-05-09 10:20:15.493,47.493386773547094,0.8977955911823647,descent,145700,2026-05-09 10:22:03,2.952756,,,-6.910701664712,1.968504,0.0,3.8278216448,74.176839644,16,5,14.522,24.257278335288,34.120736,10.2004464,53.35302008,0.0,0.0,0.0,261.7,1.3,0.3,,,0,0,1024,1434,1024,1024,0,62,0,0,256.6,-90.0,0,52,3.638,3.634,3.633,3.633,0,0,6.321,85.1,-6.910701664712,2.952756,6,P-GPS,8.017416697085048,2.443708609271523,8.017416697085048,-1.8460409676269514,-1.8460409676269514,8.017416697085048,-1.257662325218924,1.257662325218924,0.0,0.0,14.522,91.793562
47599,2026-05-09 10:20:15.599,47.59939879759519,0.8997995991983968,descent,145800,2026-05-09 10:22:03,2.952756,,,-6.910701664712,1.968504,0.0,3.7879266304,74.218834396,15,5,14.522,24.257278335288,34.120736,10.2004464,53.35302008,0.0,0.0,0.0,261.7,1.1,1.1,,,0,0,1024,1024,1024,1024,0,0,0,0,256.6,-90.0,0,52,3.638,3.634,3.633,3.633,0,0,6.321,85.1,-6.910701664712,2.952756,6,P-GPS,7.821869948375655,2.3841059602648995,7.821869948375655,-2.0415877163363447,-2.0415877163363447,7.821869948375655,-1.2576623252189196,1.2576623252189196,0.0,0.0,14.522,91.793562
47705,2026-05-09 10:20:15.705,47.705410821643284,0.9018036072144289,descent,145900,2026-05-09 10:22:03,2.952756,,,-6.910701664712,1.968504,0.0,3.75820222,74.249346208,15,5,14.522,24.257278335288,34.120736,10.2004464,53.35302008,0.0,0.0,0.0,261.7,1.0,2.2,,,0,0,1024,1024,1024,1024,0,0,0,0,256.6,-90.0,0,52,3.638,3.634,3.633,3.633,0,0,6.321,85.1,-6.910701664712,2.952756,6,P-GPS,7.626323199666264,2.3245033112582774,7.626323199666264,-2.2371344650457354,-2.2371344650457354,7.626323199666264,-1.257662325218987,1.257662325218987,0.0,0.0,14.522,91.793562
47811,2026-05-09 10:20:15.811,47.81142284569138,0.9038076152304609,descent,146000,2026-05-09 10:22:04,2.952756,,,-6.910701664712,1.968504,0.223694,3.7052494624,74.303808152,15,5,14.522,24.257278335288,34.120736,10.2004464,53.35302008,0.223694,0.0,0.0,261.7,1.1,1.8,,,0,0,1024,1024,1024,1024,0,0,0,0,256.6,-90.0,0,52,3.638,3.634,3.633,3.633,0,0,6.321,85.1,-6.910701664712,2.952756,6,P-GPS,7.430776450956872,2.2649006622516548,7.430776450956872,-2.432681213755128,-2.432681213755128,7.430776450956872,-1.257662325218914,1.277401084198321,0.0,0.0,14.522,91.793562
47917,2026-05-09 10:20:15.917,47.91743486973949,0.9058116232464931,descent,146100,2026-05-09 10:22:04,2.952756,,,-6.910701664712,1.968504,0.223694,3.6606956552,74.348427576,15,5,14.536,24.257278335288,34.120736,10.2004464,53.35302008,0.223694,0.0,0.0,261.7,1.1,0.7,,,0,0,1024,1024,1024,1024,0,0,0,0,256.6,-90.0,0,52,3.636,3.631,3.63,3.63,0,0,6.325,85.1,-6.910701664712,2.952756,6,P-GPS,7.235229702247469,2.2052980132450286,7.235229702247469,-2.62822796246453,-2.62822796246453,7.235229702247469,-1.2576623252188925,1.2774010841982997,0.0,0.0,14.536,91.9402
48023,2026-05-09 10:20:16.023,48.02344689378757,0.9078156312625251,descent,146200,2026-05-09 10:22:04,2.952756,,,-6.910701664712,1.968504,0.223694,3.6168636328,74.392390832,15,5,14.536,24.257278335288,34.120736,10.2004464,53.35302008,0.223694,0.0,0.0,261.7,1.3,0.1,,,0,0,1024,1024,1024,1024,0,0,0,0,256.6,-90.0,0,52,3.636,3.631,3.63,3.63,0,0,6.325,85.1,-6.910701664712,2.952756,6,P-GPS,7.0396829535380885,2.1456953642384096,7.0396829535380885,-2.823774711173911,-2.823774711173911,7.0396829535380885,-1.2576623252190084,1.2774010841984138,0.0,0.0,14.536,91.9402
48129,2026-05-09 10:20:16.129,48.12945891783567,0.9098196392785571,descent,146300,2026-05-09 10:22:04,2.952756,,,-6.910701664712,1.968504,0.223694,3.5827428968,74.42749582,15,5,14.536,24.257278335288,34.120736,10.2004464,53.35302008,0.223694,0.0,0.0,261.7,1.6,-0.3,,,0,0,1024,1024,1024,1024,0,0,0,0,256.6,-90.0,0,52,3.636,3.631,3.63,3.63,0,0,6.325,85.1,-6.910701664712,2.952756,6,P-GPS,6.844136204828697,2.086092715231787,6.844136204828697,-3.0193214598833027,-3.0193214598833027,6.844136204828697,-1.2576623252189083,1.2774010841983152,0.0,0.0,14.536,91.9402
48235,2026-05-09 10:20:16.235,48.23547094188377,0.9118236472945892,descent,146400,2026-05-09 10:22:04,2.952756,,,-6.910701664712,1.968504,0.223694,3.55889119,74.451445952,15,5,14.536,24.257278335288,34.120736,10.2004464,53.35302008,0.0,0.0,0.0,261.7,1.6,-0.3,,,0,0,1024,1024,1024,1024,0,0,0,0,256.6,-90.0,0,52,3.636,3.631,3.63,3.63,0,0,6.325,85.1,-6.910701664712,2.952756,6,P-GPS,6.648589456119305,2.0264900662251644,6.648589456119305,-3.2148682085926943,-3.2148682085926943,6.648589456119305,-1.2576623252189083,1.2576623252189083,0.0,0.0,14.536,91.9402
48341,2026-05-09 10:20:16.341,48.34148296593187,0.9138276553106213,descent,146500,2026-05-09 10:22:04,2.952756,,,-6.910701664712,1.968504,0.0,3.5358596932,74.475396084,15,5,14.536,24.257278335288,34.120736,10.2004464,53.35302008,0.0,0.0,0.0,261.7,1.1,-0.3,,,0,0,1024,1024,811,1024,0,0,-32,0,256.6,-90.0,0,52,3.636,3.631,3.63,3.63,0,0,6.325,85.1,-6.910701664712,2.952756,6,P-GPS,6.453042707409914,1.9668874172185418,6.453042707409914,-3.410414957302086,-3.410414957302086,6.453042707409914,-1.2576623252189083,1.2576623252189083,0.0,0.0,14.536,91.9402
48447,2026-05-09 10:20:16.447,48.447494989979965,0.9158316633266534,descent,146600,2026-05-09 10:22:04,2.952756,,,-6.910701664712,1.968504,0.0,3.5084318708,74.506892148,15,5,14.536,24.257278335288,34.120736,10.2004464,53.35302008,0.0,0.0,0.0,261.7,0.8,0.3,,,0,0,1024,1024,364,1074,0,0,-100,8,256.6,-90.0,0,52,3.636,3.631,3.63,3.63,0,0,6.325,85.1,-6.910701664712,2.952756,6,P-GPS,6.2574959587005115,1.907284768211916,6.2574959587005115,-3.605961706011488,-3.605961706011488,6.2574959587005115,-1.257662325218977,1.257662325218977,0.0,0.0,14.536,91.9402
48554,2026-05-09 10:20:16.553,48.55350701402805,0.9178356713426853,descent,146700,2026-05-09 10:22:04,2.952756,,,-6.910701664712,1.968504,0.0,3.4899279332,74.528545692,15,5,14.536,24.257278335288,34.120736,10.2004464,53.35302008,0.0,0.0,0.0,261.8,0.7,-0.1,,,0,0,1024,1024,364,1024,0,0,-100,0,256.6,-90.0,0,52,3.636,3.631,3.63,3.63,0,0,6.325,85.1,-6.910701664712,2.952756,6,P-GPS,6.061949209991141,1.8476821192053,6.061949209991141,-3.8015084547208584,-3.8015084547208584,6.061949209991141,-1.2576623252189398,1.2576623252189398,0.0,0.0,14.536,91.9402
48660,2026-05-09 10:20:16.659,48.659519038076155,0.9198396793587175,descent,146800,2026-05-09 10:22:04,2.952756,,,-6.910701664712,1.968504,0.0,3.446686462,74.579398712,15,5,14.536,24.257278335288,34.120736,10.2004464,53.35302008,0.0,0.0,0.0,261.8,0.5,-0.7,,,0,0,1024,1024,364,1024,0,0,-100,0,256.6,-90.0,0,52,3.636,3.631,3.63,3.63,0,0,6.325,85.1,-6.910701664712,2.952756,6,P-GPS,5.866402461281739,1.7880794701986742,5.866402461281739,-3.9970552034302607,-3.9970552034302607,5.866402461281739,-1.2576623252188925,1.2576623252188925,0.0,0.0,14.536,91.9402
48766,2026-05-09 10:20:16.765,48.765531062124246,0.9218436873747495,descent,146900,2026-05-09 10:22:04,2.952756,,,-6.910701664712,1.968504,0.0,3.4253938104,74.603348844,15,5,14.536,24.257278335288,34.120736,10.2004464,53.35302008,0.0,0.0,0.0,261.8,0.5,-0.8,,,0,0,1024,1024,364,1024,0,0,-100,0,256.6,-90.0,0,52,3.636,3.631,3.63,3.63,0,0,6.325,85.1,-6.910701664712,2.952756,6,P-GPS,5.670855712572347,1.7284768211920516,5.670855712572347,-4.192601952139652,-4.192601952139652,5.670855712572347,-1.2576623252189927,1.2576623252189927,0.0,0.0,14.536,91.9402
48872,2026-05-09 10:20:16.871,48.871543086172345,0.9238476953907816,descent,147000,2026-05-09 10:22:04,2.952756,,,-6.910701664712,1.968504,0.0,3.4057743872,74.624674304,15,5,14.536,24.257278335288,34.120736,10.2004464,53.35302008,0.0,0.0,0.0,261.8,0.4,-1.0,,,0,0,1024,1024,364,1024,0,0,-100,0,256.6,-90.0,0,52,3.636,3.631,3.63,3.63,0,0,6.325,85.1,-6.910701664712,2.952756,6,P-GPS,5.475308963862956,1.668874172185429,5.475308963862956,-4.388148700849044,-4.388148700849044,5.475308963862956,-1.2576623252189083,1.2576623252189083,0.0,0.0,14.536,91.9402
48978,2026-05-09 10:20:16.977,48.97755511022044,0.9258517034068137,descent,147100,2026-05-09 10:22:05,2.952756,,,-6.910701664712,1.968504,0.0,3.3834646752,74.6473121,15,5,14.535,24.257278335288,34.120736,10.2004464,53.35302008,0.0,0.0,0.0,261.7,0.7,-1.1,,,0,0,1024,1024,364,1024,0,0,-100,0,256.6,-90.0,0,52,3.637,3.632,3.63,3.63,0,0,6.336,85.1,-6.910701664712,2.952756,6,P-GPS,5.279762215153564,1.6092715231788064,5.279762215153564,-4.583695449558435,-4.583695449558435,5.279762215153564,-1.2576623252189083,1.2576623252189083,0.0,0.0,14.535,92.09376
49084,2026-05-09 10:20:17.083,49.083567134268534,0.9278557114228456,descent,147200,2026-05-09 10:22:05,2.952756,,,-6.910701664712,1.968504,0.0,3.374015856,74.674543072,15,5,14.535,24.257278335288,34.120736,10.2004464,53.35302008,0.0,0.0,0.0,261.7,1.0,-1.1,,,0,0,1024,1024,364,1024,0,0,-100,0,256.6,-90.0,0,52,3.637,3.632,3.63,3.63,0,0,6.336,85.1,-6.910701664712,2.952756,6,P-GPS,5.084215466444183,1.5496688741721871,5.084215466444183,-4.779242198267816,-4.779242198267816,5.084215466444183,-1.257662325218924,1.257662325218924,0.0,0.0,14.535,92.09376
49190,2026-05-09 10:20:17.189,49.18957915831663,0.9298597194388778,descent,147300,2026-05-09 10:22:05,2.952756,,,-6.910701664712,1.968504,0.0,3.3667323912,74.68176092,15,5,14.535,24.257278335288,34.120736,10.2004464,53.35302008,0.0,0.0,0.0,261.6,1.1,-1.0,,,0,0,1024,1024,364,1024,0,0,-100,0,256.6,-90.0,0,52,3.637,3.632,3.63,3.63,0,0,6.336,85.1,-6.910701664712,2.952756,6,P-GPS,4.888668717734781,1.4900662251655614,4.888668717734781,-4.974788946977219,-4.974788946977219,4.888668717734781,-1.257662325218977,1.257662325218977,0.0,0.0,14.535,92.09376
49296,2026-05-09 10:20:17.295,49.29559118236473,0.9318637274549099,descent,147400,2026-05-09 10:22:05,2.952756,,,-6.910701664712,1.968504,0.0,3.3643701864,74.691931524,15,5,14.535,24.257278335288,34.120736,10.2004464,53.35302008,0.0,0.0,0.0,261.6,1.1,-0.6,,,0,0,1024,1024,364,1024,0,0,-100,0,256.6,-90.0,0,52,3.637,3.632,3.63,3.63,0,0,6.336,85.1,-6.910701664712,2.952756,6,P-GPS,4.693121969025389,1.4304635761589388,4.693121969025389,-5.17033569568661,-5.17033569568661,4.693121969025389,-1.2576623252189083,1.2576623252189083,0.0,0.0,14.535,92.09376
49402,2026-05-09 10:20:17.401,49.40160320641283,0.9338677354709419,descent,147500,2026-05-09 10:22:05,2.952756,,,-6.910701664712,1.968504,0.0,3.3661746484,74.693900028,15,5,14.535,24.257278335288,34.120736,10.2004464,53.35302008,0.0,0.0,0.0,261.7,0.9,-0.3,,,0,0,1024,1024,364,1024,0,0,-100,0,256.6,-90.0,0,52,3.637,3.632,3.63,3.63,0,0,6.336,85.1,-6.910701664712,2.952756,6,P-GPS,4.497575220315998,1.3708609271523162,4.497575220315998,-5.365882444396002,-5.365882444396002,4.497575220315998,-1.2576623252189083,1.2576623252189083,0.0,0.0,14.535,92.09376
49508,2026-05-09 10:20:17.507,49.50761523046092,0.935871743486974,descent,147600,2026-05-09 10:22:05,2.952756,,,-6.910701664712,1.64042,0.0,3.3665683492,74.699477456,15,5,14.535,24.257278335288,34.120736,10.2004464,53.35302008,0.0,0.0,0.0,261.7,1.0,-0.3,,,0,0,1024,1024,364,1024,0,0,-100,0,256.6,-90.0,0,52,3.637,3.632,3.63,3.63,0,0,6.336,85.1,-6.910701664712,2.952756,6,P-GPS,4.302028471606606,1.3112582781456936,4.302028471606606,-5.561429193105393,-5.561429193105393,4.302028471606606,-1.2576623252189927,1.2576623252189927,0.0,0.0,14.535,92.09376
49614,2026-05-09 10:20:17.613,49.61362725450901,0.937875751503006,descent,147700,2026-05-09 10:22:05,2.952756,,,-6.910701664712,1.64042,0.0,3.3655512888,74.725068008,15,5,14.535,24.257278335288,34.120736,10.2004464,53.35302008,0.0,0.0,0.0,261.7,1.2,-0.5,,,0,0,1024,1024,364,1024,0,0,-100,0,256.6,-73.9,0,52,3.637,3.632,3.63,3.63,0,0,6.336,85.1,-6.910701664712,2.952756,6,P-GPS,4.106481722897225,1.2516556291390744,4.106481722897225,-5.756975941814774,-5.756975941814774,4.106481722897225,-1.257662325218924,1.257662325218924,0.0,0.0,14.535,92.09376
49720,2026-05-09 10:20:17.719,49.71963927855712,0.9398797595190381,descent,147800,2026-05-09 10:22:05,2.952756,,,-6.910701664712,1.64042,0.0,3.363845252,74.73261394,15,5,14.535,24.257278335288,34.120736,10.2004464,53.35302008,0.0,0.0,0.0,261.7,1.2,-0.4,,,0,0,1024,1024,364,1024,0,0,-100,0,256.6,-43.4,0,52,3.637,3.632,3.63,3.63,0,0,6.336,85.1,-6.910701664712,2.952756,33,Confirm_Landing,3.9109349741878225,1.1920529801324484,3.9109349741878225,-5.952522690524177,-5.952522690524177,3.9109349741878225,-1.2576623252188954,1.2576623252188954,0.0,0.0,14.535,92.09376
49826,2026-05-09 10:20:17.825,49.82565130260521,0.9418837675350702,descent,147900,2026-05-09 10:22:05,2.952756,,,-6.910701664712,1.64042,0.0,3.3639108688,74.73261394,15,5,14.535,24.257278335288,34.120736,10.2004464,53.35302008,0.0,0.0,0.0,261.7,1.2,-0.1,,,0,0,1024,1024,364,1024,0,0,-100,0,256.6,-10.8,0,52,3.637,3.632,3.63,3.63,0,0,6.336,85.1,-6.910701664712,2.952756,33,Confirm_Landing,3.715388225478431,1.1324503311258258,3.715388225478431,-6.148069439233568,-6.148069439233568,3.715388225478431,-1.2576623252189927,1.2576623252189927,0.0,0.0,14.535,92.09376
49932,2026-05-09 10:20:17.931,49.93166332665331,0.9438877755511023,descent,148000,2026-05-09 10:22:06,2.952756,,,-6.910701664712,1.64042,0.0,3.3784121816,74.74737772,14,5,14.535,24.257278335288,34.120736,10.2004464,53.35302008,0.0,0.0,0.0,261.7,1.2,0.1,,,0,0,1024,1024,364,1024,0,0,-100,0,256.6,0.0,0,52,3.637,3.632,3.63,3.63,0,0,6.336,85.1,-6.910701664712,2.952756,33,Confirm_Landing,3.519841476769039,1.072847682119203,3.519841476769039,-6.343616187942961,-6.343616187942961,3.519841476769039,-1.2576623252189112,1.2576623252189112,0.0,0.0,14.535,92.09376
50038,2026-05-09 10:20:18.037,50.037675350701406,0.9458917835671343,descent,148100,2026-05-09 10:22:06,2.624672,,,-7.238785664712,1.64042,0.0,3.3883859352,74.757548324,14,5,14.532,24.257278335288,34.120736,10.2004464,53.35302008,0.0,0.0,0.447388,261.7,1.2,0.4,,,0,0,1024,1024,364,1024,0,0,-100,0,256.6,0.0,0,52,3.635,3.63,3.629,3.63,0,0,6.243,85.28,-7.238785664712,2.624672,33,Confirm_Landing,3.3242947280596473,1.0132450331125806,3.3242947280596473,-6.539162936652352,-6.539162936652352,3.3242947280596473,-1.2576623252189083,1.2576623252189083,0.0,0.0,14.532,90.723276
50144,2026-05-09 10:20:18.143,50.1436873747495,0.9478957915831663,descent,148200,2026-05-09 10:22:06,2.624672,,,-7.238785664712,1.64042,0.0,3.388123468,74.762797668,14,5,14.532,24.257278335288,34.120736,10.2004464,53.35302008,0.0,0.0,0.671082,261.8,1.2,0.3,,,0,0,1024,1024,688,1024,0,0,-51,0,256.6,0.0,0,52,3.635,3.63,3.629,3.63,0,0,6.243,85.28,-7.238785664712,2.624672,33,Confirm_Landing,3.1287479793502664,0.9536423841059612,3.1287479793502664,-6.734709685361733,-6.734709685361733,3.1287479793502664,-1.257662325218924,1.257662325218924,0.0,0.0,14.532,90.723276
50250,2026-05-09 10:20:18.249,50.24969939879759,0.9498997995991983,descent,148300,2026-05-09 10:22:06,2.624672,,,-7.238785664712,1.312336,0.0,3.3937665128,74.771327852,14,5,14.532,24.257278335288,34.120736,10.2004464,53.35302008,0.0,0.0,0.894776,261.9,1.0,0.3,,,0,0,1024,1024,1024,1024,0,0,0,0,256.6,0.0,0,52,3.635,3.63,3.629,3.63,0,0,6.243,85.28,-7.238785664712,2.624672,33,Confirm_Landing,2.933201230640875,0.8940397350993387,2.933201230640875,-6.930256434071125,-6.930256434071125,2.933201230640875,-1.2576623252189927,1.2576623252189927,0.0,0.0,14.532,90.723276
50356,2026-05-09 10:20:18.355,50.355711422845694,0.9519038076152305,descent,148400,2026-05-09 10:22:06,2.296588,,,-7.566869664712,1.312336,0.0,3.4003281928,74.786419716,14,5,14.532,24.257278335288,34.120736,10.2004464,53.35302008,0.0,0.0,0.894776,262.0,0.7,0.2,,,0,0,1024,1024,1024,1024,0,0,0,0,256.6,0.0,0,52,3.635,3.63,3.629,3.63,0,0,6.243,85.28,-7.566869664712,2.296588,33,Confirm_Landing,2.7376544819314725,0.8344370860927128,2.7376544819314725,-7.125803182780527,-7.125803182780527,2.7376544819314725,-1.2576623252188925,1.2576623252188925,0.0,0.0,14.532,90.723276
50462,2026-05-09 10:20:18.461,50.46172344689379,0.9539078156312626,descent,148500,2026-05-09 10:22:06,2.296588,,,-7.566869664712,1.312336,0.0,3.4215552276,74.814306856,14,5,14.532,24.257278335288,34.120736,10.2004464,53.35302008,0.0,0.0,0.671082,262.0,0.4,0.0,,,0,0,1024,1024,1024,1024,0,0,0,0,256.6,0.0,0,52,3.635,3.63,3.629,3.63,0,0,6.243,85.28,-7.566869664712,2.296588,33,Confirm_Landing,2.542107733222081,0.7748344370860903,2.542107733222081,-7.321349931489919,-7.321349931489919,2.542107733222081,-1.2576623252189083,1.2576623252189083,0.0,0.0,14.532,90.723276
50568,2026-05-09 10:20:18.567,50.567735470941884,0.9559118236472947,descent,148600,2026-05-09 10:22:06,2.296588,,,-7.566869664712,0.984252,0.0,3.4286090336,74.823165124,13,5,14.532,24.257278335288,34.120736,10.2004464,53.35302008,0.0,0.0,0.671082,262.0,0.3,0.0,,,0,0,1024,1024,1024,1024,0,0,0,0,256.6,0.0,0,52,3.635,3.63,3.629,3.63,0,0,6.243,85.28,-7.566869664712,2.296588,33,Confirm_Landing,2.3465609845126894,0.7152317880794677,2.3465609845126894,-7.51689668019931,-7.51689668019931,2.3465609845126894,-1.2576623252189927,1.2576623252189927,0.0,0.0,14.532,90.723276
50674,2026-05-09 10:20:18.673,50.673747494989975,0.9579158316633266,descent,148700,2026-05-09 10:22:06,1.968504,,,-7.894953664712,0.984252,0.0,3.4300526032,74.82939872,13,5,14.532,24.257278335288,34.120736,10.2004464,53.35302008,0.0,0.0,0.671082,262.1,0.4,0.1,,,0,0,1024,1024,1024,1024,0,0,0,0,256.6,0.0,0,52,3.635,3.63,3.629,3.63,0,0,6.243,85.28,-7.894953664712,1.968504,33,Confirm_Landing,2.1510142358033084,0.6556291390728485,2.1510142358033084,-7.712443428908691,-7.712443428908691,2.1510142358033084,-1.257662325218924,1.257662325218924,0.0,0.0,14.532,90.723276
50780,2026-05-09 10:20:18.779,50.77975951903807,0.9599198396793587,descent,148800,2026-05-09 10:22:06,1.968504,,,-7.894953664712,0.984252,0.0,3.4314961728,74.836288484,14,5,14.532,24.257278335288,34.120736,10.2004464,53.35302008,0.0,0.0,0.671082,262.1,0.5,0.3,,,0,0,1024,1024,1024,1024,0,0,0,0,256.6,0.0,0,52,3.635,3.63,3.629,3.63,0,0,6.243,85.28,-7.894953664712,1.968504,33,Confirm_Landing,1.9554674870939166,0.5960264900662258,1.9554674870939166,-7.907990177618083,-7.907990177618083,1.9554674870939166,-1.2576623252189096,1.2576623252189096,0.0,0.0,14.532,90.723276
50886,2026-05-09 10:20:18.885,50.88577154308617,0.9619238476953909,descent,148900,2026-05-09 10:22:06,1.968504,,,-7.894953664712,0.656168,0.0,3.4318242568,74.871393472,14,5,14.532,24.257278335288,34.120736,10.2004464,53.35302008,0.0,0.0,0.447388,262.1,0.4,0.3,,,0,0,1024,1024,1024,1024,0,0,0,0,256.6,0.0,0,52,3.635,3.63,3.629,3.63,0,0,6.243,85.28,-7.894953664712,1.968504,33,Confirm_Landing,1.7599207383845141,0.5364238410596,1.7599207383845141,-8.103536926327486,-8.103536926327486,1.7599207383845141,-1.2576623252189782,1.2576623252189782,0.0,0.0,14.532,90.723276
50992,2026-05-09 10:20:18.991,50.99178356713427,0.9639278557114229,descent,149000,2026-05-09 10:22:07,1.64042,,,-8.223037664712,0.656168,0.0,3.4389436796,74.913716308,14,5,14.532,24.257278335288,34.120736,10.2004464,53.35302008,0.0,0.0,0.447388,262.1,0.3,0.3,,,0,0,1024,1024,1024,1024,0,0,0,0,256.6,0.0,0,52,3.635,3.63,3.629,3.63,0,0,6.243,85.28,-8.223037664712,1.64042,33,Confirm_Landing,1.5643739896751225,0.47682119205297735,1.5643739896751225,-8.299083675036877,-8.299083675036877,1.5643739896751225,-1.2576623252189083,1.2576623252189083,0.0,0.0,14.532,90.723276
51098,2026-05-09 10:20:19.097,51.09779559118237,0.965931863727455,descent,149100,2026-05-09 10:22:07,1.64042,,,-8.223037664712,0.656168,0.0,3.437664152,74.927495836,14,5,14.599,24.257278335288,34.120736,10.2004464,53.35302008,0.0,0.0,0.447388,262.2,0.2,0.0,,,0,0,1024,1024,1024,1024,0,0,0,0,256.6,0.0,0,52,3.637,3.632,3.631,3.631,0,0,6.022,85.28,-8.223037664712,1.64042,33,Confirm_Landing,1.3688272409657307,0.41721854304635475,1.3688272409657307,-8.494630423746269,-8.494630423746269,1.3688272409657307,-1.2576623252189096,1.2576623252189096,0.0,0.0,14.599,87.91517800000001
51204,2026-05-09 10:20:19.203,51.20380761523046,0.9679358717434869,descent,149200,2026-05-09 10:22:07,1.64042,,,-8.223037664712,0.656168,0.0,3.4528216328,74.970146756,15,5,14.599,24.257278335288,34.120736,10.2004464,53.35302008,0.0,0.0,0.447388,262.2,0.0,0.2,,,0,0,1024,1024,1024,1024,0,0,0,0,256.6,0.0,0,52,3.637,3.632,3.631,3.631,0,0,6.022,85.28,-8.223037664712,1.64042,33,Confirm_Landing,1.17328049225635,0.3576158940397355,1.17328049225635,-8.69017717245565,-8.69017717245565,1.17328049225635,-1.2576623252189225,1.2576623252189225,0.0,0.0,14.599,87.91517800000001
51310,2026-05-09 10:20:19.309,51.30981963927855,0.969939879759519,descent,149300,2026-05-09 10:22:07,1.64042,,,-8.223037664712,0.656168,0.0,3.448654966,74.974411848,15,5,14.599,24.257278335288,34.120736,10.2004464,53.35302008,0.0,0.0,0.447388,262.1,0.1,0.1,,,0,0,1024,1024,1024,1024,0,0,0,0,256.6,0.0,0,52,3.637,3.632,3.631,3.631,0,0,6.022,85.28,-8.223037664712,1.64042,33,Confirm_Landing,0.9777337435469583,0.2980132450331129,0.9777337435469583,-8.885723921165042,-8.885723921165042,0.9777337435469583,-1.2576623252189933,1.2576623252189933,0.0,0.0,14.599,87.91517800000001
51416,2026-05-09 10:20:19.415,51.41583166332666,0.9719438877755512,descent,149400,2026-05-09 10:22:07,1.312336,,,-8.551121664712,0.328084,0.0,3.4303478788,74.992784552,14,5,14.599,24.257278335288,34.120736,10.2004464,53.35302008,0.0,0.0,0.447388,262.2,0.3,-0.3,,,0,0,1024,1024,1024,1024,0,0,0,0,256.6,0.0,0,52,3.637,3.632,3.631,3.631,0,0,6.022,85.28,-8.551121664712,1.312336,33,Confirm_Landing,0.7821869948375558,0.23841059602648704,0.7821869948375558,-9.081270669874444,-9.081270669874444,0.7821869948375558,-1.257662325218894,1.257662325218894,0.0,0.0,14.599,87.91517800000001
51522,2026-05-09 10:20:19.521,51.521843687374755,0.9739478957915833,descent,149500,2026-05-09 10:22:07,1.312336,,,-8.551121664712,0.328084,0.0,3.4233268812,75.005251744,14,5,14.599,24.257278335288,34.120736,10.2004464,53.35302008,0.0,0.0,0.447388,262.2,0.3,-0.5,,,0,0,1024,1024,1024,1024,0,0,0,0,256.6,0.0,0,52,3.637,3.632,3.631,3.631,0,0,6.022,85.28,-8.551121664712,1.312336,33,Confirm_Landing,0.5866402461281641,0.17880794701986444,0.5866402461281641,-9.276817418583835,-9.276817418583835,0.5866402461281641,-1.2576623252189092,1.2576623252189092,0.0,0.0,14.599,87.91517800000001
51628,2026-05-09 10:20:19.627,51.627855711422846,0.9759519038076153,descent,149600,2026-05-09 10:22:07,1.312336,,,-8.551121664712,0.328084,0.0,3.4146326552,75.014110012,13,5,14.599,24.257278335288,34.120736,10.2004464,53.35302008,0.0,0.0,0.447388,262.2,0.3,-0.5,,,0,0,1024,1024,1024,1024,0,0,0,0,256.6,0.0,0,52,3.637,3.632,3.631,3.631,0,0,6.022,85.28,-8.551121664712,1.312336,33,Confirm_Landing,0.3910934974187725,0.11920529801324185,0.3910934974187725,-9.472364167293227,-9.472364167293227,0.3910934974187725,-1.257662325218993,1.257662325218993,0.0,0.0,14.599,87.91517800000001
51734,2026-05-09 10:20:19.733,51.73386773547094,0.9779559118236473,descent,149700,2026-05-09 10:22:07,1.312336,,,-8.551121664712,0.328084,0.0,3.4108596892,75.023624448,13,5,14.599,24.257278335288,34.120736,10.2004464,53.35302008,0.0,0.0,0.223694,262.2,0.2,-0.3,,,0,0,1024,1024,1024,1024,0,0,0,0,256.6,0.0,0,52,3.637,3.632,3.631,3.631,0,0,6.022,85.28,-8.551121664712,1.312336,33,Confirm_Landing,0.19554674870939165,0.05960264900662258,0.19554674870939165,-9.667910916002608,-9.667910916002608,0.19554674870939165,-1.2576623252189234,1.2576623252189234,0.0,0.0,14.599,87.91517800000001
51840,2026-05-09 10:20:19.839,51.839879759519036,0.9799599198396793,descent,149800,2026-05-09 10:22:07,0.984252,,,-8.879205664712,0.328084,0.0,3.4020014212,75.05577668,13,5,14.599,24.257278335288,34.120736,10.2004464,53.35302008,0.0,0.0,0.223694,262.1,0.0,-0.6,,,0,0,1024,1024,1024,1024,0,0,0,0,256.6,0.0,0,52,3.637,3.632,3.631,3.631,0,0,6.022,85.28,-8.879205664712,0.984252,33,Confirm_Landing,0.0,0.0,0.0,-9.863457664712,-9.863457664712,0.0,-1.2576623252189087,1.2576623252189087,0.0,0.0,14.599,87.91517800000001
51946,2026-05-09 10:20:19.945,51.945891783567134,0.9819639278557114,ground,149900,2026-05-09 10:22:07,0.984252,,,-8.879205664712,0.328084,0.0,3.397637904,75.069556208,13,5,14.599,24.257278335288,34.120736,10.2004464,53.35302008,0.0,0.0,0.223694,262.1,-0.2,-0.8,,,0,0,1024,1024,1024,1024,0,0,0,0,256.6,0.0,0,52,3.637,3.632,3.631,3.631,0,0,6.022,85.28,-8.879205664712,0.984252,33,Confirm_Landing,0.0,0.0,0.0,-9.863457664712,-9.863457664712,0.0,0.0,0.0,-0.2,-0.8,14.599,87.91517800000001
52052,2026-05-09 10:20:20.051,52.05190380761523,0.9839679358717436,ground,150000,2026-05-09 10:22:08,0.984252,,,-8.879205664712,0.0,0.0,3.375820318,75.105973532,13,5,14.599,24.257278335288,34.120736,10.2004464,53.35302008,0.0,0.0,0.0,261.8,2.3,1.3,,,0,0,1024,1024,1024,1024,0,0,0,0,256.6,0.0,0,52,3.637,3.632,3.631,3.631,0,0,6.022,85.28,-8.879205664712,0.984252,33,Confirm_Landing,0.0,0.0,0.0,-9.863457664712,-9.863457664712,0.0,0.0,0.0,2.3,1.3,14.599,87.91517800000001
52158,2026-05-09 10:20:20.157,52.15791583166333,0.9859719438877756,ground,150100,2026-05-09 10:22:08,0.984252,,,-8.879205664712,0.328084,0.0,3.371227142,75.119096892,13,5,14.549,24.257278335288,34.120736,10.2004464,53.35302008,0.0,0.0,0.0,261.6,4.2,1.2,,,0,0,1024,1024,1024,1024,0,0,0,0,256.6,0.0,0,52,3.639,3.634,3.634,3.633,0,0,5.988,85.46,-8.879205664712,0.984252,33,Confirm_Landing,0.0,0.0,0.0,-9.863457664712,-9.863457664712,0.0,0.0,0.0,4.2,1.2,14.549,87.119412
52264,2026-05-09 10:20:20.263,52.26392785571142,0.9879759519038076,ground,150200,2026-05-09 10:22:08,0.984252,,,-8.879205664712,0.328084,0.0,3.3606956456,75.136485344,13,5,14.549,24.257278335288,34.120736,10.2004464,53.35302008,0.0,0.0,0.0,261.7,6.2,1.2,,,0,0,1024,1024,1024,1024,0,0,0,0,256.6,0.0,0,52,3.639,3.634,3.634,3.633,0,0,5.988,85.46,-8.879205664712,0.984252,33,Confirm_Landing,0.0,0.0,0.0,-9.863457664712,-9.863457664712,0.0,0.0,0.0,6.2,1.2,14.549,87.119412
52370,2026-05-09 10:20:20.369,52.369939879759514,0.9899799599198397,ground,150300,2026-05-09 10:22:08,0.984252,,,-8.879205664712,0.328084,0.0,3.3588583752,75.141406604,13,5,14.549,24.257278335288,34.120736,10.2004464,53.35302008,0.0,0.0,0.0,261.8,6.5,1.2,,,0,0,1024,1024,1024,1024,0,0,0,0,256.6,0.0,0,52,3.639,3.634,3.634,3.633,0,0,5.988,85.46,-8.879205664712,0.984252,33,Confirm_Landing,0.0,0.0,0.0,-9.863457664712,-9.863457664712,0.0,0.0,0.0,6.5,1.2,14.549,87.119412
52476,2026-05-09 10:20:20.475,52.47595190380761,0.9919839679358717,ground,150400,2026-05-09 10:22:08,0.984252,,,-8.879205664712,0.328084,0.0,3.3558400024,75.146327864,14,5,14.549,24.257278335288,34.120736,10.2004464,53.35302008,0.0,0.0,0.0,261.8,6.5,1.2,,,0,0,1024,1024,1024,1024,0,0,0,0,256.6,0.0,0,52,3.639,3.634,3.634,3.633,0,0,5.988,85.46,-8.879205664712,0.984252,33,Confirm_Landing,0.0,0.0,0.0,-9.863457664712,-9.863457664712,0.0,0.0,0.0,6.5,1.2,14.549,87.119412
52582,2026-05-09 10:20:20.581,52.58196392785572,0.9939879759519039,ground,150500,2026-05-09 10:22:08,0.984252,,,-8.879205664712,0.328084,0.0,3.3663386904,75.16076356,14,5,14.549,24.257278335288,34.120736,10.2004464,53.35302008,0.0,0.0,0.0,261.8,6.6,1.1,,,0,0,1024,1024,1024,1024,0,0,0,0,256.6,0.0,0,52,3.639,3.634,3.634,3.633,0,0,5.988,85.46,-8.879205664712,0.984252,33,Confirm_Landing,0.0,0.0,0.0,-9.863457664712,-9.863457664712,0.0,0.0,0.0,6.6,1.1,14.549,87.119412
52688,2026-05-09 10:20:20.687,52.68797595190381,0.995991983967936,ground,150600,2026-05-09 10:22:08,0.984252,,,-8.879205664712,0.328084,0.0,3.3638124436,75.166997156,14,5,14.549,24.257278335288,34.120736,10.2004464,53.35302008,0.0,0.0,0.0,261.8,6.6,1.1,,,0,0,1024,1024,1024,1024,0,0,0,0,256.6,0.0,0,52,3.639,3.634,3.634,3.633,0,0,5.988,85.46,-8.879205664712,0.984252,33,Confirm_Landing,0.0,0.0,0.0,-9.863457664712,-9.863457664712,0.0,0.0,0.0,6.6,1.1,14.549,87.119412
52794,2026-05-09 10:20:20.793,52.7939879759519,0.9979959919839679,ground,150700,2026-05-09 10:22:08,0.984252,,,-8.879205664712,0.328084,0.0,3.3621720236,75.170934164,14,5,14.549,24.257278335288,34.120736,10.2004464,53.35302008,0.0,0.0,0.0,261.8,6.6,1.1,,,0,0,1024,1024,1024,1024,0,0,0,0,256.6,0.0,0,52,3.639,3.634,3.634,3.633,0,0,5.988,85.46,-8.879205664712,0.984252,33,Confirm_Landing,0.0,0.0,0.0,-9.863457664712,-9.863457664712,0.0,0.0,0.0,6.6,1.1,14.549,87.119412
52900,2026-05-09 10:20:20.900,52.9,1.0,ground,150800,2026-05-09 10:22:08,0.984252,,,-8.879205664712,0.328084,0.0,3.3612533884,75.174543088,14,5,14.549,24.257278335288,34.120736,10.2004464,53.35302008,0.0,0.0,0.0,261.8,6.6,1.1,,,0,0,1024,1024,1024,1024,0,0,0,0,256.6,0.0,0,52,3.639,3.634,3.634,3.633,0,0,5.988,85.46,-8.879205664712,0.984252,33,Confirm_Landing,0.0,0.0,0.0,-9.863457664712,-9.863457664712,0.0,0.0,0.0,6.6,1.1,14.549,87.119412
52900,2026-05-09 10:20:20.900,52.9,1.0,ground,150800,2026-05-09 10:22:08,0.0,,,-9.863457664712,0.328084,0.0,3.361548664,75.182745188,14,5,14.549,24.257278335288,34.120736,10.2004464,53.35302008,0.0,0.0,0.0,261.8,6.6,1.1,,,0,0,1024,1024,1024,1024,0,0,0,0,256.6,0.0,0,52,3.639,3.634,3.634,3.633,0,0,5.988,85.46,-9.863457664712,0.0,33,Confirm_Landing,0.0,0.0,0.0,-9.863457664712,-9.863457664712,0.0,0.0,0.0,6.6,1.1,14.549,87.119412
