time(millisecond),datetime(utc),aligned_time_s,aligned_phase,ideal_flight_phase,original_time(millisecond),original_datetime(utc),original_height_above_takeoff(feet),height_above_ground_at_drone_location(feet),ground_elevation_at_drone_location(feet),original_altitude_above_seaLevel(feet),original_height_sonar(feet),original_speed(mph),distance(feet),mileage(feet),satellites,gpslevel,voltage(v),max_altitude(feet),max_ascent(feet),max_speed(mph),max_distance(feet),xSpeed(mph),ySpeed(mph),original_zSpeed(mph),compass_heading(degrees),original_pitch(degrees),original_roll(degrees),wind_speed(mph),wind_direction(degrees),isPhoto,isVideo,rc_elevator,rc_aileron,rc_throttle,rc_rudder,rc_elevator(percent),rc_aileron(percent),rc_throttle(percent),rc_rudder(percent),gimbal_heading(degrees),gimbal_pitch(degrees),gimbal_roll(degrees),battery_percent,voltageCell1,voltageCell2,voltageCell3,voltageCell4,voltageCell5,voltageCell6,current(A),battery_temperature(f),original_altitude(feet),original_ascent(feet),flycStateRaw,flycState,height_above_takeoff(feet),height_above_takeoff(m),ascent(feet),altitude(feet),altitude_above_seaLevel(feet),height_sonar(feet),zSpeed(mph),speed(mph),pitch(degrees),roll(degrees),estimated_pack_voltage(V),estimated_power(W)
0,2026-05-09 10:19:28.000,0.0,0.0,ground,52900,2026-05-09 10:20:25,0.0,Available with any HD 360 subscription,Available with any HD 360 subscription,-9.863457664712,0.328084,0.0,0.0,0.0,14,5,0.0,0.0,0.0,0.0,0.0,0.0,0.0,0.0,210.2,6.6,-1.4,Available with Enterprise subscription,,0,0,1024,1024,1024,1024,0,0,0,0,205.0,0,0,56,3.738,3.737,3.738,3.738,0,0,0.0,77.72,-9.863457664712,0.0,41,Motors_Started,0.0,0.0,0.0,-9.863457664712,-9.863457664712,0.0,0.0,0.0,6.6,-1.4,14.950999999999999,0.0
110,2026-05-09 10:19:28.110,0.11043841336116911,0.0020876826722338207,ground,53000,2026-05-09 10:20:25,0.0,,,-9.863457664712,0.328084,0.0,0.00056141405996,0.00056141405996,14,5,0.0,0.0,0.0,0.0,0.00056141405996,0.0,0.0,0.0,210.2,6.6,-1.4,,,0,0,1024,1024,1024,1024,0,0,0,0,205.0,0,0,56,3.738,3.737,3.738,3.738,0,0,0.0,77.72,-9.863457664712,0.0,41,Motors_Started,0.0,0.0,0.0,-9.863457664712,-9.863457664712,0.0,0.0,0.0,6.6,-1.4,14.950999999999999,0.0
221,2026-05-09 10:19:28.220,0.22087682672233822,0.004175365344467641,ground,53100,2026-05-09 10:20:25,0.0,,,-9.863457664712,0.328084,0.0,0.0039192586556,0.0044815946316,14,5,0.0,0.0,0.0,0.0,0.0039192586556,0.0,0.0,0.0,210.2,6.6,-1.4,,,0,0,1024,1024,1024,1024,0,0,0,0,205.0,0,0,56,3.738,3.737,3.738,3.738,0,0,0.0,77.72,-9.863457664712,0.0,41,Motors_Started,0.0,0.0,0.0,-9.863457664712,-9.863457664712,0.0,0.0,0.0,6.6,-1.4,14.950999999999999,0.0
331,2026-05-09 10:19:28.331,0.3313152400835073,0.006263048016701462,ground,53200,2026-05-09 10:20:25,0.0,,,-9.863457664712,0.328084,0.0,0.008348589506,0.0089558401816,14,5,0.0,0.0,0.0,0.0,0.008348589506,0.0,0.0,0.0,210.2,6.6,-1.4,,,0,0,1024,1024,1024,1024,0,0,0,0,205.0,0,0,56,3.738,3.737,3.738,3.738,0,0,0.0,77.72,-9.863457664712,0.0,41,Motors_Started,0.0,0.0,0.0,-9.863457664712,-9.863457664712,0.0,0.0,0.0,6.6,-1.4,14.950999999999999,0.0
442,2026-05-09 10:19:28.441,0.44175365344467643,0.008350730688935283,ground,53300,2026-05-09 10:20:25,0.0,,,-9.863457664712,0.328084,0.0,0.0098927496604,0.0271962279044,14,5,0.0,0.0,0.0,0.0,0.0098927496604,0.0,0.0,0.0,210.2,6.6,-1.4,,,0,0,1024,1024,1024,1024,0,0,0,0,204.9,0,0,56,3.738,3.737,3.738,3.738,0,0,0.0,77.72,-9.863457664712,0.0,41,Motors_Started,0.0,0.0,0.0,-9.863457664712,-9.863457664712,0.0,0.0,0.0,6.6,-1.4,14.950999999999999,0.0
552,2026-05-09 10:19:28.552,0.5521920668058455,0.010438413361169102,ground,53400,2026-05-09 10:20:25,0.0,,,-9.863457664712,0.328084,0.0,0.003821030306,0.035545276728,14,5,0.0,0.0,0.0,0.0,0.0098927496604,0.0,0.0,0.0,210.2,6.6,-1.4,,,0,0,1024,1024,1024,1024,0,0,0,0,204.9,0,0,56,3.738,3.737,3.738,3.738,0,0,0.0,77.72,-9.863457664712,0.0,41,Motors_Started,0.0,0.0,0.0,-9.863457664712,-9.863457664712,0.0,0.0,0.0,6.6,-1.4,14.950999999999999,0.0
663,2026-05-09 10:19:28.662,0.6626304801670146,0.012526096033402923,ground,53500,2026-05-09 10:20:25,0.0,,,-9.863457664712,0.328084,0.0,0.0032508695266,0.037585631124,15,5,0.0,0.0,0.0,0.0,0.0098927496604,0.0,0.0,0.0,210.2,6.6,-1.4,,,0,0,1024,1024,1024,1024,0,0,0,0,204.9,0,0,56,3.738,3.737,3.738,3.738,0,0,0.0,77.72,-9.863457664712,0.0,41,Motors_Started,0.0,0.0,0.0,-9.863457664712,-9.863457664712,0.0,0.0,0.0,6.6,-1.4,14.950999999999999,0.0
773,2026-05-09 10:19:28.773,0.7730688935281836,0.014613778705636743,ground,53600,2026-05-09 10:20:25,0.0,,,-9.863457664712,0.328084,0.0,0.0163260175828,0.050757547556,15,5,0.0,0.0,0.0,0.0,0.0163260175828,0.0,0.0,0.0,210.2,6.6,-1.4,,,0,0,1024,1024,1024,1024,0,0,0,0,204.9,0,0,56,3.738,3.737,3.738,3.738,0,0,0.0,77.72,-9.863457664712,0.0,41,Motors_Started,0.0,0.0,0.0,-9.863457664712,-9.863457664712,0.0,0.0,0.0,6.6,-1.4,14.950999999999999,0.0
884,2026-05-09 10:19:28.883,0.8835073068893529,0.016701461377870565,ground,53700,2026-05-09 10:20:25,0.0,,,-9.863457664712,0.328084,0.0,0.0201862211184,0.0550771015,15,5,0.0,0.0,0.0,0.0,0.0201862211184,0.0,0.0,0.0,210.2,6.6,-1.4,,,0,0,1024,1024,1024,1024,0,0,0,0,204.9,0,0,56,3.738,3.737,3.738,3.738,0,0,0.0,77.72,-9.863457664712,0.0,41,Motors_Started,0.0,0.0,0.0,-9.863457664712,-9.863457664712,0.0,0.0,0.0,6.6,-1.4,14.950999999999999,0.0
994,2026-05-09 10:19:28.993,0.993945720250522,0.018789144050104387,ground,53800,2026-05-09 10:20:25,0.0,,,-9.863457664712,0.328084,0.0,0.0063804463984,0.072046918316,15,5,0.0,0.0,0.0,0.0,0.0201862211184,0.0,0.0,0.0,210.2,6.6,-1.4,,,0,0,1024,1024,1024,1024,0,0,0,0,204.9,0,0,56,3.738,3.737,3.738,3.738,0,0,0.0,77.72,-9.863457664712,0.0,41,Motors_Started,0.0,0.0,0.0,-9.863457664712,-9.863457664712,0.0,0.0,0.0,6.6,-1.4,14.950999999999999,0.0
1104,2026-05-09 10:19:29.104,1.104384133611691,0.020876826722338204,ground,53900,2026-05-09 10:20:26,0.0,,,-9.863457664712,0.328084,0.0,0.0157835306888,0.081456367436,15,5,0.0,0.0,0.0,0.0,0.0201862211184,0.0,0.0,0.0,210.2,6.6,-1.4,,,0,0,1024,1024,1024,1024,0,0,0,0,204.9,0,0,56,3.738,3.737,3.738,3.738,0,0,0.0,77.72,-9.863457664712,0.0,41,Motors_Started,0.0,0.0,0.0,-9.863457664712,-9.863457664712,0.0,0.0,0.0,6.6,-1.4,14.950999999999999,0.0
1215,2026-05-09 10:19:29.214,1.2148225469728602,0.02296450939457203,ground,54000,2026-05-09 10:20:26,0.0,,,-9.863457664712,0.328084,0.0,0.0257166346812,0.091467850696,15,5,14.952,0.0,0.0,0.0,0.0257166346812,0.0,0.0,0.0,210.2,6.6,-1.4,,,0,0,1024,1024,1024,1024,0,0,0,0,204.9,0,0,56,3.702,3.7,3.7,3.7,0,0,0.893,77.72,-9.863457664712,0.0,41,Motors_Started,0.0,0.0,0.0,-9.863457664712,-9.863457664712,0.0,0.0,0.0,6.6,-1.4,14.952,13.352136
1325,2026-05-09 10:19:29.325,1.3252609603340293,0.025052192066805846,ground,54100,2026-05-09 10:20:26,0.0,,,-9.863457664712,0.328084,0.0,0.0047054791532,0.112577759508,15,5,14.952,0.0,0.0,0.0,0.0257166346812,0.0,0.0,0.0,210.2,6.7,-1.4,,,0,0,1024,1024,1024,1024,0,0,0,0,204.9,0,0,56,3.702,3.7,3.7,3.7,0,0,0.893,77.72,-9.863457664712,0.0,41,Motors_Started,0.0,0.0,0.0,-9.863457664712,-9.863457664712,0.0,0.0,0.0,6.7,-1.4,14.952,13.352136
1436,2026-05-09 10:19:29.435,1.4356993736951984,0.027139874739039668,ground,54200,2026-05-09 10:20:26,0.0,,,-9.863457664712,0.328084,0.0,0.0122595476364,0.120913389696,15,5,14.952,0.0,0.0,0.0,0.0257166346812,0.0,0.0,0.0,210.2,6.7,-1.4,,,0,0,1024,1024,1024,1024,0,0,0,0,204.9,0,0,56,3.702,3.7,3.7,3.7,0,0,0.893,77.72,-9.863457664712,0.0,41,Motors_Started,0.0,0.0,0.0,-9.863457664712,-9.863457664712,0.0,0.0,0.0,6.7,-1.4,14.952,13.352136
1546,2026-05-09 10:19:29.546,1.5461377870563673,0.029227557411273485,ground,54300,2026-05-09 10:20:26,0.0,,,-9.863457664712,0.328084,0.0,0.0178874349556,0.127020017188,15,5,14.952,0.0,0.0,0.0,0.0257166346812,0.0,0.0,0.0,210.2,6.7,-1.4,,,0,0,1024,1024,1024,1024,0,0,0,0,204.9,0,0,56,3.702,3.7,3.7,3.7,0,0,0.893,77.72,-9.863457664712,0.0,41,Motors_Started,0.0,0.0,0.0,-9.863457664712,-9.863457664712,0.0,0.0,0.0,6.7,-1.4,14.952,13.352136
1657,2026-05-09 10:19:29.656,1.6565762004175364,0.031315240083507306,ground,54400,2026-05-09 10:20:26,0.0,,,-9.863457664712,0.328084,0.0,0.0057682744628,0.142757222416,15,5,14.952,0.0,0.0,0.0,0.0257166346812,0.0,0.0,0.0,210.2,6.7,-1.4,,,0,0,1024,1024,1024,1024,0,0,0,0,204.9,0,0,56,3.702,3.7,3.7,3.7,0,0,0.893,77.72,-9.863457664712,0.0,41,Motors_Started,0.0,0.0,0.0,-9.863457664712,-9.863457664712,0.0,0.0,0.0,6.7,-1.4,14.952,13.352136
1767,2026-05-09 10:19:29.767,1.7670146137787057,0.03340292275574113,ground,54500,2026-05-09 10:20:26,0.0,,,-9.863457664712,0.328084,0.0,0.00264427829984,0.14635991282,15,5,14.952,0.0,0.0,0.0,0.0257166346812,0.0,0.0,0.0,210.2,6.7,-1.4,,,0,0,1024,1024,1024,1024,0,0,0,0,204.9,0,0,56,3.702,3.7,3.7,3.7,0,0,0.893,77.72,-9.863457664712,0.0,11,AutoTakeoff,0.0,0.0,0.0,-9.863457664712,-9.863457664712,0.0,0.0,0.0,6.7,-1.4,14.952,13.352136
1877,2026-05-09 10:19:29.877,1.8774530271398748,0.03549060542797495,ground,54600,2026-05-09 10:20:26,0.0,,,-9.863457664712,0.328084,0.0,0.00263072186896,0.151270674132,15,5,14.952,0.0,0.0,0.0,0.0257166346812,0.0,0.0,0.0,210.2,6.6,-1.4,,,0,0,1024,1024,1024,1024,0,0,0,0,205.0,0,0,56,3.702,3.7,3.7,3.7,0,0,0.893,77.72,-9.863457664712,0.0,11,AutoTakeoff,0.0,0.0,0.0,-9.863457664712,-9.863457664712,0.0,0.0,0.0,6.6,-1.4,14.952,13.352136
1988,2026-05-09 10:19:29.987,1.987891440501044,0.03757828810020877,ground,54700,2026-05-09 10:20:26,0.0,,,-9.863457664712,0.328084,0.0,0.0056262797076,0.159508207204,15,5,14.952,0.0,0.0,0.0,0.0257166346812,0.0,0.0,0.0,210.2,6.6,-1.4,,,0,0,1024,1024,1024,1024,0,0,0,0,205.0,0,0,56,3.702,3.7,3.7,3.7,0,0,0.893,77.72,-9.863457664712,0.0,11,AutoTakeoff,0.0,0.0,0.0,-9.863457664712,-9.863457664712,0.0,0.0,0.0,6.6,-1.4,14.952,13.352136
2098,2026-05-09 10:19:30.098,2.098329853862213,0.03966597077244259,ground,54800,2026-05-09 10:20:26,0.0,,,-9.863457664712,0.328084,0.0,0.0110440948416,0.166191278284,15,5,14.952,0.0,0.0,0.0,0.0257166346812,0.0,0.0,0.0,210.2,6.6,-1.4,,,0,0,1024,1024,1024,1024,0,0,0,0,205.0,0,0,56,3.702,3.7,3.7,3.7,0,0,0.893,77.72,-9.863457664712,0.0,11,AutoTakeoff,0.0,0.0,0.0,-9.863457664712,-9.863457664712,0.0,0.0,0.0,6.6,-1.4,14.952,13.352136
2209,2026-05-09 10:19:30.208,2.208768267223382,0.04175365344467641,ground,54900,2026-05-09 10:20:27,0.0,,,-9.863457664712,0.328084,0.0,0.0068705054692,0.174108929456,15,5,14.952,0.0,0.0,0.0,0.0257166346812,0.0,0.0,0.0,210.0,6.1,-1.4,,,0,0,1024,1024,1024,1024,0,0,0,0,205.0,0,0,56,3.702,3.7,3.7,3.7,0,0,0.893,77.72,-9.863457664712,0.0,11,AutoTakeoff,0.0,0.0,0.0,-9.863457664712,-9.863457664712,0.0,0.0,0.0,6.1,-1.4,14.952,13.352136
2319,2026-05-09 10:19:30.319,2.3192066805845513,0.04384133611691023,ground,55000,2026-05-09 10:20:27,0.0,,,-9.863457664712,0.328084,0.0,0.0237606306816,0.20413878606,15,5,14.819,0.0,0.0,0.0,0.0257166346812,0.0,0.0,0.0,209.7,3.2,-1.3,,,0,0,1024,1024,1024,1024,0,0,0,0,205.0,0,0,56,3.728,3.725,3.724,3.723,0,0,4.09,77.72,-9.863457664712,0.0,11,AutoTakeoff,0.0,0.0,0.0,-9.863457664712,-9.863457664712,0.0,0.0,0.0,3.2,-1.3,14.819,60.60971
2430,2026-05-09 10:19:30.429,2.4296450939457204,0.04592901878914406,ground,55100,2026-05-09 10:20:27,0.0,,,-9.863457664712,0.328084,0.223694,0.068285435256,0.25169456186,15,5,14.819,0.0,0.0,0.223694,0.068285435256,0.223694,0.0,-0.223694,209.6,-0.5,-0.7,,,0,0,1024,1024,1024,1024,0,0,0,0,204.9,0,0,56,3.728,3.725,3.724,3.723,0,0,4.09,77.72,-9.863457664712,0.0,11,AutoTakeoff,0.0,0.0,0.0,-9.863457664712,-9.863457664712,0.0,0.0,0.223694,-0.5,-0.7,14.819,60.60971
2540,2026-05-09 10:19:30.540,2.540083507306889,0.04801670146137787,ground,55200,2026-05-09 10:20:27,0.0,,,-9.863457664712,0.656168,0.223694,0.110468507472,0.29396654484,15,5,14.819,0.0,0.0,0.223694,0.110468507472,0.223694,0.0,-0.671082,210.1,-1.6,-0.2,,,0,0,1024,1024,1024,1024,0,0,0,0,204.9,0,0,56,3.728,3.725,3.724,3.723,0,0,4.09,77.72,-9.863457664712,0.0,11,AutoTakeoff,0.0,0.0,0.0,-9.863457664712,-9.863457664712,0.0,0.0,0.223694,-1.6,-0.2,14.819,60.60971
2651,2026-05-09 10:19:30.650,2.6505219206680586,0.05010438413361169,ground,55300,2026-05-09 10:20:27,0.328084,,,-9.535373664712,0.656168,0.0,0.192398956288,0.37622704616,15,5,14.819,0.0,0.328084,0.223694,0.192398956288,0.0,0.0,-1.11847,210.2,-1.3,-0.1,,,0,0,1024,1024,1024,1024,0,0,0,0,205.0,0,0,56,3.728,3.725,3.724,3.723,0,0,4.09,77.72,-9.535373664712,0.328084,11,AutoTakeoff,0.0,0.0,0.0,-9.863457664712,-9.863457664712,0.0,0.0,0.0,-1.3,-0.1,14.819,60.60971
2761,2026-05-09 10:19:30.760,2.7609603340292272,0.05219206680584551,ground,55400,2026-05-09 10:20:27,0.328084,,,-9.535373664712,0.656168,0.0,0.214200466172,0.39910434348,15,5,14.819,0.0,0.328084,0.223694,0.214200466172,0.0,0.0,-1.11847,210.2,-0.7,0.0,,,0,0,1024,1024,1024,1024,0,0,0,0,205.0,0,0,56,3.728,3.725,3.724,3.723,0,0,4.09,77.72,-9.535373664712,0.328084,11,AutoTakeoff,0.0,0.0,0.0,-9.863457664712,-9.863457664712,0.0,0.0,0.0,-0.7,0.0,14.819,60.60971
2871,2026-05-09 10:19:30.871,2.871398747390397,0.054279749478079335,ground,55500,2026-05-09 10:20:27,0.656168,,,-9.207289664712,0.984252,0.0,0.2462434462,0.43118767784,15,5,14.819,0.0,0.656168,0.223694,0.2462434462,0.0,0.0,-1.11847,210.3,-0.3,-0.4,,,0,0,1024,1024,1024,1024,0,0,0,0,205.0,0,0,56,3.728,3.725,3.724,3.723,0,0,4.09,77.72,-9.207289664712,0.656168,11,AutoTakeoff,0.0,0.0,0.0,-9.863457664712,-9.863457664712,0.0,0.0,0.0,-0.3,-0.4,14.819,60.60971
2982,2026-05-09 10:19:30.981,2.981837160751566,0.05636743215031316,ground,55600,2026-05-09 10:20:27,0.656168,,,-9.207289664712,0.984252,0.0,0.2656906253,0.46468833508,15,5,14.819,0.0,0.656168,0.223694,0.2656906253,0.0,0.0,-1.11847,210.3,-0.4,-0.4,,,0,0,1024,1024,1024,1024,0,0,0,0,205.0,0,0,56,3.728,3.725,3.724,3.723,0,0,4.09,77.72,-9.207289664712,0.656168,11,AutoTakeoff,0.0,0.0,0.0,-9.863457664712,-9.863457664712,0.0,0.0,0.0,-0.4,-0.4,14.819,60.60971
3092,2026-05-09 10:19:31.092,3.0922755741127346,0.05845511482254697,ground,55700,2026-05-09 10:20:27,0.984252,,,-8.879205664712,0.984252,0.0,0.286315954044,0.49432088196,14,5,14.819,0.0,0.984252,0.223694,0.286315954044,0.0,0.0,-0.894776,210.2,-0.7,-0.3,,,0,0,1024,1024,1024,1024,0,0,0,0,205.0,0,0,56,3.728,3.725,3.724,3.723,0,0,4.09,77.72,-8.879205664712,0.984252,11,AutoTakeoff,0.0,0.0,0.0,-9.863457664712,-9.863457664712,0.0,0.0,0.0,-0.7,-0.3,14.819,60.60971
3203,2026-05-09 10:19:31.202,3.202713987473904,0.060542797494780795,ground,55800,2026-05-09 10:20:27,0.984252,,,-8.879205664712,1.312336,0.0,0.303532161944,0.51153873028,14,5,14.819,0.0,0.984252,0.223694,0.303532161944,0.0,0.0,-0.894776,210.3,-0.7,-0.3,,,0,0,1024,1024,1024,1024,0,0,0,0,205.0,0,0,56,3.728,3.725,3.724,3.723,0,0,4.09,77.72,-8.879205664712,0.984252,11,AutoTakeoff,0.0,0.0,0.0,-9.863457664712,-9.863457664712,0.0,0.0,0.0,-0.7,-0.3,14.819,60.60971
3313,2026-05-09 10:19:31.313,3.313152400835073,0.06263048016701461,ascent,55900,2026-05-09 10:20:28,1.312336,,,-8.551121664712,1.312336,0.0,0.24574147768,0.57056760356,16,5,14.819,0.0,1.312336,0.223694,0.303532161944,0.0,0.0,-0.894776,210.3,-0.4,0.0,,,0,0,1024,1024,1024,1024,0,0,0,0,205.0,0,0,56,3.728,3.725,3.724,3.723,0,0,4.09,77.72,-8.551121664712,1.312336,11,AutoTakeoff,0.0,0.0,0.0,-9.863457664712,-9.863457664712,0.0,0.0,0.0,0.0,0.0,14.819,60.60971
3424,2026-05-09 10:19:31.423,3.423590814196243,0.06471816283924844,ascent,56000,2026-05-09 10:20:28,1.312336,,,-8.551121664712,1.64042,0.0,0.246736556452,0.58014765636,16,5,14.731,0.0,1.312336,0.223694,0.303532161944,0.0,0.0,-0.894776,210.3,-0.1,0.0,,,0,0,1024,1024,1024,1024,0,0,0,0,205.0,0,0,56,3.685,3.682,3.682,3.684,0,0,5.631,77.9,-8.551121664712,1.312336,11,AutoTakeoff,0.22626482034573384,0.06896551724137967,0.22626482034573384,-9.637192844366266,-9.637192844366266,0.22626482034573384,1.3969004418148172,1.3969004418148172,0.0,0.0,14.731,82.950261
3534,2026-05-09 10:19:31.534,3.5340292275574114,0.06680584551148226,ascent,56100,2026-05-09 10:20:28,1.64042,,,-8.223037664712,1.64042,0.0,0.22828412804,0.65794293444,16,5,14.731,0.0,1.64042,0.223694,0.303532161944,0.0,0.0,-0.894776,210.3,0.0,0.0,,,0,0,1024,1024,1024,1024,0,0,0,0,205.0,0,0,56,3.685,3.682,3.682,3.684,0,0,5.631,77.9,-8.223037664712,1.64042,11,AutoTakeoff,0.4525296406914662,0.1379310344827589,0.4525296406914662,-9.410928024020533,-9.410928024020533,0.4525296406914662,1.3969004418148248,1.3969004418148248,0.0,0.0,14.731,82.950261
3644,2026-05-09 10:19:31.644,3.6444676409185806,0.06889352818371608,ascent,56200,2026-05-09 10:20:28,1.64042,,,-8.223037664712,1.64042,0.0,0.217240164432,0.66967193744,16,5,14.731,0.0,1.64042,0.223694,0.303532161944,0.0,0.0,-0.894776,210.3,0.1,-0.1,,,0,0,1024,1024,1024,1024,0,0,0,0,205.0,0,0,56,3.685,3.682,3.682,3.684,0,0,5.631,77.9,-8.223037664712,1.64042,11,AutoTakeoff,0.6787944610371985,0.20689655172413812,0.6787944610371985,-9.184663203674802,-9.184663203674802,0.6787944610371985,1.3969004418148194,1.3969004418148194,0.0,0.0,14.731,82.950261
3755,2026-05-09 10:19:31.754,3.7549060542797497,0.0709812108559499,ascent,56300,2026-05-09 10:20:28,1.968504,,,-7.894953664712,1.968504,0.0,0.206363851748,0.6832021216,16,5,14.731,0.0,1.968504,0.223694,0.303532161944,0.0,0.0,-0.894776,210.2,0.2,0.0,,,0,0,1024,1024,1024,1024,0,0,0,0,205.0,0,0,56,3.685,3.682,3.682,3.684,0,0,5.631,77.9,-7.894953664712,1.968504,11,AutoTakeoff,0.9050592813829307,0.2758620689655173,0.9050592813829307,-8.958398383329069,-8.958398383329069,0.9050592813829307,1.396900441814818,1.396900441814818,0.0,0.0,14.731,82.950261
3865,2026-05-09 10:19:31.865,3.8653444676409183,0.07306889352818371,ascent,56400,2026-05-09 10:20:28,1.968504,,,-7.894953664712,1.968504,0.0,0.21498196226,0.69313322428,16,5,14.731,0.0,1.968504,0.223694,0.303532161944,0.0,0.0,-0.894776,210.2,0.2,0.0,,,0,0,1024,1024,1024,1024,0,0,0,0,205.0,0,0,56,3.685,3.682,3.682,3.684,0,0,5.631,77.9,-7.894953664712,1.968504,11,AutoTakeoff,1.131324101728663,0.3448275862068965,1.131324101728663,-8.732133562983336,-8.732133562983336,1.131324101728663,1.3969004418148252,1.3969004418148252,0.0,0.0,14.731,82.950261
3976,2026-05-09 10:19:31.975,3.975782881002088,0.07515657620041755,ascent,56500,2026-05-09 10:20:28,2.296588,,,-7.566869664712,2.296588,0.0,0.202223431668,0.70911091508,16,5,14.731,0.0,2.296588,0.223694,0.303532161944,0.0,0.0,-1.11847,210.2,0.3,-0.1,,,0,0,1024,1024,1024,1024,0,0,0,0,205.0,0,0,56,3.685,3.682,3.682,3.684,0,0,5.631,77.9,-7.566869664712,2.296588,11,AutoTakeoff,1.357588922074397,0.41379310344827624,1.357588922074397,-8.505868742637603,-8.505868742637603,1.357588922074397,1.3969004418148243,1.3969004418148243,0.0,0.0,14.731,82.950261
4086,2026-05-09 10:19:32.086,4.086221294363257,0.07724425887265136,ascent,56600,2026-05-09 10:20:28,2.296588,,,-7.566869664712,2.296588,0.0,0.15407972934,0.76011485372,16,5,14.731,0.0,2.296588,0.223694,0.303532161944,0.0,0.0,-1.11847,210.2,0.4,-0.4,,,0,0,1024,1024,1024,1024,0,0,0,0,205.0,0,0,56,3.685,3.682,3.682,3.684,0,0,5.631,77.9,-7.566869664712,2.296588,11,AutoTakeoff,1.5838537424201293,0.48275862068965547,1.5838537424201293,-8.27960392229187,-8.27960392229187,1.5838537424201293,1.396900441814813,1.396900441814813,0.0,0.0,14.731,82.950261
4197,2026-05-09 10:19:32.196,4.196659707724426,0.07933194154488518,ascent,56700,2026-05-09 10:20:28,2.624672,,,-7.238785664712,2.296588,0.0,0.182613522904,0.79119425104,16,5,14.731,0.0,2.624672,0.223694,0.303532161944,0.0,0.0,-1.11847,210.2,0.5,-0.7,,,0,0,1024,1024,1024,1024,0,0,0,0,205.0,0,0,56,3.685,3.682,3.682,3.684,0,0,5.631,77.9,-7.238785664712,2.624672,11,AutoTakeoff,1.8101185627658614,0.5517241379310346,1.8101185627658614,-8.053339101946138,-8.053339101946138,1.8101185627658614,1.396900441814823,1.396900441814823,0.0,0.0,14.731,82.950261
4307,2026-05-09 10:19:32.307,4.307098121085595,0.081419624217119,ascent,56800,2026-05-09 10:20:28,2.624672,,,-7.238785664712,2.624672,0.0,0.1765009899,0.80971459284,16,5,14.731,0.0,2.624672,0.223694,0.303532161944,0.0,0.0,-1.11847,210.2,0.5,-0.8,,,0,0,1024,1024,1024,1024,0,0,0,0,205.0,0,0,56,3.685,3.682,3.682,3.684,0,0,5.631,77.9,-7.238785664712,2.624672,11,AutoTakeoff,2.036383383111594,0.6206896551724138,2.036383383111594,-7.827074281600406,-7.827074281600406,2.036383383111594,1.3969004418148256,1.3969004418148256,0.0,0.0,14.731,82.950261
4418,2026-05-09 10:19:32.417,4.417536534446764,0.08350730688935282,ascent,56900,2026-05-09 10:20:29,2.952756,,,-6.910701664712,2.624672,0.0,0.117729990644,0.87212273132,16,5,14.731,0.0,2.952756,0.223694,0.303532161944,0.0,0.0,-1.11847,210.2,0.5,-0.9,,,0,0,1024,1024,1024,1024,0,0,0,0,205.0,0,0,56,3.685,3.682,3.682,3.684,0,0,5.631,77.9,-6.910701664712,2.952756,11,AutoTakeoff,2.262648203457326,0.689655172413793,2.262648203457326,-7.6008094612546735,-7.6008094612546735,2.262648203457326,1.396900441814813,1.396900441814813,0.0,0.0,14.731,82.950261
4528,2026-05-09 10:19:32.527,4.527974947807933,0.08559498956158663,ascent,57000,2026-05-09 10:20:29,2.952756,,,-6.910701664712,2.952756,0.0,0.115945213684,0.88501315168,16,5,14.711,0.0,2.952756,0.223694,0.303532161944,0.0,0.0,-0.894776,210.2,0.6,-0.8,,,0,0,1024,1024,1024,1024,0,0,0,0,205.0,0,0,56,3.677,3.678,3.677,3.677,0,0,6.3,77.9,-6.910701664712,2.952756,11,AutoTakeoff,2.4889130238030583,0.7586206896551723,2.4889130238030583,-7.374544640908941,-7.374544640908941,2.4889130238030583,1.3969004418148243,1.3969004418148243,0.0,0.0,14.711,92.6793
4638,2026-05-09 10:19:32.638,4.6384133611691025,0.08768267223382047,ascent,57100,2026-05-09 10:20:29,3.28084,,,-6.582617664712,2.952756,0.0,0.119972772868,0.90778218128,16,5,14.711,0.0,3.28084,0.223694,0.303532161944,0.0,0.0,-0.894776,210.3,0.7,-0.7,,,0,0,1024,1024,1024,1024,0,0,0,0,205.0,0,0,56,3.677,3.678,3.677,3.677,0,0,6.3,77.9,-6.582617664712,3.28084,11,AutoTakeoff,2.7151778441487924,0.8275862068965519,2.7151778441487924,-7.148279820563207,-7.148279820563207,2.7151778441487924,1.3969004418148243,1.3969004418148243,0.0,0.0,14.711,92.6793
4749,2026-05-09 10:19:32.748,4.748851774530271,0.08977035490605428,ascent,57200,2026-05-09 10:20:29,3.28084,,,-6.582617664712,3.28084,0.0,0.120555121968,0.92665357296,16,5,14.711,0.0,3.28084,0.223694,0.303532161944,0.0,0.0,-0.894776,210.3,0.7,-0.6,,,0,0,1024,1024,1024,1024,0,0,0,0,205.0,0,0,56,3.677,3.678,3.677,3.677,0,0,6.3,77.9,-6.582617664712,3.28084,11,AutoTakeoff,2.9414426644945246,0.8965517241379312,2.9414426644945246,-6.922015000217475,-6.922015000217475,2.9414426644945246,1.3969004418148243,1.3969004418148243,0.0,0.0,14.711,92.6793
4859,2026-05-09 10:19:32.859,4.859290187891441,0.09185803757828812,ascent,57300,2026-05-09 10:20:29,3.608924,,,-6.254533664712,3.28084,0.0,0.15024442738,0.95785436136,16,5,14.711,0.0,3.608924,0.223694,0.303532161944,0.0,0.0,-0.894776,210.3,0.8,-0.6,,,0,0,1024,1024,1024,1024,0,0,0,0,205.0,0,0,56,3.677,3.678,3.677,3.677,0,0,6.3,77.9,-6.254533664712,3.608924,11,AutoTakeoff,3.1677074848402587,0.9655172413793109,3.1677074848402587,-6.695750179871741,-6.695750179871741,3.1677074848402587,1.3969004418148243,1.3969004418148243,0.0,0.0,14.711,92.6793
4970,2026-05-09 10:19:32.969,4.969728601252609,0.09394572025052192,ascent,57400,2026-05-09 10:20:29,3.608924,,,-6.254533664712,3.608924,0.0,0.144311356324,0.96830383676,16,5,14.711,0.0,3.608924,0.223694,0.303532161944,0.0,0.0,-1.11847,210.3,0.9,-0.6,,,0,0,1024,1024,1024,1024,0,0,0,0,205.0,0,0,56,3.677,3.678,3.677,3.677,0,0,6.3,77.9,-6.254533664712,3.608924,11,AutoTakeoff,3.3939723051859896,1.0344827586206897,3.3939723051859896,-6.46948535952601,-6.46948535952601,3.3939723051859896,1.396900441814816,1.396900441814816,0.0,0.0,14.711,92.6793
5080,2026-05-09 10:19:33.080,5.080167014613778,0.09603340292275574,ascent,57500,2026-05-09 10:20:29,3.937008,,,-5.926449664712,3.608924,0.0,0.134261159152,0.98146984768,15,5,14.711,0.0,3.937008,0.223694,0.303532161944,0.0,0.0,-0.894776,210.3,1.0,-0.4,,,0,0,1024,1024,1024,1024,0,0,0,0,205.0,0,0,56,3.677,3.678,3.677,3.677,0,0,6.3,77.9,-5.926449664712,3.937008,11,AutoTakeoff,3.620237125531722,1.103448275862069,3.620237125531722,-6.243220539180278,-6.243220539180278,3.620237125531722,1.3969004418148243,1.3969004418148243,0.0,0.0,14.711,92.6793
5191,2026-05-09 10:19:33.190,5.190605427974948,0.09812108559498957,ascent,57600,2026-05-09 10:20:29,3.937008,,,-5.926449664712,3.937008,0.0,0.09380577728,1.0239009514,15,5,14.711,0.0,3.937008,0.223694,0.303532161944,0.0,0.0,-0.447388,210.3,1.2,-0.3,,,0,0,1024,1024,1024,1024,0,0,0,0,205.0,0,0,56,3.677,3.678,3.677,3.677,0,0,6.3,77.9,-5.926449664712,3.937008,6,P-GPS,3.846501945877455,1.1724137931034484,3.846501945877455,-6.016955718834545,-6.016955718834545,3.846501945877455,1.3969004418148185,1.3969004418148185,0.0,0.0,14.711,92.6793
5301,2026-05-09 10:19:33.301,5.301043841336117,0.10020876826722339,ascent,57700,2026-05-09 10:20:29,3.937008,,,-5.926449664712,3.937008,0.0,0.10035597434,1.05107942996,14,5,14.711,0.0,3.937008,0.223694,0.303532161944,0.0,0.0,0.0,210.1,1.2,-0.2,,,0,0,1024,1024,1024,1024,0,0,0,0,205.0,0,0,56,3.677,3.678,3.677,3.677,0,0,6.3,77.9,-5.926449664712,3.937008,6,P-GPS,4.072766766223188,1.2413793103448276,4.072766766223188,-5.790690898488812,-5.790690898488812,4.072766766223188,1.3969004418148157,1.3969004418148157,0.0,0.0,14.711,92.6793
5411,2026-05-09 10:19:33.411,5.411482254697287,0.10229645093945722,ascent,57800,2026-05-09 10:20:29,3.937008,,,-5.926449664712,3.937008,0.0,0.098791341744,1.05622050624,14,5,14.711,0.0,3.937008,0.223694,0.303532161944,0.0,0.0,0.0,210.1,1.0,-0.2,,,0,0,1024,1024,1024,1024,0,0,0,0,205.0,0,0,56,3.677,3.678,3.677,3.677,0,0,6.3,77.9,-5.926449664712,3.937008,6,P-GPS,4.299031586568922,1.3103448275862073,4.299031586568922,-5.564426078143078,-5.564426078143078,4.299031586568922,1.3969004418148243,1.3969004418148243,0.0,0.0,14.711,92.6793
5522,2026-05-09 10:19:33.521,5.5219206680584545,0.10438413361169102,ascent,57900,2026-05-09 10:20:30,3.937008,,,-5.926449664712,3.937008,0.0,0.117261814776,1.07940620252,14,5,14.711,0.0,3.937008,0.223694,0.303532161944,0.0,0.0,0.0,210.0,0.8,-0.3,,,0,0,1024,1024,1024,1024,0,0,0,0,205.0,0,0,56,3.677,3.678,3.677,3.677,0,0,6.3,77.9,-5.926449664712,3.937008,6,P-GPS,4.525296406914652,1.379310344827586,4.525296406914652,-5.338161257797347,-5.338161257797347,4.525296406914652,1.3969004418148245,1.3969004418148245,0.0,0.0,14.711,92.6793
5632,2026-05-09 10:19:33.632,5.632359081419624,0.10647181628392484,ascent,58000,2026-05-09 10:20:30,3.937008,,,-5.926449664712,3.608924,0.0,0.12213090942,1.08726709516,14,5,14.707,0.0,3.937008,0.223694,0.303532161944,0.0,0.0,0.0,209.8,0.6,-0.5,,,0,0,1152,1024,1024,1024,19,0,0,0,205.0,0,0,56,3.676,3.683,3.698,3.698,0,0,6.374,77.9,-5.926449664712,3.937008,6,P-GPS,4.751561227260384,1.4482758620689653,4.751561227260384,-5.111896437451615,-5.111896437451615,4.751561227260384,1.396900441814813,1.396900441814813,0.0,0.0,14.707,93.742418
5743,2026-05-09 10:19:33.742,5.742797494780794,0.10855949895615867,ascent,58100,2026-05-09 10:20:30,3.937008,,,-5.926449664712,3.608924,0.0,0.136160437428,1.10484911672,14,5,14.707,0.0,3.937008,0.223694,0.303532161944,0.0,0.0,0.0,209.8,0.5,-0.7,,,0,0,1279,1024,1024,1024,39,0,0,0,205.0,0,0,56,3.676,3.683,3.698,3.698,0,0,6.374,77.9,-5.926449664712,3.937008,6,P-GPS,4.977826047606119,1.5172413793103452,4.977826047606119,-4.88563161710588,-4.88563161710588,4.977826047606119,1.3969004418148296,1.3969004418148296,0.0,0.0,14.707,93.742418
5853,2026-05-09 10:19:33.853,5.853235908141962,0.11064718162839249,ascent,58200,2026-05-09 10:20:30,3.937008,,,-5.926449664712,3.937008,0.0,0.143895673896,1.11453743724,14,5,14.707,0.0,3.937008,0.223694,0.303532161944,0.0,0.0,0.0,209.8,0.2,-0.8,,,0,0,1325,1024,1024,1024,46,0,0,0,205.0,0,0,56,3.676,3.683,3.698,3.698,0,0,6.374,77.9,-5.926449664712,3.937008,6,P-GPS,5.204090867951852,1.5862068965517244,5.204090867951852,-4.659366796760148,-4.659366796760148,5.204090867951852,1.3969004418148243,1.3969004418148243,0.0,0.0,14.707,93.742418
5964,2026-05-09 10:19:33.963,5.963674321503132,0.11273486430062632,ascent,58300,2026-05-09 10:20:30,3.937008,,,-5.926449664712,3.608924,0.0,0.142146001924,1.12647969484,14,5,14.707,0.0,3.937008,0.223694,0.303532161944,0.0,0.0,0.0,209.8,-0.9,-0.9,,,0,0,1083,1024,1024,1024,9,0,0,0,205.0,0,0,56,3.676,3.683,3.698,3.698,0,0,6.374,77.9,-5.926449664712,3.937008,6,P-GPS,5.430355688297585,1.6551724137931039,5.430355688297585,-4.433101976414415,-4.433101976414415,5.430355688297585,1.3969004418148185,1.3969004418148185,0.0,0.0,14.707,93.742418
6074,2026-05-09 10:19:34.074,6.0741127348643005,0.11482254697286012,ascent,58400,2026-05-09 10:20:30,3.937008,,,-5.926449664712,3.608924,0.0,0.143557091208,1.1343012174,14,5,14.707,0.0,3.937008,0.223694,0.303532161944,0.0,0.0,0.0,209.7,-2.8,-0.7,,,0,0,1024,1024,1024,1024,0,0,0,0,205.0,0,0,56,3.676,3.683,3.698,3.698,0,0,6.374,77.9,-5.926449664712,3.937008,6,P-GPS,5.656620508643315,1.7241379310344827,5.656620508643315,-4.206837156068684,-4.206837156068684,5.656620508643315,1.3969004418148134,1.3969004418148134,0.0,0.0,14.707,93.742418
6185,2026-05-09 10:19:34.184,6.184551148225469,0.11691022964509394,ascent,58500,2026-05-09 10:20:30,3.937008,,,-5.926449664712,3.608924,0.0,0.145229991524,1.17690948648,14,5,14.707,0.0,3.937008,0.223694,0.303532161944,0.0,0.0,0.0,209.8,-2.5,-0.7,,,0,0,1024,1024,1024,1024,0,0,0,0,205.0,0,0,56,3.676,3.683,3.698,3.698,0,0,6.374,77.9,-5.926449664712,3.937008,6,P-GPS,5.8828853289890475,1.7931034482758617,5.8828853289890475,-3.980572335722952,-3.980572335722952,5.8828853289890475,1.3969004418148243,1.3969004418148243,0.0,0.0,14.707,93.742418
6295,2026-05-09 10:19:34.294,6.294989561586639,0.11899791231732777,ascent,58600,2026-05-09 10:20:30,3.937008,,,-5.926449664712,3.937008,0.223694,0.153555451108,1.22095476348,14,5,14.707,0.0,3.937008,0.223694,0.303532161944,-0.223694,0.0,0.0,209.9,-0.9,-0.7,,,0,0,1024,1024,1024,1024,0,0,0,0,205.0,0,0,56,3.676,3.683,3.698,3.698,0,0,6.374,77.9,-5.926449664712,3.937008,6,P-GPS,6.1091501493347815,1.8620689655172415,6.1091501493347815,-3.754307515377218,-3.754307515377218,6.1091501493347815,1.3969004418148243,1.4146977945760895,0.0,0.0,14.707,93.742418
6405,2026-05-09 10:19:34.405,6.405427974947808,0.12108559498956159,ascent,58700,2026-05-09 10:20:30,3.937008,,,-5.926449664712,3.937008,0.223694,0.19386319518,1.28724741652,14,5,14.707,0.0,3.937008,0.223694,0.303532161944,-0.223694,0.0,0.0,210.0,0.1,-0.7,,,0,0,1024,1024,1024,1024,0,0,0,0,205.0,0,0,56,3.676,3.683,3.698,3.698,0,0,6.374,77.9,-5.926449664712,3.937008,6,P-GPS,6.335414969680514,1.9310344827586208,6.335414969680514,-3.528042695031486,-3.528042695031486,6.335414969680514,1.396900441814813,1.4146977945760781,0.0,0.0,14.707,93.742418
6516,2026-05-09 10:19:34.515,6.515866388308978,0.12317327766179542,ascent,58800,2026-05-09 10:20:30,3.937008,,,-5.926449664712,3.608924,0.3131716,0.248583013204,1.35186027948,14,5,14.707,0.0,3.937008,0.3131716,0.303532161944,-0.223694,-0.223694,0.0,210.0,1.0,-0.8,,,0,0,1245,1024,1024,1024,33,0,0,0,205.0,0,0,56,3.676,3.683,3.698,3.698,0,0,6.374,77.9,-5.926449664712,3.937008,6,P-GPS,6.561679790026248,2.0000000000000004,6.561679790026248,-3.301777874685752,-3.301777874685752,6.561679790026248,1.3969004418148243,1.4322740155481601,0.0,0.0,14.707,93.742418
6626,2026-05-09 10:19:34.626,6.626304801670146,0.12526096033402923,ascent,58900,2026-05-09 10:20:31,3.937008,,,-5.926449664712,3.608924,0.223694,0.33433728104,1.46973101816,14,5,14.707,0.0,3.937008,0.3131716,0.33433728104,-0.223694,0.0,0.0,210.0,1.5,-0.8,,,0,0,1284,1024,1024,1024,39,0,0,0,205.0,0,0,56,3.676,3.683,3.698,3.698,0,0,6.374,77.9,-5.926449664712,3.937008,6,P-GPS,6.787944610371979,2.0689655172413794,6.787944610371979,-3.0755130543400204,-3.0755130543400204,6.787944610371979,1.39690044181483,1.4146977945760952,0.0,0.0,14.707,93.742418
6737,2026-05-09 10:19:34.736,6.736743215031315,0.12734864300626306,ascent,59000,2026-05-09 10:20:31,3.937008,,,-5.926449664712,3.608924,0.223694,0.37645670496,1.518044668,14,5,14.706,0.0,3.937008,0.3131716,0.37645670496,-0.223694,0.0,0.0,210.1,0.8,-0.7,,,0,0,1024,1024,1024,1024,0,0,0,0,205.0,0,0,56,3.678,3.677,3.677,3.676,0,0,6.21,78.08,-5.926449664712,3.937008,6,P-GPS,7.014209430717712,2.137931034482759,7.014209430717712,-2.8492482339942873,-2.8492482339942873,7.014209430717712,1.3969004418148185,1.4146977945760837,0.0,0.0,14.706,91.32426
6847,2026-05-09 10:19:34.847,6.847181628392486,0.1294363256784969,ascent,59100,2026-05-09 10:20:31,3.937008,,,-5.926449664712,3.608924,0.223694,0.40055447476,1.56864178248,14,5,14.706,0.0,3.937008,0.3131716,0.40055447476,-0.223694,0.0,0.0,210.0,-0.8,-0.5,,,0,0,1024,1024,1024,1024,0,0,0,0,205.0,0,0,56,3.678,3.677,3.677,3.676,0,0,6.21,78.08,-5.926449664712,3.937008,6,P-GPS,7.240474251063445,2.2068965517241383,7.240474251063445,-2.622983413648554,-2.622983413648554,7.240474251063445,1.3969004418148072,1.4146977945760726,0.0,0.0,14.706,91.32426
6958,2026-05-09 10:19:34.957,6.957620041753653,0.1315240083507307,ascent,59200,2026-05-09 10:20:31,3.937008,,,-5.926449664712,3.608924,0.223694,0.46444555292,1.63882551176,14,5,14.706,0.0,3.937008,0.3131716,0.46444555292,-0.223694,0.0,0.0,210.0,-0.6,-0.4,,,0,0,1024,1024,1024,1024,0,0,0,0,205.0,0,0,56,3.678,3.677,3.677,3.676,0,0,6.21,78.08,-5.926449664712,3.937008,6,P-GPS,7.466739071409177,2.2758620689655173,7.466739071409177,-2.3967185933028228,-2.3967185933028228,7.466739071409177,1.39690044181483,1.4146977945760952,0.0,0.0,14.706,91.32426
7068,2026-05-09 10:19:35.068,7.068058455114823,0.13361169102296452,ascent,59300,2026-05-09 10:20:31,3.937008,,,-5.926449664712,3.608924,0.223694,0.51576773304,1.69589572356,14,5,14.706,0.0,3.937008,0.3131716,0.51576773304,-0.223694,0.0,0.0,210.1,0.1,-0.3,,,0,0,1024,1024,1024,1024,0,0,0,0,205.0,0,0,56,3.678,3.677,3.677,3.676,0,0,6.21,78.08,-5.926449664712,3.937008,6,P-GPS,7.69300389175491,2.344827586206897,7.69300389175491,-2.1704537729570896,-2.1704537729570896,7.69300389175491,1.3969004418148185,1.4146977945760837,0.0,0.0,14.706,91.32426
7178,2026-05-09 10:19:35.178,7.1784968684759916,0.13569937369519833,ascent,59400,2026-05-09 10:20:31,3.937008,,,-5.926449664712,3.608924,0.223694,0.57605644888,1.76372709056,14,5,14.706,0.0,3.937008,0.3131716,0.57605644888,-0.223694,0.0,0.0,210.1,1.1,-0.2,,,0,0,1024,1024,1139,1024,0,0,17,0,205.0,0,0,56,3.678,3.677,3.677,3.676,0,0,6.21,78.08,-5.926449664712,3.937008,6,P-GPS,7.919268712100641,2.413793103448276,7.919268712100641,-1.9441889526113583,-1.9441889526113583,7.919268712100641,1.3969004418148188,1.414697794576084,0.0,0.0,14.706,91.32426
7289,2026-05-09 10:19:35.288,7.288935281837161,0.13778705636743216,ascent,59500,2026-05-09 10:20:31,3.937008,,,-5.926449664712,3.937008,0.223694,0.64900920712,1.84555780184,14,5,14.706,0.0,3.937008,0.3131716,0.64900920712,-0.223694,0.0,0.0,210.0,1.6,-0.1,,,0,0,1024,1024,1495,1024,0,0,71,0,205.0,0,0,56,3.678,3.677,3.677,3.676,0,0,6.21,78.08,-5.926449664712,3.937008,6,P-GPS,8.145533532446375,2.4827586206896552,8.145533532446375,-1.7179241322656242,-1.7179241322656242,8.145533532446375,1.3969004418148243,1.4146977945760895,0.0,0.0,14.706,91.32426
7399,2026-05-09 10:19:35.399,7.399373695198331,0.139874739039666,ascent,59600,2026-05-09 10:20:31,3.937008,,,-5.926449664712,3.937008,0.223694,0.70829070508,1.9092684338,14,5,14.706,0.0,3.937008,0.3131716,0.70829070508,-0.223694,0.0,0.0,210.0,1.7,-0.1,,,0,0,1024,1024,1563,1024,0,0,82,0,205.0,0,0,56,3.678,3.677,3.677,3.676,0,0,6.21,78.08,-5.926449664712,3.937008,6,P-GPS,8.37179835279211,2.551724137931035,8.37179835279211,-1.4916593119198893,-1.4916593119198893,8.37179835279211,1.3969004418148296,1.4146977945760948,0.0,0.0,14.706,91.32426
7510,2026-05-09 10:19:35.509,7.509812108559499,0.1419624217118998,ascent,59700,2026-05-09 10:20:31,4.265092,,,-5.598365664712,3.937008,0.223694,0.7350886062,1.93696856592,14,5,14.706,0.0,4.265092,0.3131716,0.7350886062,-0.223694,0.0,-1.11847,210.0,1.3,-0.1,,,0,0,1024,1024,1556,1024,0,0,81,0,205.0,0,0,56,3.678,3.677,3.677,3.676,0,0,6.21,78.08,-5.598365664712,4.265092,6,P-GPS,8.59806317313784,2.6206896551724137,8.59806317313784,-1.2653944915741597,-1.2653944915741597,8.59806317313784,1.3969004418148079,1.4146977945760733,0.0,0.0,14.706,91.32426
7620,2026-05-09 10:19:35.620,7.620250521920669,0.14405010438413363,ascent,59800,2026-05-09 10:20:31,4.593176,,,-5.270281664712,4.265092,0.223694,0.77248033968,1.97479008944,14,5,14.706,0.0,4.593176,0.3131716,0.77248033968,-0.223694,0.0,-2.23694,210.0,1.2,-0.1,,,0,0,1024,1024,1534,1024,0,0,77,0,205.0,0,0,56,3.678,3.677,3.677,3.676,0,0,6.21,78.08,-5.270281664712,4.593176,6,P-GPS,8.824327993483575,2.6896551724137936,8.824327993483575,-1.0391296712284248,-1.0391296712284248,8.824327993483575,1.3969004418148296,1.4146977945760948,0.0,0.0,14.706,91.32426
7731,2026-05-09 10:19:35.730,7.730688935281837,0.14613778705636743,ascent,59900,2026-05-09 10:20:32,4.92126,,,-4.942197664712,4.593176,0.0,0.83698493492,2.03937998652,14,5,14.706,0.0,4.92126,0.3131716,0.83698493492,0.0,0.0,-3.35541,210.0,1.6,0.0,,,0,0,1024,1024,1511,1024,0,0,74,0,205.0,0,0,56,3.678,3.677,3.677,3.676,0,0,6.21,78.08,-4.942197664712,4.92126,6,P-GPS,9.050592813829304,2.758620689655172,9.050592813829304,-0.8128648508826952,-0.8128648508826952,9.050592813829304,1.396900441814819,1.396900441814819,0.0,0.0,14.706,91.32426
7841,2026-05-09 10:19:35.841,7.841127348643006,0.14822546972860126,ascent,60000,2026-05-09 10:20:32,5.577428,,,-4.286029664712,5.249344,0.0,0.85848427944,2.06105977724,14,5,14.706,0.0,5.577428,0.3131716,0.85848427944,0.0,0.0,-4.697574,210.0,1.7,0.1,,,0,0,1024,1024,1481,1024,0,0,69,0,205.0,0,0,55,3.676,3.637,3.635,3.627,0,0,6.186,78.08,-4.286029664712,5.577428,6,P-GPS,9.27685763417504,2.827586206896552,9.27685763417504,-0.5866000305369603,-0.5866000305369603,9.27685763417504,1.3969004418148296,1.3969004418148296,0.0,0.0,14.706,90.971316
7952,2026-05-09 10:19:35.951,7.951565762004176,0.1503131524008351,ascent,60100,2026-05-09 10:20:32,6.56168,,,-3.301777664712,5.905512,0.0,0.8642880854,2.06787736276,14,5,14.706,0.0,6.56168,0.3131716,0.8642880854,0.0,0.0,-5.816044,210.0,1.4,-0.1,,,0,0,1024,1024,1370,1024,0,0,52,0,205.0,0,0,55,3.676,3.637,3.635,3.627,0,0,6.186,78.08,-3.301777664712,6.56168,6,P-GPS,9.503122454520772,2.8965517241379315,9.503122454520772,-0.36033521019122716,-0.36033521019122716,9.503122454520772,1.3969004418148185,1.3969004418148185,0.0,0.0,14.706,90.971316
8062,2026-05-09 10:19:36.062,8.062004175365344,0.1524008350730689,ascent,60200,2026-05-09 10:20:32,7.545932,,,-2.317525664712,6.56168,0.0,0.86706367604,2.07341213984,14,5,14.706,0.0,7.545932,0.3131716,0.86706367604,0.0,0.0,-6.263432,210.1,1.3,-0.3,,,0,0,1024,1024,1114,1024,0,0,14,0,205.0,0,0,55,3.676,3.637,3.635,3.627,0,0,6.186,78.08,-2.317525664712,7.545932,6,P-GPS,9.729387274866504,2.9655172413793105,9.729387274866504,-0.1340703898454958,-0.1340703898454958,9.729387274866504,1.39690044181483,1.39690044181483,0.0,0.0,14.706,90.971316
8172,2026-05-09 10:19:36.172,8.172442588726515,0.15448851774530273,ascent,60300,2026-05-09 10:20:32,8.530184,,,-1.333273664712,7.545932,0.0,0.86374346596,2.081528938,14,5,14.706,0.0,8.530184,0.3131716,0.86706367604,0.0,0.0,-5.816044,210.0,1.3,-0.3,,,0,0,1024,1024,1024,1024,0,0,0,0,205.0,0,0,55,3.676,3.637,3.635,3.627,0,0,6.186,78.08,-1.333273664712,8.530184,6,P-GPS,9.955652095212239,3.0344827586206904,9.955652095212239,0.09219443050023912,0.09219443050023912,9.955652095212239,1.396900441814807,1.396900441814807,0.0,0.0,14.706,90.971316
8283,2026-05-09 10:19:36.282,8.282881002087683,0.15657620041753653,ascent,60400,2026-05-09 10:20:32,9.186352,,,-0.677105664712,8.2021,0.0,0.85716210092,2.08849416132,14,5,14.706,0.0,9.186352,0.3131716,0.86706367604,0.0,0.0,-4.921268,209.9,1.2,-0.4,,,0,0,1024,1024,1024,1024,0,0,0,0,205.0,0,0,55,3.676,3.637,3.635,3.627,0,0,6.186,78.08,-0.677105664712,9.186352,6,P-GPS,10.181916915557968,3.103448275862069,10.181916915557968,0.3184592508459687,0.3184592508459687,10.181916915557968,1.396900441814819,1.396900441814819,0.0,0.0,14.706,90.971316
8393,2026-05-09 10:19:36.393,8.393319415448852,0.15866388308977036,ascent,60500,2026-05-09 10:20:32,9.84252,,,-0.020937664712001,8.858268,0.0,0.8623359856,2.09746397788,14,5,14.706,0.0,9.84252,0.3131716,0.86706367604,0.0,0.0,-3.802798,209.9,1.0,-0.3,,,0,0,1024,1024,1024,1024,0,0,0,0,205.0,0,0,55,3.676,3.637,3.635,3.627,0,0,6.186,78.08,-0.020937664712001,9.84252,6,P-GPS,10.408181735903703,3.172413793103449,10.408181735903703,0.5447240711917036,0.5447240711917036,10.408181735903703,1.3969004418148296,1.3969004418148296,0.0,0.0,14.706,90.971316
8504,2026-05-09 10:19:36.503,8.503757828810022,0.1607515657620042,ascent,60600,2026-05-09 10:20:32,10.170604,,,0.307146335288,8.858268,0.0,0.86273624808,2.1008694898,14,5,14.706,0.307146335288,10.170604,0.3131716,0.86706367604,0.0,0.0,-2.684328,209.8,1.0,-0.3,,,0,0,1024,1024,1024,1024,0,0,0,0,205.0,0,0,55,3.676,3.637,3.635,3.627,0,0,6.186,78.08,0.307146335288,10.170604,6,P-GPS,10.634446556249435,3.241379310344828,10.634446556249435,0.770988891537435,0.770988891537435,10.634446556249435,1.3969004418148077,1.3969004418148077,0.0,0.0,14.706,90.971316
8614,2026-05-09 10:19:36.614,8.61419624217119,0.162839248434238,ascent,60700,2026-05-09 10:20:32,10.498688,,,0.635230335288,9.186352,0.0,0.8608432034,2.11563983148,15,5,14.706,0.635230335288,10.498688,0.3131716,0.86706367604,0.0,0.0,-1.342164,209.7,1.2,-0.3,,,0,0,1024,1024,1024,1024,0,0,0,0,205.0,0,0,55,3.676,3.637,3.635,3.627,0,0,6.186,78.08,0.635230335288,10.498688,6,P-GPS,10.860711376595166,3.310344827586207,10.860711376595166,0.9972537118831664,0.9972537118831664,10.860711376595166,1.39690044181483,1.39690044181483,0.0,0.0,14.706,90.971316
8725,2026-05-09 10:19:36.724,8.724634655532359,0.16492693110647183,ascent,60800,2026-05-09 10:20:32,10.826772,,,0.963314335288,8.858268,0.0,0.8718996342,2.12735571112,15,5,14.706,0.963314335288,10.826772,0.3131716,0.8718996342,0.0,0.0,-0.447388,209.6,1.0,-0.2,,,0,0,1024,1024,1024,1024,0,0,0,0,205.0,0,0,55,3.676,3.637,3.635,3.627,0,0,6.186,78.08,0.963314335288,10.826772,6,P-GPS,11.086976196940899,3.3793103448275863,11.086976196940899,1.2235185322288995,1.2235185322288995,11.086976196940899,1.3969004418148185,1.3969004418148185,0.0,0.0,14.706,90.971316
8835,2026-05-09 10:19:36.835,8.835073068893529,0.16701461377870563,ascent,60900,2026-05-09 10:20:33,10.826772,,,0.963314335288,8.858268,0.0,0.88278546132,2.1382710658,15,5,14.706,0.963314335288,10.826772,0.3131716,0.88278546132,0.0,0.0,0.0,209.6,0.8,-0.3,,,0,0,1024,1024,1024,1024,0,0,0,0,205.0,0,0,55,3.676,3.637,3.635,3.627,0,0,6.186,78.08,0.963314335288,10.826772,6,P-GPS,11.31324101728663,3.4482758620689653,11.31324101728663,1.4497833525746309,1.4497833525746309,11.31324101728663,1.3969004418148077,1.3969004418148077,0.0,0.0,14.706,90.971316
8946,2026-05-09 10:19:36.945,8.945511482254698,0.16910229645093947,ascent,61000,2026-05-09 10:20:33,10.826772,,,0.963314335288,8.858268,0.0,0.89237863748,2.17758537152,15,5,14.802,0.963314335288,10.826772,0.3131716,0.89237863748,0.0,0.0,0.0,209.6,0.8,-0.6,,,0,0,1024,1024,1376,1024,0,0,53,0,205.0,0,0,55,3.674,3.682,3.684,3.683,0,0,7.063,78.26,0.963314335288,10.826772,6,P-GPS,11.539505837632364,3.5172413793103448,11.539505837632364,1.676048172920364,1.676048172920364,11.539505837632364,1.3969004418148185,1.3969004418148185,0.0,0.0,14.802,104.546526
9056,2026-05-09 10:19:37.055,9.055949895615866,0.17118997912317327,ascent,61100,2026-05-09 10:20:33,10.826772,,,0.963314335288,8.858268,0.0,0.90724084268,2.20035440112,15,5,14.802,0.963314335288,10.826772,0.3131716,0.90724084268,0.0,0.0,0.0,209.7,0.9,-0.9,,,0,0,1024,1024,1518,1024,0,0,75,0,205.0,0,0,55,3.674,3.682,3.684,3.683,0,0,7.063,78.26,0.963314335288,10.826772,6,P-GPS,11.765770657978095,3.5862068965517233,11.765770657978095,1.9023129932660954,1.9023129932660954,11.765770657978095,1.39690044181483,1.39690044181483,0.0,0.0,14.802,104.546526
9166,2026-05-09 10:19:37.166,9.166388308977037,0.17327766179540713,ascent,61200,2026-05-09 10:20:33,10.826772,,,0.963314335288,8.530184,0.0,0.9111220764,2.23199482208,15,5,14.802,0.963314335288,10.826772,0.3131716,0.9111220764,0.0,0.0,-0.223694,209.7,1.0,-1.3,,,0,0,1024,1024,1522,1024,0,0,75,0,205.0,0,0,55,3.674,3.682,3.684,3.683,0,0,7.063,78.26,0.963314335288,10.826772,6,P-GPS,11.992035478323833,3.6551724137931045,11.992035478323833,2.128577813611834,2.128577813611834,11.992035478323833,1.396900441814829,1.396900441814829,0.0,0.0,14.802,104.546526
9277,2026-05-09 10:19:37.276,9.276826722338205,0.17536534446764093,ascent,61300,2026-05-09 10:20:33,10.826772,,,0.963314335288,8.858268,0.0,0.91987535752,2.2534613582,15,5,14.802,0.963314335288,10.826772,0.3131716,0.91987535752,0.0,0.0,-1.11847,209.6,0.9,-1.4,,,0,0,1024,1024,1518,1024,0,0,75,0,205.0,0,0,55,3.674,3.682,3.684,3.683,0,0,7.063,78.26,0.963314335288,10.826772,6,P-GPS,12.218300298669563,3.724137931034483,12.218300298669563,2.3548426339575634,2.3548426339575634,12.218300298669563,1.396900441814819,1.396900441814819,0.0,0.0,14.802,104.546526
9387,2026-05-09 10:19:37.387,9.387265135699373,0.17745302713987474,ascent,61400,2026-05-09 10:20:33,11.154856,,,1.291398335288,9.186352,0.0,0.90977365116,2.27174219868,15,5,14.802,1.291398335288,11.154856,0.3131716,0.91987535752,0.0,0.0,-2.23694,209.6,0.9,-1.2,,,0,0,1024,1024,1435,1024,0,0,62,0,205.0,0,0,55,3.674,3.682,3.684,3.683,0,0,7.063,78.26,1.291398335288,11.154856,6,P-GPS,12.444565119015294,3.793103448275862,12.444565119015294,2.581107454303295,2.581107454303295,12.444565119015294,1.39690044181483,1.39690044181483,0.0,0.0,14.802,104.546526
9498,2026-05-09 10:19:37.497,9.497703549060542,0.17954070981210857,ascent,61500,2026-05-09 10:20:33,11.48294,,,1.619482335288,9.186352,0.0,0.9003773254,2.28721135928,15,5,14.802,1.619482335288,11.48294,0.3131716,0.91987535752,0.0,0.0,-3.35541,209.7,0.7,-0.9,,,0,0,1024,1024,1435,1024,0,0,62,0,205.0,0,0,55,3.674,3.682,3.684,3.683,0,0,7.063,78.26,1.619482335288,11.48294,6,P-GPS,12.670829939361028,3.8620689655172415,12.670829939361028,2.807372274649028,2.807372274649028,12.670829939361028,1.3969004418148185,1.3969004418148185,0.0,0.0,14.802,104.546526
9608,2026-05-09 10:19:37.608,9.608141962421712,0.18162839248434237,ascent,61600,2026-05-09 10:20:33,12.139108,,,2.275650335288,9.514436,0.0,0.85488519796,2.33646332936,15,5,14.802,2.275650335288,12.139108,0.3131716,0.91987535752,0.0,0.0,-4.47388,209.7,0.6,-1.3,,,0,0,1024,1024,1024,1024,0,0,0,0,205.0,0,0,55,3.674,3.682,3.684,3.683,0,0,7.063,78.26,2.275650335288,12.139108,6,P-GPS,12.897094759706759,3.93103448275862,12.897094759706759,3.0336370949947593,3.0336370949947593,12.897094759706759,1.3969004418148077,1.3969004418148077,0.0,0.0,14.802,104.546526
9719,2026-05-09 10:19:37.718,9.718580375782881,0.18371607515657623,ascent,61700,2026-05-09 10:20:33,13.12336,,,3.259902335288,9.514436,0.0,0.84187666736,2.35081372352,15,5,14.802,3.259902335288,13.12336,0.3131716,0.91987535752,0.0,0.0,-4.697574,209.7,0.9,-1.8,,,0,0,1024,1024,1024,1024,0,0,0,0,205.0,0,0,55,3.674,3.682,3.684,3.683,0,0,7.063,78.26,3.259902335288,13.12336,6,P-GPS,13.123359580052496,4.000000000000001,13.123359580052496,3.259901915340496,3.259901915340496,13.123359580052496,1.3969004418148405,1.3969004418148405,0.0,0.0,14.802,104.546526
9829,2026-05-09 10:19:37.829,9.829018789144051,0.18580375782881003,ascent,61800,2026-05-09 10:20:33,13.779528,,,3.916070335288,9.84252,0.0,0.86339241608,2.38516739916,15,5,14.802,3.916070335288,13.779528,0.3131716,0.91987535752,0.0,0.0,-3.802798,209.7,1.1,-1.5,,,0,0,1024,1024,1024,1024,0,0,0,0,205.0,0,0,55,3.674,3.682,3.684,3.683,0,0,7.063,78.26,3.916070335288,13.779528,6,P-GPS,13.349624400398225,4.068965517241379,13.349624400398225,3.4861667356862256,3.4861667356862256,13.349624400398225,1.3969004418147968,1.3969004418147968,0.0,0.0,14.802,104.546526
9939,2026-05-09 10:19:37.939,9.939457202505219,0.18789144050104384,ascent,61900,2026-05-09 10:20:34,14.107612,,,4.244154335288,10.170604,0.0,0.88055449012,2.41311359428,15,5,14.802,4.244154335288,14.107612,0.3131716,0.91987535752,0.0,0.0,-2.684328,209.6,1.3,-1.5,,,0,0,1024,1024,1024,1024,0,0,0,0,205.0,0,0,55,3.674,3.682,3.684,3.683,0,0,7.063,78.26,4.244154335288,14.107612,6,P-GPS,13.575889220743958,4.137931034482759,13.575889220743958,3.7124315560319587,3.7124315560319587,13.575889220743958,1.3969004418148412,1.3969004418148412,0.0,0.0,14.802,104.546526
10050,2026-05-09 10:19:38.049,10.049895615866388,0.18997912317327767,ascent,62000,2026-05-09 10:20:34,14.435696,,,4.572238335288,10.826772,0.0,0.8998359868,2.43791346384,15,5,14.522,4.572238335288,14.435696,0.3131716,0.91987535752,0.0,0.0,-1.565858,209.6,1.1,-1.7,,,0,0,1024,1024,1024,1024,0,0,0,0,205.0,0,0,55,3.678,3.676,3.674,3.673,0,0,7.123,78.26,4.572238335288,14.435696,6,P-GPS,13.80215404108969,4.206896551724138,13.80215404108969,3.93869637637769,3.93869637637769,13.80215404108969,1.3969004418148077,1.3969004418148077,0.0,0.0,14.522,103.440206
10160,2026-05-09 10:19:38.160,10.160334029227556,0.19206680584551147,ascent,62100,2026-05-09 10:20:34,14.76378,,,4.900322335288,10.498688,0.0,0.87540685216,2.46237212604,15,5,14.522,4.900322335288,14.76378,0.3131716,0.91987535752,0.0,0.0,-0.671082,209.6,0.8,-1.6,,,0,0,1024,1024,1024,1024,0,0,0,0,205.0,0,0,55,3.678,3.676,3.674,3.673,0,0,7.123,78.26,4.900322335288,14.76378,6,P-GPS,14.028418861435423,4.275862068965517,14.028418861435423,4.164961196723423,4.164961196723423,14.028418861435423,1.3969004418148412,1.3969004418148412,0.0,0.0,14.522,103.440206
10271,2026-05-09 10:19:38.270,10.270772442588727,0.19415448851774533,ascent,62200,2026-05-09 10:20:34,14.76378,,,4.900322335288,10.498688,0.0,0.79664700712,2.54259522572,15,5,14.522,4.900322335288,14.76378,0.3131716,0.91987535752,0.0,0.0,-0.223694,209.6,0.5,-1.2,,,0,0,1024,1024,1024,1024,0,0,0,0,205.0,0,0,55,3.678,3.676,3.674,3.673,0,0,7.123,78.26,4.900322335288,14.76378,6,P-GPS,14.25468368178116,4.344827586206898,14.25468368178116,4.39122601706916,4.39122601706916,14.25468368178116,1.396900441814818,1.396900441814818,0.0,0.0,14.522,103.440206
10381,2026-05-09 10:19:38.381,10.381210855949895,0.19624217118997914,ascent,62300,2026-05-09 10:20:34,14.76378,,,4.900322335288,10.170604,0.0,0.77715553668,2.56976386176,15,5,14.522,4.900322335288,14.76378,0.3131716,0.91987535752,0.0,0.0,0.0,209.6,0.3,-0.7,,,0,0,1024,1024,1024,1024,0,0,0,0,205.0,0,0,55,3.678,3.676,3.674,3.673,0,0,7.123,78.26,4.900322335288,14.76378,6,P-GPS,14.480948502126889,4.413793103448276,14.480948502126889,4.6174908374148895,4.6174908374148895,14.480948502126889,1.396900441814819,1.396900441814819,0.0,0.0,14.522,103.440206
10492,2026-05-09 10:19:38.491,10.491649269311065,0.19832985386221294,ascent,62400,2026-05-09 10:20:34,14.76378,,,4.900322335288,10.498688,0.0,0.83266406864,2.62562016276,15,5,14.522,4.900322335288,14.76378,0.3131716,0.91987535752,0.0,0.0,0.0,209.6,0.4,-0.2,,,0,0,1024,1024,1024,1024,0,0,0,0,205.0,0,0,55,3.678,3.676,3.674,3.673,0,0,7.123,78.26,4.900322335288,14.76378,6,P-GPS,14.707213322472619,4.482758620689655,14.707213322472619,4.843755657760619,4.843755657760619,14.707213322472619,1.3969004418147968,1.3969004418147968,0.0,0.0,14.522,103.440206
10602,2026-05-09 10:19:38.602,10.602087682672234,0.20041753653444677,ascent,62500,2026-05-09 10:20:34,14.76378,,,4.900322335288,10.170604,0.0,0.8224737796,2.6366634702,15,5,14.522,4.900322335288,14.76378,0.3131716,0.91987535752,0.0,0.0,0.0,209.6,0.6,0.1,,,0,0,1024,1024,1024,1024,0,0,0,0,205.0,0,0,55,3.678,3.676,3.674,3.673,0,0,7.123,78.26,4.900322335288,14.76378,6,P-GPS,14.933478142818354,4.551724137931035,14.933478142818354,5.070020478106354,5.070020478106354,14.933478142818354,1.3969004418148296,1.3969004418148296,0.0,0.0,14.522,103.440206
10713,2026-05-09 10:19:38.712,10.712526096033402,0.20250521920668058,ascent,62600,2026-05-09 10:20:34,14.76378,,,4.900322335288,9.84252,0.0,0.81988847768,2.65386491432,15,5,14.522,4.900322335288,14.76378,0.3131716,0.91987535752,0.0,0.0,0.0,209.6,0.8,0.2,,,0,0,1024,1024,1092,1024,0,0,10,0,205.0,0,0,55,3.678,3.676,3.674,3.673,0,0,7.123,78.26,4.900322335288,14.76378,6,P-GPS,15.159742963164083,4.620689655172413,15.159742963164083,5.296285298452084,5.296285298452084,15.159742963164083,1.396900441814819,1.396900441814819,0.0,0.0,14.522,103.440206
10823,2026-05-09 10:19:38.822,10.822964509394573,0.20459290187891443,ascent,62700,2026-05-09 10:20:34,14.76378,,,4.900322335288,10.170604,0.0,0.82868112888,2.67277567608,15,5,14.522,4.900322335288,14.76378,0.3131716,0.91987535752,0.0,0.0,0.0,209.6,0.9,0.2,,,0,0,1024,1024,1339,1024,0,0,48,0,205.0,0,0,55,3.678,3.676,3.674,3.673,0,0,7.123,78.26,4.900322335288,14.76378,6,P-GPS,15.38600778350982,4.689655172413794,15.38600778350982,5.52255011879782,5.52255011879782,15.38600778350982,1.396900441814818,1.396900441814818,0.0,0.0,14.522,103.440206
10933,2026-05-09 10:19:38.933,10.933402922755741,0.20668058455114824,ascent,62800,2026-05-09 10:20:34,14.76378,,,4.900322335288,10.170604,0.0,0.84753283552,2.6965552044,15,5,14.522,4.900322335288,14.76378,0.3131716,0.91987535752,0.0,0.0,0.0,209.6,1.0,-0.1,,,0,0,1024,1024,1384,1024,0,0,55,0,205.0,0,0,55,3.678,3.676,3.674,3.673,0,0,7.123,78.26,4.900322335288,14.76378,6,P-GPS,15.612272603855553,4.758620689655173,15.612272603855553,5.7488149391435535,5.7488149391435535,15.612272603855553,1.3969004418148412,1.3969004418148412,0.0,0.0,14.522,103.440206
11044,2026-05-09 10:19:39.043,11.043841336116909,0.20876826722338204,ascent,62900,2026-05-09 10:20:35,14.76378,,,4.900322335288,10.498688,0.0,0.87552168156,2.72458670136,15,5,14.522,4.900322335288,14.76378,0.3131716,0.91987535752,0.0,0.0,-0.671082,209.5,1.0,-0.3,,,0,0,1024,1024,1290,1024,0,0,40,0,205.0,0,0,55,3.678,3.676,3.674,3.673,0,0,7.123,78.26,4.900322335288,14.76378,6,P-GPS,15.838537424201283,4.827586206896552,15.838537424201283,5.975079759489283,5.975079759489283,15.838537424201283,1.396900441814819,1.396900441814819,0.0,0.0,14.522,103.440206
11154,2026-05-09 10:19:39.154,11.15427974947808,0.21085594989561587,ascent,63000,2026-05-09 10:20:35,15.091864,,,5.228406335288,10.826772,0.0,0.87793966064,2.74752633464,15,5,14.764,5.228406335288,15.091864,0.3131716,0.91987535752,0.0,0.0,-1.789552,209.6,1.4,-0.4,,,0,0,1024,1024,1024,1024,0,0,0,0,205.0,0,0,55,3.673,3.671,3.671,3.671,0,0,7.24,78.26,5.228406335288,15.091864,6,P-GPS,16.064802244547018,4.8965517241379315,16.064802244547018,6.201344579835018,6.201344579835018,16.064802244547018,1.396900441814807,1.396900441814807,0.0,0.0,14.764,106.89135999999999
11265,2026-05-09 10:19:39.264,11.264718162839248,0.21294363256784968,ascent,63100,2026-05-09 10:20:35,15.419948,,,5.556490335288,10.826772,0.0,0.87756892572,2.75353027184,15,5,14.764,5.556490335288,15.419948,0.3131716,0.91987535752,0.0,0.0,-2.23694,209.8,1.9,-0.6,,,0,0,1024,1024,1024,1024,0,0,0,0,205.0,0,0,55,3.673,3.671,3.671,3.671,0,0,7.24,78.26,5.556490335288,15.419948,6,P-GPS,16.291067064892747,4.96551724137931,16.291067064892747,6.427609400180748,6.427609400180748,16.291067064892747,1.396900441814819,1.396900441814819,0.0,0.0,14.764,106.89135999999999
11375,2026-05-09 10:19:39.375,11.37515657620042,0.21503131524008354,ascent,63200,2026-05-09 10:20:35,15.748032,,,5.884574335288,10.826772,0.0,0.82667981648,2.80442266192,15,5,14.764,5.884574335288,15.748032,0.3131716,0.91987535752,0.0,0.0,-1.342164,209.8,2.0,-0.7,,,0,0,1024,1024,1024,1024,0,0,0,0,205.0,0,0,55,3.673,3.671,3.671,3.671,0,0,7.24,78.26,5.884574335288,15.748032,6,P-GPS,16.517331885238484,5.03448275862069,16.517331885238484,6.653874220526484,6.653874220526484,16.517331885238484,1.396900441814818,1.396900441814818,0.0,0.0,14.764,106.89135999999999
11486,2026-05-09 10:19:39.485,11.485594989561587,0.21711899791231734,ascent,63300,2026-05-09 10:20:35,15.748032,,,5.884574335288,11.154856,0.0,0.83643047296,2.81967528708,15,5,14.764,5.884574335288,15.748032,0.3131716,0.91987535752,0.0,0.0,-0.447388,209.8,1.7,-0.6,,,0,0,1024,1024,1024,1024,0,0,0,0,205.0,0,0,55,3.673,3.671,3.671,3.671,0,0,7.24,78.26,5.884574335288,15.748032,6,P-GPS,16.743596705584213,5.1034482758620685,16.743596705584213,6.880139040872214,6.880139040872214,16.743596705584213,1.396900441814819,1.396900441814819,0.0,0.0,14.764,106.89135999999999
11596,2026-05-09 10:19:39.596,11.596033402922755,0.21920668058455114,ascent,63400,2026-05-09 10:20:35,15.748032,,,5.884574335288,10.826772,0.0,0.85120081464,2.8610893304,15,5,14.764,5.884574335288,15.748032,0.3131716,0.91987535752,0.0,0.0,-0.223694,209.9,1.3,-0.7,,,0,0,1024,1024,1279,1024,0,0,39,0,205.0,0,0,55,3.673,3.671,3.671,3.671,0,0,7.24,78.26,5.884574335288,15.748032,6,P-GPS,16.969861525929947,5.172413793103448,16.969861525929947,7.106403861217947,7.106403861217947,16.969861525929947,1.3969004418148412,1.3969004418148412,0.0,0.0,14.764,106.89135999999999
11706,2026-05-09 10:19:39.706,11.706471816283925,0.22129436325678498,ascent,63500,2026-05-09 10:20:35,15.748032,,,5.884574335288,11.154856,0.0,0.8215715486,2.9214075738,15,5,14.764,5.884574335288,15.748032,0.3131716,0.91987535752,0.0,0.0,0.0,209.8,0.8,-1.0,,,0,0,1024,1024,1421,1024,0,0,60,0,205.0,0,0,55,3.673,3.671,3.671,3.671,0,0,7.24,78.26,5.884574335288,15.748032,6,P-GPS,17.19612634627568,5.241379310344827,17.19612634627568,7.33266868156368,7.33266868156368,17.19612634627568,1.3969004418148185,1.3969004418148185,0.0,0.0,14.764,106.89135999999999
11817,2026-05-09 10:19:39.816,11.816910229645092,0.22338204592901878,ascent,63600,2026-05-09 10:20:35,16.076116,,,6.212658335288,11.154856,0.0,0.75545934176,2.99193579128,15,5,14.764,6.212658335288,16.076116,0.3131716,0.91987535752,0.0,0.0,-0.223694,209.8,0.2,-1.1,,,0,0,1024,1024,1450,1024,0,0,65,0,205.0,0,0,55,3.673,3.671,3.671,3.671,0,0,7.24,78.26,6.212658335288,16.076116,6,P-GPS,17.422391166621413,5.310344827586207,17.422391166621413,7.558933501909413,7.558933501909413,17.422391166621413,1.3969004418148412,1.3969004418148412,0.0,0.0,14.764,106.89135999999999
11927,2026-05-09 10:19:39.927,11.927348643006264,0.22546972860125264,ascent,63700,2026-05-09 10:20:35,16.076116,,,6.212658335288,11.48294,0.0,0.76194884328,3.0094981278,15,5,14.764,6.212658335288,16.076116,0.3131716,0.91987535752,0.0,0.0,-1.342164,209.8,0.1,-1.1,,,0,0,1024,1024,1435,1024,0,0,62,0,205.0,0,0,55,3.673,3.671,3.671,3.671,0,0,7.24,78.26,6.212658335288,16.076116,6,P-GPS,17.64865598696715,5.379310344827587,17.64865598696715,7.78519832225515,7.78519832225515,17.64865598696715,1.396900441814818,1.396900441814818,0.0,0.0,14.764,106.89135999999999
12038,2026-05-09 10:19:40.037,12.037787056367433,0.22755741127348644,ascent,63800,2026-05-09 10:20:35,16.4042,,,6.540742335288,11.48294,0.0,0.75579726828,3.02428815452,15,5,14.764,6.540742335288,16.4042,0.3131716,0.91987535752,0.0,0.0,-2.460634,209.8,0.4,-1.4,,,0,0,1024,1024,1271,1024,0,0,37,0,205.0,0,0,55,3.673,3.671,3.671,3.671,0,0,7.24,78.26,6.540742335288,16.4042,6,P-GPS,17.87492080731288,5.448275862068966,17.87492080731288,8.01146314260088,8.01146314260088,17.87492080731288,1.3969004418147968,1.3969004418147968,0.0,0.0,14.764,106.89135999999999
12148,2026-05-09 10:19:40.148,12.148225469728601,0.22964509394572025,ascent,63900,2026-05-09 10:20:36,16.732284,,,6.868826335288,11.811024,0.0,0.74671590316,3.03535442784,15,5,14.764,6.868826335288,16.732284,0.3131716,0.91987535752,0.0,0.0,-3.579104,209.7,1.0,-1.4,,,0,0,1024,1024,1024,1024,0,0,0,0,205.0,0,0,55,3.673,3.671,3.671,3.671,0,0,7.24,78.26,6.868826335288,16.732284,6,P-GPS,18.10118562765861,5.517241379310344,18.10118562765861,8.23772796294661,8.23772796294661,18.10118562765861,1.396900441814819,1.396900441814819,0.0,0.0,14.764,106.89135999999999
12259,2026-05-09 10:19:40.258,12.25866388308977,0.23173277661795408,ascent,64000,2026-05-09 10:20:36,17.388452,,,7.524994335288,11.811024,0.0,0.78585632436,3.0799213584,15,5,14.605,7.524994335288,17.388452,0.3131716,0.91987535752,0.0,0.0,-3.579104,209.7,1.6,-1.4,,,0,0,1024,1024,1024,1024,0,0,0,0,205.0,0,0,55,3.675,3.673,3.672,3.673,0,0,7.757,78.62,7.524994335288,17.388452,6,P-GPS,18.327450448004342,5.586206896551723,18.327450448004342,8.463992783292342,8.463992783292342,18.327450448004342,1.3969004418148185,1.3969004418148185,0.0,0.0,14.605,113.29098499999999
12369,2026-05-09 10:19:40.369,12.369102296450938,0.23382045929018788,ascent,64100,2026-05-09 10:20:36,18.04462,,,8.181162335288,12.467192,0.0,0.79274280752,3.08857621432,15,5,14.605,8.181162335288,18.04462,0.3131716,0.91987535752,0.0,0.0,-2.684328,209.6,2.1,-1.5,,,0,0,1024,1024,1024,1024,0,0,0,0,205.0,0,0,55,3.675,3.673,3.672,3.673,0,0,7.757,78.62,8.181162335288,18.04462,6,P-GPS,18.553715268350075,5.655172413793103,18.553715268350075,8.690257603638075,8.690257603638075,18.553715268350075,1.3969004418148412,1.3969004418148412,0.0,0.0,14.605,113.29098499999999
12480,2026-05-09 10:19:40.479,12.47954070981211,0.23590814196242174,ascent,64200,2026-05-09 10:20:36,18.372704,,,8.509246335288,12.795276,0.0,0.84272312408,3.1519193922,15,5,14.605,8.509246335288,18.372704,0.3131716,0.91987535752,0.0,0.0,-1.565858,209.5,2.0,-1.5,,,0,0,1024,1024,1024,1024,0,0,0,0,205.0,0,0,55,3.675,3.673,3.672,3.673,0,0,7.757,78.62,8.509246335288,18.372704,6,P-GPS,18.77998008869581,5.724137931034484,18.77998008869581,8.916522423983812,8.916522423983812,18.77998008869581,1.396900441814818,1.396900441814818,0.0,0.0,14.605,113.29098499999999
12590,2026-05-09 10:19:40.589,12.589979123173277,0.23799582463465555,ascent,64300,2026-05-09 10:20:36,18.372704,,,8.509246335288,13.12336,0.0,0.84993112956,3.16516742412,15,5,14.605,8.509246335288,18.372704,0.3131716,0.91987535752,0.0,0.0,-0.671082,209.5,1.6,-1.5,,,0,0,1024,1024,1291,1024,0,0,40,0,205.0,0,0,55,3.675,3.673,3.672,3.673,0,0,7.757,78.62,8.509246335288,18.372704,6,P-GPS,19.00624490904154,5.793103448275862,19.00624490904154,9.142787244329542,9.142787244329542,19.00624490904154,1.396900441814819,1.396900441814819,0.0,0.0,14.605,113.29098499999999
12700,2026-05-09 10:19:40.700,12.700417536534447,0.24008350730688935,ascent,64400,2026-05-09 10:20:36,18.372704,,,8.509246335288,13.12336,0.0,0.864337298,3.18506243788,15,5,14.605,8.509246335288,18.372704,0.3131716,0.91987535752,0.0,0.0,-0.223694,209.5,1.3,-1.6,,,0,0,1024,1024,1432,1024,0,0,62,0,205.0,0,0,55,3.675,3.673,3.672,3.673,0,0,7.757,78.62,8.509246335288,18.372704,6,P-GPS,19.23250972938727,5.86206896551724,19.23250972938727,9.369052064675271,9.369052064675271,19.23250972938727,1.3969004418147968,1.3969004418147968,0.0,0.0,14.605,113.29098499999999
12811,2026-05-09 10:19:40.810,12.810855949895616,0.24217118997912318,ascent,64500,2026-05-09 10:20:36,18.372704,,,8.509246335288,12.795276,0.0,0.88363519888,3.20904209744,15,5,14.605,8.509246335288,18.372704,0.3131716,0.91987535752,0.0,0.0,-0.223694,209.6,1.0,-1.6,,,0,0,1024,1024,1436,1024,0,0,62,0,205.0,0,0,55,3.675,3.673,3.672,3.673,0,0,7.757,78.62,8.509246335288,18.372704,6,P-GPS,19.458774549733008,5.931034482758621,19.458774549733008,9.595316885021008,9.595316885021008,19.458774549733008,1.3969004418148405,1.3969004418148405,0.0,0.0,14.605,113.29098499999999
12921,2026-05-09 10:19:40.921,12.921294363256784,0.24425887265135698,cruise,64600,2026-05-09 10:20:36,18.700788,,,8.837330335288,13.12336,0.0,0.83603349132,3.2576772696,15,5,14.605,8.837330335288,18.700788,0.3131716,0.91987535752,0.0,0.0,-0.894776,209.6,0.8,-1.3,,,0,0,1024,1024,1403,1024,0,0,57,0,205.0,0,0,55,3.675,3.673,3.672,3.673,0,0,7.757,78.62,8.837330335288,18.700788,6,P-GPS,19.685039370078737,5.999999999999999,19.685039370078737,9.821581705366738,9.821581705366738,19.685039370078737,1.396900441814819,1.396900441814819,0.0,0.0,14.605,113.29098499999999
13032,2026-05-09 10:19:41.031,13.031732776617956,0.24634655532359084,cruise,64700,2026-05-09 10:20:36,19.028872,,,9.165414335288,13.12336,0.0,0.804872073,3.290026352,15,5,14.605,9.165414335288,19.028872,0.3131716,0.91987535752,0.0,0.0,-2.23694,209.5,0.7,-1.2,,,0,0,1024,1024,1195,1024,0,0,26,0,205.0,0,0,55,3.675,3.673,3.672,3.673,0,0,7.757,78.62,9.165414335288,19.028872,6,P-GPS,19.685039370078737,5.999999999999999,19.685039370078737,9.821581705366738,9.821581705366738,19.685039370078737,0.0,0.0,0.0,0.0,14.605,113.29098499999999
13142,2026-05-09 10:19:41.142,13.142171189979123,0.24843423799582465,cruise,64800,2026-05-09 10:20:36,19.356956,,,9.493498335288,13.451444,0.0,0.81769687656,3.3515092936,15,5,14.605,9.493498335288,19.356956,0.3131716,0.91987535752,0.0,0.0,-3.131716,209.5,1.1,-0.9,,,0,0,1024,1024,1024,1024,0,0,0,0,205.0,0,0,55,3.675,3.673,3.672,3.673,0,0,7.757,78.62,9.493498335288,19.356956,6,P-GPS,19.685039370078737,5.999999999999999,19.685039370078737,9.821581705366738,9.821581705366738,19.685039370078737,0.0,0.0,0.0,0.0,14.605,113.29098499999999
13253,2026-05-09 10:19:41.252,13.252609603340291,0.25052192066805845,cruise,64900,2026-05-09 10:20:36,20.013124,,,10.149666335288,13.451444,0.0,0.81138782124,3.3668308164,15,5,14.605,10.149666335288,20.013124,0.3131716,0.91987535752,0.0,0.0,-3.35541,209.4,1.5,-0.9,,,0,0,1024,1024,1024,1024,0,0,0,0,205.0,0,0,55,3.675,3.673,3.672,3.673,0,0,7.757,78.62,10.149666335288,20.013124,6,P-GPS,19.685039370078737,5.999999999999999,19.685039370078737,9.821581705366738,9.821581705366738,19.685039370078737,0.0,0.0,0.0,0.0,14.605,113.29098499999999
13363,2026-05-09 10:19:41.363,13.36304801670146,0.25260960334029225,cruise,65000,2026-05-09 10:20:37,20.341208,,,10.477750335288,14.107612,0.0,0.84885829488,3.4055447284,15,5,14.732,10.477750335288,20.341208,0.3131716,0.91987535752,0.0,0.0,-2.460634,209.5,1.8,-0.8,,,0,0,1024,1024,1024,1024,0,0,0,0,205.0,0,0,55,3.622,3.625,3.644,3.675,0,0,7.019,78.62,10.477750335288,20.341208,6,P-GPS,19.685039370078737,5.999999999999999,19.685039370078737,9.821581705366738,9.821581705366738,19.685039370078737,0.0,0.0,0.0,0.0,14.732,103.403908
13473,2026-05-09 10:19:41.473,13.47348643006263,0.2546972860125261,cruise,65100,2026-05-09 10:20:37,20.669292,,,10.805834335288,14.107612,0.0,0.84416669368,3.4213911856,15,5,14.732,10.805834335288,20.669292,0.3131716,0.91987535752,0.0,0.0,-1.342164,209.6,1.7,-0.5,,,0,0,1024,1024,1024,1024,0,0,0,0,205.0,0,0,55,3.622,3.625,3.644,3.675,0,0,7.019,78.62,10.805834335288,20.669292,6,P-GPS,19.685039370078737,5.999999999999999,19.685039370078737,9.821581705366738,9.821581705366738,19.685039370078737,0.0,0.0,0.0,0.0,14.732,103.403908
13584,2026-05-09 10:19:41.583,13.5839248434238,0.2567849686847599,cruise,65200,2026-05-09 10:20:37,20.669292,,,10.805834335288,14.435696,0.0,0.8675525212,3.4599410556,15,5,14.732,10.805834335288,20.669292,0.3131716,0.91987535752,0.0,0.0,-0.447388,209.6,1.3,-0.4,,,0,0,1024,1024,1071,1024,0,0,7,0,205.0,0,0,55,3.622,3.625,3.644,3.675,0,0,7.019,78.62,10.805834335288,20.669292,6,P-GPS,19.685039370078737,5.999999999999999,19.685039370078737,9.821581705366738,9.821581705366738,19.685039370078737,0.0,0.0,0.0,0.0,14.732,103.403908
13694,2026-05-09 10:19:41.694,13.694363256784971,0.2588726513569938,cruise,65300,2026-05-09 10:20:37,20.669292,,,10.805834335288,14.76378,0.0,0.8802001594,3.4797573292,15,5,14.732,10.805834335288,20.669292,0.3131716,0.91987535752,0.0,0.0,-0.223694,209.6,1.0,-0.4,,,0,0,1024,1024,1033,1024,0,0,1,0,205.0,0,0,55,3.622,3.625,3.644,3.675,0,0,7.019,78.62,10.805834335288,20.669292,6,P-GPS,19.685039370078737,5.999999999999999,19.685039370078737,9.821581705366738,9.821581705366738,19.685039370078737,0.0,0.0,0.0,0.0,14.732,103.403908
13805,2026-05-09 10:19:41.804,13.804801670146139,0.2609603340292276,cruise,65400,2026-05-09 10:20:37,20.669292,,,10.805834335288,15.091864,0.0,0.8924869052,3.51131901,15,5,14.732,10.805834335288,20.669292,0.3131716,0.91987535752,0.0,0.0,0.0,209.7,0.9,-0.4,,,0,0,1024,1024,1024,1024,0,0,0,0,205.0,0,0,55,3.622,3.625,3.644,3.675,0,0,7.019,78.62,10.805834335288,20.669292,6,P-GPS,19.685039370078737,5.999999999999999,19.685039370078737,9.821581705366738,9.821581705366738,19.685039370078737,0.0,0.0,0.0,0.0,14.732,103.403908
13915,2026-05-09 10:19:41.915,13.915240083507307,0.2630480167014614,cruise,65500,2026-05-09 10:20:37,20.669292,,,10.805834335288,15.091864,0.0,0.91207023916,3.5379266224,15,5,14.732,10.805834335288,20.669292,0.3131716,0.91987535752,0.0,0.0,0.0,209.7,1.2,-0.4,,,0,0,1024,1024,1024,1024,0,0,0,0,205.0,0,0,55,3.622,3.625,3.644,3.675,0,0,7.019,78.62,10.805834335288,20.669292,6,P-GPS,19.685039370078737,5.999999999999999,19.685039370078737,9.821581705366738,9.821581705366738,19.685039370078737,0.0,0.0,0.0,0.0,14.732,103.403908
14026,2026-05-09 10:19:42.025,14.025678496868474,0.2651356993736952,cruise,65600,2026-05-09 10:20:37,20.669292,,,10.805834335288,15.091864,0.0,0.92848100084,3.571522424,15,5,14.732,10.805834335288,20.669292,0.3131716,0.92848100084,0.0,0.0,0.0,209.8,1.5,-0.6,,,0,0,1024,1024,1024,1024,0,0,0,0,205.0,0,0,55,3.622,3.625,3.644,3.675,0,0,7.019,78.62,10.805834335288,20.669292,6,P-GPS,19.685039370078737,5.999999999999999,19.685039370078737,9.821581705366738,9.821581705366738,19.685039370078737,0.0,0.0,0.0,0.0,14.732,103.403908
14136,2026-05-09 10:19:42.136,14.136116910229646,0.26722338204592905,cruise,65700,2026-05-09 10:20:37,20.669292,,,10.805834335288,15.419948,0.0,0.9543307392,3.6016733436,15,5,14.732,10.805834335288,20.669292,0.3131716,0.9543307392,0.0,0.0,0.0,209.8,1.6,-0.7,,,0,0,1024,1024,824,1024,0,0,-30,0,205.0,0,0,55,3.622,3.625,3.644,3.675,0,0,7.019,78.62,10.805834335288,20.669292,6,P-GPS,19.685039370078737,5.999999999999999,19.685039370078737,9.821581705366738,9.821581705366738,19.685039370078737,0.0,0.0,0.0,0.0,14.732,103.403908
14247,2026-05-09 10:19:42.246,14.246555323590815,0.26931106471816285,cruise,65800,2026-05-09 10:20:37,20.669292,,,10.805834335288,15.419948,0.0,0.94474740556,3.61138463,15,5,14.732,10.805834335288,20.669292,0.3131716,0.9543307392,0.0,0.0,0.0,209.9,1.7,-0.7,,,0,0,1024,1024,710,1024,0,0,-48,0,205.0,0,0,55,3.622,3.625,3.644,3.675,0,0,7.019,78.62,10.805834335288,20.669292,6,P-GPS,19.685039370078737,5.999999999999999,19.685039370078737,9.821581705366738,9.821581705366738,19.685039370078737,0.0,0.0,0.0,0.0,14.732,103.403908
14357,2026-05-09 10:19:42.356,14.356993736951983,0.27139874739039666,cruise,65900,2026-05-09 10:20:38,20.669292,,,10.805834335288,15.419948,0.0,0.96086289164,3.641568358,16,5,14.732,10.805834335288,20.669292,0.3131716,0.96086289164,0.0,0.0,0.223694,210.0,1.7,-0.7,,,0,0,1024,1024,1045,1024,0,0,3,0,205.0,0,0,55,3.622,3.625,3.644,3.675,0,0,7.019,78.62,10.805834335288,20.669292,6,P-GPS,19.685039370078737,5.999999999999999,19.685039370078737,9.821581705366738,9.821581705366738,19.685039370078737,0.0,0.0,0.0,0.0,14.732,103.403908
14467,2026-05-09 10:19:42.467,14.46743215031315,0.27348643006263046,cruise,66000,2026-05-09 10:20:38,20.669292,,,10.805834335288,15.419948,0.0,0.93625987248,3.6679135032,16,5,14.739,10.805834335288,20.669292,0.3131716,0.96086289164,0.0,0.0,1.11847,210.0,1.9,-0.7,,,0,0,1024,1024,1024,1024,0,0,0,0,205.0,0,0,55,3.675,3.673,3.67,3.669,0,0,6.804,78.62,10.805834335288,20.669292,6,P-GPS,19.685039370078737,5.999999999999999,19.685039370078737,9.821581705366738,9.821581705366738,19.685039370078737,0.0,0.0,0.0,0.0,14.739,100.28415600000001
14578,2026-05-09 10:19:42.577,14.577870563674322,0.2755741127348643,cruise,66100,2026-05-09 10:20:38,20.341208,,,10.477750335288,15.419948,0.0,0.92350068572,3.6841208528,16,5,14.739,10.805834335288,20.669292,0.3131716,0.96086289164,0.0,0.0,1.11847,210.0,1.5,-0.8,,,0,0,1024,1024,749,1024,0,0,-42,0,205.0,0,0,55,3.675,3.673,3.67,3.669,0,0,6.804,78.62,10.477750335288,20.341208,6,P-GPS,19.685039370078737,5.999999999999999,19.685039370078737,9.821581705366738,9.821581705366738,19.685039370078737,0.0,0.0,0.0,0.0,14.739,100.28415600000001
14688,2026-05-09 10:19:42.688,14.68830897703549,0.2776617954070981,cruise,66200,2026-05-09 10:20:38,20.341208,,,10.477750335288,15.419948,0.0,0.922326145,3.6913058924,16,5,14.739,10.805834335288,20.669292,0.3131716,0.96086289164,0.0,0.0,0.223694,210.1,1.3,-0.4,,,0,0,1024,1024,531,1024,0,0,-75,0,205.0,0,0,55,3.675,3.673,3.67,3.669,0,0,6.804,78.62,10.477750335288,20.341208,6,P-GPS,19.685039370078737,5.999999999999999,19.685039370078737,9.821581705366738,9.821581705366738,19.685039370078737,0.0,0.0,0.0,0.0,14.739,100.28415600000001
14799,2026-05-09 10:19:42.798,14.798747390396661,0.279749478079332,cruise,66300,2026-05-09 10:20:38,20.341208,,,10.477750335288,15.091864,0.0,0.91307745704,3.7031169164,16,5,14.739,10.805834335288,20.669292,0.3131716,0.96086289164,0.0,0.0,0.223694,210.2,1.4,-0.3,,,0,0,1024,1024,364,1024,0,0,-100,0,205.0,0,0,55,3.675,3.673,3.67,3.669,0,0,6.804,78.62,10.477750335288,20.341208,6,P-GPS,19.685039370078737,5.999999999999999,19.685039370078737,9.821581705366738,9.821581705366738,19.685039370078737,0.0,0.0,0.0,0.0,14.739,100.28415600000001
14909,2026-05-09 10:19:42.909,14.909185803757829,0.2818371607515658,cruise,66400,2026-05-09 10:20:38,20.013124,,,10.149666335288,15.091864,0.0,0.910022995,3.7074804336,16,5,14.739,10.805834335288,20.669292,0.3131716,0.96086289164,0.0,0.0,1.342164,210.2,1.8,-0.6,,,0,0,1024,1024,364,1024,0,0,-100,0,205.0,0,0,55,3.675,3.673,3.67,3.669,0,0,6.804,78.62,10.149666335288,20.013124,6,P-GPS,19.685039370078737,5.999999999999999,19.685039370078737,9.821581705366738,9.821581705366738,19.685039370078737,0.0,0.0,0.0,0.0,14.739,100.28415600000001
15020,2026-05-09 10:19:43.019,15.019624217118999,0.2839248434237996,cruise,66500,2026-05-09 10:20:38,19.68504,,,9.821582335288,14.76378,0.0,0.91088585592,3.7155841084,16,5,14.739,10.805834335288,20.669292,0.3131716,0.96086289164,0.0,0.0,2.460634,210.1,2.0,-1.2,,,0,0,1024,1024,364,1024,0,0,-100,0,205.0,0,0,55,3.675,3.673,3.67,3.669,0,0,6.804,78.62,9.821582335288,19.68504,6,P-GPS,19.685039370078737,5.999999999999999,19.685039370078737,9.821581705366738,9.821581705366738,19.685039370078737,0.0,0.0,0.0,0.0,14.739,100.28415600000001
15130,2026-05-09 10:19:43.130,15.130062630480166,0.2860125260960334,cruise,66600,2026-05-09 10:20:38,19.356956,,,9.493498335288,14.107612,0.0,0.90358270608,3.7596129812,16,5,14.739,10.805834335288,20.669292,0.3131716,0.96086289164,0.0,0.0,3.802798,210.1,1.7,-1.5,,,0,0,1024,1024,364,1024,0,0,-100,0,205.0,0,0,55,3.675,3.673,3.67,3.669,0,0,6.804,78.62,9.493498335288,19.356956,6,P-GPS,19.685039370078737,5.999999999999999,19.685039370078737,9.821581705366738,9.821581705366738,19.685039370078737,0.0,0.0,0.0,0.0,14.739,100.28415600000001
15241,2026-05-09 10:19:43.240,15.240501043841338,0.28810020876826725,cruise,66700,2026-05-09 10:20:38,18.700788,,,8.837330335288,13.779528,0.0,0.89039372928,3.7928806988,16,5,14.739,10.805834335288,20.669292,0.3131716,0.96086289164,0.0,0.0,4.47388,210.1,1.0,-1.3,,,0,0,1024,1024,1024,1024,0,0,0,0,205.0,0,0,55,3.675,3.673,3.67,3.669,0,0,6.804,78.62,8.837330335288,18.700788,6,P-GPS,19.685039370078737,5.999999999999999,19.685039370078737,9.821581705366738,9.821581705366738,19.685039370078737,0.0,0.0,0.0,0.0,14.739,100.28415600000001
15351,2026-05-09 10:19:43.350,15.350939457202506,0.29018789144050106,cruise,66800,2026-05-09 10:20:38,18.04462,,,8.181162335288,13.12336,0.0,0.87238847936,3.8113190196,16,5,14.739,10.805834335288,20.669292,0.3131716,0.96086289164,0.0,0.0,4.921268,210.2,0.3,-0.5,,,0,0,1024,1024,1024,1024,0,0,0,0,205.0,0,0,55,3.675,3.673,3.67,3.669,0,0,6.804,78.62,8.181162335288,18.04462,6,P-GPS,19.685039370078737,5.999999999999999,19.685039370078737,9.821581705366738,9.821581705366738,19.685039370078737,0.0,0.0,0.0,0.0,14.739,100.28415600000001
15461,2026-05-09 10:19:43.461,15.461377870563673,0.29227557411273486,cruise,66900,2026-05-09 10:20:39,17.388452,,,7.524994335288,12.139108,0.0,0.86624346604,3.8175526156,16,5,14.739,10.805834335288,20.669292,0.3131716,0.96086289164,0.0,0.0,4.697574,209.9,0.0,0.0,,,0,0,1024,1024,1024,1024,0,0,0,0,205.0,0,0,55,3.675,3.673,3.67,3.669,0,0,6.804,78.62,7.524994335288,17.388452,6,P-GPS,19.685039370078737,5.999999999999999,19.685039370078737,9.821581705366738,9.821581705366738,19.685039370078737,0.0,0.0,0.0,0.0,14.739,100.28415600000001
15572,2026-05-09 10:19:43.571,15.571816283924841,0.29436325678496866,cruise,67000,2026-05-09 10:20:39,16.732284,,,6.868826335288,11.48294,0.0,0.85137141832,3.8393045848,16,5,14.796,10.805834335288,20.669292,0.3131716,0.96086289164,0.0,0.0,3.802798,209.9,0.5,-0.7,,,0,0,1024,1024,1024,1024,0,0,0,0,205.0,0,0,55,3.689,3.693,3.689,3.69,0,0,5.006,78.8,6.868826335288,16.732284,6,P-GPS,19.685039370078737,5.999999999999999,19.685039370078737,9.821581705366738,9.821581705366738,19.685039370078737,0.0,0.0,0.0,0.0,14.796,74.068776
15682,2026-05-09 10:19:43.682,15.682254697286012,0.2964509394572025,cruise,67100,2026-05-09 10:20:39,16.076116,,,6.212658335288,11.154856,0.0,0.84244097184,3.8670604912,16,5,14.796,10.805834335288,20.669292,0.3131716,0.96086289164,0.0,0.0,2.684328,209.9,1.1,-1.4,,,0,0,1024,1024,1024,1024,0,0,0,0,205.0,0,0,55,3.689,3.693,3.689,3.69,0,0,5.006,78.8,6.212658335288,16.076116,6,P-GPS,19.685039370078737,5.999999999999999,19.685039370078737,9.821581705366738,9.821581705366738,19.685039370078737,0.0,0.0,0.0,0.0,14.796,74.068776
15793,2026-05-09 10:19:43.792,15.792693110647182,0.2985386221294363,cruise,67200,2026-05-09 10:20:39,16.076116,,,6.212658335288,10.826772,0.0,0.82875330736,3.9085303088,16,5,14.796,10.805834335288,20.669292,0.3131716,0.96086289164,0.0,0.0,1.342164,209.8,1.4,-1.3,,,0,0,1024,1024,1024,1024,0,0,0,0,205.0,0,0,55,3.689,3.693,3.689,3.69,0,0,5.006,78.8,6.212658335288,16.076116,6,P-GPS,19.685039370078737,5.999999999999999,19.685039370078737,9.821581705366738,9.821581705366738,19.685039370078737,0.0,0.0,0.0,0.0,14.796,74.068776
15903,2026-05-09 10:19:43.903,15.903131524008352,0.3006263048016702,cruise,67300,2026-05-09 10:20:39,15.748032,,,5.884574335288,10.498688,0.0,0.818897664,3.9252954012,16,5,14.796,10.805834335288,20.669292,0.3131716,0.96086289164,0.0,0.0,0.447388,209.8,1.4,-0.7,,,0,0,1024,1024,996,1024,0,0,-4,0,205.0,0,0,55,3.689,3.693,3.689,3.69,0,0,5.006,78.8,5.884574335288,15.748032,6,P-GPS,19.685039370078737,5.999999999999999,19.685039370078737,9.821581705366738,9.821581705366738,19.685039370078737,0.0,0.0,0.0,0.0,14.796,74.068776
16014,2026-05-09 10:19:44.013,16.01356993736952,0.302713987473904,cruise,67400,2026-05-09 10:20:39,15.748032,,,5.884574335288,10.170604,0.0,0.83991800588,3.9509843784,16,5,14.796,10.805834335288,20.669292,0.3131716,0.96086289164,0.0,0.0,0.0,209.8,1.5,-0.5,,,0,0,1024,1024,988,1024,0,0,-5,0,205.0,0,0,55,3.689,3.693,3.689,3.69,0,0,5.006,78.8,5.884574335288,15.748032,6,P-GPS,19.685039370078737,5.999999999999999,19.685039370078737,9.821581705366738,9.821581705366738,19.685039370078737,0.0,0.0,0.0,0.0,14.796,74.068776
16124,2026-05-09 10:19:44.124,16.124008350730687,0.3048016701461378,cruise,67500,2026-05-09 10:20:39,15.748032,,,5.884574335288,10.170604,0.0,0.81078414668,3.9817258492,16,5,14.796,10.805834335288,20.669292,0.3131716,0.96086289164,0.0,0.0,0.0,209.8,1.4,-0.5,,,0,0,1024,1024,1024,1024,0,0,0,0,205.0,0,0,55,3.689,3.693,3.689,3.69,0,0,5.006,78.8,5.884574335288,15.748032,6,P-GPS,19.685039370078737,5.999999999999999,19.685039370078737,9.821581705366738,9.821581705366738,19.685039370078737,0.0,0.0,0.0,0.0,14.796,74.068776
16234,2026-05-09 10:19:44.234,16.234446764091857,0.3068893528183716,cruise,67600,2026-05-09 10:20:39,15.748032,,,5.884574335288,9.84252,0.0,0.79406826688,4.0025263748,16,5,14.796,10.805834335288,20.669292,0.3131716,0.96086289164,0.0,0.0,0.0,209.8,1.1,-0.5,,,0,0,1024,1024,1024,1024,0,0,0,0,205.0,0,0,55,3.689,3.693,3.689,3.69,0,0,5.006,78.8,5.884574335288,15.748032,6,P-GPS,19.685039370078737,5.999999999999999,19.685039370078737,9.821581705366738,9.821581705366738,19.685039370078737,0.0,0.0,0.0,0.0,14.796,74.068776
16345,2026-05-09 10:19:44.344,16.34488517745303,0.30897703549060546,cruise,67700,2026-05-09 10:20:39,15.748032,,,5.884574335288,9.186352,0.0,0.7789698412,4.0212927796,16,5,14.796,10.805834335288,20.669292,0.3131716,0.96086289164,0.0,0.0,0.0,209.8,0.7,-0.7,,,0,0,1024,1024,1024,1024,0,0,0,0,205.0,0,0,55,3.689,3.693,3.689,3.69,0,0,5.006,78.8,5.884574335288,15.748032,6,P-GPS,19.685039370078737,5.999999999999999,19.685039370078737,9.821581705366738,9.821581705366738,19.685039370078737,0.0,0.0,0.0,0.0,14.796,74.068776
16455,2026-05-09 10:19:44.455,16.455323590814196,0.31106471816283926,cruise,67800,2026-05-09 10:20:39,15.748032,,,5.884574335288,9.186352,0.0,0.76411091684,4.0361549848,16,5,14.796,10.805834335288,20.669292,0.3131716,0.96086289164,0.0,0.0,0.0,209.8,0.4,-0.8,,,0,0,1024,1024,1024,1024,0,0,0,0,205.0,0,0,55,3.689,3.693,3.689,3.69,0,0,5.006,78.8,5.884574335288,15.748032,6,P-GPS,19.685039370078737,5.999999999999999,19.685039370078737,9.821581705366738,9.821581705366738,19.685039370078737,0.0,0.0,0.0,0.0,14.796,74.068776
16566,2026-05-09 10:19:44.565,16.565762004175365,0.31315240083507306,cruise,67900,2026-05-09 10:20:40,15.748032,,,5.884574335288,9.514436,0.0,0.74464569312,4.0606300512,16,5,14.796,10.805834335288,20.669292,0.3131716,0.96086289164,0.0,0.0,0.0,209.8,0.2,-1.0,,,0,0,1024,1024,1024,1024,0,0,0,0,205.0,0,0,55,3.689,3.693,3.689,3.69,0,0,5.006,78.8,5.884574335288,15.748032,6,P-GPS,19.685039370078737,5.999999999999999,19.685039370078737,9.821581705366738,9.821581705366738,19.685039370078737,0.0,0.0,0.0,0.0,14.796,74.068776
16676,2026-05-09 10:19:44.676,16.67620041753653,0.31524008350730687,cruise,68000,2026-05-09 10:20:40,15.748032,,,5.884574335288,9.186352,0.0,0.7543635412,4.1070211288,16,5,14.595,10.805834335288,20.669292,0.3131716,0.96086289164,0.0,0.0,0.0,209.8,0.2,-1.0,,,0,0,1024,1024,1108,1024,0,0,13,0,205.0,0,0,55,3.667,3.666,3.666,3.665,0,0,8.077,78.8,5.884574335288,15.748032,6,P-GPS,19.685039370078737,5.999999999999999,19.685039370078737,9.821581705366738,9.821581705366738,19.685039370078737,0.0,0.0,0.0,0.0,14.595,117.883815
16787,2026-05-09 10:19:44.786,16.786638830897704,0.3173277661795407,cruise,68100,2026-05-09 10:20:40,15.748032,,,5.884574335288,9.514436,0.0,0.74851052264,4.1164043312,16,5,14.595,10.805834335288,20.669292,0.3131716,0.96086289164,0.0,0.0,0.0,209.8,0.3,-0.9,,,0,0,1024,1024,1294,1024,0,0,41,0,205.0,0,0,55,3.667,3.666,3.666,3.665,0,0,8.077,78.8,5.884574335288,15.748032,6,P-GPS,19.685039370078737,5.999999999999999,19.685039370078737,9.821581705366738,9.821581705366738,19.685039370078737,0.0,0.0,0.0,0.0,14.595,117.883815
16897,2026-05-09 10:19:44.897,16.897077244258874,0.31941544885177453,cruise,68200,2026-05-09 10:20:40,15.748032,,,5.884574335288,9.514436,0.0,0.76560369904,4.1618439652,16,5,14.595,10.805834335288,20.669292,0.3131716,0.96086289164,0.0,0.0,0.0,209.8,0.4,-0.6,,,0,0,1024,1024,1330,1024,0,0,46,0,205.0,0,0,55,3.667,3.666,3.666,3.665,0,0,8.077,78.8,5.884574335288,15.748032,6,P-GPS,19.685039370078737,5.999999999999999,19.685039370078737,9.821581705366738,9.821581705366738,19.685039370078737,0.0,0.0,0.0,0.0,14.595,117.883815
17008,2026-05-09 10:19:45.007,17.007515657620043,0.3215031315240084,cruise,68300,2026-05-09 10:20:40,15.748032,,,5.884574335288,9.84252,0.0,0.768782833,4.1772639132,16,5,14.595,10.805834335288,20.669292,0.3131716,0.96086289164,0.0,0.0,-0.447388,209.8,0.3,-0.4,,,0,0,1024,1024,1295,1024,0,0,41,0,205.0,0,0,55,3.667,3.666,3.666,3.665,0,0,8.077,78.8,5.884574335288,15.748032,6,P-GPS,19.685039370078737,5.999999999999999,19.685039370078737,9.821581705366738,9.821581705366738,19.685039370078737,0.0,0.0,0.0,0.0,14.595,117.883815
17118,2026-05-09 10:19:45.117,17.117954070981213,0.3235908141962422,cruise,68400,2026-05-09 10:20:40,16.076116,,,6.212658335288,9.84252,0.0,0.77521984108,4.18635184,16,5,14.595,10.805834335288,20.669292,0.3131716,0.96086289164,0.0,0.0,-1.565858,209.7,0.5,-0.3,,,0,0,1024,1024,1024,1024,0,0,0,0,205.0,0,0,55,3.667,3.666,3.666,3.665,0,0,8.077,78.8,6.212658335288,16.076116,6,P-GPS,19.685039370078737,5.999999999999999,19.685039370078737,9.821581705366738,9.821581705366738,19.685039370078737,0.0,0.0,0.0,0.0,14.595,117.883815
17228,2026-05-09 10:19:45.228,17.22839248434238,0.325678496868476,cruise,68500,2026-05-09 10:20:40,16.4042,,,6.540742335288,10.498688,0.0,0.76095474876,4.2031825492,16,5,14.595,10.805834335288,20.669292,0.3131716,0.96086289164,0.0,0.0,-2.23694,209.7,1.1,-0.4,,,0,0,1024,1024,1024,1024,0,0,0,0,205.0,0,0,55,3.667,3.666,3.666,3.665,0,0,8.077,78.8,6.540742335288,16.4042,6,P-GPS,19.685039370078737,5.999999999999999,19.685039370078737,9.821581705366738,9.821581705366738,19.685039370078737,0.0,0.0,0.0,0.0,14.595,117.883815
17339,2026-05-09 10:19:45.338,17.33883089770355,0.3277661795407098,cruise,68600,2026-05-09 10:20:40,16.732284,,,6.868826335288,10.826772,0.0,0.76560369904,4.207841342,16,5,14.595,10.805834335288,20.669292,0.3131716,0.96086289164,0.0,0.0,-1.789552,209.7,1.4,-0.7,,,0,0,1024,1024,1024,1024,0,0,0,0,205.0,0,0,55,3.667,3.666,3.666,3.665,0,0,8.077,78.8,6.868826335288,16.732284,6,P-GPS,19.685039370078737,5.999999999999999,19.685039370078737,9.821581705366738,9.821581705366738,19.685039370078737,0.0,0.0,0.0,0.0,14.595,117.883815
17449,2026-05-09 10:19:45.449,17.449269311064718,0.32985386221294366,cruise,68700,2026-05-09 10:20:40,16.732284,,,6.868826335288,10.498688,0.0,0.77936682284,4.2217192952,16,5,14.595,10.805834335288,20.669292,0.3131716,0.96086289164,0.0,0.0,-0.671082,209.7,1.4,-1.2,,,0,0,1024,1024,1024,1024,0,0,0,0,205.0,0,0,55,3.667,3.666,3.666,3.665,0,0,8.077,78.8,6.868826335288,16.732284,6,P-GPS,19.685039370078737,5.999999999999999,19.685039370078737,9.821581705366738,9.821581705366738,19.685039370078737,0.0,0.0,0.0,0.0,14.595,117.883815
17560,2026-05-09 10:19:45.559,17.559707724425888,0.33194154488517746,cruise,68800,2026-05-09 10:20:40,17.060368,,,7.196910335288,10.826772,0.0,0.78458663928,4.2300854372,16,5,14.595,10.805834335288,20.669292,0.3131716,0.96086289164,0.0,0.0,-0.223694,209.7,1.2,-1.4,,,0,0,1024,1024,1024,1024,0,0,0,0,205.0,0,0,55,3.667,3.666,3.666,3.665,0,0,8.077,78.8,7.196910335288,17.060368,6,P-GPS,19.685039370078737,5.999999999999999,19.685039370078737,9.821581705366738,9.821581705366738,19.685039370078737,0.0,0.0,0.0,0.0,14.595,117.883815
17670,2026-05-09 10:19:45.670,17.670146137787057,0.33402922755741127,cruise,68900,2026-05-09 10:20:41,17.060368,,,7.196910335288,11.154856,0.0,0.7881233848,4.2420933116,16,5,14.595,10.805834335288,20.669292,0.3131716,0.96086289164,0.0,0.0,0.0,209.6,0.8,-1.4,,,0,0,1024,1024,1024,1024,0,0,0,0,205.0,0,0,55,3.667,3.666,3.666,3.665,0,0,8.077,78.8,7.196910335288,17.060368,6,P-GPS,19.685039370078737,5.999999999999999,19.685039370078737,9.821581705366738,9.821581705366738,19.685039370078737,0.0,0.0,0.0,0.0,14.595,117.883815
17781,2026-05-09 10:19:45.780,17.780584551148227,0.3361169102296451,cruise,69000,2026-05-09 10:20:41,17.060368,,,7.196910335288,11.48294,0.0,0.78254267596,4.2602035484,16,5,14.668,10.805834335288,20.669292,0.3131716,0.96086289164,0.0,0.0,0.0,209.6,0.6,-1.2,,,0,0,1024,1024,1319,1024,0,0,45,0,205.0,0,0,55,3.688,3.69,3.688,3.685,0,0,6.515,78.98,7.196910335288,17.060368,6,P-GPS,19.685039370078737,5.999999999999999,19.685039370078737,9.821581705366738,9.821581705366738,19.685039370078737,0.0,0.0,0.0,0.0,14.668,95.56201999999999
17891,2026-05-09 10:19:45.891,17.891022964509396,0.33820459290187893,cruise,69100,2026-05-09 10:20:41,17.060368,,,7.196910335288,11.811024,0.0,0.77246721632,4.273458142,16,5,14.668,10.805834335288,20.669292,0.3131716,0.96086289164,0.0,0.0,0.0,209.6,0.6,-1.0,,,0,0,1024,1024,1476,1024,0,0,68,0,205.0,0,0,55,3.688,3.69,3.688,3.685,0,0,6.515,78.98,7.196910335288,17.060368,6,P-GPS,19.685039370078737,5.999999999999999,19.685039370078737,9.821581705366738,9.821581705366738,19.685039370078737,0.0,0.0,0.0,0.0,14.668,95.56201999999999
18001,2026-05-09 10:19:46.001,18.001461377870562,0.34029227557411273,cruise,69200,2026-05-09 10:20:41,17.060368,,,7.196910335288,11.48294,0.0,0.75898296392,4.2903216596,16,5,14.668,10.805834335288,20.669292,0.3131716,0.96086289164,0.0,0.0,0.0,209.6,0.3,-0.9,,,0,0,1024,1024,1280,1024,0,0,39,0,205.0,0,0,55,3.688,3.69,3.688,3.685,0,0,6.515,78.98,7.196910335288,17.060368,6,P-GPS,19.685039370078737,5.999999999999999,19.685039370078737,9.821581705366738,9.821581705366738,19.685039370078737,0.0,0.0,0.0,0.0,14.668,95.56201999999999
18112,2026-05-09 10:19:46.111,18.111899791231732,0.34237995824634654,cruise,69300,2026-05-09 10:20:41,17.060368,,,7.196910335288,11.48294,0.0,0.74904201872,4.310695676,16,5,14.668,10.805834335288,20.669292,0.3131716,0.96086289164,0.0,0.0,-1.11847,209.6,0.1,-0.6,,,0,0,1024,1024,1280,1024,0,0,39,0,205.0,0,0,55,3.688,3.69,3.688,3.685,0,0,6.515,78.98,7.196910335288,17.060368,6,P-GPS,19.685039370078737,5.999999999999999,19.685039370078737,9.821581705366738,9.821581705366738,19.685039370078737,0.0,0.0,0.0,0.0,14.668,95.56201999999999
18222,2026-05-09 10:19:46.222,18.2223382045929,0.3444676409185804,cruise,69400,2026-05-09 10:20:41,17.388452,,,7.524994335288,11.811024,0.0,0.78085960504,4.3425526324,16,5,14.668,10.805834335288,20.669292,0.3131716,0.96086289164,0.0,0.0,-2.23694,209.6,0.4,-0.4,,,0,0,1024,1024,1024,1024,0,0,0,0,205.0,0,0,55,3.688,3.69,3.688,3.685,0,0,6.515,78.98,7.524994335288,17.388452,6,P-GPS,19.685039370078737,5.999999999999999,19.685039370078737,9.821581705366738,9.821581705366738,19.685039370078737,0.0,0.0,0.0,0.0,14.668,95.56201999999999
18333,2026-05-09 10:19:46.332,18.332776617954075,0.34655532359081426,cruise,69500,2026-05-09 10:20:41,17.716536,,,7.853078335288,6.56168,0.0,0.79570868688,4.3575132628,16,5,14.668,10.805834335288,20.669292,0.3131716,0.96086289164,0.0,0.0,-2.013246,209.7,0.9,-0.3,,,0,0,1024,1024,1024,1024,0,0,0,0,205.0,0,0,55,3.688,3.69,3.688,3.685,0,0,6.515,78.98,7.853078335288,17.716536,6,P-GPS,19.685039370078737,5.999999999999999,19.685039370078737,9.821581705366738,9.821581705366738,19.685039370078737,0.0,0.0,0.0,0.0,14.668,95.56201999999999
18443,2026-05-09 10:19:46.443,18.44321503131524,0.348643006263048,cruise,69600,2026-05-09 10:20:41,18.04462,,,8.181162335288,6.889764,0.0,0.82187010504,4.3874345236,16,5,14.668,10.805834335288,20.669292,0.3131716,0.96086289164,0.0,0.0,-0.894776,209.7,1.6,-0.7,,,0,0,1024,1024,1024,1024,0,0,0,0,205.0,0,0,55,3.688,3.69,3.688,3.685,0,0,6.515,78.98,8.181162335288,18.04462,6,P-GPS,19.685039370078737,5.999999999999999,19.685039370078737,9.821581705366738,9.821581705366738,19.685039370078737,0.0,0.0,0.0,0.0,14.668,95.56201999999999
18554,2026-05-09 10:19:46.553,18.55365344467641,0.35073068893528186,cruise,69700,2026-05-09 10:20:41,18.04462,,,8.181162335288,7.217848,0.0,0.79512469736,4.4283465984,16,5,14.668,10.805834335288,20.669292,0.3131716,0.96086289164,0.0,0.0,-0.223694,209.7,1.5,-1.1,,,0,0,1024,1024,1024,1024,0,0,0,0,205.0,0,0,55,3.688,3.69,3.688,3.685,0,0,6.515,78.98,8.181162335288,18.04462,6,P-GPS,19.685039370078737,5.999999999999999,19.685039370078737,9.821581705366738,9.821581705366738,19.685039370078737,0.0,0.0,0.0,0.0,14.668,95.56201999999999
18664,2026-05-09 10:19:46.664,18.664091858037576,0.3528183716075156,cruise,69800,2026-05-09 10:20:41,18.04462,,,8.181162335288,7.217848,0.0,0.75869753084,4.4647639224,16,5,14.668,10.805834335288,20.669292,0.3131716,0.96086289164,0.0,0.0,0.0,209.7,0.6,-0.9,,,0,0,1024,1024,1286,1024,0,0,40,0,205.0,0,0,55,3.688,3.69,3.688,3.685,0,0,6.515,78.98,8.181162335288,18.04462,6,P-GPS,19.685039370078737,5.999999999999999,19.685039370078737,9.821581705366738,9.821581705366738,19.685039370078737,0.0,0.0,0.0,0.0,14.668,95.56201999999999
18775,2026-05-09 10:19:46.774,18.774530271398746,0.35490605427974947,cruise,69900,2026-05-09 10:20:42,18.04462,,,8.181162335288,7.874016,0.0,0.75216865924,4.4716864948,16,5,14.668,10.805834335288,20.669292,0.3131716,0.96086289164,0.0,0.0,0.0,209.7,0.1,-0.9,,,0,0,1024,1024,1362,1024,0,0,51,0,205.0,0,0,55,3.688,3.69,3.688,3.685,0,0,6.515,78.98,8.181162335288,18.04462,6,P-GPS,19.685039370078737,5.999999999999999,19.685039370078737,9.821581705366738,9.821581705366738,19.685039370078737,0.0,0.0,0.0,0.0,14.668,95.56201999999999
18885,2026-05-09 10:19:46.884,18.88496868475992,0.35699373695198333,cruise,70000,2026-05-09 10:20:42,18.04462,,,8.181162335288,7.874016,0.0,0.84367784852,4.56364844,16,5,14.713,10.805834335288,20.669292,0.3131716,0.96086289164,0.0,0.0,-0.671082,209.7,0.0,-0.8,,,0,0,1024,1024,1024,1024,0,0,0,0,205.0,0,0,55,3.627,3.628,3.629,3.627,0,0,6.503,78.98,8.181162335288,18.04462,6,P-GPS,19.685039370078737,5.999999999999999,19.685039370078737,9.821581705366738,9.821581705366738,19.685039370078737,0.0,0.0,0.0,0.0,14.713,95.67863899999999
18995,2026-05-09 10:19:46.995,18.995407098121085,0.35908141962421714,cruise,70100,2026-05-09 10:20:42,18.372704,,,8.509246335288,8.530184,0.0,0.90999674828,4.635498836,16,5,14.713,10.805834335288,20.669292,0.3131716,0.96086289164,0.0,0.0,-1.565858,209.7,0.5,-0.3,,,0,0,1024,1024,1024,1024,0,0,0,0,205.0,0,0,55,3.627,3.628,3.629,3.627,0,0,6.503,78.98,8.509246335288,18.372704,6,P-GPS,19.685039370078737,5.999999999999999,19.685039370078737,9.821581705366738,9.821581705366738,19.685039370078737,0.0,0.0,0.0,0.0,14.713,95.67863899999999
19106,2026-05-09 10:19:47.105,19.105845511482254,0.36116910229645094,cruise,70200,2026-05-09 10:20:42,18.700788,,,8.837330335288,8.530184,0.0,1.00859255196,4.7351051384,16,5,14.713,10.805834335288,20.669292,0.3131716,1.00859255196,0.0,0.0,-0.894776,209.8,1.4,-0.4,,,0,0,1024,1024,1024,1024,0,0,0,0,205.0,0,0,55,3.627,3.628,3.629,3.627,0,0,6.503,78.98,8.837330335288,18.700788,6,P-GPS,19.685039370078737,5.999999999999999,19.685039370078737,9.821581705366738,9.821581705366738,19.685039370078737,0.0,0.0,0.0,0.0,14.713,95.67863899999999
19216,2026-05-09 10:19:47.216,19.216283924843424,0.36325678496868474,cruise,70300,2026-05-09 10:20:42,18.700788,,,8.837330335288,9.186352,0.0,0.97651577928,4.7917324368,16,5,14.713,10.805834335288,20.669292,0.3131716,1.00859255196,0.0,0.0,-0.223694,209.8,2.1,-0.8,,,0,0,1024,1024,1024,1024,0,0,0,0,205.0,0,0,55,3.627,3.628,3.629,3.627,0,0,6.503,78.98,8.837330335288,18.700788,6,P-GPS,19.685039370078737,5.999999999999999,19.685039370078737,9.821581705366738,9.821581705366738,19.685039370078737,0.0,0.0,0.0,0.0,14.713,95.67863899999999
19327,2026-05-09 10:19:47.326,19.326722338204593,0.3653444676409186,cruise,70400,2026-05-09 10:20:42,18.700788,,,8.837330335288,9.186352,0.0,1.01069885124,4.8271327004,16,5,14.713,10.805834335288,20.669292,0.3131716,1.01069885124,0.0,0.0,0.0,209.8,2.1,-1.0,,,0,0,1024,1024,1024,1024,0,0,0,0,205.0,0,0,55,3.627,3.628,3.629,3.627,0,0,6.503,78.98,8.837330335288,18.700788,6,P-GPS,19.685039370078737,5.999999999999999,19.685039370078737,9.821581705366738,9.821581705366738,19.685039370078737,0.0,0.0,0.0,0.0,14.713,95.67863899999999
19437,2026-05-09 10:19:47.437,19.437160751565763,0.36743215031315246,cruise,70500,2026-05-09 10:20:42,18.700788,,,8.837330335288,9.514436,0.0,1.01134845756,4.8756235156,16,5,14.713,10.805834335288,20.669292,0.3131716,1.01134845756,0.0,0.0,0.0,209.8,1.9,-1.2,,,0,0,1024,1024,1314,1024,0,0,44,0,205.0,0,0,55,3.627,3.628,3.629,3.627,0,0,6.503,78.98,8.837330335288,18.700788,6,P-GPS,19.685039370078737,5.999999999999999,19.685039370078737,9.821581705366738,9.821581705366738,19.685039370078737,0.0,0.0,0.0,0.0,14.713,95.67863899999999
19548,2026-05-09 10:19:47.547,19.54759916492693,0.3695198329853862,cruise,70600,2026-05-09 10:20:42,18.700788,,,8.837330335288,9.514436,0.0,1.02886158148,4.9011484508,16,5,14.713,10.805834335288,20.669292,0.3131716,1.02886158148,0.0,0.0,0.0,209.8,1.8,-1.5,,,0,0,1024,1024,1391,1024,0,0,56,0,205.0,0,0,55,3.627,3.628,3.629,3.627,0,0,6.503,78.98,8.837330335288,18.700788,6,P-GPS,19.685039370078737,5.999999999999999,19.685039370078737,9.821581705366738,9.821581705366738,19.685039370078737,0.0,0.0,0.0,0.0,14.713,95.67863899999999
19658,2026-05-09 10:19:47.658,19.658037578288102,0.37160751565762007,cruise,70700,2026-05-09 10:20:42,18.700788,,,8.837330335288,10.170604,0.0,1.036909482,4.9148295536,16,5,14.713,10.805834335288,20.669292,0.3131716,1.036909482,0.0,0.0,-0.447388,209.8,1.4,-1.4,,,0,0,1024,1024,1024,1024,0,0,0,0,205.0,0,0,55,3.627,3.628,3.629,3.627,0,0,6.503,78.98,8.837330335288,18.700788,6,P-GPS,19.685039370078737,5.999999999999999,19.685039370078737,9.821581705366738,9.821581705366738,19.685039370078737,0.0,0.0,0.0,0.0,14.713,95.67863899999999
19768,2026-05-09 10:19:47.768,19.768475991649268,0.3736951983298538,cruise,70800,2026-05-09 10:20:42,19.028872,,,9.165414335288,10.498688,0.0,1.03863520384,4.925525092,16,5,14.713,10.805834335288,20.669292,0.3131716,1.03863520384,0.0,0.0,-1.565858,209.8,1.0,-1.2,,,0,0,1024,1024,1024,1024,0,0,0,0,205.0,0,0,55,3.627,3.628,3.629,3.627,0,0,6.503,78.98,9.165414335288,19.028872,6,P-GPS,19.685039370078737,5.999999999999999,19.685039370078737,9.821581705366738,9.821581705366738,19.685039370078737,0.0,0.0,0.0,0.0,14.713,95.67863899999999
19879,2026-05-09 10:19:47.878,19.878914405010438,0.3757828810020877,cruise,70900,2026-05-09 10:20:42,19.356956,,,9.493498335288,10.826772,0.0,1.04579727756,4.94340567,16,5,14.713,10.805834335288,20.669292,0.3131716,1.04579727756,0.0,0.0,-1.565858,209.8,1.0,-1.3,,,0,0,1024,1024,1024,1024,0,0,0,0,205.0,0,0,55,3.627,3.628,3.629,3.627,0,0,6.503,78.98,9.493498335288,19.356956,6,P-GPS,19.685039370078737,5.999999999999999,19.685039370078737,9.821581705366738,9.821581705366738,19.685039370078737,0.0,0.0,0.0,0.0,14.713,95.67863899999999
19989,2026-05-09 10:19:47.989,19.989352818371607,0.37787056367432154,cruise,71000,2026-05-09 10:20:43,19.356956,,,9.493498335288,10.170604,0.0,1.06632549344,4.9712600016,16,5,14.633,10.805834335288,20.669292,0.3131716,1.06632549344,0.0,0.0,-0.671082,209.7,1.6,-1.9,,,0,0,1024,1024,1024,1024,0,0,0,0,205.0,0,0,55,3.625,3.637,3.69,3.697,0,0,6.346,78.98,9.493498335288,19.356956,6,P-GPS,19.685039370078737,5.999999999999999,19.685039370078737,9.821581705366738,9.821581705366738,19.685039370078737,0.0,0.0,0.0,0.0,14.633,92.861018
20100,2026-05-09 10:19:48.099,20.099791231732777,0.37995824634655534,cruise,71100,2026-05-09 10:20:43,19.356956,,,9.493498335288,10.498688,0.0,1.09058074356,5.0015093464,16,5,14.633,10.805834335288,20.669292,0.3131716,1.09058074356,0.0,0.0,-0.223694,209.6,1.8,-2.2,,,0,0,1024,1024,1024,1024,0,0,0,0,205.0,0,0,55,3.625,3.637,3.69,3.697,0,0,6.346,78.98,9.493498335288,19.356956,6,P-GPS,19.685039370078737,5.999999999999999,19.685039370078737,9.821581705366738,9.821581705366738,19.685039370078737,0.0,0.0,0.0,0.0,14.633,92.861018
20210,2026-05-09 10:19:48.210,20.210229645093946,0.38204592901878914,cruise,71200,2026-05-09 10:20:43,19.356956,,,9.493498335288,10.826772,0.0,1.11958008832,5.0458663032,16,5,14.633,10.805834335288,20.669292,0.3131716,1.11958008832,0.0,0.0,0.0,209.5,1.6,-2.2,,,0,0,1024,1024,1024,1024,0,0,0,0,205.0,0,0,55,3.625,3.637,3.69,3.697,0,0,6.346,78.98,9.493498335288,19.356956,6,P-GPS,19.685039370078737,5.999999999999999,19.685039370078737,9.821581705366738,9.821581705366738,19.685039370078737,0.0,0.0,0.0,0.0,14.633,92.861018
20321,2026-05-09 10:19:48.320,20.320668058455112,0.38413361169102295,cruise,71300,2026-05-09 10:20:43,19.356956,,,9.493498335288,11.154856,0.0,1.0814960976,5.0983597432,16,5,14.633,10.805834335288,20.669292,0.3131716,1.11958008832,0.0,0.0,0.0,209.4,1.4,-2.2,,,0,0,1024,1024,1036,1024,0,0,2,0,205.0,0,0,55,3.625,3.637,3.69,3.697,0,0,6.346,78.98,9.493498335288,19.356956,6,P-GPS,19.685039370078737,5.999999999999999,19.685039370078737,9.821581705366738,9.821581705366738,19.685039370078737,0.0,0.0,0.0,0.0,14.633,92.861018
20431,2026-05-09 10:19:48.431,20.431106471816285,0.3862212943632568,cruise,71400,2026-05-09 10:20:43,19.356956,,,9.493498335288,10.170604,0.0,1.09783796164,5.121063156,16,5,14.633,10.805834335288,20.669292,0.3131716,1.11958008832,0.0,0.0,0.0,209.3,1.4,-2.4,,,0,0,1024,1024,1176,1024,0,0,23,0,205.0,0,0,55,3.625,3.637,3.69,3.697,0,0,6.346,78.98,9.493498335288,19.356956,6,P-GPS,19.685039370078737,5.999999999999999,19.685039370078737,9.821581705366738,9.821581705366738,19.685039370078737,0.0,0.0,0.0,0.0,14.633,92.861018
20542,2026-05-09 10:19:48.541,20.541544885177455,0.38830897703549067,cruise,71500,2026-05-09 10:20:43,19.356956,,,9.493498335288,10.498688,0.0,1.09855318476,5.1348754924,16,5,14.633,10.805834335288,20.669292,0.3131716,1.11958008832,0.0,0.0,0.0,209.2,1.2,-2.4,,,0,0,1024,1024,1217,1024,0,0,29,0,205.0,0,0,55,3.625,3.637,3.69,3.697,0,0,6.346,78.98,9.493498335288,19.356956,6,P-GPS,19.685039370078737,5.999999999999999,19.685039370078737,9.821581705366738,9.821581705366738,19.685039370078737,0.0,0.0,0.0,0.0,14.633,92.861018
20652,2026-05-09 10:19:48.651,20.65198329853862,0.3903966597077244,cruise,71600,2026-05-09 10:20:43,19.356956,,,9.493498335288,10.826772,0.0,1.05871722548,5.179954234,16,5,14.633,10.805834335288,20.669292,0.3131716,1.11958008832,0.0,0.0,0.0,209.2,1.1,-2.3,,,0,0,1024,1024,1024,1024,0,0,0,0,205.0,0,0,55,3.625,3.637,3.69,3.697,0,0,6.346,78.98,9.493498335288,19.356956,6,P-GPS,19.685039370078737,5.999999999999999,19.685039370078737,9.821581705366738,9.821581705366738,19.685039370078737,0.0,0.0,0.0,0.0,14.633,92.861018
20762,2026-05-09 10:19:48.762,20.76242171189979,0.3924843423799583,cruise,71700,2026-05-09 10:20:43,19.68504,,,9.821582335288,11.154856,0.0,1.047244128,5.19767077,16,5,14.633,10.805834335288,20.669292,0.3131716,1.11958008832,0.0,0.0,-0.447388,209.1,1.0,-2.0,,,0,0,1024,1024,1024,1024,0,0,0,0,205.0,0,0,55,3.625,3.637,3.69,3.697,0,0,6.346,78.98,9.821582335288,19.68504,6,P-GPS,19.685039370078737,5.999999999999999,19.685039370078737,9.821581705366738,9.821581705366738,19.685039370078737,0.0,0.0,0.0,0.0,14.633,92.861018
20873,2026-05-09 10:19:48.872,20.872860125260956,0.394572025052192,cruise,71800,2026-05-09 10:20:43,19.68504,,,9.821582335288,11.154856,0.0,1.03760830092,5.2085959672,16,5,14.633,10.805834335288,20.669292,0.3131716,1.11958008832,0.0,0.0,-0.447388,209.1,1.4,-2.0,,,0,0,1024,1024,1024,1024,0,0,0,0,205.0,0,0,55,3.625,3.637,3.69,3.697,0,0,6.346,78.98,9.821582335288,19.68504,6,P-GPS,19.685039370078737,5.999999999999999,19.685039370078737,9.821581705366738,9.821581705366738,19.685039370078737,0.0,0.0,0.0,0.0,14.633,92.861018
20983,2026-05-09 10:19:48.983,20.98329853862213,0.3966597077244259,cruise,71900,2026-05-09 10:20:44,19.68504,,,9.821582335288,10.826772,0.0,1.02533467848,5.2234909808,16,5,14.633,10.805834335288,20.669292,0.3131716,1.11958008832,0.0,0.0,0.0,209.1,1.5,-2.0,,,0,0,1024,1024,1024,1024,0,0,0,0,205.0,0,0,55,3.625,3.637,3.69,3.697,0,0,6.346,78.98,9.821582335288,19.68504,6,P-GPS,19.685039370078737,5.999999999999999,19.685039370078737,9.821581705366738,9.821581705366738,19.685039370078737,0.0,0.0,0.0,0.0,14.633,92.861018
21094,2026-05-09 10:19:49.093,21.0937369519833,0.39874739039665974,cruise,72000,2026-05-09 10:20:44,19.68504,,,9.821582335288,10.498688,0.0,1.02077431088,5.2300526608,16,5,14.649,10.805834335288,20.669292,0.3131716,1.11958008832,0.0,0.0,0.0,209.1,1.2,-2.0,,,0,0,1024,1024,1024,1024,0,0,0,0,205.0,0,0,55,3.659,3.654,3.646,3.639,0,0,6.441,78.98,9.821582335288,19.68504,6,P-GPS,19.685039370078737,5.999999999999999,19.685039370078737,9.821581705366738,9.821581705366738,19.685039370078737,0.0,0.0,0.0,0.0,14.649,94.354209
21204,2026-05-09 10:19:49.204,21.20417536534447,0.40083507306889354,cruise,72100,2026-05-09 10:20:44,19.68504,,,9.821582335288,10.498688,0.0,1.02445213252,5.23376001,16,5,14.649,10.805834335288,20.669292,0.3131716,1.11958008832,0.0,0.0,0.0,209.1,0.9,-1.8,,,0,0,1024,1024,1024,1024,0,0,0,0,205.0,0,0,55,3.659,3.654,3.646,3.639,0,0,6.441,78.98,9.821582335288,19.68504,6,P-GPS,19.685039370078737,5.999999999999999,19.685039370078737,9.821581705366738,9.821581705366738,19.685039370078737,0.0,0.0,0.0,0.0,14.649,94.354209
21315,2026-05-09 10:19:49.314,21.31461377870564,0.4029227557411274,cruise,72200,2026-05-09 10:20:44,19.68504,,,9.821582335288,10.498688,0.0,1.01380908756,5.2452757584,16,5,14.649,10.805834335288,20.669292,0.3131716,1.11958008832,0.0,0.0,0.0,209.2,0.9,-1.7,,,0,0,1024,1024,1024,1024,0,0,0,0,205.0,0,0,55,3.659,3.654,3.646,3.639,0,0,6.441,78.98,9.821582335288,19.68504,6,P-GPS,19.685039370078737,5.999999999999999,19.685039370078737,9.821581705366738,9.821581705366738,19.685039370078737,0.0,0.0,0.0,0.0,14.649,94.354209
21425,2026-05-09 10:19:49.425,21.425052192066804,0.40501043841336115,cruise,72300,2026-05-09 10:20:44,19.68504,,,9.821582335288,10.498688,0.0,1.0084974076,5.2507547612,16,5,14.649,10.805834335288,20.669292,0.3131716,1.11958008832,0.0,0.0,0.0,209.2,0.9,-1.6,,,0,0,1024,1024,1024,1024,0,0,0,0,205.0,0,0,55,3.659,3.654,3.646,3.639,0,0,6.441,78.98,9.821582335288,19.68504,6,P-GPS,19.685039370078737,5.999999999999999,19.685039370078737,9.821581705366738,9.821581705366738,19.685039370078737,0.0,0.0,0.0,0.0,14.649,94.354209
21535,2026-05-09 10:19:49.535,21.535490605427974,0.407098121085595,cruise,72400,2026-05-09 10:20:44,19.68504,,,9.821582335288,11.811024,0.0,1.00915685644,5.256561848,16,5,14.649,10.805834335288,20.669292,0.3131716,1.11958008832,0.0,0.0,0.0,209.3,1.0,-1.7,,,0,0,1024,1024,1024,1024,0,0,0,0,205.0,0,0,55,3.659,3.654,3.646,3.639,0,0,6.441,78.98,9.821582335288,19.68504,6,P-GPS,19.685039370078737,5.999999999999999,19.685039370078737,9.821581705366738,9.821581705366738,19.685039370078737,0.0,0.0,0.0,0.0,14.649,94.354209
21646,2026-05-09 10:19:49.645,21.645929018789147,0.40918580375782887,cruise,72500,2026-05-09 10:20:44,19.68504,,,9.821582335288,12.139108,0.0,1.003526935,5.2746392764,16,5,14.649,10.805834335288,20.669292,0.3131716,1.11958008832,0.0,0.0,0.0,209.3,1.0,-1.8,,,0,0,1024,1024,1024,1024,0,0,0,0,205.0,0,0,55,3.659,3.654,3.646,3.639,0,0,6.441,78.98,9.821582335288,19.68504,6,P-GPS,19.685039370078737,5.999999999999999,19.685039370078737,9.821581705366738,9.821581705366738,19.685039370078737,0.0,0.0,0.0,0.0,14.649,94.354209
21756,2026-05-09 10:19:49.756,21.756367432150313,0.4112734864300626,cruise,72600,2026-05-09 10:20:44,19.68504,,,9.821582335288,12.139108,0.0,0.99549543868,5.2845146048,16,5,14.649,10.805834335288,20.669292,0.3131716,1.11958008832,0.0,0.0,0.0,209.3,1.0,-1.9,,,0,0,1024,1024,1024,1024,0,0,0,0,205.0,0,0,55,3.659,3.654,3.646,3.639,0,0,6.441,78.98,9.821582335288,19.68504,6,P-GPS,19.685039370078737,5.999999999999999,19.685039370078737,9.821581705366738,9.821581705366738,19.685039370078737,0.0,0.0,0.0,0.0,14.649,94.354209
21867,2026-05-09 10:19:49.866,21.866805845511482,0.4133611691022965,cruise,72700,2026-05-09 10:20:44,19.68504,,,9.821582335288,12.139108,0.0,0.99082680336,5.3079726108,16,5,14.649,10.805834335288,20.669292,0.3131716,1.11958008832,0.0,0.0,0.0,209.3,0.8,-2.1,,,0,0,1024,1024,1024,1024,0,0,0,0,205.0,0,0,55,3.659,3.654,3.646,3.639,0,0,6.441,78.98,9.821582335288,19.68504,6,P-GPS,19.685039370078737,5.999999999999999,19.685039370078737,9.821581705366738,9.821581705366738,19.685039370078737,0.0,0.0,0.0,0.0,14.649,94.354209
21977,2026-05-09 10:19:49.977,21.977244258872652,0.4154488517745303,cruise,72800,2026-05-09 10:20:44,19.68504,,,9.821582335288,12.467192,0.0,0.98777562216,5.3327757612,16,5,14.649,10.805834335288,20.669292,0.3131716,1.11958008832,0.0,0.0,0.0,209.3,0.7,-2.2,,,0,0,1024,1024,1024,1024,0,0,0,0,205.0,0,0,55,3.659,3.654,3.646,3.639,0,0,6.441,78.98,9.821582335288,19.68504,6,P-GPS,19.685039370078737,5.999999999999999,19.685039370078737,9.821581705366738,9.821581705366738,19.685039370078737,0.0,0.0,0.0,0.0,14.649,94.354209
22088,2026-05-09 10:19:50.087,22.087682672233818,0.4175365344467641,cruise,72900,2026-05-09 10:20:45,19.68504,,,9.821582335288,12.467192,0.0,0.97822509692,5.3437009584,16,5,14.649,10.805834335288,20.669292,0.3131716,1.11958008832,0.0,0.0,0.0,209.3,0.8,-2.1,,,0,0,1024,932,1024,1024,0,-14,0,0,205.0,0,0,55,3.659,3.654,3.646,3.639,0,0,6.441,78.98,9.821582335288,19.68504,6,P-GPS,19.685039370078737,5.999999999999999,19.685039370078737,9.821581705366738,9.821581705366738,19.685039370078737,0.0,0.0,0.0,0.0,14.649,94.354209
22198,2026-05-09 10:19:50.198,22.19812108559499,0.41962421711899794,cruise,73000,2026-05-09 10:20:45,19.68504,,,9.821582335288,12.467192,0.0,0.97686026748,5.370571038,16,5,14.66,10.805834335288,20.669292,0.3131716,1.11958008832,0.0,0.0,0.0,209.3,0.8,-1.8,,,0,0,1024,630,1024,1024,0,-60,0,0,205.0,0,0,55,3.67,3.667,3.665,3.664,0,0,6.268,79.34,9.821582335288,19.68504,6,P-GPS,19.685039370078737,5.999999999999999,19.685039370078737,9.821581705366738,9.821581705366738,19.685039370078737,0.0,0.0,0.0,0.0,14.66,91.88888
22309,2026-05-09 10:19:50.308,22.30855949895616,0.42171189979123175,cruise,73100,2026-05-09 10:20:45,19.68504,,,9.821582335288,12.467192,0.0,0.96998690768,5.3781497784,16,5,14.66,10.805834335288,20.669292,0.3131716,1.11958008832,0.0,0.0,0.0,209.3,0.8,-3.4,,,0,0,1024,540,1024,1024,0,-73,0,0,205.0,0,0,55,3.67,3.667,3.665,3.664,0,0,6.268,79.34,9.821582335288,19.68504,6,P-GPS,19.685039370078737,5.999999999999999,19.685039370078737,9.821581705366738,9.821581705366738,19.685039370078737,0.0,0.0,0.0,0.0,14.66,91.88888
22419,2026-05-09 10:19:50.418,22.41899791231733,0.4237995824634656,cruise,73200,2026-05-09 10:20:45,19.68504,,,9.821582335288,12.467192,0.0,0.96173559508,5.393372876,16,5,14.66,10.805834335288,20.669292,0.3131716,1.11958008832,0.0,0.0,0.0,209.2,0.7,-8.1,,,0,0,1024,679,1024,1024,0,-52,0,0,205.0,0,0,55,3.67,3.667,3.665,3.664,0,0,6.268,79.34,9.821582335288,19.68504,6,P-GPS,19.685039370078737,5.999999999999999,19.685039370078737,9.821581705366738,9.821581705366738,19.685039370078737,0.0,0.0,0.0,0.0,14.66,91.88888
22529,2026-05-09 10:19:50.529,22.529436325678496,0.42588726513569936,cruise,73300,2026-05-09 10:20:45,19.68504,,,9.821582335288,13.12336,0.223694,0.93099740512,5.46423902,16,5,14.66,10.805834335288,20.669292,0.3131716,1.11958008832,0.0,0.223694,0.0,209.1,0.6,-11.9,,,0,0,1024,679,1024,1024,0,-52,0,0,205.0,0,0,55,3.67,3.667,3.665,3.664,0,0,6.268,79.34,9.821582335288,19.68504,6,P-GPS,19.685039370078737,5.999999999999999,19.685039370078737,9.821581705366738,9.821581705366738,19.685039370078737,0.0,0.223694,0.0,0.0,14.66,91.88888
22640,2026-05-09 10:19:50.639,22.639874739039666,0.4279749478079332,cruise,73400,2026-05-09 10:20:45,19.68504,,,9.821582335288,12.795276,0.7158208,0.89231302068,5.5766734068,16,5,14.66,10.805834335288,20.669292,0.7158208,1.11958008832,-0.223694,0.671082,0.0,209.0,0.7,-12.0,,,0,0,1024,906,1024,1024,0,-18,0,0,205.0,0,0,55,3.67,3.667,3.665,3.664,0,0,6.268,79.34,9.821582335288,19.68504,6,P-GPS,19.685039370078737,5.999999999999999,19.685039370078737,9.821581705366738,9.821581705366738,19.685039370078737,0.0,0.7073825389137054,0.0,0.0,14.66,91.88888
22750,2026-05-09 10:19:50.750,22.75031315240084,0.4300626304801671,cruise,73500,2026-05-09 10:20:45,19.68504,,,9.821582335288,12.795276,1.006623,0.85548559168,5.7273951964,16,5,14.66,10.805834335288,20.669292,1.006623,1.11958008832,-0.447388,0.894776,0.0,208.8,0.7,-9.2,,,0,0,1024,1012,1024,1024,0,-2,0,0,205.0,0,0,55,3.67,3.667,3.665,3.664,0,0,6.268,79.34,9.821582335288,19.68504,6,P-GPS,19.685039370078737,5.999999999999999,19.685039370078737,9.821581705366738,9.821581705366738,19.685039370078737,0.0,1.000389980317676,0.0,0.0,14.66,91.88888
22861,2026-05-09 10:19:50.860,22.860751565762,0.4321503131524008,cruise,73600,2026-05-09 10:20:45,19.68504,,,9.821582335288,12.795276,1.2974252,0.8337106566,5.9872705328,16,5,14.66,10.805834335288,20.669292,1.2974252,1.11958008832,-0.671082,1.11847,0.0,208.7,0.8,-5.6,,,0,0,1024,1024,1024,1024,0,0,0,0,205.0,0,0,55,3.67,3.667,3.665,3.664,0,0,6.268,79.34,9.821582335288,19.68504,6,P-GPS,19.685039370078737,5.999999999999999,19.685039370078737,9.821581705366738,9.821581705366738,19.685039370078737,0.0,1.3043489531655248,0.0,0.0,14.66,91.88888
22971,2026-05-09 10:19:50.971,22.971189979123174,0.4342379958246347,cruise,73700,2026-05-09 10:20:45,19.68504,,,9.821582335288,13.12336,1.4987498,0.92371065948,6.2187009864,16,5,14.66,10.805834335288,20.669292,1.4987498,1.11958008832,-0.671082,1.342164,0.0,208.6,0.9,-3.1,,,0,0,1024,1024,1024,1024,0,0,0,0,205.0,0,0,55,3.67,3.667,3.665,3.664,0,0,6.268,79.34,9.821582335288,19.68504,6,P-GPS,19.685039370078737,5.999999999999999,19.685039370078737,9.821581705366738,9.821581705366738,19.685039370078737,0.0,1.5005849704765137,0.0,0.0,14.66,91.88888
23082,2026-05-09 10:19:51.081,23.081628392484344,0.4363256784968685,cruise,73800,2026-05-09 10:20:45,19.68504,,,9.821582335288,13.12336,1.4987498,1.02256564952,6.432578946,16,5,14.66,10.805834335288,20.669292,1.4987498,1.11958008832,-0.671082,1.342164,0.0,208.5,1.1,-1.6,,,0,0,1024,1024,1024,1024,0,0,0,0,205.0,0,0,55,3.67,3.667,3.665,3.664,0,0,6.268,79.34,9.821582335288,19.68504,6,P-GPS,19.685039370078737,5.999999999999999,19.685039370078737,9.821581705366738,9.821581705366738,19.685039370078737,0.0,1.5005849704765137,0.0,0.0,14.66,91.88888
23192,2026-05-09 10:19:51.192,23.19206680584551,0.4384133611691023,cruise,73900,2026-05-09 10:20:46,19.68504,,,9.821582335288,13.12336,1.4987498,1.12843507548,6.6523296092,16,5,14.66,10.805834335288,20.669292,1.4987498,1.12843507548,-0.671082,1.342164,0.0,208.7,1.1,1.7,,,0,0,1024,1024,1024,1024,0,0,0,0,205.0,0,0,55,3.67,3.667,3.665,3.664,0,0,6.268,79.34,9.821582335288,19.68504,6,P-GPS,19.685039370078737,5.999999999999999,19.685039370078737,9.821581705366738,9.821581705366738,19.685039370078737,0.0,1.5005849704765137,0.0,0.0,14.66,91.88888
23303,2026-05-09 10:19:51.302,23.302505219206683,0.44050104384133615,cruise,74000,2026-05-09 10:20:46,19.68504,,,9.821582335288,12.795276,1.2974252,1.26834977812,6.8426183292,16,5,14.661,10.805834335288,20.669292,1.4987498,1.26834977812,-0.671082,1.11847,0.0,209.0,1.0,3.5,,,0,0,1024,1024,1024,1094,0,0,0,11,205.0,0,0,55,3.665,3.663,3.664,3.663,0,0,6.103,79.34,9.821582335288,19.68504,6,P-GPS,19.685039370078737,5.999999999999999,19.685039370078737,9.821581705366738,9.821581705366738,19.685039370078737,0.0,1.3043489531655248,0.0,0.0,14.661,89.47608299999999
23413,2026-05-09 10:19:51.412,23.41294363256785,0.44258872651356995,cruise,74100,2026-05-09 10:20:46,19.68504,,,9.821582335288,12.467192,1.006623,1.4170112002,7.027231196,16,5,14.661,10.805834335288,20.669292,1.4987498,1.4170112002,-0.447388,0.894776,0.0,209.4,1.0,4.1,,,0,0,1024,1024,1024,1379,0,0,0,54,205.0,0,0,55,3.665,3.663,3.664,3.663,0,0,6.103,79.34,9.821582335288,19.68504,6,P-GPS,19.685039370078737,5.999999999999999,19.685039370078737,9.821581705366738,9.821581705366738,19.685039370078737,0.0,1.000389980317676,0.0,0.0,14.661,89.47608299999999
23523,2026-05-09 10:19:51.523,23.523382045929022,0.4446764091858038,cruise,74200,2026-05-09 10:20:46,19.68504,,,9.821582335288,12.467192,0.8052984,1.56949808172,7.1894359256,16,5,14.661,10.805834335288,20.669292,1.4987498,1.56949808172,-0.447388,0.671082,0.0,211.4,1.1,3.8,,,0,0,1024,1024,1024,1379,0,0,0,54,205.2,0,0,55,3.665,3.663,3.664,3.663,0,0,6.103,79.34,9.821582335288,19.68504,6,P-GPS,19.685039370078737,5.999999999999999,19.685039370078737,9.821581705366738,9.821581705366738,19.685039370078737,0.0,0.8065401870136416,0.0,0.0,14.661,89.47608299999999
23634,2026-05-09 10:19:51.633,23.633820459290185,0.44676409185803756,cruise,74300,2026-05-09 10:20:46,19.68504,,,9.821582335288,12.467192,0.4921268,1.62853023584,7.24983619,16,5,14.661,10.805834335288,20.669292,1.4987498,1.62853023584,-0.223694,0.447388,0.0,212.5,1.3,2.9,,,0,0,1024,1024,1024,1461,0,0,0,66,206.1,0,0,55,3.665,3.663,3.664,3.663,0,0,6.103,79.34,9.821582335288,19.68504,6,P-GPS,19.685039370078737,5.999999999999999,19.685039370078737,9.821581705366738,9.821581705366738,19.685039370078737,0.0,0.500194990158838,0.0,0.0,14.661,89.47608299999999
23744,2026-05-09 10:19:51.744,23.744258872651358,0.4488517745302714,cruise,74400,2026-05-09 10:20:46,19.68504,,,9.821582335288,12.467192,0.3131716,1.69304139276,7.3187666384,16,5,14.661,10.805834335288,20.669292,1.4987498,1.69304139276,-0.223694,0.223694,0.0,214.3,1.2,1.9,,,0,0,1024,1024,1024,1529,0,0,0,77,207.9,0,0,55,3.665,3.663,3.664,3.663,0,0,6.103,79.34,9.821582335288,19.68504,6,P-GPS,19.685039370078737,5.999999999999999,19.685039370078737,9.821581705366738,9.821581705366738,19.685039370078737,0.0,0.31635108862148714,0.0,0.0,14.661,89.47608299999999
23855,2026-05-09 10:19:51.854,23.854697286012527,0.4509394572025053,cruise,74500,2026-05-09 10:20:46,19.68504,,,9.821582335288,12.795276,0.0,1.75256567288,7.3916997116,16,5,14.661,10.805834335288,20.669292,1.4987498,1.75256567288,0.0,0.0,0.0,216.7,1.1,1.2,,,0,0,1024,1024,1024,1568,0,0,0,82,210.6,0,0,55,3.665,3.663,3.664,3.663,0,0,6.103,79.34,9.821582335288,19.68504,6,P-GPS,19.685039370078737,5.999999999999999,19.685039370078737,9.821581705366738,9.821581705366738,19.685039370078737,0.0,0.0,0.0,0.0,14.661,89.47608299999999
23965,2026-05-09 10:19:51.965,23.965135699373693,0.453027139874739,cruise,74600,2026-05-09 10:20:46,19.68504,,,9.821582335288,13.12336,0.0,1.79024612028,7.4297246472,16,5,14.661,10.805834335288,20.669292,1.4987498,1.79024612028,0.0,0.0,0.0,219.9,1.0,0.6,,,0,0,1024,1024,1024,1571,0,0,0,83,214.0,0,0,55,3.665,3.663,3.664,3.663,0,0,6.103,79.34,9.821582335288,19.68504,6,P-GPS,19.685039370078737,5.999999999999999,19.685039370078737,9.821581705366738,9.821581705366738,19.685039370078737,0.0,0.0,0.0,0.0,14.661,89.47608299999999
24076,2026-05-09 10:19:52.075,24.075574112734866,0.4551148225469729,cruise,74700,2026-05-09 10:20:46,19.68504,,,9.821582335288,13.451444,0.0,1.80287407344,7.4487535192,16,5,14.661,10.805834335288,20.669292,1.4987498,1.80287407344,0.0,0.0,0.0,223.6,1.0,0.1,,,0,0,1024,1024,1024,1579,0,0,0,84,217.8,0,0,55,3.665,3.663,3.664,3.663,0,0,6.103,79.34,9.821582335288,19.68504,6,P-GPS,19.685039370078737,5.999999999999999,19.685039370078737,9.821581705366738,9.821581705366738,19.685039370078737,0.0,0.0,0.0,0.0,14.661,89.47608299999999
24186,2026-05-09 10:19:52.186,24.186012526096032,0.4572025052192067,cruise,74800,2026-05-09 10:20:46,19.68504,,,9.821582335288,13.451444,0.0,1.78948168456,7.4625002388,16,5,14.661,10.805834335288,20.669292,1.4987498,1.80287407344,0.0,0.0,0.0,227.4,1.1,-0.2,,,0,0,1024,1024,1024,1580,0,0,0,84,221.6,0,0,55,3.665,3.663,3.664,3.663,0,0,6.103,79.34,9.821582335288,19.68504,6,P-GPS,19.685039370078737,5.999999999999999,19.685039370078737,9.821581705366738,9.821581705366738,19.685039370078737,0.0,0.0,0.0,0.0,14.661,89.47608299999999
24296,2026-05-09 10:19:52.296,24.296450939457202,0.4592901878914405,cruise,74900,2026-05-09 10:20:47,19.68504,,,9.821582335288,13.12336,0.0,1.79179139592,7.4706039136,16,5,14.661,10.805834335288,20.669292,1.4987498,1.80287407344,0.0,0.0,0.0,231.3,1.3,-0.2,,,0,0,1024,1024,1024,1580,0,0,0,84,225.6,0,0,55,3.665,3.663,3.664,3.663,0,0,6.103,79.34,9.821582335288,19.68504,6,P-GPS,19.685039370078737,5.999999999999999,19.685039370078737,9.821581705366738,9.821581705366738,19.685039370078737,0.0,0.0,0.0,0.0,14.661,89.47608299999999
24407,2026-05-09 10:19:52.406,24.40688935281837,0.46137787056367435,cruise,75000,2026-05-09 10:20:47,19.68504,,,9.821582335288,13.12336,0.0,1.78967853496,7.4758204492,16,5,14.649,10.805834335288,20.669292,1.4987498,1.80287407344,0.0,0.0,0.0,235.1,1.3,-0.4,,,0,0,1024,1024,1024,1580,0,0,0,84,229.6,0,0,55,3.664,3.662,3.662,3.661,0,0,6.325,79.52,9.821582335288,19.68504,6,P-GPS,19.685039370078737,5.999999999999999,19.685039370078737,9.821581705366738,9.821581705366738,19.685039370078737,0.0,0.0,0.0,0.0,14.649,92.65492499999999
24517,2026-05-09 10:19:52.517,24.51732776617954,0.46346555323590816,cruise,75100,2026-05-09 10:20:47,19.68504,,,9.821582335288,13.12336,0.0,1.78973759008,7.5165356736,16,5,14.649,10.805834335288,20.669292,1.4987498,1.80287407344,0.0,0.0,0.0,239.0,1.4,-0.7,,,0,0,1024,1024,1024,1580,0,0,0,84,233.6,0,0,55,3.664,3.662,3.662,3.661,0,0,6.325,79.52,9.821582335288,19.68504,6,P-GPS,19.685039370078737,5.999999999999999,19.685039370078737,9.821581705366738,9.821581705366738,19.685039370078737,0.0,0.0,0.0,0.0,14.649,92.65492499999999
24628,2026-05-09 10:19:52.627,24.62776617954071,0.465553235908142,cruise,75200,2026-05-09 10:20:47,19.68504,,,9.821582335288,12.795276,0.0,1.78431436156,7.533792892,16,5,14.649,10.805834335288,20.669292,1.4987498,1.80287407344,0.0,0.0,0.0,242.9,1.5,-0.9,,,0,0,1024,1024,1024,1580,0,0,0,84,237.7,0,0,55,3.664,3.662,3.662,3.661,0,0,6.325,79.52,9.821582335288,19.68504,6,P-GPS,19.685039370078737,5.999999999999999,19.685039370078737,9.821581705366738,9.821581705366738,19.685039370078737,0.0,0.0,0.0,0.0,14.649,92.65492499999999
24738,2026-05-09 10:19:52.738,24.738204592901877,0.46764091858037576,cruise,75300,2026-05-09 10:20:47,19.68504,,,9.821582335288,12.795276,0.0,1.78913063468,7.5498361996,16,5,14.649,10.805834335288,20.669292,1.4987498,1.80287407344,0.0,0.0,0.0,246.7,1.6,-1.0,,,0,0,1024,1024,1024,1580,0,0,0,84,241.7,0,0,55,3.664,3.662,3.662,3.661,0,0,6.325,79.52,9.821582335288,19.68504,6,P-GPS,19.685039370078737,5.999999999999999,19.685039370078737,9.821581705366738,9.821581705366738,19.685039370078737,0.0,0.0,0.0,0.0,14.649,92.65492499999999
24849,2026-05-09 10:19:52.848,24.84864300626305,0.4697286012526096,cruise,75400,2026-05-09 10:20:47,19.68504,,,9.821582335288,12.795276,0.0,1.78270018828,7.5567915804,16,5,14.649,10.805834335288,20.669292,1.4987498,1.80287407344,0.0,0.0,0.0,250.7,1.6,-0.8,,,0,0,1024,1024,1024,1579,0,0,0,84,245.7,0,0,55,3.664,3.662,3.662,3.661,0,0,6.325,79.52,9.821582335288,19.68504,6,P-GPS,19.685039370078737,5.999999999999999,19.685039370078737,9.821581705366738,9.821581705366738,19.685039370078737,0.0,0.0,0.0,0.0,14.649,92.65492499999999
24959,2026-05-09 10:19:52.959,24.95908141962422,0.4718162839248435,cruise,75500,2026-05-09 10:20:47,19.68504,,,9.821582335288,12.795276,0.0,1.76507879664,7.5747377752,16,5,14.649,10.805834335288,20.669292,1.4987498,1.80287407344,0.0,0.0,0.0,254.6,1.5,-0.6,,,0,0,1024,1024,1024,1579,0,0,0,84,249.7,0,0,55,3.664,3.662,3.662,3.661,0,0,6.325,79.52,9.821582335288,19.68504,6,P-GPS,19.685039370078737,5.999999999999999,19.685039370078737,9.821581705366738,9.821581705366738,19.685039370078737,0.0,0.0,0.0,0.0,14.649,92.65492499999999
25070,2026-05-09 10:19:53.069,25.069519832985385,0.47390396659707723,cruise,75600,2026-05-09 10:20:47,19.68504,,,9.821582335288,12.795276,0.0,1.77454402004,7.5860894816,16,5,14.649,10.805834335288,20.669292,1.4987498,1.80287407344,0.0,0.0,0.0,258.6,1.5,-0.2,,,0,0,1024,1024,1024,1579,0,0,0,84,253.7,0,0,55,3.664,3.662,3.662,3.661,0,0,6.325,79.52,9.821582335288,19.68504,6,P-GPS,19.685039370078737,5.999999999999999,19.685039370078737,9.821581705366738,9.821581705366738,19.685039370078737,0.0,0.0,0.0,0.0,14.649,92.65492499999999
25180,2026-05-09 10:19:53.179,25.179958246346555,0.4759916492693111,cruise,75700,2026-05-09 10:20:47,19.68504,,,9.821582335288,12.467192,0.0,1.74407485896,7.6203414512,16,5,14.649,10.805834335288,20.669292,1.4987498,1.80287407344,0.0,0.0,0.0,262.6,1.5,-0.2,,,0,0,1024,1024,1024,1579,0,0,0,84,257.7,0,0,55,3.664,3.662,3.662,3.661,0,0,6.325,79.52,9.821582335288,19.68504,6,P-GPS,19.685039370078737,5.999999999999999,19.685039370078737,9.821581705366738,9.821581705366738,19.685039370078737,0.0,0.0,0.0,0.0,14.649,92.65492499999999
25290,2026-05-09 10:19:53.290,25.290396659707724,0.4780793319415449,cruise,75800,2026-05-09 10:20:47,19.68504,,,9.821582335288,12.467192,0.0,1.74812013468,7.624836202,16,5,14.649,10.805834335288,20.669292,1.4987498,1.80287407344,0.0,0.0,0.0,266.6,1.3,-0.1,,,0,0,1024,1024,1024,1579,0,0,0,84,261.7,0,0,55,3.664,3.662,3.662,3.661,0,0,6.325,79.52,9.821582335288,19.68504,6,P-GPS,19.685039370078737,5.999999999999999,19.685039370078737,9.821581705366738,9.821581705366738,19.685039370078737,0.0,0.0,0.0,0.0,14.649,92.65492499999999
25401,2026-05-09 10:19:53.400,25.400835073068894,0.4801670146137787,cruise,75900,2026-05-09 10:20:48,19.68504,,,9.821582335288,12.795276,0.0,1.7549869328,7.6332679608,16,5,14.649,10.805834335288,20.669292,1.4987498,1.80287407344,0.0,0.0,0.0,270.5,1.1,0.0,,,0,0,1024,1024,1024,1579,0,0,0,84,265.7,0,0,55,3.664,3.662,3.662,3.661,0,0,6.325,79.52,9.821582335288,19.68504,6,P-GPS,19.685039370078737,5.999999999999999,19.685039370078737,9.821581705366738,9.821581705366738,19.685039370078737,0.0,0.0,0.0,0.0,14.649,92.65492499999999
25511,2026-05-09 10:19:53.511,25.511273486430063,0.48225469728601256,cruise,76000,2026-05-09 10:20:48,19.68504,,,9.821582335288,12.467192,0.0,1.7433399508,7.6662075944,16,5,14.65,10.805834335288,20.669292,1.4987498,1.80287407344,0.0,0.0,0.0,274.6,1.2,0.0,,,0,0,1024,1024,1024,1575,0,0,0,83,269.7,0,0,55,3.663,3.662,3.662,3.662,0,0,6.26,79.52,9.821582335288,19.68504,6,P-GPS,19.685039370078737,5.999999999999999,19.685039370078737,9.821581705366738,9.821581705366738,19.685039370078737,0.0,0.0,0.0,0.0,14.65,91.709
25622,2026-05-09 10:19:53.621,25.621711899791233,0.48434237995824636,cruise,76100,2026-05-09 10:20:48,19.68504,,,9.821582335288,12.467192,0.0,1.75231632904,7.6908795112,16,5,14.65,10.805834335288,20.669292,1.4987498,1.80287407344,0.0,0.0,0.0,278.5,1.4,0.4,,,0,0,1024,1024,1024,1575,0,0,0,83,273.7,0,0,55,3.663,3.662,3.662,3.662,0,0,6.26,79.52,9.821582335288,19.68504,6,P-GPS,19.685039370078737,5.999999999999999,19.685039370078737,9.821581705366738,9.821581705366738,19.685039370078737,0.0,0.0,0.0,0.0,14.65,91.709
25732,2026-05-09 10:19:53.732,25.732150313152403,0.4864300626304802,cruise,76200,2026-05-09 10:20:48,19.68504,,,9.821582335288,12.795276,0.0,1.76259520076,7.7113847612,16,5,14.65,10.805834335288,20.669292,1.4987498,1.80287407344,0.0,0.0,0.0,282.5,1.4,0.6,,,0,0,1024,1024,1024,1571,0,0,0,83,277.7,0,0,55,3.663,3.662,3.662,3.662,0,0,6.26,79.52,9.821582335288,19.68504,6,P-GPS,19.685039370078737,5.999999999999999,19.685039370078737,9.821581705366738,9.821581705366738,19.685039370078737,0.0,0.0,0.0,0.0,14.65,91.709
25843,2026-05-09 10:19:53.842,25.84258872651357,0.48851774530271397,cruise,76300,2026-05-09 10:20:48,19.68504,,,9.821582335288,12.795276,0.0,1.77116475484,7.7256892236,16,5,14.65,10.805834335288,20.669292,1.4987498,1.80287407344,0.0,0.0,0.0,286.5,1.3,0.8,,,0,0,1024,1024,1024,1571,0,0,0,83,281.6,0,0,55,3.663,3.662,3.662,3.662,0,0,6.26,79.52,9.821582335288,19.68504,6,P-GPS,19.685039370078737,5.999999999999999,19.685039370078737,9.821581705366738,9.821581705366738,19.685039370078737,0.0,0.0,0.0,0.0,14.65,91.709
25953,2026-05-09 10:19:53.953,25.953027139874738,0.4906054279749478,cruise,76400,2026-05-09 10:20:48,19.68504,,,9.821582335288,12.795276,0.0,1.78389441404,7.7543965736,16,5,14.65,10.805834335288,20.669292,1.4987498,1.80287407344,0.0,0.0,0.0,290.4,1.3,1.1,,,0,0,1024,1024,1024,1569,0,0,0,83,285.5,0,0,55,3.663,3.662,3.662,3.662,0,0,6.26,79.52,9.821582335288,19.68504,6,P-GPS,19.685039370078737,5.999999999999999,19.685039370078737,9.821581705366738,9.821581705366738,19.685039370078737,0.0,0.0,0.0,0.0,14.65,91.709
26063,2026-05-09 10:19:54.063,26.06346555323591,0.4926931106471817,cruise,76500,2026-05-09 10:20:48,19.68504,,,9.821582335288,12.795276,0.0,1.80010832532,7.7786091728,16,5,14.65,10.805834335288,20.669292,1.4987498,1.80287407344,0.0,0.0,0.0,294.4,1.2,1.4,,,0,0,1024,1024,1024,1566,0,0,0,82,289.3,0,0,55,3.663,3.662,3.662,3.662,0,0,6.26,79.52,9.821582335288,19.68504,6,P-GPS,19.685039370078737,5.999999999999999,19.685039370078737,9.821581705366738,9.821581705366738,19.685039370078737,0.0,0.0,0.0,0.0,14.65,91.709
26174,2026-05-09 10:19:54.173,26.173903966597077,0.49478079331941544,cruise,76600,2026-05-09 10:20:48,19.68504,,,9.821582335288,13.12336,0.0,1.8180118692,7.7975068112,16,5,14.65,10.805834335288,20.669292,1.4987498,1.8180118692,0.0,0.0,0.0,298.3,1.0,1.5,,,0,0,1024,1024,1024,1564,0,0,0,82,293.2,0,0,55,3.663,3.662,3.662,3.662,0,0,6.26,79.52,9.821582335288,19.68504,6,P-GPS,19.685039370078737,5.999999999999999,19.685039370078737,9.821581705366738,9.821581705366738,19.685039370078737,0.0,0.0,0.0,0.0,14.65,91.709
26284,2026-05-09 10:19:54.284,26.284342379958247,0.4968684759916493,cruise,76700,2026-05-09 10:20:48,19.68504,,,9.821582335288,13.451444,0.0,1.83569887764,7.8235566808,16,5,14.65,10.805834335288,20.669292,1.4987498,1.83569887764,0.0,0.0,0.0,302.2,0.9,1.4,,,0,0,1024,1024,1024,1563,0,0,0,82,296.9,0,0,55,3.663,3.662,3.662,3.662,0,0,6.26,79.52,9.821582335288,19.68504,6,P-GPS,19.685039370078737,5.999999999999999,19.685039370078737,9.821581705366738,9.821581705366738,19.685039370078737,0.0,0.0,0.0,0.0,14.65,91.709
26395,2026-05-09 10:19:54.394,26.394780793319416,0.4989561586638831,cruise,76800,2026-05-09 10:20:48,19.68504,,,9.821582335288,13.12336,0.0,1.847687067,7.838418886,16,5,14.65,10.805834335288,20.669292,1.4987498,1.847687067,0.0,0.0,0.0,306.1,0.8,1.3,,,0,0,1024,1024,1024,1561,0,0,0,81,300.7,0,0,55,3.663,3.662,3.662,3.662,0,0,6.26,79.52,9.821582335288,19.68504,6,P-GPS,19.685039370078737,5.999999999999999,19.685039370078737,9.821581705366738,9.821581705366738,19.685039370078737,0.0,0.0,0.0,0.0,14.65,91.709
26505,2026-05-09 10:19:54.505,26.505219206680582,0.5010438413361169,cruise,76900,2026-05-09 10:20:49,19.68504,,,9.821582335288,13.12336,0.0,1.863845204,7.8624346348,16,5,14.65,10.805834335288,20.669292,1.4987498,1.863845204,0.0,0.0,0.0,309.9,0.7,1.4,,,0,0,1024,1024,1024,1557,0,0,0,81,304.4,0,0,55,3.663,3.662,3.662,3.662,0,0,6.26,79.52,9.821582335288,19.68504,6,P-GPS,19.685039370078737,5.999999999999999,19.685039370078737,9.821581705366738,9.821581705366738,19.685039370078737,0.0,0.0,0.0,0.0,14.65,91.709
26616,2026-05-09 10:19:54.615,26.61565762004176,0.5031315240083508,cruise,77000,2026-05-09 10:20:49,19.68504,,,9.821582335288,13.451444,0.0,1.85717525628,7.8803480212,16,5,14.648,10.805834335288,20.669292,1.4987498,1.863845204,0.0,0.0,0.0,313.6,0.6,1.5,,,0,0,1024,1024,1024,1552,0,0,0,80,308.1,0,0,55,3.663,3.661,3.661,3.66,0,0,6.251,79.52,9.821582335288,19.68504,6,P-GPS,19.685039370078737,5.999999999999999,19.685039370078737,9.821581705366738,9.821581705366738,19.685039370078737,0.0,0.0,0.0,0.0,14.648,91.564648
26726,2026-05-09 10:19:54.726,26.72609603340292,0.5052192066805845,cruise,77100,2026-05-09 10:20:49,19.68504,,,9.821582335288,13.451444,0.0,1.867044023,7.8942915912,16,5,14.648,10.805834335288,20.669292,1.4987498,1.867044023,0.0,0.0,0.0,317.3,0.3,1.5,,,0,0,1024,1024,1024,1551,0,0,0,80,311.8,0,0,55,3.663,3.661,3.661,3.66,0,0,6.251,79.52,9.821582335288,19.68504,6,P-GPS,19.685039370078737,5.999999999999999,19.685039370078737,9.821581705366738,9.821581705366738,19.685039370078737,0.0,0.0,0.0,0.0,14.648,91.564648
26837,2026-05-09 10:19:54.836,26.836534446764094,0.5073068893528184,cruise,77200,2026-05-09 10:20:49,19.68504,,,9.821582335288,13.451444,0.0,1.8490322114,7.9271327996,16,5,14.648,10.805834335288,20.669292,1.4987498,1.867044023,0.0,0.0,0.0,321.0,0.2,1.3,,,0,0,1024,1024,1024,1550,0,0,0,80,315.4,0,0,55,3.663,3.661,3.661,3.66,0,0,6.251,79.52,9.821582335288,19.68504,6,P-GPS,19.685039370078737,5.999999999999999,19.685039370078737,9.821581705366738,9.821581705366738,19.685039370078737,0.0,0.0,0.0,0.0,14.648,91.564648
26947,2026-05-09 10:19:54.946,26.94697286012526,0.5093945720250522,cruise,77300,2026-05-09 10:20:49,19.68504,,,9.821582335288,13.12336,0.0,1.85958339284,7.953412328,16,5,14.648,10.805834335288,20.669292,1.4987498,1.867044023,0.0,0.0,0.0,324.6,0.0,1.2,,,0,0,1024,1024,1024,1550,0,0,0,80,319.0,0,0,55,3.663,3.661,3.661,3.66,0,0,6.251,79.52,9.821582335288,19.68504,6,P-GPS,19.685039370078737,5.999999999999999,19.685039370078737,9.821581705366738,9.821581705366738,19.685039370078737,0.0,0.0,0.0,0.0,14.648,91.564648
27057,2026-05-09 10:19:55.057,27.05741127348643,0.511482254697286,cruise,77400,2026-05-09 10:20:49,19.68504,,,9.821582335288,13.12336,0.0,1.86229992836,7.9607614096,16,5,14.648,10.805834335288,20.669292,1.4987498,1.867044023,0.0,0.0,0.0,328.2,0.0,1.2,,,0,0,1024,1024,1024,1548,0,0,0,79,322.5,0,0,55,3.663,3.661,3.661,3.66,0,0,6.251,79.52,9.821582335288,19.68504,6,P-GPS,19.685039370078737,5.999999999999999,19.685039370078737,9.821581705366738,9.821581705366738,19.685039370078737,0.0,0.0,0.0,0.0,14.648,91.564648
27168,2026-05-09 10:19:55.167,27.1678496868476,0.5135699373695198,cruise,77500,2026-05-09 10:20:49,19.68504,,,9.821582335288,13.12336,0.0,1.87953746172,7.9806104916,16,5,14.648,10.805834335288,20.669292,1.4987498,1.87953746172,0.0,0.0,0.0,331.8,-0.1,1.2,,,0,0,1024,1024,1024,1549,0,0,0,80,326.1,0,0,55,3.663,3.661,3.661,3.66,0,0,6.251,79.52,9.821582335288,19.68504,6,P-GPS,19.685039370078737,5.999999999999999,19.685039370078737,9.821581705366738,9.821581705366738,19.685039370078737,0.0,0.0,0.0,0.0,14.648,91.564648
27278,2026-05-09 10:19:55.278,27.278288100208766,0.5156576200417536,cruise,77600,2026-05-09 10:20:49,19.68504,,,9.821582335288,12.795276,0.0,1.88416672696,7.9857614104,16,5,14.648,10.805834335288,20.669292,1.4987498,1.88416672696,0.0,0.0,0.0,335.3,-0.1,1.3,,,0,0,1024,1024,1024,1548,0,0,0,79,329.6,0,0,55,3.663,3.661,3.661,3.66,0,0,6.251,79.52,9.821582335288,19.68504,6,P-GPS,19.685039370078737,5.999999999999999,19.685039370078737,9.821581705366738,9.821581705366738,19.685039370078737,0.0,0.0,0.0,0.0,14.648,91.564648
27389,2026-05-09 10:19:55.388,27.388726513569942,0.5177453027139876,cruise,77700,2026-05-09 10:20:49,19.68504,,,9.821582335288,12.795276,0.0,1.89400596612,8.0071852956,16,5,14.648,10.805834335288,20.669292,1.4987498,1.89400596612,0.0,0.0,0.0,338.9,-0.2,1.3,,,0,0,1024,1024,1024,1548,0,0,0,79,333.2,0,0,55,3.663,3.661,3.661,3.66,0,0,6.251,79.52,9.821582335288,19.68504,6,P-GPS,19.685039370078737,5.999999999999999,19.685039370078737,9.821581705366738,9.821581705366738,19.685039370078737,0.0,0.0,0.0,0.0,14.648,91.564648
27499,2026-05-09 10:19:55.499,27.499164926931105,0.5198329853862212,cruise,77800,2026-05-09 10:20:49,19.68504,,,9.821582335288,12.467192,0.0,1.89755255416,8.01181128,16,5,14.648,10.805834335288,20.669292,1.4987498,1.89755255416,0.0,0.0,0.0,342.4,-0.1,1.5,,,0,0,1024,1024,1024,1547,0,0,0,79,336.7,0,0,55,3.663,3.661,3.661,3.66,0,0,6.251,79.52,9.821582335288,19.68504,6,P-GPS,19.685039370078737,5.999999999999999,19.685039370078737,9.821581705366738,9.821581705366738,19.685039370078737,0.0,0.0,0.0,0.0,14.648,91.564648
27610,2026-05-09 10:19:55.609,27.609603340292278,0.5219206680584552,cruise,77900,2026-05-09 10:20:50,19.68504,,,9.821582335288,12.139108,0.0,1.93564966824,8.0601052448,16,5,14.648,10.805834335288,20.669292,1.4987498,1.93564966824,0.0,0.0,0.0,345.9,-0.3,1.2,,,0,0,1024,1024,1024,1546,0,0,0,79,338.5,0,0,55,3.663,3.661,3.661,3.66,0,0,6.251,79.52,9.821582335288,19.68504,6,P-GPS,19.685039370078737,5.999999999999999,19.685039370078737,9.821581705366738,9.821581705366738,19.685039370078737,0.0,0.0,0.0,0.0,14.648,91.564648
27720,2026-05-09 10:19:55.720,27.720041753653444,0.524008350730689,cruise,78000,2026-05-09 10:20:50,19.68504,,,9.821582335288,12.139108,0.0,1.96368772688,8.1273952732,16,5,14.64,10.805834335288,20.669292,1.4987498,1.96368772688,0.0,0.0,0.0,349.4,-0.5,0.7,,,0,0,1024,1024,1024,1546,0,0,0,79,343.7,0,0,55,3.661,3.661,3.66,3.659,0,0,6.336,79.7,9.821582335288,19.68504,6,P-GPS,19.685039370078737,5.999999999999999,19.685039370078737,9.821581705366738,9.821581705366738,19.685039370078737,0.0,0.0,0.0,0.0,14.64,92.75904000000001
27830,2026-05-09 10:19:55.830,27.830480167014613,0.5260960334029228,cruise,78100,2026-05-09 10:20:50,19.68504,,,9.821582335288,12.139108,0.0,1.97056108668,8.1523624656,16,5,14.64,10.805834335288,20.669292,1.4987498,1.97056108668,0.0,0.0,0.0,352.8,-0.5,0.2,,,0,0,1024,1024,1024,1546,0,0,0,79,347.2,0,0,55,3.661,3.661,3.66,3.659,0,0,6.336,79.7,9.821582335288,19.68504,6,P-GPS,19.685039370078737,5.999999999999999,19.685039370078737,9.821581705366738,9.821581705366738,19.685039370078737,0.0,0.0,0.0,0.0,14.64,92.75904000000001
27941,2026-05-09 10:19:55.940,27.940918580375783,0.5281837160751566,cruise,78200,2026-05-09 10:20:50,19.68504,,,9.821582335288,12.139108,0.0,1.92668641336,8.2159123364,16,5,14.64,10.805834335288,20.669292,1.4987498,1.97056108668,0.0,0.0,0.0,356.3,-0.6,0.0,,,0,0,1024,1024,1024,1545,0,0,0,79,350.7,0,0,55,3.661,3.661,3.66,3.659,0,0,6.336,79.7,9.821582335288,19.68504,6,P-GPS,19.685039370078737,5.999999999999999,19.685039370078737,9.821581705366738,9.821581705366738,19.685039370078737,0.0,0.0,0.0,0.0,14.64,92.75904000000001
28051,2026-05-09 10:19:56.051,28.05135699373695,0.5302713987473904,cruise,78300,2026-05-09 10:20:50,19.68504,,,9.821582335288,12.139108,0.0,1.94511489164,8.2425855656,16,5,14.64,10.805834335288,20.669292,1.4987498,1.97056108668,0.0,0.0,0.0,359.7,-0.5,0.1,,,0,0,1024,1024,1024,1541,0,0,0,78,354.2,0,0,55,3.661,3.661,3.66,3.659,0,0,6.336,79.7,9.821582335288,19.68504,6,P-GPS,19.685039370078737,5.999999999999999,19.685039370078737,9.821581705366738,9.821581705366738,19.685039370078737,0.0,0.0,0.0,0.0,14.64,92.75904000000001
28162,2026-05-09 10:19:56.161,28.16179540709812,0.5323590814196242,cruise,78400,2026-05-09 10:20:50,19.68504,,,9.821582335288,13.12336,0.0,1.9415847078,8.2463257232,16,5,14.64,10.805834335288,20.669292,1.4987498,1.97056108668,0.0,0.0,0.0,3.0,-0.6,0.4,,,0,0,1024,1024,1024,1541,0,0,0,78,357.7,0,0,55,3.661,3.661,3.66,3.659,0,0,6.336,79.7,9.821582335288,19.68504,6,P-GPS,19.685039370078737,5.999999999999999,19.685039370078737,9.821581705366738,9.821581705366738,19.685039370078737,0.0,0.0,0.0,0.0,14.64,92.75904000000001
28272,2026-05-09 10:19:56.272,28.27223382045929,0.5344467640918581,cruise,78500,2026-05-09 10:20:50,19.68504,,,9.821582335288,13.12336,0.0,1.93982289672,8.2498690304,16,5,14.64,10.805834335288,20.669292,1.4987498,1.97056108668,0.0,0.0,0.0,6.4,-0.6,0.4,,,0,0,1024,1024,1024,1540,0,0,0,78,1.2,0,0,55,3.661,3.661,3.66,3.659,0,0,6.336,79.7,9.821582335288,19.68504,6,P-GPS,19.685039370078737,5.999999999999999,19.685039370078737,9.821581705366738,9.821581705366738,19.685039370078737,0.0,0.0,0.0,0.0,14.64,92.75904000000001
28383,2026-05-09 10:19:56.382,28.38267223382046,0.5365344467640919,cruise,78600,2026-05-09 10:20:50,19.68504,,,9.821582335288,12.467192,0.0,1.95449153236,8.2648624692,16,5,14.64,10.805834335288,20.669292,1.4987498,1.97056108668,0.0,0.0,0.0,9.9,-0.6,0.4,,,0,0,1024,1024,1024,1541,0,0,0,78,4.6,0,0,55,3.661,3.661,3.66,3.659,0,0,6.336,79.7,9.821582335288,19.68504,6,P-GPS,19.685039370078737,5.999999999999999,19.685039370078737,9.821581705366738,9.821581705366738,19.685039370078737,0.0,0.0,0.0,0.0,14.64,92.75904000000001
28493,2026-05-09 10:19:56.493,28.49311064718163,0.5386221294363257,cruise,78700,2026-05-09 10:20:50,19.68504,,,9.821582335288,12.467192,0.0,1.95373365832,8.2715881912,16,5,14.64,10.805834335288,20.669292,1.4987498,1.97056108668,0.0,0.0,0.0,13.2,-0.5,0.3,,,0,0,1024,1024,1024,1540,0,0,0,78,8.0,0,0,55,3.661,3.661,3.66,3.659,0,0,6.336,79.7,9.821582335288,19.68504,6,P-GPS,19.685039370078737,5.999999999999999,19.685039370078737,9.821581705366738,9.821581705366738,19.685039370078737,0.0,0.0,0.0,0.0,14.64,92.75904000000001
28604,2026-05-09 10:19:56.603,28.603549060542797,0.5407098121085595,cruise,78800,2026-05-09 10:20:50,19.68504,,,9.821582335288,12.467192,0.0,1.97306764844,8.310695804,16,5,14.64,10.805834335288,20.669292,1.4987498,1.97306764844,0.0,0.0,0.0,16.6,-0.6,0.4,,,0,0,1024,1024,1024,1540,0,0,0,78,9.7,0,0,55,3.661,3.661,3.66,3.659,0,0,6.336,79.7,9.821582335288,19.68504,6,P-GPS,19.685039370078737,5.999999999999999,19.685039370078737,9.821581705366738,9.821581705366738,19.685039370078737,0.0,0.0,0.0,0.0,14.64,92.75904000000001
28714,2026-05-09 10:19:56.713,28.713987473903966,0.5427974947807933,cruise,78900,2026-05-09 10:20:51,19.68504,,,9.821582335288,12.467192,0.0,1.97788392156,8.3444556476,16,5,14.64,10.805834335288,20.669292,1.4987498,1.97788392156,0.0,0.0,0.0,20.0,-0.7,0.6,,,0,0,1024,1024,1024,1541,0,0,0,78,14.9,0,0,55,3.661,3.661,3.66,3.659,0,0,6.336,79.7,9.821582335288,19.68504,6,P-GPS,19.685039370078737,5.999999999999999,19.685039370078737,9.821581705366738,9.821581705366738,19.685039370078737,0.0,0.0,0.0,0.0,14.64,92.75904000000001
28824,2026-05-09 10:19:56.824,28.82442588726514,0.5448851774530272,cruise,79000,2026-05-09 10:20:51,19.68504,,,9.821582335288,11.811024,0.0,1.98051843608,8.3577102412,16,5,14.643,10.805834335288,20.669292,1.4987498,1.98051843608,0.0,0.0,0.0,23.5,-0.9,0.7,,,0,0,1024,1024,1024,1542,0,0,0,78,18.3,0,0,55,3.663,3.661,3.661,3.66,0,0,6.271,79.7,9.821582335288,19.68504,6,P-GPS,19.685039370078737,5.999999999999999,19.685039370078737,9.821581705366738,9.821581705366738,19.685039370078737,0.0,0.0,0.0,0.0,14.643,91.82625300000001
28935,2026-05-09 10:19:56.934,28.9348643006263,0.5469728601252609,cruise,79100,2026-05-09 10:20:51,19.68504,,,9.821582335288,11.811024,0.0,1.97515098184,8.3750330764,16,5,14.643,10.805834335288,20.669292,1.4987498,1.98051843608,0.0,0.0,0.0,26.9,-0.9,0.6,,,0,0,1024,1024,1024,1024,0,0,0,0,21.7,0,0,55,3.663,3.661,3.661,3.66,0,0,6.271,79.7,9.821582335288,19.68504,6,P-GPS,19.685039370078737,5.999999999999999,19.685039370078737,9.821581705366738,9.821581705366738,19.685039370078737,0.0,0.0,0.0,0.0,14.643,91.82625300000001
29045,2026-05-09 10:19:57.045,29.045302713987475,0.5490605427974948,cruise,79200,2026-05-09 10:20:51,19.68504,,,9.821582335288,12.139108,0.0,1.97289704476,8.4006236284,16,5,14.643,10.805834335288,20.669292,1.4987498,1.98051843608,0.0,0.0,0.0,30.3,-1.1,0.6,,,0,0,1024,1024,1024,1024,0,0,0,0,24.4,0,0,55,3.663,3.661,3.661,3.66,0,0,6.271,79.7,9.821582335288,19.68504,6,P-GPS,19.685039370078737,5.999999999999999,19.685039370078737,9.821581705366738,9.821581705366738,19.685039370078737,0.0,0.0,0.0,0.0,14.643,91.82625300000001
29156,2026-05-09 10:19:57.155,29.155741127348644,0.5511482254697286,cruise,79300,2026-05-09 10:20:51,19.68504,,,9.821582335288,12.139108,0.0,1.98224415792,8.4270343904,16,5,14.643,10.805834335288,20.669292,1.4987498,1.98224415792,0.0,0.0,0.0,32.6,-1.2,0.5,,,0,0,1024,1024,1024,1024,0,0,0,0,25.2,0,0,55,3.663,3.661,3.661,3.66,0,0,6.271,79.7,9.821582335288,19.68504,6,P-GPS,19.685039370078737,5.999999999999999,19.685039370078737,9.821581705366738,9.821581705366738,19.685039370078737,0.0,0.0,0.0,0.0,14.643,91.82625300000001
29266,2026-05-09 10:19:57.266,29.266179540709814,0.5532359081419624,cruise,79400,2026-05-09 10:20:51,19.68504,,,9.821582335288,12.139108,0.0,2.0081693556,8.4635501396,16,5,14.643,10.805834335288,20.669292,1.4987498,2.0081693556,0.0,0.0,0.0,32.8,-1.4,0.5,,,0,0,1024,1024,1024,1024,0,0,0,0,25.3,0,0,55,3.663,3.661,3.661,3.66,0,0,6.271,79.7,9.821582335288,19.68504,6,P-GPS,19.685039370078737,5.999999999999999,19.685039370078737,9.821581705366738,9.821581705366738,19.685039370078737,0.0,0.0,0.0,0.0,14.643,91.82625300000001
29377,2026-05-09 10:19:57.376,29.37661795407098,0.5553235908141962,cruise,79500,2026-05-09 10:20:51,19.68504,,,9.821582335288,12.467192,0.0,2.00532814816,8.4821525024,17,5,14.643,10.805834335288,20.669292,1.4987498,2.0081693556,0.0,0.0,0.0,32.7,-1.4,0.4,,,0,0,1024,1024,1024,1024,0,0,0,0,25.3,0,0,55,3.663,3.661,3.661,3.66,0,0,6.271,79.7,9.821582335288,19.68504,6,P-GPS,19.685039370078737,5.999999999999999,19.685039370078737,9.821581705366738,9.821581705366738,19.685039370078737,0.0,0.0,0.0,0.0,14.643,91.82625300000001
29487,2026-05-09 10:19:57.487,29.48705636743215,0.55741127348643,cruise,79600,2026-05-09 10:20:51,19.68504,,,9.821582335288,12.795276,0.0,2.00838917188,8.492618382,17,5,14.643,10.805834335288,20.669292,1.4987498,2.00838917188,0.0,0.0,0.0,32.7,-1.5,0.4,,,0,0,1024,1024,1024,1024,0,0,0,0,25.3,0,0,55,3.663,3.661,3.661,3.66,0,0,6.271,79.7,9.821582335288,19.68504,6,P-GPS,19.685039370078737,5.999999999999999,19.685039370078737,9.821581705366738,9.821581705366738,19.685039370078737,0.0,0.0,0.0,0.0,14.643,91.82625300000001
29597,2026-05-09 10:19:57.597,29.597494780793323,0.559498956158664,cruise,79700,2026-05-09 10:20:51,19.68504,,,9.821582335288,12.795276,0.0,2.00236554964,8.5005908232,17,5,14.643,10.805834335288,20.669292,1.4987498,2.00838917188,0.0,0.0,0.0,32.7,-1.5,0.5,,,0,0,1024,1024,1024,1024,0,0,0,0,25.3,0,0,55,3.663,3.661,3.661,3.66,0,0,6.271,79.7,9.821582335288,19.68504,6,P-GPS,19.685039370078737,5.999999999999999,19.685039370078737,9.821581705366738,9.821581705366738,19.685039370078737,0.0,0.0,0.0,0.0,14.643,91.82625300000001
29708,2026-05-09 10:19:57.707,29.707933194154485,0.5615866388308977,cruise,79800,2026-05-09 10:20:51,19.68504,,,9.821582335288,13.12336,0.0,2.0038878594,8.5353349188,17,5,14.643,10.805834335288,20.669292,1.4987498,2.00838917188,0.0,0.0,0.0,32.7,-1.4,0.7,,,0,0,1024,1024,1024,1104,0,0,0,12,25.3,0,0,55,3.663,3.661,3.661,3.66,0,0,6.271,79.7,9.821582335288,19.68504,6,P-GPS,19.685039370078737,5.999999999999999,19.685039370078737,9.821581705366738,9.821581705366738,19.685039370078737,0.0,0.0,0.0,0.0,14.643,91.82625300000001
29818,2026-05-09 10:19:57.818,29.818371607515658,0.5636743215031316,cruise,79900,2026-05-09 10:20:52,19.68504,,,9.821582335288,13.12336,0.0,1.99977368604,8.5540685152,17,5,14.643,10.805834335288,20.669292,1.4987498,2.00838917188,0.0,0.0,0.0,32.7,-1.1,0.8,,,0,0,1024,1024,1024,1024,0,0,0,0,25.3,0,0,55,3.663,3.661,3.661,3.66,0,0,6.271,79.7,9.821582335288,19.68504,6,P-GPS,19.685039370078737,5.999999999999999,19.685039370078737,9.821581705366738,9.821581705366738,19.685039370078737,0.0,0.0,0.0,0.0,14.643,91.82625300000001
29929,2026-05-09 10:19:57.928,29.928810020876828,0.5657620041753654,cruise,80000,2026-05-09 10:20:52,19.68504,,,9.821582335288,13.779528,0.0,2.01645675744,8.6029530312,17,5,14.642,10.805834335288,20.669292,1.4987498,2.01645675744,0.0,0.0,0.0,32.6,-1.2,0.8,,,0,0,1024,1024,1024,1024,0,0,0,0,25.3,0,0,55,3.662,3.66,3.661,3.659,0,0,6.24,79.88,9.821582335288,19.68504,6,P-GPS,19.685039370078737,5.999999999999999,19.685039370078737,9.821581705366738,9.821581705366738,19.685039370078737,0.0,0.0,0.0,0.0,14.642,91.36608
30039,2026-05-09 10:19:58.039,30.039248434237997,0.5678496868475992,cruise,80100,2026-05-09 10:20:52,19.68504,,,9.821582335288,14.107612,0.0,2.02027237436,8.6294950268,17,5,14.642,10.805834335288,20.669292,1.4987498,2.02027237436,0.0,0.0,0.0,32.6,-1.3,0.6,,,0,0,1024,1024,1024,1024,0,0,0,0,25.3,0,0,55,3.662,3.66,3.661,3.659,0,0,6.24,79.88,9.821582335288,19.68504,6,P-GPS,19.685039370078737,5.999999999999999,19.685039370078737,9.821581705366738,9.821581705366738,19.685039370078737,0.0,0.0,0.0,0.0,14.642,91.36608
30150,2026-05-09 10:19:58.149,30.149686847599163,0.569937369519833,cruise,80200,2026-05-09 10:20:52,19.68504,,,9.821582335288,13.12336,0.0,2.00934389632,8.6525921404,17,5,14.642,10.805834335288,20.669292,1.4987498,2.02027237436,0.0,0.0,0.0,32.6,-1.5,0.7,,,0,0,1024,1024,1024,1024,0,0,0,0,25.3,0,0,55,3.662,3.66,3.661,3.659,0,0,6.24,79.88,9.821582335288,19.68504,6,P-GPS,19.685039370078737,5.999999999999999,19.685039370078737,9.821581705366738,9.821581705366738,19.685039370078737,0.0,0.0,0.0,0.0,14.642,91.36608
30260,2026-05-09 10:19:58.260,30.260125260960333,0.5720250521920668,cruise,80300,2026-05-09 10:20:52,19.68504,,,9.821582335288,13.12336,0.0,1.98706043104,8.6771328236,17,5,14.642,10.805834335288,20.669292,1.4987498,2.02027237436,0.0,0.0,0.0,32.5,-1.3,0.9,,,0,0,1024,1024,1024,1024,0,0,0,0,25.3,0,0,55,3.662,3.66,3.661,3.659,0,0,6.24,79.88,9.821582335288,19.68504,6,P-GPS,19.685039370078737,5.999999999999999,19.685039370078737,9.821581705366738,9.821581705366738,19.685039370078737,0.0,0.0,0.0,0.0,14.642,91.36608
30371,2026-05-09 10:19:58.370,30.3705636743215,0.5741127348643006,cruise,80400,2026-05-09 10:20:52,19.68504,,,9.821582335288,13.12336,0.0,1.97069888196,8.6947509344,17,5,14.642,10.805834335288,20.669292,1.4987498,2.02027237436,0.0,0.0,0.0,32.5,-1.2,1.1,,,0,0,1024,1024,1024,1024,0,0,0,0,25.3,0,0,55,3.662,3.66,3.661,3.659,0,0,6.24,79.88,9.821582335288,19.68504,6,P-GPS,19.685039370078737,5.999999999999999,19.685039370078737,9.821581705366738,9.821581705366738,19.685039370078737,0.0,0.0,0.0,0.0,14.642,91.36608
30481,2026-05-09 10:19:58.481,30.481002087682675,0.5762004175365345,cruise,80500,2026-05-09 10:20:52,19.68504,,,9.821582335288,13.12336,0.0,1.96836948556,8.7232286256,16,5,14.642,10.805834335288,20.669292,1.4987498,2.02027237436,0.0,0.0,0.0,32.4,-1.1,1.2,,,0,0,1024,1024,1024,1024,0,0,0,0,25.3,0,0,55,3.662,3.66,3.661,3.659,0,0,6.24,79.88,9.821582335288,19.68504,6,P-GPS,19.685039370078737,5.999999999999999,19.685039370078737,9.821581705366738,9.821581705366738,19.685039370078737,0.0,0.0,0.0,0.0,14.642,91.36608
30591,2026-05-09 10:19:58.591,30.59144050104384,0.5782881002087683,cruise,80600,2026-05-09 10:20:52,19.68504,,,9.821582335288,13.451444,0.0,1.95445872396,8.7371393872,16,5,14.642,10.805834335288,20.669292,1.4987498,2.02027237436,0.0,0.0,0.0,32.4,-1.1,1.2,,,0,0,1024,1024,1024,1024,0,0,0,0,25.3,0,0,55,3.662,3.66,3.661,3.659,0,0,6.24,79.88,9.821582335288,19.68504,6,P-GPS,19.685039370078737,5.999999999999999,19.685039370078737,9.821581705366738,9.821581705366738,19.685039370078737,0.0,0.0,0.0,0.0,14.642,91.36608
30702,2026-05-09 10:19:58.701,30.70187891440501,0.5803757828810021,cruise,80700,2026-05-09 10:20:52,19.68504,,,9.821582335288,13.12336,0.0,1.96159127012,8.7704399132,16,5,14.642,10.805834335288,20.669292,1.4987498,2.02027237436,0.0,0.0,0.0,32.4,-1.2,1.0,,,0,0,1024,1024,1024,1024,0,0,0,0,25.3,0,0,55,3.662,3.66,3.661,3.659,0,0,6.24,79.88,9.821582335288,19.68504,6,P-GPS,19.685039370078737,5.999999999999999,19.685039370078737,9.821581705366738,9.821581705366738,19.685039370078737,0.0,0.0,0.0,0.0,14.642,91.36608
30812,2026-05-09 10:19:58.812,30.81231732776618,0.5824634655532359,cruise,80800,2026-05-09 10:20:52,19.68504,,,9.821582335288,13.12336,0.0,1.95647315972,8.7810370264,16,5,14.642,10.805834335288,20.669292,1.4987498,2.02027237436,0.0,0.0,0.0,32.4,-1.3,0.9,,,0,0,1024,1024,1024,1024,0,0,0,0,25.3,0,0,55,3.662,3.66,3.661,3.659,0,0,6.24,79.88,9.821582335288,19.68504,6,P-GPS,19.685039370078737,5.999999999999999,19.685039370078737,9.821581705366738,9.821581705366738,19.685039370078737,0.0,0.0,0.0,0.0,14.642,91.36608
30923,2026-05-09 10:19:58.922,30.922755741127347,0.5845511482254697,cruise,80900,2026-05-09 10:20:53,19.68504,,,9.821582335288,13.12336,0.0,1.95984914408,8.7959976568,16,5,14.642,10.805834335288,20.669292,1.4987498,2.02027237436,0.0,0.0,0.0,32.5,-1.1,1.0,,,0,0,1024,1024,1024,1024,0,0,0,0,25.3,0,0,55,3.662,3.66,3.661,3.659,0,0,6.24,79.88,9.821582335288,19.68504,6,P-GPS,19.685039370078737,5.999999999999999,19.685039370078737,9.821581705366738,9.821581705366738,19.685039370078737,0.0,0.0,0.0,0.0,14.642,91.36608
31033,2026-05-09 10:19:59.033,31.03319415448852,0.5866388308977036,cruise,81000,2026-05-09 10:20:53,19.68504,,,9.821582335288,13.12336,0.0,1.95647644056,8.81315645,16,5,14.645,10.805834335288,20.669292,1.4987498,2.02027237436,0.0,0.0,0.0,32.5,-1.4,1.2,,,0,0,1024,1024,1024,1024,0,0,0,0,25.3,0,0,55,3.662,3.661,3.661,3.661,0,0,6.16,79.88,9.821582335288,19.68504,6,P-GPS,19.685039370078737,5.999999999999999,19.685039370078737,9.821581705366738,9.821581705366738,19.685039370078737,0.0,0.0,0.0,0.0,14.645,90.2132
31144,2026-05-09 10:19:59.143,31.143632567849682,0.5887265135699373,cruise,81100,2026-05-09 10:20:53,19.68504,,,9.821582335288,13.12336,0.0,1.94809389436,8.8222771852,16,5,14.645,10.805834335288,20.669292,1.4987498,2.02027237436,0.0,0.0,0.0,32.5,-1.5,1.4,,,0,0,1024,1024,1024,1024,0,0,0,0,25.3,0,0,55,3.662,3.661,3.661,3.661,0,0,6.16,79.88,9.821582335288,19.68504,6,P-GPS,19.685039370078737,5.999999999999999,19.685039370078737,9.821581705366738,9.821581705366738,19.685039370078737,0.0,0.0,0.0,0.0,14.645,90.2132
31254,2026-05-09 10:19:59.254,31.25407098121086,0.5908141962421712,cruise,81200,2026-05-09 10:20:53,19.68504,,,9.821582335288,13.12336,0.0,1.95017394692,8.8320540884,16,5,14.645,10.805834335288,20.669292,1.4987498,2.02027237436,0.0,0.0,0.0,32.5,-1.5,1.4,,,0,0,1024,1024,1024,1024,0,0,0,0,25.3,0,0,55,3.662,3.661,3.661,3.661,0,0,6.16,79.88,9.821582335288,19.68504,6,P-GPS,19.685039370078737,5.999999999999999,19.685039370078737,9.821581705366738,9.821581705366738,19.685039370078737,0.0,0.0,0.0,0.0,14.645,90.2132
31365,2026-05-09 10:19:59.364,31.364509394572025,0.592901878914405,cruise,81300,2026-05-09 10:20:53,19.68504,,,9.821582335288,13.451444,0.0,1.95507224104,8.8377955584,16,5,14.645,10.805834335288,20.669292,1.4987498,2.02027237436,0.0,0.0,0.0,32.6,-1.4,1.3,,,0,0,1024,1024,1024,1024,0,0,0,0,25.3,0,0,55,3.662,3.661,3.661,3.661,0,0,6.16,79.88,9.821582335288,19.68504,6,P-GPS,19.685039370078737,5.999999999999999,19.685039370078737,9.821581705366738,9.821581705366738,19.685039370078737,0.0,0.0,0.0,0.0,14.645,90.2132
31475,2026-05-09 10:19:59.474,31.474947807933194,0.5949895615866388,cruise,81400,2026-05-09 10:20:53,19.68504,,,9.821582335288,13.779528,0.0,1.94270347424,8.8503283672,16,5,14.645,10.805834335288,20.669292,1.4987498,2.02027237436,0.0,0.0,0.0,32.6,-1.4,1.2,,,0,0,1114,1024,1024,1024,14,0,0,0,25.3,0,0,55,3.662,3.661,3.661,3.661,0,0,6.16,79.88,9.821582335288,19.68504,6,P-GPS,19.685039370078737,5.999999999999999,19.685039370078737,9.821581705366738,9.821581705366738,19.685039370078737,0.0,0.0,0.0,0.0,14.645,90.2132
31585,2026-05-09 10:19:59.585,31.585386221294364,0.5970772442588727,cruise,81500,2026-05-09 10:20:53,19.68504,,,9.821582335288,13.779528,0.0,1.94009520644,8.8570212808,16,5,14.645,10.805834335288,20.669292,1.4987498,2.02027237436,0.0,0.0,0.0,32.6,-1.3,1.1,,,0,0,1432,1024,1024,1024,62,0,0,0,25.3,0,0,55,3.662,3.661,3.661,3.661,0,0,6.16,79.88,9.821582335288,19.68504,6,P-GPS,19.685039370078737,5.999999999999999,19.685039370078737,9.821581705366738,9.821581705366738,19.685039370078737,0.0,0.0,0.0,0.0,14.645,90.2132
31696,2026-05-09 10:19:59.695,31.69582463465553,0.5991649269311065,cruise,81600,2026-05-09 10:20:53,19.68504,,,9.821582335288,13.779528,0.0,1.91440622924,8.885498972,16,5,14.645,10.805834335288,20.669292,1.4987498,2.02027237436,0.0,0.0,0.0,32.5,-1.8,1.0,,,0,0,1493,1024,1024,1024,71,0,0,0,25.3,0,0,55,3.662,3.661,3.661,3.661,0,0,6.16,79.88,9.821582335288,19.68504,6,P-GPS,19.685039370078737,5.999999999999999,19.685039370078737,9.821581705366738,9.821581705366738,19.685039370078737,0.0,0.0,0.0,0.0,14.645,90.2132
31806,2026-05-09 10:19:59.806,31.806263048016703,0.6012526096033404,cruise,81700,2026-05-09 10:20:53,19.68504,,,9.821582335288,13.779528,0.0,1.89318903696,8.907972726,16,5,14.645,10.805834335288,20.669292,1.4987498,2.02027237436,0.0,0.0,0.0,32.5,-5.1,1.0,,,0,0,1499,1024,1024,1024,72,0,0,0,25.3,0,0,55,3.662,3.661,3.661,3.661,0,0,6.16,79.88,9.821582335288,19.68504,6,P-GPS,19.685039370078737,5.999999999999999,19.685039370078737,9.821581705366738,9.821581705366738,19.685039370078737,0.0,0.0,0.0,0.0,14.645,90.2132
31917,2026-05-09 10:19:59.916,31.916701461377865,0.6033402922755741,cruise,81800,2026-05-09 10:20:53,19.68504,,,9.821582335288,14.107612,0.223694,1.86396987592,8.9392063228,16,5,14.645,10.805834335288,20.669292,1.4987498,2.02027237436,0.223694,0.0,0.0,32.3,-9.5,1.2,,,0,0,1514,1024,1024,1024,74,0,0,0,25.3,0,0,55,3.662,3.661,3.661,3.661,0,0,6.16,79.88,9.821582335288,19.68504,6,P-GPS,19.685039370078737,5.999999999999999,19.685039370078737,9.821581705366738,9.821581705366738,19.685039370078737,0.0,0.223694,0.0,0.0,14.645,90.2132
32027,2026-05-09 10:20:00.027,32.02713987473904,0.605427974947808,cruise,81900,2026-05-09 10:20:54,19.68504,,,9.821582335288,13.779528,0.4921268,1.81603680352,8.9957680044,16,5,14.645,10.805834335288,20.669292,1.4987498,2.02027237436,0.447388,0.223694,0.0,32.2,-12.4,1.2,,,0,0,1515,1024,1024,1024,74,0,0,0,25.3,0,0,55,3.662,3.661,3.661,3.661,0,0,6.16,79.88,9.821582335288,19.68504,6,P-GPS,19.685039370078737,5.999999999999999,19.685039370078737,9.821581705366738,9.821581705366738,19.685039370078737,0.0,0.500194990158838,0.0,0.0,14.645,90.2132
32138,2026-05-09 10:20:00.137,32.13757828810021,0.6075156576200418,cruise,82000,2026-05-09 10:20:54,19.68504,,,9.821582335288,13.779528,1.006623,1.70569887348,9.1355645968,16,5,14.646,10.805834335288,20.669292,1.4987498,2.02027237436,0.894776,0.447388,0.0,32.2,-14.3,1.0,,,0,0,1516,1024,1024,1024,75,0,0,0,25.3,0,0,55,3.662,3.661,3.661,3.659,0,0,6.114,79.88,9.821582335288,19.68504,6,P-GPS,19.685039370078737,5.999999999999999,19.685039370078737,9.821581705366738,9.821581705366738,19.685039370078737,0.0,1.000389980317676,0.0,0.0,14.646,89.54564400000001
32248,2026-05-09 10:20:00.248,32.248016701461374,0.6096033402922756,cruise,82100,2026-05-09 10:20:54,19.68504,,,9.821582335288,13.779528,1.6105968,1.56785110004,9.3340226084,16,5,14.646,10.805834335288,20.669292,1.6105968,2.02027237436,1.342164,0.894776,0.0,32.1,-15.2,0.9,,,0,0,1515,1024,1024,1024,74,0,0,0,25.3,0,0,55,3.662,3.661,3.661,3.659,0,0,6.114,79.88,9.821582335288,19.68504,6,P-GPS,19.685039370078737,5.999999999999999,19.685039370078737,9.821581705366738,9.821581705366738,19.685039370078737,0.0,1.6130803740272832,0.0,0.0,14.646,89.54564400000001
32358,2026-05-09 10:20:00.358,32.35845511482255,0.6116910229645094,cruise,82200,2026-05-09 10:20:54,19.68504,,,9.821582335288,13.779528,2.1027236,1.368356343,9.6667982096,16,5,14.646,10.805834335288,20.669292,2.1027236,2.02027237436,1.789552,1.11847,0.0,32.1,-15.3,0.9,,,0,0,1515,1024,1024,1024,74,0,0,0,25.3,0,0,55,3.662,3.661,3.661,3.659,0,0,6.114,79.88,9.821582335288,19.68504,6,P-GPS,19.685039370078737,5.999999999999999,19.685039370078737,9.821581705366738,9.821581705366738,19.685039370078737,0.0,2.1103249753542697,0.0,0.0,14.646,89.54564400000001
32469,2026-05-09 10:20:00.468,32.46889352818371,0.6137787056367432,cruise,82300,2026-05-09 10:20:54,19.68504,,,9.821582335288,13.779528,2.6172198,1.21316276848,10.0391079328,16,5,14.646,10.805834335288,20.669292,2.6172198,2.02027237436,2.23694,1.342164,0.0,31.7,-15.2,1.0,,,0,0,1514,1024,1024,1024,74,0,0,0,25.3,0,0,55,3.662,3.661,3.661,3.659,0,0,6.114,79.88,9.821582335288,19.68504,6,P-GPS,19.685039370078737,5.999999999999999,19.685039370078737,9.821581705366738,9.821581705366738,19.685039370078737,0.0,2.6086979063310496,0.0,0.0,14.646,89.54564400000001
32579,2026-05-09 10:20:00.579,32.579331941544886,0.6158663883089771,cruise,82400,2026-05-09 10:20:54,19.68504,,,9.821582335288,14.107612,3.1093466,1.1418799578,10.4530187072,16,5,14.646,10.805834335288,20.669292,3.1093466,2.02027237436,2.684328,1.565858,0.0,31.4,-15.2,1.2,,,0,0,1514,1024,1024,1024,74,0,0,0,25.3,0,0,55,3.662,3.661,3.661,3.659,0,0,6.114,79.88,9.821582335288,19.68504,6,P-GPS,19.685039370078737,5.999999999999999,19.685039370078737,9.821581705366738,9.821581705366738,19.685039370078737,0.0,3.107656365775984,0.0,0.0,14.646,89.54564400000001
32690,2026-05-09 10:20:00.689,32.68977035490606,0.6179540709812109,cruise,82500,2026-05-09 10:20:54,19.68504,,,9.821582335288,13.779528,3.6014734,1.32352694524,11.0830712208,16,5,14.646,10.805834335288,20.669292,3.6014734,2.02027237436,3.131716,1.789552,0.0,30.5,-15.2,1.2,,,0,0,1460,1024,1024,1024,66,0,0,0,25.3,0,0,55,3.662,3.661,3.661,3.659,0,0,6.114,79.88,9.821582335288,19.68504,6,P-GPS,19.685039370078737,5.999999999999999,19.685039370078737,9.821581705366738,9.821581705366738,19.685039370078737,0.0,3.6069573694957917,0.0,0.0,14.646,89.54564400000001
32800,2026-05-09 10:20:00.800,32.800208768267225,0.6200417536534447,cruise,82600,2026-05-09 10:20:54,19.68504,,,9.821582335288,13.451444,4.1159696,1.64613522328,11.5841211056,16,5,14.646,10.805834335288,20.669292,4.1159696,2.02027237436,3.579104,2.013246,0.0,30.1,-14.9,1.2,,,0,0,1378,1024,1024,1024,54,0,0,0,25.3,0,0,55,3.662,3.661,3.661,3.659,0,0,6.114,79.88,9.821582335288,19.68504,6,P-GPS,19.685039370078737,5.999999999999999,19.685039370078737,9.821581705366738,9.821581705366738,19.685039370078737,0.0,4.106475970869914,0.0,0.0,14.646,89.54564400000001
32911,2026-05-09 10:20:00.910,32.91064718162839,0.6221294363256785,cruise,82700,2026-05-09 10:20:54,19.68504,,,9.821582335288,13.779528,4.6080964,2.26096135844,12.3412405524,16,5,14.646,10.805834335288,20.669292,4.6080964,2.26096135844,4.026492,2.23694,0.0,29.2,-13.8,1.3,,,0,0,1328,1024,1024,1024,46,0,0,0,25.3,0,0,55,3.662,3.661,3.661,3.659,0,0,6.114,79.88,9.821582335288,19.68504,6,P-GPS,19.685039370078737,5.999999999999999,19.685039370078737,9.821581705366738,9.821581705366738,19.685039370078737,0.0,4.606141377515892,0.0,0.0,14.646,89.54564400000001
33021,2026-05-09 10:20:01.021,33.021085594989565,0.6242171189979123,cruise,82800,2026-05-09 10:20:54,19.68504,,,9.821582335288,14.107612,4.921268,2.89851059144,13.0534124912,16,5,14.646,10.805834335288,20.669292,4.921268,2.89851059144,4.250186,2.460634,0.0,28.8,-11.8,1.6,,,0,0,1312,1024,1024,1024,44,0,0,0,25.3,0,0,55,3.662,3.661,3.661,3.659,0,0,6.114,79.88,9.821582335288,19.68504,6,P-GPS,19.685039370078737,5.999999999999999,19.685039370078737,9.821581705366738,9.821581705366738,19.685039370078737,0.0,4.911089565112003,0.0,0.0,14.646,89.54564400000001
33132,2026-05-09 10:20:01.131,33.13152400835073,0.6263048016701461,cruise,82900,2026-05-09 10:20:55,19.68504,,,9.821582335288,14.435696,5.3015478,3.6793636348,13.8862537252,16,5,14.646,10.805834335288,20.669292,5.3015478,3.6793636348,4.697574,2.460634,0.0,28.7,-9.0,1.4,,,0,0,1312,1024,1024,1024,44,0,0,0,25.3,0,0,55,3.662,3.661,3.661,3.659,0,0,6.114,79.88,9.821582335288,19.68504,6,P-GPS,19.685039370078737,5.999999999999999,19.685039370078737,9.821581705366738,9.821581705366738,19.685039370078737,0.0,5.303010575836334,0.0,0.0,14.646,89.54564400000001
33242,2026-05-09 10:20:01.241,33.241962421711904,0.62839248434238,cruise,83000,2026-05-09 10:20:55,19.68504,,,9.821582335288,14.76378,5.4133948,4.5310696988,14.7812668772,16,5,14.625,10.805834335288,20.669292,5.4133948,4.5310696988,4.697574,2.684328,0.0,28.9,-6.8,1.0,,,0,0,1327,1024,1024,1024,46,0,0,0,25.3,0,0,54,3.658,3.658,3.658,3.657,0,0,6.319,80.06,9.821582335288,19.68504,6,P-GPS,19.685039370078737,5.999999999999999,19.685039370078737,9.821581705366738,9.821581705366738,19.685039370078737,0.0,5.410436054243688,0.0,0.0,14.625,92.415375
33352,2026-05-09 10:20:01.352,33.35240083507306,0.6304801670146137,cruise,83100,2026-05-09 10:20:55,19.68504,,,9.821582335288,14.76378,5.6147194,5.167815126,15.4357616488,16,5,14.625,10.805834335288,20.669292,5.6147194,5.167815126,4.921268,2.684328,0.0,28.9,-5.4,0.8,,,0,0,1327,1024,1024,1024,46,0,0,0,25.3,0,0,54,3.658,3.658,3.658,3.657,0,0,6.319,80.06,9.821582335288,19.68504,6,P-GPS,19.685039370078737,5.999999999999999,19.685039370078737,9.821581705366738,9.821581705366738,19.685039370078737,0.0,5.605755572570749,0.0,0.0,14.625,92.415375
33463,2026-05-09 10:20:01.462,33.46283924843424,0.6325678496868476,cruise,83200,2026-05-09 10:20:55,19.68504,,,9.821582335288,14.76378,5.7265664,6.0938650244,16.3825792644,16,5,14.625,10.805834335288,20.669292,5.7265664,6.0938650244,4.921268,2.908022,0.0,29.0,-4.8,1.0,,,0,0,1389,1024,1024,1024,55,0,0,0,25.3,0,0,54,3.658,3.658,3.658,3.657,0,0,6.319,80.06,9.821582335288,19.68504,6,P-GPS,19.685039370078737,5.999999999999999,19.685039370078737,9.821581705366738,9.821581705366738,19.685039370078737,0.0,5.716246205361347,0.0,0.0,14.625,92.415375
33573,2026-05-09 10:20:01.573,33.57327766179541,0.6346555323590815,cruise,83300,2026-05-09 10:20:55,19.68504,,,9.821582335288,14.76378,5.7265664,6.7143702936,17.0140753476,16,5,14.625,10.805834335288,20.669292,5.7265664,6.7143702936,4.921268,2.908022,0.0,29.1,-4.7,1.2,,,0,0,1465,1024,1024,1024,67,0,0,0,25.3,0,0,54,3.658,3.658,3.658,3.657,0,0,6.319,80.06,9.821582335288,19.68504,6,P-GPS,19.685039370078737,5.999999999999999,19.685039370078737,9.821581705366738,9.821581705366738,19.685039370078737,0.0,5.716246205361347,0.0,0.0,14.625,92.415375
33684,2026-05-09 10:20:01.683,33.683716075156575,0.6367432150313153,cruise,83400,2026-05-09 10:20:55,19.68504,,,9.821582335288,14.435696,5.9055216,7.4850068012,17.7967853464,16,5,14.625,10.805834335288,20.669292,5.9055216,7.4850068012,5.144962,2.908022,0.0,29.0,-6.4,1.2,,,0,0,1506,1024,1024,1024,73,0,0,0,25.3,0,0,54,3.658,3.658,3.658,3.657,0,0,6.319,80.06,9.821582335288,19.68504,6,P-GPS,19.685039370078737,5.999999999999999,19.685039370078737,9.821581705366738,9.821581705366738,19.685039370078737,0.0,5.909926051477124,0.0,0.0,14.625,92.415375
33794,2026-05-09 10:20:01.794,33.79415448851775,0.6388308977035491,cruise,83500,2026-05-09 10:20:55,19.68504,,,9.821582335288,14.76378,5.9055216,8.4333007948,18.7532486316,16,5,14.625,10.805834335288,20.669292,5.9055216,8.4333007948,5.144962,2.908022,0.0,29.2,-8.9,1.1,,,0,0,1527,1024,1024,1024,76,0,0,0,25.3,0,0,54,3.658,3.658,3.658,3.657,0,0,6.319,80.06,9.821582335288,19.68504,6,P-GPS,19.685039370078737,5.999999999999999,19.685039370078737,9.821581705366738,9.821581705366738,19.685039370078737,0.0,5.909926051477124,0.0,0.0,14.625,92.415375
33905,2026-05-09 10:20:01.904,33.904592901878914,0.6409185803757829,cruise,83600,2026-05-09 10:20:55,19.68504,,,9.821582335288,14.76378,6.2186932,9.4020344216,19.7307421012,16,5,14.625,10.805834335288,20.669292,6.2186932,9.4020344216,5.368656,3.131716,0.0,29.2,-11.4,1.2,,,0,0,1536,1024,1024,1024,78,0,0,0,25.3,0,0,54,3.658,3.658,3.658,3.657,0,0,6.319,80.06,9.821582335288,19.68504,6,P-GPS,19.685039370078737,5.999999999999999,19.685039370078737,9.821581705366738,9.821581705366738,19.685039370078737,0.0,6.215312731551968,0.0,0.0,14.625,92.415375
34015,2026-05-09 10:20:02.015,34.01503131524009,0.6430062630480168,cruise,83700,2026-05-09 10:20:55,19.68504,,,9.821582335288,14.76378,6.5318648,10.1887142368,20.519849738,16,5,14.625,10.805834335288,20.669292,6.5318648,10.1887142368,5.59235,3.35541,0.0,29.3,-13.2,1.0,,,0,0,1536,1024,1024,1024,78,0,0,0,25.3,0,0,54,3.658,3.658,3.658,3.657,0,0,6.319,80.06,9.821582335288,19.68504,6,P-GPS,19.685039370078737,5.999999999999999,19.685039370078737,9.821581705366738,9.821581705366738,19.685039370078737,0.0,6.521744765827623,0.0,0.0,14.625,92.415375
34125,2026-05-09 10:20:02.125,34.125469728601246,0.6450939457202505,cruise,83800,2026-05-09 10:20:55,19.68504,,,9.821582335288,14.435696,6.71082,11.2571853996,21.5940295624,16,5,14.625,10.805834335288,20.669292,6.71082,11.2571853996,5.816044,3.35541,0.0,29.5,-14.1,0.4,,,0,0,1535,1024,1024,1024,77,0,0,0,25.3,0,0,54,3.658,3.658,3.658,3.657,0,0,6.319,80.06,9.821582335288,19.68504,6,P-GPS,19.685039370078737,5.999999999999999,19.685039370078737,9.821581705366738,9.821581705366738,19.685039370078737,0.0,6.714547198287908,0.0,0.0,14.625,92.415375
34236,2026-05-09 10:20:02.235,34.235908141962426,0.6471816283924844,cruise,83900,2026-05-09 10:20:56,19.68504,,,9.821582335288,14.76378,7.0239916,12.2958665352,22.6375991496,16,5,14.625,10.805834335288,20.669292,7.0239916,12.2958665352,6.039738,3.579104,0.0,29.6,-14.3,0.3,,,0,0,1535,1024,1024,1024,77,0,0,0,25.3,0,0,54,3.658,3.658,3.658,3.657,0,0,6.319,80.06,9.821582335288,19.68504,6,P-GPS,19.685039370078737,5.999999999999999,19.685039370078737,9.821581705366738,9.821581705366738,19.685039370078737,0.0,7.020571241107094,0.0,0.0,14.625,92.415375
34346,2026-05-09 10:20:02.346,34.34634655532359,0.6492693110647182,cruise,84000,2026-05-09 10:20:56,19.68504,,,9.821582335288,14.76378,7.5161184,13.348753708,23.6931766112,16,5,14.635,10.805834335288,20.669292,7.5161184,13.348753708,6.487126,3.802798,0.0,29.6,-14.1,0.2,,,0,0,1535,1024,1024,1024,77,0,0,0,25.3,0,0,54,3.661,3.66,3.66,3.658,0,0,6.343,80.06,9.821582335288,19.68504,6,P-GPS,19.685039370078737,5.999999999999999,19.685039370078737,9.821581705366738,9.821581705366738,19.685039370078737,0.0,7.519579534035131,0.0,0.0,14.635,92.829805
34457,2026-05-09 10:20:02.456,34.45678496868476,0.651356993736952,cruise,84100,2026-05-09 10:20:56,19.68504,,,9.821582335288,14.76378,7.82929,14.4829072876,24.8290362276,16,5,14.635,10.805834335288,20.669292,7.82929,14.4829072876,6.71082,4.026492,0.0,29.6,-13.8,0.2,,,0,0,1534,1024,1024,1024,77,0,0,0,25.3,0,0,54,3.661,3.66,3.66,3.658,0,0,6.343,80.06,9.821582335288,19.68504,6,P-GPS,19.685039370078737,5.999999999999999,19.685039370078737,9.821581705366738,9.821581705366738,19.685039370078737,0.0,7.826093718993148,0.0,0.0,14.635,92.829805
34567,2026-05-09 10:20:02.567,34.56722338204593,0.6534446764091858,cruise,84200,2026-05-09 10:20:56,19.68504,,,9.821582335288,14.435696,8.3214168,15.7869427624,26.1352698652,16,5,14.635,10.805834335288,20.669292,8.3214168,15.7869427624,7.158208,4.250186,0.0,29.7,-13.5,-0.1,,,0,0,1534,1024,1024,1024,77,0,0,0,25.3,0,0,54,3.661,3.66,3.66,3.658,0,0,6.343,80.06,9.821582335288,19.68504,6,P-GPS,19.685039370078737,5.999999999999999,19.685039370078737,9.821581705366738,9.821581705366738,19.685039370078737,0.0,8.324903771567573,0.0,0.0,14.635,92.829805
34678,2026-05-09 10:20:02.677,34.6776617954071,0.6555323590814196,cruise,84300,2026-05-09 10:20:56,19.68504,,,9.821582335288,14.107612,8.6345884,16.9571527736,27.308563866,16,5,14.635,10.805834335288,20.669292,8.6345884,16.9571527736,7.381902,4.47388,0.0,29.7,-13.2,0.0,,,0,0,1533,1024,1024,1024,77,0,0,0,25.3,0,0,54,3.661,3.66,3.66,3.658,0,0,6.343,80.06,9.821582335288,19.68504,6,P-GPS,19.685039370078737,5.999999999999999,19.685039370078737,9.821581705366738,9.821581705366738,19.685039370078737,0.0,8.631806264739959,0.0,0.0,14.635,92.829805
34788,2026-05-09 10:20:02.788,34.78810020876827,0.6576200417536535,cruise,84400,2026-05-09 10:20:56,19.68504,,,9.821582335288,13.779528,8.6345884,18.1594165916,28.5129274216,16,5,14.635,10.805834335288,20.669292,8.6345884,18.1594165916,7.605596,4.47388,0.0,29.7,-13.2,0.1,,,0,0,1528,1024,1024,1024,76,0,0,0,25.3,0,0,54,3.661,3.66,3.66,3.658,0,0,6.343,80.06,9.821582335288,19.68504,6,P-GPS,19.685039370078737,5.999999999999999,19.685039370078737,9.821581705366738,9.821581705366738,19.685039370078737,0.0,8.823870622896507,0.0,0.0,14.635,92.829805
34899,2026-05-09 10:20:02.898,34.898538622129436,0.6597077244258873,cruise,84500,2026-05-09 10:20:56,19.68504,,,9.821582335288,13.451444,9.3280398,19.5072512804,29.8629602732,16,5,14.635,10.805834335288,20.669292,9.3280398,19.5072512804,8.052984,4.697574,0.0,29.7,-12.8,0.3,,,0,0,1524,1024,1024,1024,76,0,0,0,25.3,0,0,54,3.661,3.66,3.66,3.658,0,0,6.343,80.06,9.821582335288,19.68504,6,P-GPS,19.685039370078737,5.999999999999999,19.685039370078737,9.821581705366738,9.821581705366738,19.685039370078737,0.0,9.322969097327954,0.0,0.0,14.635,92.829805
35009,2026-05-09 10:20:03.008,35.00897703549061,0.6617954070981211,cruise,84600,2026-05-09 10:20:56,19.68504,,,9.821582335288,13.451444,9.618842,21.111877316,31.4710311908,16,5,14.635,10.805834335288,20.669292,9.618842,21.111877316,8.276678,4.921268,0.0,29.6,-12.6,0.3,,,0,0,1512,1024,1024,1024,74,0,0,0,25.3,0,0,54,3.661,3.66,3.66,3.658,0,0,6.343,80.06,9.821582335288,19.68504,6,P-GPS,19.685039370078737,5.999999999999999,19.685039370078737,9.821581705366738,9.821581705366738,19.685039370078737,0.0,9.629240751144819,0.0,0.0,14.635,92.829805
35119,2026-05-09 10:20:03.119,35.119415448851775,0.6638830897703549,cruise,84700,2026-05-09 10:20:56,19.68504,,,9.821582335288,13.451444,9.618842,22.5348104324,32.896326512,16,5,14.635,10.805834335288,20.669292,9.618842,22.5348104324,8.500372,4.921268,0.0,29.7,-12.2,0.3,,,0,0,1504,1024,1024,1024,73,0,0,0,25.3,0,0,54,3.661,3.66,3.66,3.658,0,0,6.343,80.06,9.821582335288,19.68504,6,P-GPS,19.685039370078737,5.999999999999999,19.685039370078737,9.821581705366738,9.821581705366738,19.685039370078737,0.0,9.822179130224006,0.0,0.0,14.635,92.829805
35230,2026-05-09 10:20:03.229,35.22985386221294,0.6659707724425887,cruise,84800,2026-05-09 10:20:56,19.68504,,,9.821582335288,13.451444,10.1333382,23.9758537856,34.339239944,16,5,14.635,10.805834335288,20.669292,10.1333382,23.9758537856,8.724066,5.144962,0.0,29.7,-11.8,0.2,,,0,0,1497,1024,1024,1024,72,0,0,0,25.3,0,0,54,3.661,3.66,3.66,3.658,0,0,6.343,80.06,9.821582335288,19.68504,6,P-GPS,19.685039370078737,5.999999999999999,19.685039370078737,9.821581705366738,9.821581705366738,19.685039370078737,0.0,10.128176615452556,0.0,0.0,14.635,92.829805
35340,2026-05-09 10:20:03.340,35.340292275574114,0.6680584551148225,cruise,84900,2026-05-09 10:20:56,19.68504,,,9.821582335288,13.779528,10.4241404,25.4531832292,35.817258364,16,5,14.635,10.805834335288,20.669292,10.4241404,25.4531832292,8.94776,5.368656,0.0,29.8,-11.3,0.0,,,0,0,1446,1024,1024,1024,64,0,0,0,25.3,0,0,54,3.661,3.66,3.66,3.658,0,0,6.343,80.06,9.821582335288,19.68504,6,P-GPS,19.685039370078737,5.999999999999999,19.685039370078737,9.821581705366738,9.821581705366738,19.685039370078737,0.0,10.434791625324198,0.0,0.0,14.635,92.829805
35451,2026-05-09 10:20:03.450,35.45073068893529,0.6701461377870565,cruise,85000,2026-05-09 10:20:57,19.68504,,,9.821582335288,13.779528,10.625465,26.892553354,37.257875208,16,5,14.631,10.805834335288,20.669292,10.625465,26.892553354,9.171454,5.368656,0.0,29.8,-10.9,-0.1,,,0,0,1142,1024,1024,1024,18,0,0,0,25.3,0,0,54,3.659,3.657,3.657,3.656,0,0,6.184,80.06,9.821582335288,19.68504,6,P-GPS,19.685039370078737,5.999999999999999,19.685039370078737,9.821581705366738,9.821581705366738,19.685039370078737,0.0,10.627230858528105,0.0,0.0,14.631,90.478104
35561,2026-05-09 10:20:03.561,35.561169102296454,0.6722338204592903,cruise,85100,2026-05-09 10:20:57,19.68504,,,9.821582335288,13.779528,10.737312,28.4518381808,38.817914628,16,5,14.631,10.805834335288,20.669292,10.737312,28.4518381808,9.171454,5.59235,0.0,30.0,-8.9,-0.4,,,0,0,1024,1024,1024,1024,0,0,0,0,25.3,0,0,54,3.659,3.657,3.657,3.656,0,0,6.184,80.06,9.821582335288,19.68504,6,P-GPS,19.685039370078737,5.999999999999999,19.685039370078737,9.821581705366738,9.821581705366738,19.685039370078737,0.0,10.741971280757365,0.0,0.0,14.631,90.478104
35672,2026-05-09 10:20:03.671,35.67160751565761,0.674321503131524,cruise,85200,2026-05-09 10:20:57,19.68504,,,9.821582335288,14.107612,10.737312,30.1593513588,40.5265761,16,5,14.631,10.805834335288,20.669292,10.737312,30.1593513588,9.171454,5.59235,0.0,30.1,-4.1,-0.3,,,0,0,1024,1024,1024,1024,0,0,0,0,25.3,0,0,54,3.659,3.657,3.657,3.656,0,0,6.184,80.06,9.821582335288,19.68504,6,P-GPS,19.685039370078737,5.999999999999999,19.685039370078737,9.821581705366738,9.821581705366738,19.685039370078737,0.0,10.741971280757365,0.0,0.0,14.631,90.478104
35782,2026-05-09 10:20:03.782,35.78204592901879,0.6764091858037579,cruise,85300,2026-05-09 10:20:57,19.68504,,,9.821582335288,13.779528,10.737312,31.5725403804,41.940290056,16,5,14.631,10.805834335288,20.669292,10.737312,31.5725403804,9.171454,5.59235,0.0,30.1,0.0,-0.5,,,0,0,1024,1024,1024,1024,0,0,0,0,25.3,0,0,54,3.659,3.657,3.657,3.656,0,0,6.184,80.06,9.821582335288,19.68504,6,P-GPS,19.685039370078737,5.999999999999999,19.685039370078737,9.821581705366738,9.821581705366738,19.685039370078737,0.0,10.741971280757365,0.0,0.0,14.631,90.478104
35892,2026-05-09 10:20:03.892,35.89248434237996,0.6784968684759917,cruise,85400,2026-05-09 10:20:57,19.68504,,,9.821582335288,14.107612,10.737312,33.03641838,43.404857032,16,5,14.631,10.805834335288,20.669292,10.737312,33.03641838,8.94776,5.368656,0.0,30.0,4.6,-0.6,,,0,0,1024,1024,1024,1024,0,0,0,0,25.3,0,0,54,3.659,3.657,3.657,3.656,0,0,6.184,80.06,9.821582335288,19.68504,6,P-GPS,19.685039370078737,5.999999999999999,19.685039370078737,9.821581705366738,9.821581705366738,19.685039370078737,0.0,10.434791625324198,0.0,0.0,14.631,90.478104
36003,2026-05-09 10:20:04.002,36.002922755741125,0.6805845511482255,cruise,85500,2026-05-09 10:20:57,19.68504,,,9.821582335288,14.435696,9.9320136,34.728347568,45.09678622,16,5,14.631,10.805834335288,20.669292,10.737312,34.728347568,8.500372,5.144962,0.0,30.2,20.8,-0.8,,,0,0,1024,1024,1024,1024,0,0,0,0,25.3,0,0,54,3.659,3.657,3.657,3.656,0,0,6.184,80.06,9.821582335288,19.68504,6,P-GPS,19.685039370078737,5.999999999999999,19.685039370078737,9.821581705366738,9.821581705366738,19.685039370078737,0.0,9.936144026725257,0.0,0.0,14.631,90.478104
36113,2026-05-09 10:20:04.113,36.1133611691023,0.6826722338204594,cruise,85600,2026-05-09 10:20:57,19.68504,,,9.821582335288,14.435696,8.94776,35.878281988,46.24672064,16,5,14.631,10.805834335288,20.669292,10.737312,35.878281988,7.605596,4.697574,0.0,29.8,29.6,-1.5,,,0,0,1024,1024,1024,1024,0,0,0,0,25.3,0,0,54,3.659,3.657,3.657,3.656,0,0,6.184,80.06,9.821582335288,19.68504,6,P-GPS,19.685039370078737,5.999999999999999,19.685039370078737,9.821581705366738,9.821581705366738,19.685039370078737,0.0,8.939367539188217,0.0,0.0,14.631,90.478104
36224,2026-05-09 10:20:04.223,36.223799582463464,0.6847599164926931,cruise,85700,2026-05-09 10:20:57,19.68504,,,9.821582335288,14.435696,7.4490102,37.075460504,47.446195744,16,5,14.631,10.805834335288,20.669292,10.737312,37.075460504,6.263432,4.026492,0.0,29.6,31.1,-1.7,,,0,0,1024,1024,1024,1024,0,0,0,0,25.3,0,0,54,3.659,3.657,3.657,3.656,0,0,6.184,80.06,9.821582335288,19.68504,6,P-GPS,19.685039370078737,5.999999999999999,19.685039370078737,9.821581705366738,9.821581705366738,19.685039370078737,0.0,7.44602029574779,0.0,0.0,14.631,90.478104
36334,2026-05-09 10:20:04.334,36.33423799582463,0.6868475991649269,cruise,85800,2026-05-09 10:20:57,19.68504,,,9.821582335288,14.435696,6.0173686,38.164699384,48.535434624,16,5,14.631,10.805834335288,20.669292,10.737312,38.164699384,5.144962,3.131716,0.0,29.7,30.4,-1.2,,,0,0,1024,1024,1024,1024,0,0,0,0,25.3,0,0,54,3.659,3.657,3.657,3.656,0,0,6.184,80.06,9.821582335288,19.68504,6,P-GPS,19.685039370078737,5.999999999999999,19.685039370078737,9.821581705366738,9.821581705366738,19.685039370078737,0.0,6.0231452818357285,0.0,0.0,14.631,90.478104
36445,2026-05-09 10:20:04.444,36.4446764091858,0.6889352818371608,cruise,85900,2026-05-09 10:20:58,19.68504,,,9.821582335288,14.435696,4.7199434,38.704725648,49.079397896,17,5,14.631,10.805834335288,20.669292,10.737312,38.704725648,4.026492,2.460634,0.223694,29.7,27.0,-1.3,,,0,0,1082,1024,1024,1024,9,0,0,0,25.3,0,0,54,3.659,3.657,3.657,3.656,0,0,6.184,80.06,9.821582335288,19.68504,6,P-GPS,19.685039370078737,5.999999999999999,19.685039370078737,9.821581705366738,9.821581705366738,19.685039370078737,0.0,4.718830099507716,0.0,0.0,14.631,90.478104
36555,2026-05-09 10:20:04.555,36.555114822546976,0.6910229645093946,cruise,86000,2026-05-09 10:20:58,19.68504,,,9.821582335288,14.107612,3.6014734,39.363190236,49.738846736,17,5,14.649,10.805834335288,20.669292,10.737312,39.363190236,3.131716,1.789552,0.0,29.9,21.8,0.0,,,0,0,1274,1024,1024,1024,38,0,0,0,25.3,0,0,54,3.657,3.652,3.654,3.652,0,0,5.956,80.24,9.821582335288,19.68504,6,P-GPS,19.685039370078737,5.999999999999999,19.685039370078737,9.821581705366738,9.821581705366738,19.685039370078737,0.0,3.6069573694957917,0.0,0.0,14.649,87.249444
36666,2026-05-09 10:20:04.665,36.66555323590815,0.6931106471816285,cruise,86100,2026-05-09 10:20:58,19.68504,,,9.821582335288,13.451444,2.6172198,39.781169252,50.156497668,16,5,14.649,10.805834335288,20.669292,10.737312,39.781169252,2.23694,1.342164,0.0,29.9,14.1,-0.1,,,0,0,1424,1024,1024,1024,61,0,0,0,25.3,0,0,54,3.657,3.652,3.654,3.652,0,0,5.956,80.24,9.821582335288,19.68504,6,P-GPS,19.685039370078737,5.999999999999999,19.685039370078737,9.821581705366738,9.821581705366738,19.685039370078737,0.0,2.6086979063310496,0.0,0.0,14.649,87.249444
36776,2026-05-09 10:20:04.775,36.77599164926931,0.6951983298538622,cruise,86200,2026-05-09 10:20:58,19.68504,,,9.821582335288,13.451444,1.9237684,40.038715192,50.415355944,16,5,14.649,10.805834335288,20.669292,10.737312,40.038715192,1.565858,1.11847,0.0,29.9,7.2,-0.3,,,0,0,1494,1024,1024,1024,71,0,0,0,25.3,0,0,54,3.657,3.652,3.654,3.652,0,0,5.956,80.24,9.821582335288,19.68504,6,P-GPS,19.685039370078737,5.999999999999999,19.685039370078737,9.821581705366738,9.821581705366738,19.685039370078737,0.0,1.9242885482858334,0.0,0.0,14.649,87.249444
36886,2026-05-09 10:20:04.886,36.88643006263048,0.697286012526096,cruise,86300,2026-05-09 10:20:58,19.68504,,,9.821582335288,13.451444,1.6105968,40.209318872,50.585959624,16,5,14.649,10.805834335288,20.669292,10.737312,40.209318872,1.342164,0.894776,0.0,29.9,1.0,-0.4,,,0,0,1494,1024,1024,1024,71,0,0,0,25.3,0,0,54,3.657,3.652,3.654,3.652,0,0,5.956,80.24,9.821582335288,19.68504,6,P-GPS,19.685039370078737,5.999999999999999,19.685039370078737,9.821581705366738,9.821581705366738,19.685039370078737,0.0,1.6130803740272832,0.0,0.0,14.649,87.249444
36997,2026-05-09 10:20:04.996,36.996868475991654,0.6993736951983299,cruise,86400,2026-05-09 10:20:58,19.68504,,,9.821582335288,13.12336,1.6105968,40.514108908,50.891077744,16,5,14.649,10.805834335288,20.669292,10.737312,40.514108908,1.342164,0.894776,0.0,30.0,-4.8,-0.4,,,0,0,1502,1024,1024,1024,72,0,0,0,25.3,0,0,54,3.657,3.652,3.654,3.652,0,0,5.956,80.24,9.821582335288,19.68504,6,P-GPS,19.685039370078737,5.999999999999999,19.685039370078737,9.821581705366738,9.821581705366738,19.685039370078737,0.0,1.6130803740272832,0.0,0.0,14.649,87.249444
37107,2026-05-09 10:20:05.107,37.10730688935282,0.7014613778705637,cruise,86500,2026-05-09 10:20:58,19.68504,,,9.821582335288,13.451444,1.6105968,40.962271652,51.339568572,16,5,14.649,10.805834335288,20.669292,10.737312,40.962271652,1.342164,0.894776,0.0,30.0,-8.5,-0.2,,,0,0,1507,1024,1024,1024,73,0,0,0,25.3,0,0,54,3.657,3.652,3.654,3.652,0,0,5.956,80.24,9.821582335288,19.68504,6,P-GPS,19.685039370078737,5.999999999999999,19.685039370078737,9.821581705366738,9.821581705366738,19.685039370078737,0.0,1.6130803740272832,0.0,0.0,14.649,87.249444
37218,2026-05-09 10:20:05.217,37.217745302713986,0.7035490605427975,cruise,86600,2026-05-09 10:20:58,19.68504,,,9.821582335288,13.451444,2.1027236,41.299542004,51.676838924,16,5,14.649,10.805834335288,20.669292,10.737312,41.299542004,1.789552,1.11847,0.0,30.0,-10.5,-0.5,,,0,0,1520,1024,1024,1024,75,0,0,0,25.3,0,0,54,3.657,3.652,3.654,3.652,0,0,5.956,80.24,9.821582335288,19.68504,6,P-GPS,19.685039370078737,5.999999999999999,19.685039370078737,9.821581705366738,9.821581705366738,19.685039370078737,0.0,2.1103249753542697,0.0,0.0,14.649,87.249444
37328,2026-05-09 10:20:05.328,37.32818371607515,0.7056367432150312,cruise,86700,2026-05-09 10:20:58,19.68504,,,9.821582335288,13.451444,2.4158952,41.790027584,52.167324504,16,5,14.649,10.805834335288,20.669292,10.737312,41.790027584,2.013246,1.342164,0.0,30.1,-11.6,-0.5,,,0,0,1524,1024,1024,1024,76,0,0,0,25.3,0,0,54,3.657,3.652,3.654,3.652,0,0,5.956,80.24,9.821582335288,19.68504,6,P-GPS,19.685039370078737,5.999999999999999,19.685039370078737,9.821581705366738,9.821581705366738,19.685039370078737,0.0,2.419620561040925,0.0,0.0,14.649,87.249444
37439,2026-05-09 10:20:05.438,37.438622129436325,0.7077244258872651,cruise,86800,2026-05-09 10:20:58,19.68504,,,9.821582335288,13.451444,2.796175,42.147639144,52.525592232,16,5,14.649,10.805834335288,20.669292,10.737312,42.147639144,2.460634,1.342164,0.0,30.1,-12.6,-0.3,,,0,0,1523,1024,1024,1024,76,0,0,0,25.3,0,0,54,3.657,3.652,3.654,3.652,0,0,5.956,80.24,9.821582335288,19.68504,6,P-GPS,19.685039370078737,5.999999999999999,19.685039370078737,9.821581705366738,9.821581705366738,19.685039370078737,0.0,2.8028777862853747,0.0,0.0,14.649,87.249444
37549,2026-05-09 10:20:05.549,37.54906054279749,0.7098121085594989,cruise,86900,2026-05-09 10:20:59,19.68504,,,9.821582335288,13.451444,3.2211936,42.779200844,53.157153932,15,5,14.649,10.805834335288,20.669292,10.737312,42.779200844,2.684328,1.789552,0.0,30.1,-13.5,-0.2,,,0,0,1523,1024,1024,1024,76,0,0,0,25.3,0,0,54,3.657,3.652,3.654,3.652,0,0,5.956,80.24,9.821582335288,19.68504,6,P-GPS,19.685039370078737,5.999999999999999,19.685039370078737,9.821581705366738,9.821581705366738,19.685039370078737,0.0,3.2261607480545664,0.0,0.0,14.649,87.249444
37659,2026-05-09 10:20:05.659,37.659498956158664,0.7118997912317329,cruise,87000,2026-05-09 10:20:59,19.68504,,,9.821582335288,13.451444,3.7133204,43.355972516,53.734253688,15,5,14.573,10.805834335288,20.669292,10.737312,43.355972516,3.131716,2.013246,0.0,30.1,-13.5,-0.3,,,0,0,1521,1024,1024,1024,75,0,0,0,25.3,0,0,54,3.658,3.655,3.656,3.656,0,0,6.687,80.24,9.821582335288,19.68504,6,P-GPS,19.685039370078737,5.999999999999999,19.685039370078737,9.821581705366738,9.821581705366738,19.685039370078737,0.0,3.723010147873895,0.0,0.0,14.573,97.449651
37770,2026-05-09 10:20:05.769,37.76993736951984,0.7139874739039667,cruise,87100,2026-05-09 10:20:59,19.68504,,,9.821582335288,13.451444,4.2278166,43.945539464,54.324476804,15,5,14.573,10.805834335288,20.669292,10.737312,43.945539464,3.579104,2.23694,0.0,30.1,-13.7,-0.4,,,0,0,1515,1024,1024,1024,74,0,0,0,25.3,0,0,54,3.658,3.655,3.656,3.656,0,0,6.687,80.24,9.821582335288,19.68504,6,P-GPS,19.685039370078737,5.999999999999999,19.685039370078737,9.821581705366738,9.821581705366738,19.685039370078737,0.0,4.220649950708539,0.0,0.0,14.573,97.449651
37880,2026-05-09 10:20:05.880,37.880375782880996,0.7160751565762004,cruise,87200,2026-05-09 10:20:59,19.68504,,,9.821582335288,13.12336,4.7199434,44.757875448,55.136812788,15,5,14.573,10.805834335288,20.669292,10.737312,44.757875448,4.026492,2.460634,0.0,30.1,-13.6,-0.7,,,0,0,1433,1024,1024,1024,62,0,0,0,25.3,0,0,54,3.658,3.655,3.656,3.656,0,0,6.687,80.24,9.821582335288,19.68504,6,P-GPS,19.685039370078737,5.999999999999999,19.685039370078737,9.821581705366738,9.821581705366738,19.685039370078737,0.0,4.718830099507716,0.0,0.0,14.573,97.449651
37991,2026-05-09 10:20:05.990,37.99081419624217,0.7181628392484343,cruise,87300,2026-05-09 10:20:59,19.68504,,,9.821582335288,13.12336,5.2120702,45.491799356,55.872377116,15,5,14.573,10.805834335288,20.669292,10.737312,45.491799356,4.47388,2.684328,0.0,30.1,-12.5,-0.8,,,0,0,1425,1024,1024,1024,61,0,0,0,25.3,0,0,54,3.658,3.655,3.656,3.656,0,0,6.687,80.24,9.821582335288,19.68504,6,P-GPS,19.685039370078737,5.999999999999999,19.685039370078737,9.821581705366738,9.821581705366738,19.685039370078737,0.0,5.217395812662099,0.0,0.0,14.573,97.449651
38101,2026-05-09 10:20:06.101,38.10125260960334,0.7202505219206681,cruise,87400,2026-05-09 10:20:59,19.68504,,,9.821582335288,13.451444,5.5252418,46.29593324,56.676511,15,5,14.573,10.805834335288,20.669292,10.737312,46.29593324,4.697574,2.908022,0.0,30.2,-10.5,-0.6,,,0,0,1075,1024,1024,1024,8,0,0,0,25.3,0,0,54,3.658,3.655,3.656,3.656,0,0,6.687,80.24,9.821582335288,19.68504,6,P-GPS,19.685039370078737,5.999999999999999,19.685039370078737,9.821581705366738,9.821581705366738,19.685039370078737,0.0,5.524834245292794,0.0,0.0,14.573,97.449651
38212,2026-05-09 10:20:06.211,38.21169102296451,0.7223382045929019,cruise,87500,2026-05-09 10:20:59,19.68504,,,9.821582335288,13.779528,5.7265664,47.176182612,57.557088456,15,5,14.573,10.805834335288,20.669292,10.737312,47.176182612,4.921268,2.908022,0.0,30.1,-7.8,-0.5,,,0,0,1024,1024,1024,1024,0,0,0,0,25.3,0,0,54,3.658,3.655,3.656,3.656,0,0,6.687,80.24,9.821582335288,19.68504,6,P-GPS,19.685039370078737,5.999999999999999,19.685039370078737,9.821581705366738,9.821581705366738,19.685039370078737,0.0,5.716246205361347,0.0,0.0,14.573,97.449651
38322,2026-05-09 10:20:06.322,38.32212943632568,0.7244258872651358,cruise,87600,2026-05-09 10:20:59,19.68504,,,9.821582335288,13.451444,6.0173686,47.990159016,58.371392944,15,5,14.573,10.805834335288,20.669292,10.737312,47.990159016,5.144962,3.131716,0.0,30.2,-3.2,-0.6,,,0,0,1024,1024,1024,1024,0,0,0,0,25.3,0,0,54,3.658,3.655,3.656,3.656,0,0,6.687,80.24,9.821582335288,19.68504,6,P-GPS,19.685039370078737,5.999999999999999,19.685039370078737,9.821581705366738,9.821581705366738,19.685039370078737,0.0,6.0231452818357285,0.0,0.0,14.573,97.449651
38433,2026-05-09 10:20:06.432,38.43256784968685,0.7265135699373695,cruise,87700,2026-05-09 10:20:59,19.68504,,,9.821582335288,13.779528,6.0173686,49.02067086,59.401904788,16,5,14.573,10.805834335288,20.669292,10.737312,49.02067086,5.144962,3.131716,0.0,30.2,-0.1,-0.4,,,0,0,1024,1024,1024,1024,0,0,0,0,25.3,0,0,54,3.658,3.655,3.656,3.656,0,0,6.687,80.24,9.821582335288,19.68504,6,P-GPS,19.685039370078737,5.999999999999999,19.685039370078737,9.821581705366738,9.821581705366738,19.685039370078737,0.0,6.0231452818357285,0.0,0.0,14.573,97.449651
38543,2026-05-09 10:20:06.543,38.543006263048014,0.7286012526096033,cruise,87800,2026-05-09 10:20:59,19.68504,,,9.821582335288,14.107612,5.7265664,49.870080336,60.251642348,16,5,14.573,10.805834335288,20.669292,10.737312,49.870080336,4.921268,2.908022,0.0,30.3,10.3,-0.4,,,0,0,1024,1024,1024,1024,0,0,0,0,25.3,0,0,54,3.658,3.655,3.656,3.656,0,0,6.687,80.24,9.821582335288,19.68504,6,P-GPS,19.685039370078737,5.999999999999999,19.685039370078737,9.821581705366738,9.821581705366738,19.685039370078737,0.0,5.716246205361347,0.0,0.0,14.573,97.449651
38653,2026-05-09 10:20:06.653,38.65344467640919,0.7306889352818372,cruise,87900,2026-05-09 10:21:00,19.68504,,,9.821582335288,14.107612,5.2120702,50.68405674,61.066603004,16,5,14.573,10.805834335288,20.669292,10.737312,50.68405674,4.47388,2.684328,0.0,30.2,18.2,-0.3,,,0,0,1024,1024,1024,1024,0,0,0,0,25.3,0,0,54,3.658,3.655,3.656,3.656,0,0,6.687,80.24,9.821582335288,19.68504,6,P-GPS,19.685039370078737,5.999999999999999,19.685039370078737,9.821581705366738,9.821581705366738,19.685039370078737,0.0,5.217395812662099,0.0,0.0,14.573,97.449651
38764,2026-05-09 10:20:06.763,38.76388308977035,0.732776617954071,cruise,88000,2026-05-09 10:21:00,19.68504,,,9.821582335288,14.107612,4.4067718,51.37303314,61.755579404,16,5,14.624,10.805834335288,20.669292,10.737312,51.37303314,3.802798,2.23694,0.0,30.0,20.6,-0.8,,,0,0,1024,1024,843,1024,0,0,-27,0,25.3,0,0,54,3.662,3.66,3.66,3.652,0,0,6.681,80.42,9.821582335288,19.68504,6,P-GPS,19.685039370078737,5.999999999999999,19.685039370078737,9.821581705366738,9.821581705366738,19.685039370078737,0.0,4.411935311448254,0.0,0.0,14.624,97.702944
38874,2026-05-09 10:20:06.874,38.874321503131526,0.7348643006263049,cruise,88100,2026-05-09 10:21:00,19.68504,,,9.821582335288,13.779528,3.4225182,51.964568592,62.34744294,16,5,14.624,10.805834335288,20.669292,10.737312,51.964568592,2.908022,1.789552,0.0,29.9,19.2,-1.2,,,0,0,1024,1024,794,1024,0,0,-35,0,25.3,0,0,54,3.662,3.66,3.66,3.652,0,0,6.681,80.42,9.821582335288,19.68504,6,P-GPS,19.685039370078737,5.999999999999999,19.685039370078737,9.821581705366738,9.821581705366738,19.685039370078737,0.0,3.414540717752242,0.0,0.0,14.624,97.702944
38985,2026-05-09 10:20:06.984,38.98475991649269,0.7369519832985386,cruise,88200,2026-05-09 10:21:00,19.68504,,,9.821582335288,13.779528,2.6172198,52.377954432,62.761484948,16,5,14.624,10.805834335288,20.669292,10.737312,52.377954432,2.23694,1.342164,0.223694,29.9,16.0,-1.0,,,0,0,1024,1024,931,1024,0,0,-14,0,25.3,0,0,54,3.662,3.66,3.66,3.652,0,0,6.681,80.42,9.821582335288,19.68504,6,P-GPS,19.685039370078737,5.999999999999999,19.685039370078737,9.821581705366738,9.821581705366738,19.685039370078737,0.0,2.6086979063310496,0.0,0.0,14.624,97.702944
39095,2026-05-09 10:20:07.095,39.09519832985386,0.7390396659707724,cruise,88300,2026-05-09 10:21:00,19.68504,,,9.821582335288,13.451444,2.3040482,52.7066946,63.090881284,16,5,14.624,10.805834335288,20.669292,10.737312,52.7066946,2.013246,1.11847,0.894776,29.9,13.9,-0.8,,,0,0,1024,1024,1024,1024,0,0,0,0,25.3,0,0,54,3.662,3.66,3.66,3.652,0,0,6.681,80.42,9.821582335288,19.68504,6,P-GPS,19.685039370078737,5.999999999999999,19.685039370078737,9.821581705366738,9.821581705366738,19.685039370078737,0.0,2.303070688757946,0.0,0.0,14.624,97.702944
39206,2026-05-09 10:20:07.205,39.20563674321503,0.7411273486430063,cruise,88400,2026-05-09 10:21:00,19.356956,,,9.493498335288,12.467192,1.6105968,53.000001696,63.38418838,16,5,14.624,10.805834335288,20.669292,10.737312,53.000001696,1.342164,0.894776,0.671082,29.9,11.7,-0.7,,,0,0,1024,1024,1024,1024,0,0,0,0,25.3,0,0,54,3.662,3.66,3.66,3.652,0,0,6.681,80.42,9.493498335288,19.356956,6,P-GPS,19.685039370078737,5.999999999999999,19.685039370078737,9.821581705366738,9.821581705366738,19.685039370078737,0.0,1.6130803740272832,0.0,0.0,14.624,97.702944
39316,2026-05-09 10:20:07.316,39.316075156576204,0.7432150313152401,cruise,88500,2026-05-09 10:21:00,19.356956,,,9.493498335288,12.795276,1.006623,53.218833724,63.603348492,16,5,14.624,10.805834335288,20.669292,10.737312,53.218833724,0.894776,0.447388,0.223694,29.9,8.5,-0.3,,,0,0,1024,1024,1024,1024,0,0,0,0,25.3,0,0,54,3.662,3.66,3.66,3.652,0,0,6.681,80.42,9.493498335288,19.356956,6,P-GPS,19.685039370078737,5.999999999999999,19.685039370078737,9.821581705366738,9.821581705366738,19.685039370078737,0.0,1.000389980317676,0.0,0.0,14.624,97.702944
39427,2026-05-09 10:20:07.426,39.42651356993737,0.7453027139874739,cruise,88600,2026-05-09 10:21:00,19.356956,,,9.493498335288,12.795276,0.8052984,53.404201184,63.789044036,16,5,14.624,10.805834335288,20.669292,10.737312,53.404201184,0.671082,0.447388,0.0,29.9,6.0,-0.1,,,0,0,1024,1024,1024,1024,0,0,0,0,25.3,0,0,54,3.662,3.66,3.66,3.652,0,0,6.681,80.42,9.493498335288,19.356956,6,P-GPS,19.685039370078737,5.999999999999999,19.685039370078737,9.821581705366738,9.821581705366738,19.685039370078737,0.0,0.8065401870136416,0.0,0.0,14.624,97.702944
39537,2026-05-09 10:20:07.536,39.536951983298536,0.7473903966597076,cruise,88700,2026-05-09 10:21:00,19.356956,,,9.493498335288,12.139108,0.4921268,53.459319296,63.845802568,16,5,14.624,10.805834335288,20.669292,10.737312,53.459319296,0.447388,0.223694,0.0,30.0,4.4,-0.2,,,0,0,1024,1024,1024,1024,0,0,0,0,25.3,0,0,54,3.662,3.66,3.66,3.652,0,0,6.681,80.42,9.493498335288,19.356956,6,P-GPS,19.685039370078737,5.999999999999999,19.685039370078737,9.821581705366738,9.821581705366738,19.685039370078737,0.0,0.500194990158838,0.0,0.0,14.624,97.702944
39647,2026-05-09 10:20:07.647,39.64739039665971,0.7494780793319415,cruise,88800,2026-05-09 10:21:00,19.356956,,,9.493498335288,11.811024,0.3131716,53.568571268,63.956366876,16,5,14.624,10.805834335288,20.669292,10.737312,53.568571268,0.223694,0.223694,0.0,30.0,3.5,-0.2,,,0,0,1024,1024,1024,1024,0,0,0,0,25.3,0,0,54,3.662,3.66,3.66,3.652,0,0,6.681,80.42,9.493498335288,19.356956,6,P-GPS,19.685039370078737,5.999999999999999,19.685039370078737,9.821581705366738,9.821581705366738,19.685039370078737,0.0,0.31635108862148714,0.0,0.0,14.624,97.702944
39758,2026-05-09 10:20:07.757,39.757828810020875,0.7515657620041754,cruise,88900,2026-05-09 10:21:01,19.356956,,,9.493498335288,11.154856,0.0,53.578413788,63.9681779,16,5,14.624,10.805834335288,20.669292,10.737312,53.578413788,0.0,0.0,0.0,30.0,2.7,-0.1,,,0,0,1024,1024,1024,1024,0,0,0,0,25.3,0,0,54,3.662,3.66,3.66,3.652,0,0,6.681,80.42,9.493498335288,19.356956,6,P-GPS,19.685039370078737,5.999999999999999,19.685039370078737,9.821581705366738,9.821581705366738,19.685039370078737,0.0,0.0,0.0,0.0,14.624,97.702944
39868,2026-05-09 10:20:07.868,39.86826722338205,0.7536534446764093,cruise,89000,2026-05-09 10:21:01,19.356956,,,9.493498335288,11.48294,0.0,53.614503028,64.00426714,16,5,14.623,10.805834335288,20.669292,10.737312,53.614503028,0.0,0.0,0.0,30.1,2.0,-0.1,,,0,0,1024,1024,1024,1024,0,0,0,0,25.3,0,0,54,3.622,3.629,3.639,3.648,0,0,6.386,80.42,9.493498335288,19.356956,6,P-GPS,19.685039370078737,5.999999999999999,19.685039370078737,9.821581705366738,9.821581705366738,19.685039370078737,0.0,0.0,0.0,0.0,14.623,93.38247799999999
39979,2026-05-09 10:20:07.978,39.978705636743214,0.7557411273486431,cruise,89100,2026-05-09 10:21:01,19.356956,,,9.493498335288,10.826772,0.0,53.634188068,64.023624096,16,5,14.623,10.805834335288,20.669292,10.737312,53.634188068,0.0,0.0,0.0,30.1,1.4,0.0,,,0,0,1024,1024,1024,1024,0,0,0,0,25.3,0,0,54,3.622,3.629,3.639,3.648,0,0,6.386,80.42,9.493498335288,19.356956,6,P-GPS,19.685039370078737,5.999999999999999,19.685039370078737,9.821581705366738,9.821581705366738,19.685039370078737,0.0,0.0,0.0,0.0,14.623,93.38247799999999
40089,2026-05-09 10:20:08.089,40.08914405010438,0.7578288100208768,cruise,89200,2026-05-09 10:21:01,19.356956,,,9.493498335288,10.826772,0.0,53.60564476,64.053807824,16,5,14.623,10.805834335288,20.669292,10.737312,53.634188068,0.0,0.0,0.0,30.0,1.0,0.0,,,0,0,1024,1024,1024,1024,0,0,0,0,25.3,0,0,54,3.622,3.629,3.639,3.648,0,0,6.386,80.42,9.493498335288,19.356956,6,P-GPS,19.685039370078737,5.999999999999999,19.685039370078737,9.821581705366738,9.821581705366738,19.685039370078737,0.0,0.0,0.0,0.0,14.623,93.38247799999999
40200,2026-05-09 10:20:08.199,40.19958246346555,0.7599164926931107,cruise,89300,2026-05-09 10:21:01,19.356956,,,9.493498335288,11.154856,0.0,53.6007235,64.062009924,16,5,14.623,10.805834335288,20.669292,10.737312,53.634188068,0.0,0.0,0.0,30.0,0.6,0.0,,,0,0,1024,1024,1024,1024,0,0,0,0,25.3,0,0,54,3.622,3.629,3.639,3.648,0,0,6.386,80.42,9.493498335288,19.356956,6,P-GPS,19.685039370078737,5.999999999999999,19.685039370078737,9.821581705366738,9.821581705366738,19.685039370078737,0.0,0.0,0.0,0.0,14.623,93.38247799999999
40310,2026-05-09 10:20:08.310,40.31002087682672,0.7620041753653445,cruise,89400,2026-05-09 10:21:01,19.356956,,,9.493498335288,11.154856,0.0,53.597114576,64.075133284,16,5,14.623,10.805834335288,20.669292,10.737312,53.634188068,0.0,0.0,0.0,29.9,0.2,0.1,,,0,0,1024,1024,1024,1024,0,0,0,0,25.3,0,0,54,3.622,3.629,3.639,3.648,0,0,6.386,80.42,9.493498335288,19.356956,6,P-GPS,19.685039370078737,5.999999999999999,19.685039370078737,9.821581705366738,9.821581705366738,19.685039370078737,0.0,0.0,0.0,0.0,14.623,93.38247799999999
40420,2026-05-09 10:20:08.420,40.42045929018789,0.7640918580375783,cruise,89500,2026-05-09 10:21:01,19.356956,,,9.493498335288,11.154856,0.0,53.591537148,64.083335384,16,5,14.623,10.805834335288,20.669292,10.737312,53.634188068,0.0,0.0,0.0,29.9,0.0,0.2,,,0,0,1024,1024,1024,1024,0,0,0,0,25.3,0,0,54,3.622,3.629,3.639,3.648,0,0,6.386,80.42,9.493498335288,19.356956,6,P-GPS,19.685039370078737,5.999999999999999,19.685039370078737,9.821581705366738,9.821581705366738,19.685039370078737,0.0,0.0,0.0,0.0,14.623,93.38247799999999
40531,2026-05-09 10:20:08.530,40.530897703549066,0.7661795407098122,cruise,89600,2026-05-09 10:21:01,19.356956,,,9.493498335288,11.154856,0.0,53.566930848,64.108269768,16,5,14.623,10.805834335288,20.669292,10.737312,53.634188068,0.0,0.0,0.0,29.9,-0.2,0.1,,,0,0,1024,1024,1024,1024,0,0,0,0,25.3,0,0,54,3.622,3.629,3.639,3.648,0,0,6.386,80.42,9.493498335288,19.356956,6,P-GPS,19.685039370078737,5.999999999999999,19.685039370078737,9.821581705366738,9.821581705366738,19.685039370078737,0.0,0.0,0.0,0.0,14.623,93.38247799999999
40641,2026-05-09 10:20:08.641,40.641336116910225,0.7682672233820459,cruise,89700,2026-05-09 10:21:01,19.356956,,,9.493498335288,10.826772,0.0,53.556760244,64.118768456,16,5,14.623,10.805834335288,20.669292,10.737312,53.634188068,0.0,0.0,0.0,29.9,-0.6,0.0,,,0,0,1024,1024,1024,1024,0,0,0,0,25.3,0,0,54,3.622,3.629,3.639,3.648,0,0,6.386,80.42,9.493498335288,19.356956,6,P-GPS,19.685039370078737,5.999999999999999,19.685039370078737,9.821581705366738,9.821581705366738,19.685039370078737,0.0,0.0,0.0,0.0,14.623,93.38247799999999
40752,2026-05-09 10:20:08.751,40.7517745302714,0.7703549060542797,cruise,89800,2026-05-09 10:21:01,19.356956,,,9.493498335288,11.154856,0.0,53.535434784,64.146327512,16,5,14.623,10.805834335288,20.669292,10.737312,53.634188068,0.0,0.0,0.0,29.9,-0.8,0.0,,,0,0,1024,1024,770,1024,0,0,-38,0,25.3,0,0,54,3.622,3.629,3.639,3.648,0,0,6.386,80.42,9.493498335288,19.356956,6,P-GPS,19.685039370078737,5.999999999999999,19.685039370078737,9.821581705366738,9.821581705366738,19.685039370078737,0.0,0.0,0.0,0.0,14.623,93.38247799999999
40862,2026-05-09 10:20:08.862,40.86221294363257,0.7724425887265136,cruise,89900,2026-05-09 10:21:02,19.356956,,,9.493498335288,11.154856,0.0,53.508203812,64.176839324,16,5,14.623,10.805834335288,20.669292,10.737312,53.634188068,0.0,0.0,0.0,29.9,-1.0,0.2,,,0,0,1024,1024,457,1024,0,0,-86,0,25.3,0,0,54,3.622,3.629,3.639,3.648,0,0,6.386,80.42,9.493498335288,19.356956,6,P-GPS,19.685039370078737,5.999999999999999,19.685039370078737,9.821581705366738,9.821581705366738,19.685039370078737,0.0,0.0,0.0,0.0,14.623,93.38247799999999
40973,2026-05-09 10:20:08.972,40.97265135699374,0.7745302713987474,cruise,90000,2026-05-09 10:21:02,19.356956,,,9.493498335288,10.498688,0.0,53.500985964,64.184385256,16,5,14.609,10.805834335288,20.669292,10.737312,53.634188068,0.0,0.0,0.671082,30.0,-1.2,0.4,,,0,0,1024,1024,364,1024,0,0,-100,0,25.3,0,0,54,3.658,3.657,3.656,3.655,0,0,6.627,80.6,9.493498335288,19.356956,6,P-GPS,19.685039370078737,5.999999999999999,19.685039370078737,9.821581705366738,9.821581705366738,19.685039370078737,0.0,0.0,0.0,0.0,14.609,96.81384299999999
41083,2026-05-09 10:20:09.083,41.08308977035491,0.7766179540709813,cruise,90100,2026-05-09 10:21:02,19.028872,,,9.165414335288,10.826772,0.0,53.502626384,64.190946936,16,5,14.609,10.805834335288,20.669292,10.737312,53.634188068,0.0,0.0,1.789552,30.1,-1.2,0.6,,,0,0,1024,1024,364,1024,0,0,-100,0,25.3,0,0,54,3.658,3.657,3.656,3.655,0,0,6.627,80.6,9.165414335288,19.028872,6,P-GPS,19.685039370078737,5.999999999999999,19.685039370078737,9.821581705366738,9.821581705366738,19.685039370078737,0.0,0.0,0.0,0.0,14.609,96.81384299999999
41194,2026-05-09 10:20:09.193,41.193528183716076,0.778705636743215,descent,90200,2026-05-09 10:21:02,18.700788,,,8.837330335288,10.498688,0.0,53.5022983,64.198492868,16,5,14.609,10.805834335288,20.669292,10.737312,53.634188068,0.0,0.0,2.684328,30.1,-1.0,0.5,,,0,0,1024,1024,364,1024,0,0,-100,0,25.3,0,0,54,3.658,3.657,3.656,3.655,0,0,6.627,80.6,8.837330335288,18.700788,6,P-GPS,19.685039370078737,5.999999999999999,19.685039370078737,9.821581705366738,9.821581705366738,19.685039370078737,0.0,0.0,0.0,0.0,14.609,96.81384299999999
41304,2026-05-09 10:20:09.303,41.30396659707724,0.7807933194154488,descent,90300,2026-05-09 10:21:02,18.372704,,,8.509246335288,10.170604,0.0,53.47605158,64.225067672,16,5,14.609,10.805834335288,20.669292,10.737312,53.634188068,0.0,0.0,3.131716,30.1,-0.8,0.2,,,0,0,1024,1024,364,1024,0,0,-100,0,25.3,0,0,54,3.658,3.657,3.656,3.655,0,0,6.627,80.6,8.509246335288,18.372704,6,P-GPS,19.47562405763109,5.936170212765957,19.47562405763109,9.612166392919091,9.612166392919091,19.47562405763109,-1.2928759408286483,1.2928759408286483,0.0,0.0,14.609,96.81384299999999
41414,2026-05-09 10:20:09.414,41.414405010438415,0.7828810020876827,descent,90400,2026-05-09 10:21:02,17.716536,,,7.853078335288,9.84252,0.0,53.496064704,64.247377384,16,5,14.609,10.805834335288,20.669292,10.737312,53.634188068,0.0,0.0,3.35541,30.1,-0.4,0.1,,,0,0,1024,1024,364,1024,0,0,-100,0,25.3,0,0,54,3.658,3.657,3.656,3.655,0,0,6.627,80.6,7.853078335288,17.716536,6,P-GPS,19.266208745183437,5.872340425531912,19.266208745183437,9.402751080471438,9.402751080471438,19.266208745183437,-1.2928759408286092,1.2928759408286092,0.0,0.0,14.609,96.81384299999999
41525,2026-05-09 10:20:09.524,41.52484342379958,0.7849686847599165,descent,90500,2026-05-09 10:21:02,17.060368,,,7.196910335288,9.186352,0.0,53.500001712,64.254267148,16,5,14.609,10.805834335288,20.669292,10.737312,53.634188068,0.0,0.0,3.35541,30.1,-0.3,0.2,,,0,0,1024,1024,364,1024,0,0,-100,0,25.3,0,0,54,3.658,3.657,3.656,3.655,0,0,6.627,80.6,7.196910335288,17.060368,6,P-GPS,19.05679343273579,5.80851063829787,19.05679343273579,9.193335768023791,9.193335768023791,19.05679343273579,-1.2928759408286483,1.2928759408286483,0.0,0.0,14.609,96.81384299999999
41635,2026-05-09 10:20:09.635,41.635281837160754,0.7870563674321504,descent,90600,2026-05-09 10:21:02,16.732284,,,6.868826335288,8.858268,0.0,53.414043704,64.34383408,16,5,14.609,10.805834335288,20.669292,10.737312,53.634188068,0.0,0.0,3.131716,30.1,-0.7,0.0,,,0,0,1024,1024,364,1024,0,0,-100,0,25.3,0,0,54,3.658,3.657,3.656,3.655,0,0,6.627,80.6,6.868826335288,16.732284,6,P-GPS,18.84737812028815,5.744680851063828,18.84737812028815,8.983920455576149,8.983920455576149,18.84737812028815,-1.2928759408285433,1.2928759408285433,0.0,0.0,14.609,96.81384299999999
41746,2026-05-09 10:20:09.745,41.74572025052191,0.789144050104384,descent,90700,2026-05-09 10:21:02,16.4042,,,6.540742335288,8.2021,0.0,53.451117196,64.38320416,16,5,14.609,10.805834335288,20.669292,10.737312,53.634188068,0.0,0.0,3.131716,30.1,-1.2,-0.1,,,0,0,1024,1024,364,1024,0,0,-100,0,25.3,0,0,54,3.658,3.657,3.656,3.655,0,0,6.627,80.6,6.540742335288,16.4042,6,P-GPS,18.637962807840516,5.68085106382979,18.637962807840516,8.774505143128517,8.774505143128517,18.637962807840516,-1.2928759408286439,1.2928759408286439,0.0,0.0,14.609,96.81384299999999
41856,2026-05-09 10:20:09.856,41.856158663883086,0.791231732776618,descent,90800,2026-05-09 10:21:02,15.748032,,,5.884574335288,7.874016,0.0,53.44160276,64.395343268,16,5,14.609,10.805834335288,20.669292,10.737312,53.634188068,0.0,0.0,2.908022,30.1,-1.2,-0.1,,,0,0,1024,1024,364,1024,0,0,-100,0,25.3,0,0,54,3.658,3.657,3.656,3.655,0,0,6.627,80.6,5.884574335288,15.748032,6,P-GPS,18.42854749539286,5.617021276595744,18.42854749539286,8.56508983068086,8.56508983068086,18.42854749539286,-1.2928759408286312,1.2928759408286312,0.0,0.0,14.609,96.81384299999999
41967,2026-05-09 10:20:09.966,41.96659707724426,0.7933194154488518,descent,90900,2026-05-09 10:21:02,15.419948,,,5.556490335288,7.874016,0.0,53.437665752,64.399280276,16,5,14.609,10.805834335288,20.669292,10.737312,53.634188068,0.0,0.0,2.684328,30.1,-1.0,0.0,,,0,0,1024,1024,364,1024,0,0,-100,0,25.3,0,0,54,3.658,3.657,3.656,3.655,0,0,6.627,80.6,5.556490335288,15.419948,6,P-GPS,18.219132182945216,5.553191489361702,18.219132182945216,8.355674518233217,8.355674518233217,18.219132182945216,-1.2928759408285433,1.2928759408285433,0.0,0.0,14.609,96.81384299999999
42077,2026-05-09 10:20:10.077,42.07703549060543,0.7954070981210857,descent,91000,2026-05-09 10:21:03,15.091864,,,5.228406335288,7.217848,0.0,53.502626384,64.464240908,16,5,14.692,10.805834335288,20.669292,10.737312,53.634188068,0.0,0.0,2.460634,30.1,-1.0,0.0,,,0,0,1024,1024,364,1024,0,0,-100,0,25.3,0,0,54,3.656,3.655,3.653,3.652,0,0,5.13,80.6,5.228406335288,15.091864,6,P-GPS,18.00971687049756,5.489361702127656,18.00971687049756,8.14625920578556,8.14625920578556,18.00971687049756,-1.2928759408286312,1.2928759408286312,0.0,0.0,14.692,75.36996
42187,2026-05-09 10:20:10.187,42.1874739039666,0.7974947807933195,descent,91100,2026-05-09 10:21:03,14.76378,,,4.900322335288,7.874016,0.0,53.642390168,64.605973196,16,5,14.692,10.805834335288,20.669292,10.737312,53.642390168,0.0,0.0,2.460634,30.1,-0.6,-0.1,,,0,0,1024,1024,364,1024,0,0,-100,0,25.3,0,0,54,3.656,3.655,3.653,3.652,0,0,5.13,80.6,4.900322335288,14.76378,6,P-GPS,17.800301558049917,5.4255319148936145,17.800301558049917,7.936843893337917,7.936843893337917,17.800301558049917,-1.2928759408286263,1.2928759408286263,0.0,0.0,14.692,75.36996
42298,2026-05-09 10:20:10.297,42.297912317327764,0.7995824634655532,descent,91200,2026-05-09 10:21:03,14.435696,,,4.572238335288,7.545932,0.0,53.71063164,64.675527004,16,5,14.692,10.805834335288,20.669292,10.737312,53.71063164,0.0,0.0,2.460634,30.1,0.1,-0.3,,,0,0,1024,1024,364,1024,0,0,-100,0,25.3,0,0,54,3.656,3.655,3.653,3.652,0,0,5.13,80.6,4.572238335288,14.435696,6,P-GPS,17.59088624560228,5.3617021276595755,17.59088624560228,7.727428580890281,7.727428580890281,17.59088624560228,-1.2928759408285826,1.2928759408285826,0.0,0.0,14.692,75.36996
42408,2026-05-09 10:20:10.408,42.40835073068894,0.8016701461377871,descent,91300,2026-05-09 10:21:03,14.107612,,,4.244154335288,6.889764,0.0,53.590552896,64.795933832,16,5,14.692,10.805834335288,20.669292,10.737312,53.71063164,0.0,0.0,2.460634,30.1,0.4,-0.3,,,0,0,1024,1024,364,1024,0,0,-100,0,25.3,0,0,54,3.656,3.655,3.653,3.652,0,0,5.13,80.6,4.244154335288,14.107612,6,P-GPS,17.381470933154628,5.29787234042553,17.381470933154628,7.518013268442628,7.518013268442628,17.381470933154628,-1.2928759408286092,1.2928759408286092,0.0,0.0,14.692,75.36996
42519,2026-05-09 10:20:10.518,42.5187891440501,0.8037578288100209,descent,91400,2026-05-09 10:21:03,13.451444,,,3.587986335288,7.217848,0.0,53.626314052,64.834975828,16,5,14.692,10.805834335288,20.669292,10.737312,53.71063164,0.0,0.0,2.23694,30.0,0.5,-0.4,,,0,0,1024,1024,364,1024,0,0,-100,0,25.3,0,0,54,3.656,3.655,3.653,3.652,0,0,5.13,80.6,3.587986335288,13.451444,6,P-GPS,17.17205562070698,5.234042553191488,17.17205562070698,7.308597955994982,7.308597955994982,17.17205562070698,-1.2928759408286483,1.2928759408286483,0.0,0.0,14.692,75.36996
42629,2026-05-09 10:20:10.629,42.62922755741128,0.8058455114822548,descent,91500,2026-05-09 10:21:03,13.451444,,,3.587986335288,7.217848,0.0,53.569227436,64.895343284,16,5,14.692,10.805834335288,20.669292,10.737312,53.71063164,0.0,0.0,2.23694,29.9,0.4,-0.3,,,0,0,1024,1024,364,1024,0,0,-100,0,25.3,0,0,54,3.656,3.655,3.653,3.652,0,0,5.13,80.6,3.587986335288,13.451444,6,P-GPS,16.962640308259328,5.1702127659574435,16.962640308259328,7.099182643547328,7.099182643547328,16.962640308259328,-1.2928759408286092,1.2928759408286092,0.0,0.0,14.692,75.36996
42740,2026-05-09 10:20:10.739,42.73966597077245,0.8079331941544886,descent,91600,2026-05-09 10:21:03,13.12336,,,3.259902335288,7.545932,0.0,53.56627468,64.90485772,16,5,14.692,10.805834335288,20.669292,10.737312,53.71063164,0.0,0.0,2.23694,29.9,0.0,-0.2,,,0,0,1024,1024,364,1024,0,0,-100,0,25.3,0,0,54,3.656,3.655,3.653,3.652,0,0,5.13,80.6,3.259902335288,13.12336,6,P-GPS,16.75322499581168,5.106382978723401,16.75322499581168,6.889767331099682,6.889767331099682,16.75322499581168,-1.2928759408285653,1.2928759408285653,0.0,0.0,14.692,75.36996
42850,2026-05-09 10:20:10.850,42.85010438413361,0.8100208768267223,descent,91700,2026-05-09 10:21:03,12.795276,,,2.931818335288,7.217848,0.0,53.534122448,64.938322288,16,5,14.692,10.805834335288,20.669292,10.737312,53.71063164,0.0,0.0,2.23694,29.8,-0.2,-0.2,,,0,0,1024,1024,364,1024,0,0,-100,0,25.3,0,0,54,3.656,3.655,3.653,3.652,0,0,5.13,80.6,2.931818335288,12.795276,6,P-GPS,16.54380968336405,5.042553191489363,16.54380968336405,6.68035201865205,6.68035201865205,16.54380968336405,-1.2928759408286439,1.2928759408286439,0.0,0.0,14.692,75.36996
42961,2026-05-09 10:20:10.960,42.960542797494774,0.8121085594989561,descent,91800,2026-05-09 10:21:03,12.467192,,,2.603734335288,7.545932,0.0,53.450789112,65.02460838,16,5,14.692,10.805834335288,20.669292,10.737312,53.71063164,0.0,0.0,2.23694,29.8,-0.7,0.0,,,0,0,1024,1024,364,1024,0,0,-100,0,25.3,0,0,54,3.656,3.655,3.653,3.652,0,0,5.13,80.6,2.603734335288,12.467192,6,P-GPS,16.334394370916407,4.978723404255321,16.334394370916407,6.470936706204407,6.470936706204407,16.334394370916407,-1.2928759408286263,1.2928759408286263,0.0,0.0,14.692,75.36996
43071,2026-05-09 10:20:11.070,43.07098121085595,0.81419624217119,descent,91900,2026-05-09 10:21:04,12.139108,,,2.275650335288,7.217848,0.0,53.430775988,65.048558512,16,5,14.692,10.805834335288,20.669292,10.737312,53.71063164,0.0,0.0,2.23694,29.8,-0.8,-0.1,,,0,0,1024,1024,364,1024,0,0,-100,0,25.3,0,0,54,3.656,3.655,3.653,3.652,0,0,5.13,80.6,2.275650335288,12.139108,6,P-GPS,16.12497905846875,4.914893617021275,16.12497905846875,6.26152139375675,6.26152139375675,16.12497905846875,-1.2928759408286312,1.2928759408286312,0.0,0.0,14.692,75.36996
43181,2026-05-09 10:20:11.181,43.18141962421712,0.8162839248434238,descent,92000,2026-05-09 10:21:04,11.811024,,,1.947566335288,6.56168,0.0,53.383859976,65.110894472,16,5,14.622,10.805834335288,20.669292,10.737312,53.71063164,0.0,0.0,2.23694,29.8,-0.7,-0.4,,,0,0,1024,1024,364,1024,0,0,-100,0,25.3,0,0,54,3.653,3.655,3.657,3.659,0,0,6.225,80.78,1.947566335288,11.811024,6,P-GPS,15.915563746021105,4.8510638297872335,15.915563746021105,6.052106081309105,6.052106081309105,15.915563746021105,-1.2928759408285542,1.2928759408285542,0.0,0.0,14.622,91.02194999999999
43292,2026-05-09 10:20:11.291,43.291858037578294,0.8183716075156577,descent,92100,2026-05-09 10:21:04,11.48294,,,1.619482335288,7.217848,0.0,53.368768112,65.130907596,16,5,14.622,10.805834335288,20.669292,10.737312,53.71063164,0.0,0.0,2.013246,29.8,-0.7,-0.6,,,0,0,1024,1024,364,1024,0,0,-100,0,25.3,0,0,54,3.653,3.655,3.657,3.659,0,0,6.225,80.78,1.619482335288,11.48294,6,P-GPS,15.70614843357345,4.787234042553187,15.70614843357345,5.84269076886145,5.84269076886145,15.70614843357345,-1.2928759408286201,1.2928759408286201,0.0,0.0,14.622,91.02194999999999
43402,2026-05-09 10:20:11.402,43.40229645093945,0.8204592901878914,descent,92200,2026-05-09 10:21:04,11.154856,,,1.291398335288,7.217848,0.0,53.309384908,65.1902908,16,5,14.622,10.805834335288,20.669292,10.737312,53.71063164,0.0,0.0,2.013246,29.9,-0.7,-0.7,,,0,0,1024,1024,364,1024,0,0,-100,0,25.3,0,0,54,3.653,3.655,3.657,3.659,0,0,6.225,80.78,1.291398335288,11.154856,6,P-GPS,15.496733121125818,4.723404255319149,15.496733121125818,5.633275456413818,5.633275456413818,15.496733121125818,-1.2928759408286439,1.2928759408286439,0.0,0.0,14.622,91.02194999999999
43513,2026-05-09 10:20:11.512,43.512734864300626,0.8225469728601252,descent,92300,2026-05-09 10:21:04,10.826772,,,0.963314335288,7.217848,0.0,53.2972458,65.216865604,16,5,14.622,10.805834335288,20.669292,10.737312,53.71063164,0.0,0.0,2.013246,29.9,-0.8,-0.7,,,0,0,1024,1024,364,1024,0,0,-100,0,25.3,0,0,54,3.653,3.655,3.657,3.659,0,0,6.225,80.78,0.963314335288,10.826772,6,P-GPS,15.287317808678171,4.659574468085107,15.287317808678171,5.423860143966172,5.423860143966172,15.287317808678171,-1.2928759408285653,1.2928759408285653,0.0,0.0,14.622,91.02194999999999
43623,2026-05-09 10:20:11.623,43.6231732776618,0.8246346555323592,descent,92400,2026-05-09 10:21:04,10.498688,,,0.635230335288,7.217848,0.0,53.279529264,65.236550644,16,5,14.622,10.805834335288,20.669292,10.737312,53.71063164,0.0,0.0,2.23694,29.9,-0.9,-0.7,,,0,0,1024,1024,364,1024,0,0,-100,0,25.3,0,0,54,3.653,3.655,3.657,3.659,0,0,6.225,80.78,0.635230335288,10.498688,6,P-GPS,15.077902496230518,4.5957446808510625,15.077902496230518,5.214444831518518,5.214444831518518,15.077902496230518,-1.2928759408286092,1.2928759408286092,0.0,0.0,14.622,91.02194999999999
43734,2026-05-09 10:20:11.733,43.733611691022965,0.826722338204593,descent,92500,2026-05-09 10:21:04,10.170604,,,0.307146335288,7.217848,0.0,53.255907216,65.261485028,16,5,14.622,10.805834335288,20.669292,10.737312,53.71063164,0.0,0.0,2.23694,29.9,-1.0,-0.6,,,0,0,1024,1024,364,1024,0,0,-100,0,25.3,0,0,54,3.653,3.655,3.657,3.659,0,0,6.225,80.78,0.307146335288,10.170604,6,P-GPS,14.868487183782872,4.53191489361702,14.868487183782872,5.005029519070872,5.005029519070872,14.868487183782872,-1.2928759408286483,1.2928759408286483,0.0,0.0,14.622,91.02194999999999
43844,2026-05-09 10:20:11.844,43.84405010438413,0.8288100208768268,descent,92600,2026-05-09 10:21:04,9.84252,,,-0.020937664712001,7.217848,0.0,53.255579132,65.29035642,16,5,14.622,10.805834335288,20.669292,10.737312,53.71063164,0.0,0.0,2.23694,29.9,-1.0,-0.6,,,0,0,1024,1024,364,1024,0,0,-100,0,25.3,0,0,54,3.653,3.655,3.657,3.659,0,0,6.225,80.78,-0.020937664712001,9.84252,6,P-GPS,14.659071871335227,4.468085106382977,14.659071871335227,4.7956142066232275,4.7956142066232275,14.659071871335227,-1.2928759408286374,1.2928759408286374,0.0,0.0,14.622,91.02194999999999
43954,2026-05-09 10:20:11.954,43.954488517745304,0.8308977035490606,descent,92700,2026-05-09 10:21:04,9.514436,,,-0.349021664712,7.217848,0.0,53.217521388,65.335960096,16,5,14.622,10.805834335288,20.669292,10.737312,53.71063164,0.0,0.0,2.23694,30.0,-1.1,-0.5,,,0,0,1024,1024,364,1024,0,0,-100,0,25.3,0,0,54,3.653,3.655,3.657,3.659,0,0,6.225,80.78,-0.349021664712,9.514436,6,P-GPS,14.449656558887584,4.404255319148936,14.449656558887584,4.586198894175585,4.586198894175585,14.449656558887584,-1.2928759408285433,1.2928759408285433,0.0,0.0,14.622,91.02194999999999
44065,2026-05-09 10:20:12.064,44.06492693110647,0.8329853862212944,descent,92800,2026-05-09 10:21:04,9.186352,,,-0.677105664712,6.889764,0.0,53.195867844,65.357941724,16,5,14.622,10.805834335288,20.669292,10.737312,53.71063164,0.0,0.0,2.013246,30.0,-1.2,-0.5,,,0,0,1024,1024,364,1024,0,0,-100,0,25.3,0,0,54,3.653,3.655,3.657,3.659,0,0,6.225,80.78,-0.677105664712,9.186352,6,P-GPS,14.240241246439938,4.340425531914893,14.240241246439938,4.376783581727938,4.376783581727938,14.240241246439938,-1.2928759408286483,1.2928759408286483,0.0,0.0,14.622,91.02194999999999
44175,2026-05-09 10:20:12.175,44.175365344467636,0.8350730688935282,descent,92900,2026-05-09 10:21:05,8.858268,,,-1.005189664712,6.889764,0.0,53.150264168,65.408794744,16,5,14.622,10.805834335288,20.669292,10.737312,53.71063164,0.0,0.0,2.013246,30.0,-1.1,-0.4,,,0,0,1024,1024,364,1024,0,0,-100,0,25.3,0,0,54,3.653,3.655,3.657,3.659,0,0,6.225,80.78,-1.005189664712,8.858268,6,P-GPS,14.030825933992295,4.276595744680852,14.030825933992295,4.167368269280296,4.167368269280296,14.030825933992295,-1.2928759408286263,1.2928759408286263,0.0,0.0,14.622,91.02194999999999
44286,2026-05-09 10:20:12.285,44.285803757828816,0.8371607515657621,descent,93000,2026-05-09 10:21:05,8.530184,,,-1.333273664712,5.905512,0.0,53.142718236,65.417653012,16,5,14.64,10.805834335288,20.669292,10.737312,53.71063164,0.0,0.0,2.013246,30.0,-0.9,-0.2,,,0,0,1024,1024,364,1024,0,0,-100,0,25.3,0,0,54,3.66,3.662,3.665,3.666,0,0,6.065,80.78,-1.333273664712,8.530184,6,P-GPS,13.821410621544638,4.2127659574468055,13.821410621544638,3.9579529568326386,3.9579529568326386,13.821410621544638,-1.292875940828548,1.292875940828548,0.0,0.0,14.64,88.7916
44396,2026-05-09 10:20:12.396,44.39624217118998,0.8392484342379959,descent,93100,2026-05-09 10:21:05,8.2021,,,-1.661357664712,6.233596,0.0,53.136812724,65.425855112,16,5,14.64,10.805834335288,20.669292,10.737312,53.71063164,0.0,0.0,2.013246,30.0,-0.9,-0.3,,,0,0,1024,1024,364,1024,0,0,-100,0,25.3,0,0,54,3.66,3.662,3.665,3.666,0,0,6.065,80.78,-1.661357664712,8.2021,6,P-GPS,13.611995309096995,4.148936170212765,13.611995309096995,3.748537644384996,3.748537644384996,13.611995309096995,-1.2928759408286263,1.2928759408286263,0.0,0.0,14.64,88.7916
44507,2026-05-09 10:20:12.506,44.50668058455114,0.8413361169102296,descent,93200,2026-05-09 10:21:05,7.874016,,,-1.989441664712,5.905512,0.0,53.100723484,65.467849864,16,5,14.64,10.805834335288,20.669292,10.737312,53.71063164,0.0,0.0,1.789552,30.0,-1.0,-0.2,,,0,0,1024,1024,364,1024,0,0,-100,0,25.3,0,0,54,3.66,3.662,3.665,3.666,0,0,6.065,80.78,-1.989441664712,7.874016,6,P-GPS,13.402579996649362,4.085106382978726,13.402579996649362,3.539122331937362,3.539122331937362,13.402579996649362,-1.292875940828655,1.292875940828655,0.0,0.0,14.64,88.7916
44617,2026-05-09 10:20:12.617,44.61711899791232,0.8434237995824635,descent,93300,2026-05-09 10:21:05,7.545932,,,-2.317525664712,5.577428,0.0,53.075132932,65.49540892,16,5,14.64,10.805834335288,20.669292,10.737312,53.71063164,0.0,0.0,1.789552,30.0,-1.3,0.0,,,0,0,1024,1024,364,1024,0,0,-100,0,25.3,0,0,54,3.66,3.662,3.665,3.666,0,0,6.065,80.78,-2.317525664712,7.545932,6,P-GPS,13.193164684201708,4.0212765957446805,13.193164684201708,3.3297070194897085,3.3297070194897085,13.193164684201708,-1.292875940828526,1.292875940828526,0.0,0.0,14.64,88.7916
44728,2026-05-09 10:20:12.727,44.72755741127349,0.8455114822546973,descent,93400,2026-05-09 10:21:05,7.217848,,,-2.645609664712,5.577428,0.0,53.058400648,65.520671388,16,5,14.64,10.805834335288,20.669292,10.737312,53.71063164,0.0,0.0,1.565858,30.0,-1.3,0.0,,,0,0,1024,1024,364,1024,0,0,-100,0,25.3,0,0,54,3.66,3.662,3.665,3.666,0,0,6.065,80.78,-2.645609664712,7.217848,6,P-GPS,12.983749371754062,3.957446808510638,12.983749371754062,3.120291707042062,3.120291707042062,12.983749371754062,-1.2928759408286483,1.2928759408286483,0.0,0.0,14.64,88.7916
44838,2026-05-09 10:20:12.837,44.83799582463466,0.8475991649269312,descent,93500,2026-05-09 10:21:05,7.217848,,,-2.645609664712,5.905512,0.0,53.061681488,65.562994224,15,5,14.64,10.805834335288,20.669292,10.737312,53.71063164,0.0,0.0,1.565858,30.1,-1.1,0.2,,,0,0,1024,1024,364,1024,0,0,-100,0,25.3,0,0,54,3.66,3.662,3.665,3.666,0,0,6.065,80.78,-2.645609664712,7.217848,6,P-GPS,12.774334059306407,3.893617021276593,12.774334059306407,2.910876394594407,2.910876394594407,12.774334059306407,-1.2928759408286201,1.2928759408286201,0.0,0.0,14.64,88.7916
44948,2026-05-09 10:20:12.948,44.948434237995826,0.849686847599165,descent,93600,2026-05-09 10:21:05,6.889764,,,-2.973693664712,5.577428,0.0,53.048558128,65.581038844,15,5,14.64,10.805834335288,20.669292,10.737312,53.71063164,0.0,0.0,1.565858,30.1,-1.0,0.3,,,0,0,1024,1024,364,1024,0,0,-100,0,25.3,0,0,54,3.66,3.662,3.665,3.666,0,0,6.065,80.78,-2.973693664712,6.889764,6,P-GPS,12.564918746858762,3.8297872340425507,12.564918746858762,2.7014610821467624,2.7014610821467624,12.564918746858762,-1.2928759408286374,1.2928759408286374,0.0,0.0,14.64,88.7916
45059,2026-05-09 10:20:13.058,45.05887265135699,0.8517745302713987,descent,93700,2026-05-09 10:21:05,6.56168,,,-3.301777664712,5.249344,0.0,53.039043692,65.601380052,15,5,14.64,10.805834335288,20.669292,10.737312,53.71063164,0.0,0.0,1.565858,30.1,-1.1,0.4,,,0,0,1024,1024,364,1024,0,0,-100,0,25.3,0,0,54,3.66,3.662,3.665,3.666,0,0,6.065,80.78,-3.301777664712,6.56168,6,P-GPS,12.355503434411128,3.765957446808512,12.355503434411128,2.4920457696991285,2.4920457696991285,12.355503434411128,-1.2928759408285717,1.2928759408285717,0.0,0.0,14.64,88.7916
45169,2026-05-09 10:20:13.169,45.16931106471816,0.8538622129436325,descent,93800,2026-05-09 10:21:05,6.56168,,,-3.301777664712,5.249344,0.0,53.02985734,65.615487664,15,5,14.64,10.805834335288,20.669292,10.737312,53.71063164,0.0,0.0,1.565858,30.1,-1.2,0.5,,,0,0,1024,1024,364,1024,0,0,-100,0,25.3,0,0,54,3.66,3.662,3.665,3.666,0,0,6.065,80.78,-3.301777664712,6.56168,6,P-GPS,12.146088121963485,3.7021276595744705,12.146088121963485,2.2826304572514857,2.2826304572514857,12.146088121963485,-1.2928759408286263,1.2928759408286263,0.0,0.0,14.64,88.7916
45280,2026-05-09 10:20:13.279,45.27974947807933,0.8559498956158664,descent,93900,2026-05-09 10:21:06,6.233596,,,-3.629861664712,4.92126,0.0,53.025592248,65.631235696,15,5,14.64,10.805834335288,20.669292,10.737312,53.71063164,0.0,0.0,1.342164,30.1,-1.2,0.6,,,0,0,1024,1024,364,1024,0,0,-100,0,25.3,0,0,54,3.66,3.662,3.665,3.666,0,0,6.065,80.78,-3.629861664712,6.233596,6,P-GPS,11.936672809515828,3.6382978723404245,11.936672809515828,2.0732151448038287,2.0732151448038287,11.936672809515828,-1.2928759408286312,1.2928759408286312,0.0,0.0,14.64,88.7916
45390,2026-05-09 10:20:13.390,45.390187891440505,0.8580375782881002,descent,94000,2026-05-09 10:21:06,5.905512,,,-3.957945664712,4.593176,0.0,53.02985734,65.638453544,15,5,14.627,10.805834335288,20.669292,10.737312,53.71063164,0.0,0.0,1.342164,30.1,-1.3,0.7,,,0,0,1024,1024,364,1024,0,0,-100,0,25.3,0,0,54,3.659,3.656,3.654,3.653,0,0,6.205,80.78,-3.957945664712,5.905512,6,P-GPS,11.727257497068186,3.5744680851063833,11.727257497068186,1.863799832356186,1.863799832356186,11.727257497068186,-1.2928759408285433,1.2928759408285433,0.0,0.0,14.627,90.760535
45501,2026-05-09 10:20:13.500,45.50062630480168,0.8601252609603341,descent,94100,2026-05-09 10:21:06,5.905512,,,-3.957945664712,4.593176,0.0,53.03149776,65.644359056,15,5,14.627,10.805834335288,20.669292,10.737312,53.71063164,0.0,0.0,1.11847,30.2,-1.3,0.7,,,0,0,1024,1024,364,1024,0,0,-100,0,25.3,0,0,54,3.659,3.656,3.654,3.653,0,0,6.205,80.78,-3.957945664712,5.905512,6,P-GPS,11.517842184620529,3.510638297872337,11.517842184620529,1.654384519908529,1.654384519908529,11.517842184620529,-1.2928759408286312,1.2928759408286312,0.0,0.0,14.627,90.760535
45611,2026-05-09 10:20:13.611,45.61106471816284,0.8622129436325678,descent,94200,2026-05-09 10:21:06,5.577428,,,-4.286029664712,4.593176,0.0,53.036747104,65.66273176,15,5,14.627,10.805834335288,20.669292,10.737312,53.71063164,0.0,0.0,1.11847,30.2,-1.2,0.6,,,0,0,1024,1024,364,1024,0,0,-100,0,25.3,0,0,54,3.659,3.656,3.654,3.653,0,0,6.205,80.78,-4.286029664712,5.577428,6,P-GPS,11.308426872172895,3.4468085106382986,11.308426872172895,1.444969207460895,1.444969207460895,11.308426872172895,-1.292875940828655,1.292875940828655,0.0,0.0,14.627,90.760535
45722,2026-05-09 10:20:13.721,45.721503131524,0.8643006263048016,descent,94300,2026-05-09 10:21:06,5.577428,,,-4.286029664712,4.265092,0.0,53.006563376,65.707351184,15,5,14.627,10.805834335288,20.669292,10.737312,53.71063164,0.0,0.0,1.11847,30.2,-1.1,0.5,,,0,0,1024,1024,364,1024,0,0,-100,0,25.3,0,0,54,3.659,3.656,3.654,3.653,0,0,6.205,80.78,-4.286029664712,5.577428,6,P-GPS,11.099011559725252,3.382978723404257,11.099011559725252,1.2355538950132523,1.2355538950132523,11.099011559725252,-1.2928759408286263,1.2928759408286263,0.0,0.0,14.627,90.760535
45832,2026-05-09 10:20:13.831,45.83194154488518,0.8663883089770356,descent,94400,2026-05-09 10:21:06,5.249344,,,-4.614113664712,4.265092,0.0,53.014765476,65.717849872,15,5,14.627,10.805834335288,20.669292,10.737312,53.71063164,0.0,0.0,1.11847,30.2,-1.1,0.6,,,0,0,1024,1024,364,1024,0,0,-100,0,25.3,0,0,54,3.659,3.656,3.654,3.653,0,0,6.205,80.78,-4.614113664712,5.249344,6,P-GPS,10.889596247277595,3.319148936170211,10.889596247277595,1.0261385825655953,1.0261385825655953,10.889596247277595,-1.292875940828548,1.292875940828548,0.0,0.0,14.627,90.760535
45942,2026-05-09 10:20:13.942,45.94237995824635,0.8684759916492694,descent,94500,2026-05-09 10:21:06,5.249344,,,-4.614113664712,4.265092,0.0,53.066602748,65.77428032,15,5,14.627,10.805834335288,20.669292,10.737312,53.71063164,0.0,0.0,0.894776,30.2,-0.9,0.5,,,0,0,1024,1024,364,1024,0,0,-100,0,25.3,0,0,54,3.659,3.656,3.654,3.653,0,0,6.205,80.78,-4.614113664712,5.249344,6,P-GPS,10.680180934829952,3.2553191489361697,10.680180934829952,0.8167232701179525,0.8167232701179525,10.680180934829952,-1.2928759408286263,1.2928759408286263,0.0,0.0,14.627,90.760535
46053,2026-05-09 10:20:14.052,46.052818371607515,0.8705636743215032,descent,94600,2026-05-09 10:21:06,4.92126,,,-4.942197664712,3.937008,0.0,53.091209048,65.79888662,15,5,14.627,10.805834335288,20.669292,10.737312,53.71063164,0.0,0.0,0.894776,30.2,-0.7,0.4,,,0,0,1024,1024,364,1024,0,0,-100,0,25.3,0,0,54,3.659,3.656,3.654,3.653,0,0,6.205,80.78,-4.942197664712,4.92126,6,P-GPS,10.470765622382308,3.1914893617021276,10.470765622382308,0.607307957670308,0.607307957670308,10.470765622382308,-1.2928759408286374,1.2928759408286374,0.0,0.0,14.627,90.760535
46163,2026-05-09 10:20:14.163,46.16325678496869,0.872651356993737,descent,94700,2026-05-09 10:21:06,4.92126,,,-4.942197664712,3.608924,0.0,53.091537132,65.81036956,15,5,14.627,10.805834335288,20.669292,10.737312,53.71063164,0.0,0.0,0.894776,30.2,-0.5,0.3,,,0,0,1024,1024,364,1024,0,0,-100,0,25.3,0,0,54,3.659,3.656,3.654,3.653,0,0,6.205,80.78,-4.942197664712,4.92126,6,P-GPS,10.261350309934663,3.1276595744680855,10.261350309934663,0.39789264522266343,0.39789264522266343,10.261350309934663,-1.2928759408285542,1.2928759408285542,0.0,0.0,14.627,90.760535
46274,2026-05-09 10:20:14.273,46.273695198329854,0.8747390396659708,descent,94800,2026-05-09 10:21:06,4.593176,,,-5.270281664712,3.608924,0.0,53.113190676,65.832351188,15,5,14.627,10.805834335288,20.669292,10.737312,53.71063164,0.0,0.0,0.894776,30.2,-0.5,0.3,,,0,0,1024,1024,364,1024,0,0,-100,0,25.3,0,0,54,3.659,3.656,3.654,3.653,0,0,6.205,80.78,-5.270281664712,4.593176,6,P-GPS,10.051934997487018,3.0638297872340434,10.051934997487018,0.18847733277501888,0.18847733277501888,10.051934997487018,-1.2928759408286374,1.2928759408286374,0.0,0.0,14.627,90.760535
46384,2026-05-09 10:20:14.384,46.38413361169102,0.8768267223382046,descent,94900,2026-05-09 10:21:07,4.593176,,,-5.270281664712,3.608924,0.0,53.12992296,65.855645152,15,5,14.627,10.805834335288,20.669292,10.737312,53.71063164,0.0,0.0,0.671082,30.2,-0.4,0.3,,,0,0,1024,1024,364,1024,0,0,-100,0,25.3,0,0,54,3.659,3.656,3.654,3.653,0,0,6.205,80.78,-5.270281664712,4.593176,6,P-GPS,9.842519685039376,3.0000000000000018,9.842519685039376,-0.020937979672623896,-0.020937979672623896,9.842519685039376,-1.2928759408286263,1.2928759408286263,0.0,0.0,14.627,90.760535
46495,2026-05-09 10:20:14.494,46.49457202505219,0.8789144050104385,descent,95000,2026-05-09 10:21:07,4.593176,,,-5.270281664712,3.28084,0.0,53.118768104,65.867128092,15,5,14.616,10.805834335288,20.669292,10.737312,53.71063164,0.0,0.0,0.671082,30.2,-0.6,0.3,,,0,0,1024,1024,364,1024,0,0,-100,0,25.3,0,0,54,3.656,3.653,3.655,3.655,0,0,6.201,80.96,-5.270281664712,4.593176,6,P-GPS,9.633104372591719,2.936170212765956,9.633104372591719,-0.23035329212028088,-0.23035329212028088,9.633104372591719,-1.2928759408286312,1.2928759408286312,0.0,0.0,14.616,90.633816
46605,2026-05-09 10:20:14.605,46.605010438413366,0.8810020876826723,descent,95100,2026-05-09 10:21:07,4.265092,,,-5.598365664712,3.28084,0.0,53.106300912,65.88090762,15,5,14.616,10.805834335288,20.669292,10.737312,53.71063164,0.0,0.0,0.671082,30.2,-0.9,0.2,,,0,0,1024,1024,364,1024,0,0,-100,0,25.3,0,0,54,3.656,3.653,3.655,3.655,0,0,6.201,80.96,-5.598365664712,4.265092,6,P-GPS,9.423689060144074,2.872340425531914,9.423689060144074,-0.43976860456792544,-0.43976860456792544,9.423689060144074,-1.2928759408285542,1.2928759408285542,0.0,0.0,14.616,90.633816
46715,2026-05-09 10:20:14.715,46.715448851774525,0.883089770354906,descent,95200,2026-05-09 10:21:07,4.265092,,,-5.598365664712,3.28084,0.0,53.078085688,65.91371602,15,5,14.616,10.805834335288,20.669292,10.737312,53.71063164,0.0,0.0,0.671082,30.2,-1.0,0.0,,,0,0,1024,1024,364,1024,0,0,-100,0,25.3,0,0,54,3.656,3.653,3.655,3.655,0,0,6.201,80.96,-5.598365664712,4.265092,6,P-GPS,9.214273747696442,2.8085106382978755,9.214273747696442,-0.6491839170155576,-0.6491839170155576,9.214273747696442,-1.2928759408286439,1.2928759408286439,0.0,0.0,14.616,90.633816
46826,2026-05-09 10:20:14.825,46.8258872651357,0.8851774530271399,descent,95300,2026-05-09 10:21:07,4.265092,,,-5.598365664712,2.952756,0.0,53.134516136,65.972114972,15,5,14.616,10.805834335288,20.669292,10.737312,53.71063164,0.0,0.0,0.447388,30.2,-1.0,0.1,,,0,0,1024,1024,364,1024,0,0,-100,0,25.3,0,0,54,3.656,3.653,3.655,3.655,0,0,6.201,80.96,-5.598365664712,4.265092,6,P-GPS,9.004858435248787,2.7446808510638303,9.004858435248787,-0.8585992294632128,-0.8585992294632128,9.004858435248787,-1.2928759408286201,1.2928759408286201,0.0,0.0,14.616,90.633816
46936,2026-05-09 10:20:14.936,46.93632567849687,0.8872651356993737,descent,95400,2026-05-09 10:21:07,3.937008,,,-5.926449664712,2.952756,0.0,53.140093564,65.978020484,15,5,14.616,10.805834335288,20.669292,10.737312,53.71063164,0.0,0.0,0.447388,30.2,-0.9,0.1,,,0,0,1024,1024,364,1024,0,0,-100,0,25.3,0,0,54,3.656,3.653,3.655,3.655,0,0,6.201,80.96,-5.926449664712,3.937008,6,P-GPS,8.79544312280114,2.6808510638297878,8.79544312280114,-1.068014541910859,-1.068014541910859,8.79544312280114,-1.2928759408285653,1.2928759408285653,0.0,0.0,14.616,90.633816
47047,2026-05-09 10:20:15.046,47.046764091858044,0.8893528183716076,descent,95500,2026-05-09 10:21:07,3.937008,,,-5.926449664712,2.624672,0.0,53.149279916,65.989831508,15,5,14.616,10.805834335288,20.669292,10.737312,53.71063164,0.0,0.0,0.447388,30.2,-0.8,0.2,,,0,0,1024,1024,364,1024,0,0,-100,0,25.3,0,0,54,3.656,3.653,3.655,3.655,0,0,6.201,80.96,-5.926449664712,3.937008,6,P-GPS,8.586027810353485,2.6170212765957426,8.586027810353485,-1.2774298543585143,-1.2774298543585143,8.586027810353485,-1.2928759408286201,1.2928759408286201,0.0,0.0,14.616,90.633816
47157,2026-05-09 10:20:15.157,47.15720250521921,0.8914405010438414,descent,95600,2026-05-09 10:21:07,3.937008,,,-5.926449664712,2.624672,0.0,53.156825848,66.004267204,15,5,14.616,10.805834335288,20.669292,10.737312,53.71063164,0.0,0.0,0.447388,30.2,-0.8,0.2,,,0,0,1024,1024,364,1024,0,0,-100,0,25.3,0,0,54,3.656,3.653,3.655,3.655,0,0,6.201,80.96,-5.926449664712,3.937008,6,P-GPS,8.37661249790584,2.5531914893617005,8.37661249790584,-1.4868451668061589,-1.4868451668061589,8.37661249790584,-1.2928759408286374,1.2928759408286374,0.0,0.0,14.616,90.633816
47268,2026-05-09 10:20:15.267,47.26764091858037,0.8935281837160751,descent,95700,2026-05-09 10:21:07,3.937008,,,-5.926449664712,2.624672,0.0,53.186353408,66.033794764,15,5,14.616,10.805834335288,20.669292,10.737312,53.71063164,0.0,0.0,0.447388,30.2,-0.7,0.3,,,0,0,1024,1024,364,1024,0,0,-100,0,25.3,0,0,54,3.656,3.653,3.655,3.655,0,0,6.201,80.96,-5.926449664712,3.937008,6,P-GPS,8.167197185458209,2.489361702127662,8.167197185458209,-1.696260479253791,-1.696260479253791,8.167197185458209,-1.2928759408286439,1.2928759408286439,0.0,0.0,14.616,90.633816
47378,2026-05-09 10:20:15.378,47.37807933194154,0.8956158663883089,descent,95800,2026-05-09 10:21:07,3.608924,,,-6.254533664712,2.624672,0.0,53.20046102,66.054464056,15,5,14.616,10.805834335288,20.669292,10.737312,53.71063164,0.0,0.0,0.447388,30.1,-0.7,0.1,,,0,0,1024,1024,364,1024,0,0,-100,0,25.3,0,0,54,3.656,3.653,3.655,3.655,0,0,6.201,80.96,-6.254533664712,3.608924,6,P-GPS,7.957781873010564,2.42553191489362,7.957781873010564,-1.9056757917014355,-1.9056757917014355,7.957781873010564,-1.2928759408285542,1.2928759408285542,0.0,0.0,14.616,90.633816
47489,2026-05-09 10:20:15.488,47.488517745302715,0.8977035490605428,descent,95900,2026-05-09 10:21:08,3.608924,,,-6.254533664712,2.624672,0.0,53.214240548,66.072508676,15,5,14.616,10.805834335288,20.669292,10.737312,53.71063164,0.0,0.0,0.447388,30.2,-0.6,-0.2,,,0,0,1024,1024,364,1024,0,0,-100,0,25.3,0,0,54,3.656,3.653,3.655,3.655,0,0,6.201,80.96,-6.254533664712,3.608924,6,P-GPS,7.748366560562909,2.3617021276595747,7.748366560562909,-2.1150911041490907,-2.1150911041490907,7.748366560562909,-1.2928759408286201,1.2928759408286201,0.0,0.0,14.616,90.633816
47599,2026-05-09 10:20:15.598,47.59895615866388,0.8997912317327766,descent,96000,2026-05-09 10:21:08,3.608924,,,-6.254533664712,2.296588,0.0,53.203085692,66.083663532,15,5,14.611,10.805834335288,20.669292,10.737312,53.71063164,0.0,0.0,0.447388,30.2,-0.6,-0.2,,,0,0,1024,1024,364,1024,0,0,-100,0,25.3,0,0,54,3.656,3.654,3.654,3.654,0,0,6.246,80.96,-6.254533664712,3.608924,6,P-GPS,7.538951248115264,2.2978723404255326,7.538951248115264,-2.3245064165967353,-2.3245064165967353,7.538951248115264,-1.2928759408286374,1.2928759408286374,0.0,0.0,14.611,91.26030600000001
47709,2026-05-09 10:20:15.709,47.709394572025055,0.9018789144050106,descent,96100,2026-05-09 10:21:08,3.608924,,,-6.254533664712,2.296588,0.0,53.21358438,66.094818388,15,5,14.611,10.805834335288,20.669292,10.737312,53.71063164,0.0,0.0,0.447388,30.2,-0.6,0.0,,,0,0,1024,1024,364,1024,0,0,-100,0,25.3,0,0,54,3.656,3.654,3.654,3.654,0,0,6.246,80.96,-6.254533664712,3.608924,6,P-GPS,7.329535935667608,2.234042553191487,7.329535935667608,-2.5339217290443914,-2.5339217290443914,7.329535935667608,-1.2928759408286254,1.2928759408286254,0.0,0.0,14.611,91.26030600000001
47820,2026-05-09 10:20:15.819,47.81983298538622,0.9039665970772442,descent,96200,2026-05-09 10:21:08,3.608924,,,-6.254533664712,2.296588,0.0,53.227691992,66.115815764,15,5,14.611,10.805834335288,20.669292,10.737312,53.71063164,0.0,0.0,0.447388,30.2,-0.6,0.0,,,0,0,1024,1024,364,1024,0,0,-100,0,25.3,0,0,54,3.656,3.654,3.654,3.654,0,0,6.246,80.96,-6.254533664712,3.608924,6,P-GPS,7.120120623219974,2.1702127659574484,7.120120623219974,-2.7433370414920253,-2.7433370414920253,7.120120623219974,-1.2928759408285717,1.2928759408285717,0.0,0.0,14.611,91.26030600000001
47930,2026-05-09 10:20:15.930,47.93027139874739,0.906054279749478,descent,96300,2026-05-09 10:21:08,3.28084,,,-6.582617664712,2.296588,0.0,53.250329788,66.142062484,15,5,14.611,10.805834335288,20.669292,10.737312,53.71063164,0.0,0.0,0.447388,30.2,-0.6,0.1,,,0,0,1024,1024,364,1024,0,0,-100,0,25.3,0,0,54,3.656,3.654,3.654,3.654,0,0,6.246,80.96,-6.582617664712,3.28084,6,P-GPS,6.910705310772331,2.1063829787234063,6.910705310772331,-2.952752353939669,-2.952752353939669,6.910705310772331,-1.292875940828632,1.292875940828632,0.0,0.0,14.611,91.26030600000001
48041,2026-05-09 10:20:16.040,48.04070981210856,0.908141962421712,descent,96400,2026-05-09 10:21:08,3.28084,,,-6.582617664712,2.296588,0.0,53.259188056,66.152561172,15,5,14.611,10.805834335288,20.669292,10.737312,53.71063164,0.0,0.0,0.447388,30.2,-0.6,0.2,,,0,0,1024,1024,364,1024,0,0,-100,0,25.3,0,0,54,3.656,3.654,3.654,3.654,0,0,6.246,80.96,-6.582617664712,3.28084,6,P-GPS,6.701289998324675,2.042553191489361,6.701289998324675,-3.162167666387324,-3.162167666387324,6.701289998324675,-1.2928759408286201,1.2928759408286201,0.0,0.0,14.611,91.26030600000001
48151,2026-05-09 10:20:16.151,48.15114822546973,0.9102296450939458,descent,96500,2026-05-09 10:21:08,3.28084,,,-6.582617664712,2.296588,0.0,53.268702492,66.162075608,15,5,14.611,10.805834335288,20.669292,10.737312,53.71063164,0.0,0.0,0.447388,30.2,-0.7,0.2,,,0,0,1024,1024,364,1024,0,0,-100,0,25.3,0,0,54,3.656,3.654,3.654,3.654,0,0,6.246,80.96,-6.582617664712,3.28084,6,P-GPS,6.491874685877031,1.978723404255319,6.491874685877031,-3.3715829788349687,-3.3715829788349687,6.491874685877031,-1.2928759408285542,1.2928759408285542,0.0,0.0,14.611,91.26030600000001
48262,2026-05-09 10:20:16.261,48.2615866388309,0.9123173277661796,descent,96600,2026-05-09 10:21:08,3.28084,,,-6.582617664712,2.296588,0.0,53.236222176,66.195212092,15,5,14.611,10.805834335288,20.669292,10.737312,53.71063164,0.0,0.0,0.223694,30.2,-0.7,0.2,,,0,0,1024,1024,364,1024,0,0,-100,0,25.3,0,0,54,3.656,3.654,3.654,3.654,0,0,6.246,80.96,-6.582617664712,3.28084,6,P-GPS,6.282459373429386,1.9148936170212771,6.282459373429386,-3.5809982912826133,-3.5809982912826133,6.282459373429386,-1.2928759408286374,1.2928759408286374,0.0,0.0,14.611,91.26030600000001
48372,2026-05-09 10:20:16.372,48.372025052192065,0.9144050104384134,descent,96700,2026-05-09 10:21:08,3.28084,,,-6.582617664712,1.968504,0.0,53.254922964,66.214240964,15,5,14.611,10.805834335288,20.669292,10.737312,53.71063164,0.0,0.0,0.223694,30.2,-0.6,0.2,,,0,0,1024,1024,364,1024,0,0,-100,0,25.3,0,0,54,3.656,3.654,3.654,3.654,0,0,6.246,80.96,-6.582617664712,3.28084,6,P-GPS,6.073044060981743,1.8510638297872353,6.073044060981743,-3.790413603730257,-3.790413603730257,6.073044060981743,-1.292875940828632,1.292875940828632,0.0,0.0,14.611,91.26030600000001
48482,2026-05-09 10:20:16.482,48.48246346555324,0.9164926931106472,descent,96800,2026-05-09 10:21:08,2.952756,,,-6.910701664712,1.968504,0.0,53.263781232,66.226380072,15,5,14.611,10.805834335288,20.669292,10.737312,53.71063164,0.0,0.0,0.223694,30.2,-0.6,0.1,,,0,0,1024,1024,364,1024,0,0,-100,0,25.3,0,0,54,3.656,3.654,3.654,3.654,0,0,6.246,80.96,-6.910701664712,2.952756,6,P-GPS,5.863628748534098,1.7872340425531932,5.863628748534098,-3.9998289161779015,-3.9998289161779015,5.863628748534098,-1.2928759408285542,1.2928759408285542,0.0,0.0,14.611,91.26030600000001
48593,2026-05-09 10:20:16.592,48.592901878914404,0.918580375782881,descent,96900,2026-05-09 10:21:08,2.952756,,,-6.910701664712,1.968504,0.0,53.281497768,66.246393196,15,5,14.611,10.805834335288,20.669292,10.737312,53.71063164,0.0,0.0,0.223694,30.2,-0.5,0.0,,,0,0,1024,1024,364,1024,0,0,-100,0,25.3,0,0,54,3.656,3.654,3.654,3.654,0,0,6.246,80.96,-6.910701664712,2.952756,6,P-GPS,5.6542134360864535,1.723404255319151,5.6542134360864535,-4.209244228625546,-4.209244228625546,5.6542134360864535,-1.2928759408286374,1.2928759408286374,0.0,0.0,14.611,91.26030600000001
48703,2026-05-09 10:20:16.703,48.70334029227558,0.9206680584551149,descent,97000,2026-05-09 10:21:09,2.952756,,,-6.910701664712,1.968504,0.0,53.316602756,66.288059864,15,5,14.616,10.805834335288,20.669292,10.737312,53.71063164,0.0,0.0,0.223694,30.2,-0.4,0.0,,,0,0,1024,1024,364,1024,0,0,-100,0,25.3,0,0,54,3.655,3.652,3.652,3.652,0,0,6.188,81.14,-6.910701664712,2.952756,6,P-GPS,5.4447981236387974,1.6595744680851054,5.4447981236387974,-4.418659541073202,-4.418659541073202,5.4447981236387974,-1.2928759408286254,1.2928759408286254,0.0,0.0,14.616,90.44380799999999
48814,2026-05-09 10:20:16.813,48.81377870563674,0.9227557411273487,descent,97100,2026-05-09 10:21:09,2.952756,,,-6.910701664712,1.968504,0.0,53.317915092,66.30413598,15,5,14.616,10.805834335288,20.669292,10.737312,53.71063164,0.0,0.0,0.223694,30.2,-0.4,0.0,,,0,0,1024,1024,364,1024,0,0,-100,0,25.3,0,0,54,3.655,3.652,3.652,3.652,0,0,6.188,81.14,-6.910701664712,2.952756,6,P-GPS,5.235382811191154,1.5957446808510638,5.235382811191154,-4.628074853520846,-4.628074853520846,5.235382811191154,-1.292875940828632,1.292875940828632,0.0,0.0,14.616,90.44380799999999
48924,2026-05-09 10:20:16.924,48.92421711899791,0.9248434237995824,descent,97200,2026-05-09 10:21:09,2.952756,,,-6.910701664712,1.968504,0.0,53.3300542,66.317587424,15,5,14.616,10.805834335288,20.669292,10.737312,53.71063164,0.0,0.0,0.223694,30.2,-0.4,0.0,,,0,0,1024,1024,364,1024,0,0,-100,0,25.3,0,0,54,3.655,3.652,3.652,3.652,0,0,6.188,81.14,-6.910701664712,2.952756,6,P-GPS,5.02596749874352,1.531914893617025,5.02596749874352,-4.83749016596848,-4.83749016596848,5.02596749874352,-1.2928759408285717,1.2928759408285717,0.0,0.0,14.616,90.44380799999999
49035,2026-05-09 10:20:17.034,49.03465553235908,0.9269311064718163,descent,97300,2026-05-09 10:21:09,2.952756,,,-6.910701664712,1.968504,0.0,53.31529042,66.332679288,15,5,14.616,10.805834335288,20.669292,10.737312,53.71063164,0.0,0.0,0.0,30.2,-0.4,0.0,,,0,0,1024,1024,364,1024,0,0,-100,0,25.3,0,0,54,3.655,3.652,3.652,3.652,0,0,6.188,81.14,-6.910701664712,2.952756,6,P-GPS,4.816552186295865,1.4680851063829796,4.816552186295865,-5.046905478416135,-5.046905478416135,4.816552186295865,-1.2928759408286201,1.2928759408286201,0.0,0.0,14.616,90.44380799999999
49145,2026-05-09 10:20:17.145,49.14509394572025,0.9290187891440501,descent,97400,2026-05-09 10:21:09,2.952756,,,-6.910701664712,1.968504,0.0,53.317587008,66.337272464,15,5,14.616,10.805834335288,20.669292,10.737312,53.71063164,0.0,0.0,0.0,30.2,-0.3,0.2,,,0,0,1024,1024,364,1024,0,0,-100,0,25.3,0,0,54,3.655,3.652,3.652,3.652,0,0,6.188,81.14,-6.910701664712,2.952756,6,P-GPS,4.607136873848221,1.4042553191489378,4.607136873848221,-5.256320790863779,-5.256320790863779,4.607136873848221,-1.292875940828632,1.292875940828632,0.0,0.0,14.616,90.44380799999999
49256,2026-05-09 10:20:17.255,49.25553235908142,0.931106471816284,descent,97500,2026-05-09 10:21:09,2.952756,,,-6.910701664712,1.968504,0.0,53.317915092,66.350723908,15,5,14.616,10.805834335288,20.669292,10.737312,53.71063164,0.0,0.0,0.0,30.2,-0.3,0.1,,,0,0,1024,1024,364,1024,0,0,-100,0,25.3,0,0,54,3.655,3.652,3.652,3.652,0,0,6.188,81.14,-6.910701664712,2.952756,6,P-GPS,4.397721561400565,1.3404255319148923,4.397721561400565,-5.465736103311435,-5.465736103311435,4.397721561400565,-1.2928759408286254,1.2928759408286254,0.0,0.0,14.616,90.44380799999999
49366,2026-05-09 10:20:17.365,49.365970772442594,0.9331941544885178,descent,97600,2026-05-09 10:21:09,2.952756,,,-6.910701664712,1.968504,0.0,53.316602756,66.352036244,15,5,14.616,10.805834335288,20.669292,10.737312,53.71063164,0.0,0.0,0.0,30.2,-0.4,0.2,,,0,0,1024,1024,364,1024,0,0,-100,0,25.3,0,0,54,3.655,3.652,3.652,3.652,0,0,6.188,81.14,-6.910701664712,2.952756,33,Confirm_Landing,4.18830624895292,1.2765957446808502,4.18830624895292,-5.675151415759079,-5.675151415759079,4.18830624895292,-1.2928759408285542,1.2928759408285542,0.0,0.0,14.616,90.44380799999999
49476,2026-05-09 10:20:17.476,49.47640918580375,0.9352818371607515,descent,97700,2026-05-09 10:21:09,2.952756,,,-6.910701664712,1.968504,0.0,53.317258924,66.35662942,15,5,14.616,10.805834335288,20.669292,10.737312,53.71063164,0.0,0.0,0.0,30.2,-0.5,0.1,,,0,0,1024,1024,364,1024,0,0,-100,0,25.3,0,0,54,3.655,3.652,3.652,3.652,0,0,6.188,81.14,-6.910701664712,2.952756,33,Confirm_Landing,3.9788909365052874,1.2127659574468117,3.9788909365052874,-5.884566728206712,-5.884566728206712,3.9788909365052874,-1.2928759408286494,1.2928759408286494,0.0,0.0,14.616,90.44380799999999
49587,2026-05-09 10:20:17.586,49.586847599164926,0.9373695198329853,descent,97800,2026-05-09 10:21:09,2.952756,,,-6.910701664712,1.64042,0.0,53.335631628,66.37631446,15,5,14.616,10.805834335288,20.669292,10.737312,53.71063164,0.0,0.0,0.0,30.2,-0.5,0.0,,,0,0,1024,1024,364,1024,0,0,-100,0,25.3,0,0,54,3.655,3.652,3.652,3.652,0,0,6.188,81.14,-6.910701664712,2.952756,33,Confirm_Landing,3.7694756240576432,1.1489361702127696,3.7694756240576432,-6.093982040654357,-6.093982040654357,3.7694756240576432,-1.2928759408285515,1.2928759408285515,0.0,0.0,14.616,90.44380799999999
49697,2026-05-09 10:20:17.697,49.6972860125261,0.9394572025052192,descent,97900,2026-05-09 10:21:10,2.624672,,,-7.238785664712,1.64042,0.0,53.3382563,66.3795953,15,5,14.616,10.805834335288,20.669292,10.737312,53.71063164,0.0,0.0,0.223694,30.3,-0.3,0.0,,,0,0,1024,1024,364,1024,0,0,-100,0,25.3,0,0,54,3.655,3.652,3.652,3.652,0,0,6.188,81.14,-7.238785664712,2.624672,33,Confirm_Landing,3.560060311609987,1.0851063829787242,3.560060311609987,-6.303397353102012,-6.303397353102012,3.560060311609987,-1.2928759408286254,1.2928759408286254,0.0,0.0,14.616,90.44380799999999
49808,2026-05-09 10:20:17.807,49.807724425887265,0.941544885177453,descent,98000,2026-05-09 10:21:10,2.624672,,,-7.238785664712,1.64042,0.0,53.334319292,66.385828896,15,5,14.613,10.805834335288,20.669292,10.737312,53.71063164,0.0,0.0,0.671082,30.3,-0.4,0.0,,,0,0,1024,1024,364,1024,0,0,-100,0,25.3,0,0,54,3.655,3.652,3.651,3.651,0,0,6.24,81.14,-7.238785664712,2.624672,33,Confirm_Landing,3.350644999162343,1.021276595744682,3.350644999162343,-6.5128126655496565,-6.5128126655496565,3.350644999162343,-1.2928759408286348,1.2928759408286348,0.0,0.0,14.613,91.18512
49918,2026-05-09 10:20:17.918,49.91816283924844,0.943632567849687,descent,98100,2026-05-09 10:21:10,2.624672,,,-7.238785664712,1.64042,0.0,53.332678872,66.3877974,15,5,14.613,10.805834335288,20.669292,10.737312,53.71063164,0.0,0.0,0.894776,30.4,-0.3,0.0,,,0,0,1024,1024,651,1024,0,0,-57,0,25.3,0,0,54,3.655,3.652,3.651,3.651,0,0,6.24,81.14,-7.238785664712,2.624672,33,Confirm_Landing,3.141229686714688,0.9574468085106369,3.141229686714688,-6.722227977997312,-6.722227977997312,3.141229686714688,-1.2928759408286201,1.2928759408286201,0.0,0.0,14.613,91.18512
50029,2026-05-09 10:20:18.028,50.028601252609604,0.9457202505219207,descent,98200,2026-05-09 10:21:10,2.296588,,,-7.566869664712,1.312336,0.0,53.32349252,66.401576928,15,5,14.613,10.805834335288,20.669292,10.737312,53.71063164,0.0,0.0,0.894776,30.4,-0.4,-0.2,,,0,0,1024,1024,1024,1024,0,0,0,0,25.3,0,0,54,3.655,3.652,3.651,3.651,0,0,6.24,81.14,-7.566869664712,2.296588,33,Confirm_Landing,2.9318143742670544,0.8936170212765983,2.9318143742670544,-6.931643290444946,-6.931643290444946,2.9318143742670544,-1.2928759408285688,1.2928759408285688,0.0,0.0,14.613,91.18512
50139,2026-05-09 10:20:18.139,50.13903966597077,0.9478079331941545,descent,98300,2026-05-09 10:21:10,2.296588,,,-7.566869664712,1.312336,0.0,53.350723492,66.436681916,14,5,14.613,10.805834335288,20.669292,10.737312,53.71063164,0.0,0.0,0.671082,30.5,-0.6,-0.3,,,0,0,1024,1024,1024,1024,0,0,0,0,25.3,0,0,54,3.655,3.652,3.651,3.651,0,0,6.24,81.14,-7.566869664712,2.296588,33,Confirm_Landing,2.7223990618194103,0.8297872340425563,2.7223990618194103,-7.141058602892589,-7.141058602892589,2.7223990618194103,-1.2928759408286348,1.2928759408286348,0.0,0.0,14.613,91.18512
50249,2026-05-09 10:20:18.249,50.24947807933194,0.9498956158663884,descent,98400,2026-05-09 10:21:10,1.968504,,,-7.894953664712,0.984252,0.0,53.346130316,66.445540184,14,5,14.613,10.805834335288,20.669292,10.737312,53.71063164,0.0,0.0,0.671082,30.4,-0.5,-0.2,,,0,0,1024,1024,1024,1024,0,0,0,0,25.3,0,0,54,3.655,3.652,3.651,3.651,0,0,6.24,81.14,-7.894953664712,1.968504,33,Confirm_Landing,2.5129837493717546,0.7659574468085109,2.5129837493717546,-7.350473915340245,-7.350473915340245,2.5129837493717546,-1.2928759408286228,1.2928759408286228,0.0,0.0,14.613,91.18512
50360,2026-05-09 10:20:18.359,50.35991649269311,0.9519832985386222,descent,98500,2026-05-09 10:21:10,1.968504,,,-7.894953664712,0.984252,0.0,53.286090944,66.507876144,14,5,14.613,10.805834335288,20.669292,10.737312,53.71063164,0.0,0.0,0.671082,30.4,-0.5,-0.2,,,0,0,1024,1024,1024,1024,0,0,0,0,25.3,0,0,54,3.655,3.652,3.651,3.651,0,0,6.24,81.14,-7.894953664712,1.968504,33,Confirm_Landing,2.3035684369241105,0.7021276595744689,2.3035684369241105,-7.559889227787889,-7.559889227787889,2.3035684369241105,-1.2928759408286348,1.2928759408286348,0.0,0.0,14.613,91.18512
50470,2026-05-09 10:20:18.470,50.47035490605428,0.954070981210856,descent,98600,2026-05-09 10:21:10,1.968504,,,-7.894953664712,0.984252,0.0,53.274936088,66.52231184,14,5,14.613,10.805834335288,20.669292,10.737312,53.71063164,0.0,0.0,0.671082,30.4,-0.6,-0.3,,,0,0,1024,1024,1024,1024,0,0,0,0,25.3,0,0,54,3.655,3.652,3.651,3.651,0,0,6.24,81.14,-7.894953664712,1.968504,33,Confirm_Landing,2.094153124476466,0.6382978723404269,2.094153124476466,-7.769304540235534,-7.769304540235534,2.094153124476466,-1.2928759408285542,1.2928759408285542,0.0,0.0,14.613,91.18512
50581,2026-05-09 10:20:18.580,50.58079331941545,0.9561586638830898,descent,98700,2026-05-09 10:21:10,1.64042,,,-8.223037664712,0.984252,0.0,53.316274672,66.563650424,14,5,14.613,10.805834335288,20.669292,10.737312,53.71063164,0.0,0.0,0.671082,30.4,-0.7,-0.4,,,0,0,1024,1024,1024,1024,0,0,0,0,25.3,0,0,54,3.655,3.652,3.651,3.651,0,0,6.24,81.14,-8.223037664712,1.64042,33,Confirm_Landing,1.8847378120288216,0.5744680851063848,1.8847378120288216,-7.978719852683178,-7.978719852683178,1.8847378120288216,-1.292875940828636,1.292875940828636,0.0,0.0,14.613,91.18512
50691,2026-05-09 10:20:18.691,50.691231732776615,0.9582463465553236,descent,98800,2026-05-09 10:21:10,1.64042,,,-8.223037664712,0.656168,0.0,53.316274672,66.56496276,14,5,14.613,10.805834335288,20.669292,10.737312,53.71063164,0.0,0.0,0.447388,30.3,-0.7,-0.3,,,0,0,1024,1024,1024,1024,0,0,0,0,25.3,0,0,54,3.655,3.652,3.651,3.651,0,0,6.24,81.14,-8.223037664712,1.64042,33,Confirm_Landing,1.6753224995811773,0.5106382978723428,1.6753224995811773,-8.188135165130822,-8.188135165130822,1.6753224995811773,-1.292875940828636,1.292875940828636,0.0,0.0,14.613,91.18512
50802,2026-05-09 10:20:18.801,50.80167014613779,0.9603340292275574,descent,98900,2026-05-09 10:21:11,1.64042,,,-8.223037664712,0.656168,0.0,53.31693084,66.566275096,14,5,14.613,10.805834335288,20.669292,10.737312,53.71063164,0.0,0.0,0.447388,30.3,-0.5,-0.2,,,0,0,1024,1024,1024,1024,0,0,0,0,25.3,0,0,54,3.655,3.652,3.651,3.651,0,0,6.24,81.14,-8.223037664712,1.64042,33,Confirm_Landing,1.4659071871335327,0.4468085106383008,1.4659071871335327,-8.397550477578466,-8.397550477578466,1.4659071871335327,-1.2928759408285542,1.2928759408285542,0.0,0.0,14.613,91.18512
50912,2026-05-09 10:20:18.912,50.91210855949896,0.9624217118997913,descent,99000,2026-05-09 10:21:11,1.64042,,,-8.223037664712,0.656168,0.0,53.320539764,66.572836776,14,5,14.608,10.805834335288,20.669292,10.737312,53.71063164,0.0,0.0,0.447388,30.3,-0.4,-0.1,,,0,0,1024,1024,1024,1024,0,0,0,0,25.3,0,0,54,3.659,3.655,3.653,3.652,0,0,6.098,81.14,-8.223037664712,1.64042,33,Confirm_Landing,1.2564918746858773,0.38297872340425543,1.2564918746858773,-8.606965790026122,-8.606965790026122,1.2564918746858773,-1.2928759408286215,1.2928759408286215,0.0,0.0,14.608,89.079584
51023,2026-05-09 10:20:19.022,51.02254697286013,0.9645093945720251,descent,99100,2026-05-09 10:21:11,1.312336,,,-8.551121664712,0.656168,0.0,53.325789108,66.57808612,14,5,14.608,10.805834335288,20.669292,10.737312,53.71063164,0.0,0.0,0.447388,30.2,-0.5,0.0,,,0,0,1024,1024,1024,1024,0,0,0,0,25.3,0,0,54,3.659,3.655,3.653,3.652,0,0,6.098,81.14,-8.551121664712,1.312336,33,Confirm_Landing,1.047076562238233,0.31914893617021345,1.047076562238233,-8.816381102473766,-8.816381102473766,1.047076562238233,-1.292875940828636,1.292875940828636,0.0,0.0,14.608,89.079584
51133,2026-05-09 10:20:19.132,51.13298538622129,0.9665970772442588,descent,99200,2026-05-09 10:21:11,1.312336,,,-8.551121664712,0.328084,0.0,53.332678872,66.590881396,14,5,14.608,10.805834335288,20.669292,10.737312,53.71063164,0.0,0.0,0.447388,30.3,-0.3,0.0,,,0,0,1024,1024,1024,1024,0,0,0,0,25.3,0,0,54,3.659,3.655,3.653,3.652,0,0,6.098,81.14,-8.551121664712,1.312336,33,Confirm_Landing,0.8376612497905997,0.2553191489361748,0.8376612497905997,-9.0257964149214,-9.0257964149214,0.8376612497905997,-1.2928759408285675,1.2928759408285675,0.0,0.0,14.608,89.079584
51243,2026-05-09 10:20:19.243,51.243423799582466,0.9686847599164927,descent,99300,2026-05-09 10:21:11,1.312336,,,-8.551121664712,0.328084,0.0,53.343833728,66.60269242,15,5,14.608,10.805834335288,20.669292,10.737312,53.71063164,0.0,0.0,0.447388,30.3,-0.3,0.1,,,0,0,1024,1024,1024,1024,0,0,0,0,25.3,0,0,54,3.659,3.655,3.653,3.652,0,0,6.098,81.14,-8.551121664712,1.312336,33,Confirm_Landing,0.6282459373429442,0.1914893617021294,0.6282459373429442,-9.235211727369055,-9.235211727369055,0.6282459373429442,-1.2928759408286221,1.2928759408286221,0.0,0.0,14.608,89.079584
51354,2026-05-09 10:20:19.353,51.35386221294363,0.9707724425887265,descent,99400,2026-05-09 10:21:11,1.312336,,,-8.551121664712,0.328084,0.0,53.360566012,66.62073704,15,5,14.608,10.805834335288,20.669292,10.737312,53.71063164,0.0,0.0,0.447388,30.3,-0.2,0.1,,,0,0,1024,1024,1024,1024,0,0,0,0,25.3,0,0,54,3.659,3.655,3.653,3.652,0,0,6.098,81.14,-8.551121664712,1.312336,33,Confirm_Landing,0.4188306248952999,0.1276595744680874,0.4188306248952999,-9.4446270398167,-9.4446270398167,0.4188306248952999,-1.292875940828636,1.292875940828636,0.0,0.0,14.608,89.079584
51464,2026-05-09 10:20:19.464,51.464300626304805,0.9728601252609604,descent,99500,2026-05-09 10:21:11,1.312336,,,-8.551121664712,0.328084,0.0,53.329069948,66.652889272,15,5,14.608,10.805834335288,20.669292,10.737312,53.71063164,0.0,0.0,0.223694,30.3,-0.1,0.0,,,0,0,1024,1024,1024,1024,0,0,0,0,25.3,0,0,54,3.659,3.655,3.653,3.652,0,0,6.098,81.14,-8.551121664712,1.312336,33,Confirm_Landing,0.20941531244764436,0.063829787234042,0.20941531244764436,-9.654042352264355,-9.654042352264355,0.20941531244764436,-1.2928759408286221,1.2928759408286221,0.0,0.0,14.608,89.079584
51575,2026-05-09 10:20:19.574,51.57473903966597,0.9749478079331942,descent,99600,2026-05-09 10:21:11,0.984252,,,-8.879205664712,0.328084,0.0,53.335303544,66.659122868,15,5,14.608,10.805834335288,20.669292,10.737312,53.71063164,0.0,0.0,0.223694,30.4,0.0,0.0,,,0,0,1024,1024,1024,1024,0,0,0,0,25.3,0,0,54,3.659,3.655,3.653,3.652,0,0,6.098,81.14,-8.879205664712,0.984252,33,Confirm_Landing,0.0,0.0,0.0,-9.863457664712,-9.863457664712,0.0,-1.2928759408286363,1.2928759408286363,0.0,0.0,14.608,89.079584
51685,2026-05-09 10:20:19.685,51.68517745302714,0.9770354906054279,ground,99700,2026-05-09 10:21:11,0.984252,,,-8.879205664712,0.328084,0.0,53.362206432,66.687010008,15,5,14.608,10.805834335288,20.669292,10.737312,53.71063164,0.0,0.0,0.223694,30.5,-0.1,0.0,,,0,0,1024,1024,1024,1024,0,0,0,0,25.3,0,0,54,3.659,3.655,3.653,3.652,0,0,6.098,81.14,-8.879205664712,0.984252,33,Confirm_Landing,0.0,0.0,0.0,-9.863457664712,-9.863457664712,0.0,0.0,0.0,-0.1,0.0,14.608,89.079584
51796,2026-05-09 10:20:19.795,51.7956158663883,0.9791231732776617,ground,99800,2026-05-09 10:21:11,0.984252,,,-8.879205664712,0.328084,0.0,53.367127692,66.69783678,15,5,14.608,10.805834335288,20.669292,10.737312,53.71063164,0.0,0.0,0.223694,30.6,-0.4,-0.1,,,0,0,1024,1024,1024,1024,0,0,0,0,25.3,0,0,54,3.659,3.655,3.653,3.652,0,0,6.098,81.14,-8.879205664712,0.984252,33,Confirm_Landing,0.0,0.0,0.0,-9.863457664712,-9.863457664712,0.0,0.0,0.0,-0.4,-0.1,14.608,89.079584
51906,2026-05-09 10:20:19.906,51.906054279749476,0.9812108559498957,ground,99900,2026-05-09 10:21:12,0.984252,,,-8.879205664712,0.328084,0.0,53.386156564,66.717849904,15,5,14.608,10.805834335288,20.669292,10.737312,53.71063164,0.0,0.0,0.0,30.2,2.0,-0.3,,,0,0,1024,1024,1024,1024,0,0,0,0,25.3,0,0,54,3.659,3.655,3.653,3.652,0,0,6.098,81.14,-8.879205664712,0.984252,33,Confirm_Landing,0.0,0.0,0.0,-9.863457664712,-9.863457664712,0.0,0.0,0.0,2.0,-0.3,14.608,89.079584
52016,2026-05-09 10:20:20.016,52.01649269311065,0.9832985386221295,ground,100000,2026-05-09 10:21:12,0.984252,,,-8.879205664712,0.328084,0.0,53.370736616,66.734910272,15,5,14.616,10.805834335288,20.669292,10.737312,53.71063164,0.0,0.0,0.0,30.2,3.8,-0.2,,,0,0,1024,1024,1024,1024,0,0,0,0,25.3,0,0,54,3.66,3.659,3.659,3.66,0,0,6.136,81.32,-8.879205664712,0.984252,33,Confirm_Landing,0.0,0.0,0.0,-9.863457664712,-9.863457664712,0.0,0.0,0.0,3.8,-0.2,14.616,89.683776
52127,2026-05-09 10:20:20.126,52.12693110647182,0.9853862212943634,ground,100100,2026-05-09 10:21:12,0.984252,,,-8.879205664712,0.328084,0.0,53.353676248,66.751642556,15,5,14.616,10.805834335288,20.669292,10.737312,53.71063164,0.0,0.0,0.0,30.2,5.2,-0.2,,,0,0,1024,1024,1024,1024,0,0,0,0,25.3,0,0,54,3.66,3.659,3.659,3.66,0,0,6.136,81.32,-8.879205664712,0.984252,33,Confirm_Landing,0.0,0.0,0.0,-9.863457664712,-9.863457664712,0.0,0.0,0.0,5.2,-0.2,14.616,89.683776
52237,2026-05-09 10:20:20.237,52.23736951983298,0.9874739039665971,ground,100200,2026-05-09 10:21:12,0.984252,,,-8.879205664712,0.328084,0.0,53.345474148,66.760500824,15,5,14.616,10.805834335288,20.669292,10.737312,53.71063164,0.0,0.0,0.0,30.3,5.3,-0.2,,,0,0,1024,1024,1024,1024,0,0,0,0,25.3,0,0,54,3.66,3.659,3.659,3.66,0,0,6.136,81.32,-8.879205664712,0.984252,33,Confirm_Landing,0.0,0.0,0.0,-9.863457664712,-9.863457664712,0.0,0.0,0.0,5.3,-0.2,14.616,89.683776
52348,2026-05-09 10:20:20.347,52.347807933194154,0.9895615866388309,ground,100300,2026-05-09 10:21:12,0.984252,,,-8.879205664712,0.328084,0.0,53.338584384,66.767718672,15,5,14.616,10.805834335288,20.669292,10.737312,53.71063164,0.0,0.0,0.0,30.2,5.3,-0.3,,,0,0,1024,1024,1024,1024,0,0,0,0,25.3,0,0,54,3.66,3.659,3.659,3.66,0,0,6.136,81.32,-8.879205664712,0.984252,33,Confirm_Landing,0.0,0.0,0.0,-9.863457664712,-9.863457664712,0.0,0.0,0.0,5.3,-0.3,14.616,89.683776
52458,2026-05-09 10:20:20.458,52.45824634655533,0.9916492693110648,ground,100400,2026-05-09 10:21:12,0.984252,,,-8.879205664712,0.328084,0.0,53.363518768,66.793637308,15,5,14.616,10.805834335288,20.669292,10.737312,53.71063164,0.0,0.0,0.0,30.3,5.3,-0.3,,,0,0,1024,1024,1024,1024,0,0,0,0,25.3,0,0,54,3.66,3.659,3.659,3.66,0,0,6.136,81.32,-8.879205664712,0.984252,33,Confirm_Landing,0.0,0.0,0.0,-9.863457664712,-9.863457664712,0.0,0.0,0.0,5.3,-0.3,14.616,89.683776
52569,2026-05-09 10:20:20.568,52.56868475991649,0.9937369519832986,ground,100500,2026-05-09 10:21:12,0.984252,,,-8.879205664712,0.328084,0.0,53.360894096,66.795933896,15,5,14.616,10.805834335288,20.669292,10.737312,53.71063164,0.0,0.0,0.0,30.3,5.3,-0.3,,,0,0,1024,1024,1024,1024,0,0,0,0,25.3,0,0,54,3.66,3.659,3.659,3.66,0,0,6.136,81.32,-8.879205664712,0.984252,33,Confirm_Landing,0.0,0.0,0.0,-9.863457664712,-9.863457664712,0.0,0.0,0.0,5.3,-0.3,14.616,89.683776
52679,2026-05-09 10:20:20.679,52.67912317327766,0.9958246346555324,ground,100600,2026-05-09 10:21:12,0.984252,,,-8.879205664712,0.328084,0.0,53.365487272,66.8061045,15,5,14.616,10.805834335288,20.669292,10.737312,53.71063164,0.0,0.0,0.0,30.3,5.3,-0.3,,,0,0,1024,1024,1024,1024,0,0,0,0,25.3,0,0,54,3.66,3.659,3.659,3.66,0,0,6.136,81.32,-8.879205664712,0.984252,33,Confirm_Landing,0.0,0.0,0.0,-9.863457664712,-9.863457664712,0.0,0.0,0.0,5.3,-0.3,14.616,89.683776
52790,2026-05-09 10:20:20.789,52.78956158663883,0.9979123173277662,ground,100700,2026-05-09 10:21:12,0.984252,,,-8.879205664712,0.328084,0.0,53.362534516,66.80938534,15,5,14.616,10.805834335288,20.669292,10.737312,53.71063164,0.0,0.0,0.0,30.3,5.3,-0.3,,,0,0,1024,1024,1024,1024,0,0,0,0,25.3,0,0,54,3.66,3.659,3.659,3.66,0,0,6.136,81.32,-8.879205664712,0.984252,33,Confirm_Landing,0.0,0.0,0.0,-9.863457664712,-9.863457664712,0.0,0.0,0.0,5.3,-0.3,14.616,89.683776
52900,2026-05-09 10:20:20.900,52.9,1.0,ground,100800,2026-05-09 10:21:12,0.0,,,-9.863457664712,0.328084,0.0,53.358597508,66.813978516,15,5,14.616,10.805834335288,20.669292,10.737312,53.71063164,0.0,0.0,0.0,30.3,5.3,-0.3,,,0,0,1024,1024,1024,1024,0,0,0,0,25.3,0,0,54,3.66,3.659,3.659,3.66,0,0,6.136,81.32,-9.863457664712,0.0,33,Confirm_Landing,0.0,0.0,0.0,-9.863457664712,-9.863457664712,0.0,0.0,0.0,5.3,-0.3,14.616,89.683776
