time(millisecond),datetime(utc),height_above_takeoff(feet),height_above_ground_at_drone_location(feet),ground_elevation_at_drone_location(feet),altitude_above_seaLevel(feet),height_sonar(feet),speed(mph),distance(feet),mileage(feet),satellites,gpslevel,voltage(v),max_altitude(feet),max_ascent(feet),max_speed(mph),max_distance(feet), xSpeed(mph), ySpeed(mph), zSpeed(mph), compass_heading(degrees), pitch(degrees), roll(degrees),wind_speed(mph),wind_direction(degrees),isPhoto,isVideo,rc_elevator,rc_aileron,rc_throttle,rc_rudder,rc_elevator(percent),rc_aileron(percent),rc_throttle(percent),rc_rudder(percent),gimbal_heading(degrees),gimbal_pitch(degrees),gimbal_roll(degrees),battery_percent,voltageCell1,voltageCell2,voltageCell3,voltageCell4,voltageCell5,voltageCell6,current(A),battery_temperature(f),altitude(feet),ascent(feet),flycStateRaw,flycState
52900,2026-05-09 10:20:25,0,Available with any HD 360 subscription,Available with any HD 360 subscription,-9.863457664712,0.328084,0,0,0,14,5,0,0,0,0,0,0,0,0,210.2, 6.6, -1.4,Available with Enterprise subscription,,0,0,1024,1024,1024,1024,0,0,0,0,205,0,0,56,3.738,3.737,3.738,3.738,0,0,0,77.72,-9.863457664712,0,41,Motors_Started
53000,2026-05-09 10:20:25,0,,,-9.863457664712,0.328084,0,0.00056141405996,0.00056141405996,14,5,0,0,0,0,0.00056141405996,0,0,0,210.2, 6.6, -1.4,,,0,0,1024,1024,1024,1024,0,0,0,0,205,0,0,56,3.738,3.737,3.738,3.738,0,0,0,77.72,-9.863457664712,0,41,Motors_Started
53100,2026-05-09 10:20:25,0,,,-9.863457664712,0.328084,0,0.0039192586556,0.0044815946316,14,5,0,0,0,0,0.0039192586556,0,0,0,210.2, 6.6, -1.4,,,0,0,1024,1024,1024,1024,0,0,0,0,205,0,0,56,3.738,3.737,3.738,3.738,0,0,0,77.72,-9.863457664712,0,41,Motors_Started
53200,2026-05-09 10:20:25,0,,,-9.863457664712,0.328084,0,0.008348589506,0.0089558401816,14,5,0,0,0,0,0.008348589506,0,0,0,210.2, 6.6, -1.4,,,0,0,1024,1024,1024,1024,0,0,0,0,205,0,0,56,3.738,3.737,3.738,3.738,0,0,0,77.72,-9.863457664712,0,41,Motors_Started
53300,2026-05-09 10:20:25,0,,,-9.863457664712,0.328084,0,0.0098927496604,0.0271962279044,14,5,0,0,0,0,0.0098927496604,0,0,0,210.2, 6.6, -1.4,,,0,0,1024,1024,1024,1024,0,0,0,0,204.9,0,0,56,3.738,3.737,3.738,3.738,0,0,0,77.72,-9.863457664712,0,41,Motors_Started
53400,2026-05-09 10:20:25,0,,,-9.863457664712,0.328084,0,0.003821030306,0.035545276728,14,5,0,0,0,0,0.0098927496604,0,0,0,210.2, 6.6, -1.4,,,0,0,1024,1024,1024,1024,0,0,0,0,204.9,0,0,56,3.738,3.737,3.738,3.738,0,0,0,77.72,-9.863457664712,0,41,Motors_Started
53500,2026-05-09 10:20:25,0,,,-9.863457664712,0.328084,0,0.0032508695266,0.037585631124,15,5,0,0,0,0,0.0098927496604,0,0,0,210.2, 6.6, -1.4,,,0,0,1024,1024,1024,1024,0,0,0,0,204.9,0,0,56,3.738,3.737,3.738,3.738,0,0,0,77.72,-9.863457664712,0,41,Motors_Started
53600,2026-05-09 10:20:25,0,,,-9.863457664712,0.328084,0,0.0163260175828,0.050757547556,15,5,0,0,0,0,0.0163260175828,0,0,0,210.2, 6.6, -1.4,,,0,0,1024,1024,1024,1024,0,0,0,0,204.9,0,0,56,3.738,3.737,3.738,3.738,0,0,0,77.72,-9.863457664712,0,41,Motors_Started
53700,2026-05-09 10:20:25,0,,,-9.863457664712,0.328084,0,0.0201862211184,0.0550771015,15,5,0,0,0,0,0.0201862211184,0,0,0,210.2, 6.6, -1.4,,,0,0,1024,1024,1024,1024,0,0,0,0,204.9,0,0,56,3.738,3.737,3.738,3.738,0,0,0,77.72,-9.863457664712,0,41,Motors_Started
53800,2026-05-09 10:20:25,0,,,-9.863457664712,0.328084,0,0.0063804463984,0.072046918316,15,5,0,0,0,0,0.0201862211184,0,0,0,210.2, 6.6, -1.4,,,0,0,1024,1024,1024,1024,0,0,0,0,204.9,0,0,56,3.738,3.737,3.738,3.738,0,0,0,77.72,-9.863457664712,0,41,Motors_Started
53900,2026-05-09 10:20:26,0,,,-9.863457664712,0.328084,0,0.0157835306888,0.081456367436,15,5,0,0,0,0,0.0201862211184,0,0,0,210.2, 6.6, -1.4,,,0,0,1024,1024,1024,1024,0,0,0,0,204.9,0,0,56,3.738,3.737,3.738,3.738,0,0,0,77.72,-9.863457664712,0,41,Motors_Started
54000,2026-05-09 10:20:26,0,,,-9.863457664712,0.328084,0,0.0257166346812,0.091467850696,15,5,14.952,0,0,0,0.0257166346812,0,0,0,210.2, 6.6, -1.4,,,0,0,1024,1024,1024,1024,0,0,0,0,204.9,0,0,56,3.702,3.7,3.7,3.7,0,0,0.893,77.72,-9.863457664712,0,41,Motors_Started
54100,2026-05-09 10:20:26,0,,,-9.863457664712,0.328084,0,0.0047054791532,0.112577759508,15,5,14.952,0,0,0,0.0257166346812,0,0,0,210.2, 6.7, -1.4,,,0,0,1024,1024,1024,1024,0,0,0,0,204.9,0,0,56,3.702,3.7,3.7,3.7,0,0,0.893,77.72,-9.863457664712,0,41,Motors_Started
54200,2026-05-09 10:20:26,0,,,-9.863457664712,0.328084,0,0.0122595476364,0.120913389696,15,5,14.952,0,0,0,0.0257166346812,0,0,0,210.2, 6.7, -1.4,,,0,0,1024,1024,1024,1024,0,0,0,0,204.9,0,0,56,3.702,3.7,3.7,3.7,0,0,0.893,77.72,-9.863457664712,0,41,Motors_Started
54300,2026-05-09 10:20:26,0,,,-9.863457664712,0.328084,0,0.0178874349556,0.127020017188,15,5,14.952,0,0,0,0.0257166346812,0,0,0,210.2, 6.7, -1.4,,,0,0,1024,1024,1024,1024,0,0,0,0,204.9,0,0,56,3.702,3.7,3.7,3.7,0,0,0.893,77.72,-9.863457664712,0,41,Motors_Started
54400,2026-05-09 10:20:26,0,,,-9.863457664712,0.328084,0,0.0057682744628,0.142757222416,15,5,14.952,0,0,0,0.0257166346812,0,0,0,210.2, 6.7, -1.4,,,0,0,1024,1024,1024,1024,0,0,0,0,204.9,0,0,56,3.702,3.7,3.7,3.7,0,0,0.893,77.72,-9.863457664712,0,41,Motors_Started
54500,2026-05-09 10:20:26,0,,,-9.863457664712,0.328084,0,0.00264427829984,0.14635991282,15,5,14.952,0,0,0,0.0257166346812,0,0,0,210.2, 6.7, -1.4,,,0,0,1024,1024,1024,1024,0,0,0,0,204.9,0,0,56,3.702,3.7,3.7,3.7,0,0,0.893,77.72,-9.863457664712,0,11,AutoTakeoff
54600,2026-05-09 10:20:26,0,,,-9.863457664712,0.328084,0,0.00263072186896,0.151270674132,15,5,14.952,0,0,0,0.0257166346812,0,0,0,210.2, 6.6, -1.4,,,0,0,1024,1024,1024,1024,0,0,0,0,205,0,0,56,3.702,3.7,3.7,3.7,0,0,0.893,77.72,-9.863457664712,0,11,AutoTakeoff
54700,2026-05-09 10:20:26,0,,,-9.863457664712,0.328084,0,0.0056262797076,0.159508207204,15,5,14.952,0,0,0,0.0257166346812,0,0,0,210.2, 6.6, -1.4,,,0,0,1024,1024,1024,1024,0,0,0,0,205,0,0,56,3.702,3.7,3.7,3.7,0,0,0.893,77.72,-9.863457664712,0,11,AutoTakeoff
54800,2026-05-09 10:20:26,0,,,-9.863457664712,0.328084,0,0.0110440948416,0.166191278284,15,5,14.952,0,0,0,0.0257166346812,0,0,0,210.2, 6.6, -1.4,,,0,0,1024,1024,1024,1024,0,0,0,0,205,0,0,56,3.702,3.7,3.7,3.7,0,0,0.893,77.72,-9.863457664712,0,11,AutoTakeoff
54900,2026-05-09 10:20:27,0,,,-9.863457664712,0.328084,0,0.0068705054692,0.174108929456,15,5,14.952,0,0,0,0.0257166346812,0,0,0,210, 6.1, -1.4,,,0,0,1024,1024,1024,1024,0,0,0,0,205,0,0,56,3.702,3.7,3.7,3.7,0,0,0.893,77.72,-9.863457664712,0,11,AutoTakeoff
55000,2026-05-09 10:20:27,0,,,-9.863457664712,0.328084,0,0.0237606306816,0.20413878606,15,5,14.819,0,0,0,0.0257166346812,0,0,0,209.7, 3.2, -1.3,,,0,0,1024,1024,1024,1024,0,0,0,0,205,0,0,56,3.728,3.725,3.724,3.723,0,0,4.09,77.72,-9.863457664712,0,11,AutoTakeoff
55100,2026-05-09 10:20:27,0,,,-9.863457664712,0.328084,0.223694,0.068285435256,0.25169456186,15,5,14.819,0,0,0.223694,0.068285435256,0.223694,0,-0.223694,209.6, -0.5, -0.7,,,0,0,1024,1024,1024,1024,0,0,0,0,204.9,0,0,56,3.728,3.725,3.724,3.723,0,0,4.09,77.72,-9.863457664712,0,11,AutoTakeoff
55200,2026-05-09 10:20:27,0,,,-9.863457664712,0.656168,0.223694,0.110468507472,0.29396654484,15,5,14.819,0,0,0.223694,0.110468507472,0.223694,0,-0.671082,210.1, -1.6, -0.2,,,0,0,1024,1024,1024,1024,0,0,0,0,204.9,0,0,56,3.728,3.725,3.724,3.723,0,0,4.09,77.72,-9.863457664712,0,11,AutoTakeoff
55300,2026-05-09 10:20:27,0.328084,,,-9.535373664712,0.656168,0,0.192398956288,0.37622704616,15,5,14.819,0,0.328084,0.223694,0.192398956288,0,0,-1.11847,210.2, -1.3, -0.1,,,0,0,1024,1024,1024,1024,0,0,0,0,205,0,0,56,3.728,3.725,3.724,3.723,0,0,4.09,77.72,-9.535373664712,0.328084,11,AutoTakeoff
55400,2026-05-09 10:20:27,0.328084,,,-9.535373664712,0.656168,0,0.214200466172,0.39910434348,15,5,14.819,0,0.328084,0.223694,0.214200466172,0,0,-1.11847,210.2, -0.7, 0,,,0,0,1024,1024,1024,1024,0,0,0,0,205,0,0,56,3.728,3.725,3.724,3.723,0,0,4.09,77.72,-9.535373664712,0.328084,11,AutoTakeoff
55500,2026-05-09 10:20:27,0.656168,,,-9.207289664712,0.984252,0,0.2462434462,0.43118767784,15,5,14.819,0,0.656168,0.223694,0.2462434462,0,0,-1.11847,210.3, -0.3, -0.4,,,0,0,1024,1024,1024,1024,0,0,0,0,205,0,0,56,3.728,3.725,3.724,3.723,0,0,4.09,77.72,-9.207289664712,0.656168,11,AutoTakeoff
55600,2026-05-09 10:20:27,0.656168,,,-9.207289664712,0.984252,0,0.2656906253,0.46468833508,15,5,14.819,0,0.656168,0.223694,0.2656906253,0,0,-1.11847,210.3, -0.4, -0.4,,,0,0,1024,1024,1024,1024,0,0,0,0,205,0,0,56,3.728,3.725,3.724,3.723,0,0,4.09,77.72,-9.207289664712,0.656168,11,AutoTakeoff
55700,2026-05-09 10:20:27,0.984252,,,-8.879205664712,0.984252,0,0.286315954044,0.49432088196,14,5,14.819,0,0.984252,0.223694,0.286315954044,0,0,-0.894776,210.2, -0.7, -0.3,,,0,0,1024,1024,1024,1024,0,0,0,0,205,0,0,56,3.728,3.725,3.724,3.723,0,0,4.09,77.72,-8.879205664712,0.984252,11,AutoTakeoff
55800,2026-05-09 10:20:27,0.984252,,,-8.879205664712,1.312336,0,0.303532161944,0.51153873028,14,5,14.819,0,0.984252,0.223694,0.303532161944,0,0,-0.894776,210.3, -0.7, -0.3,,,0,0,1024,1024,1024,1024,0,0,0,0,205,0,0,56,3.728,3.725,3.724,3.723,0,0,4.09,77.72,-8.879205664712,0.984252,11,AutoTakeoff
55900,2026-05-09 10:20:28,1.312336,,,-8.551121664712,1.312336,0,0.24574147768,0.57056760356,16,5,14.819,0,1.312336,0.223694,0.303532161944,0,0,-0.894776,210.3, -0.4, 0,,,0,0,1024,1024,1024,1024,0,0,0,0,205,0,0,56,3.728,3.725,3.724,3.723,0,0,4.09,77.72,-8.551121664712,1.312336,11,AutoTakeoff
56000,2026-05-09 10:20:28,1.312336,,,-8.551121664712,1.64042,0,0.246736556452,0.58014765636,16,5,14.731,0,1.312336,0.223694,0.303532161944,0,0,-0.894776,210.3, -0.1, 0,,,0,0,1024,1024,1024,1024,0,0,0,0,205,0,0,56,3.685,3.682,3.682,3.684,0,0,5.631,77.9,-8.551121664712,1.312336,11,AutoTakeoff
56100,2026-05-09 10:20:28,1.64042,,,-8.223037664712,1.64042,0,0.22828412804,0.65794293444,16,5,14.731,0,1.64042,0.223694,0.303532161944,0,0,-0.894776,210.3, 0, 0,,,0,0,1024,1024,1024,1024,0,0,0,0,205,0,0,56,3.685,3.682,3.682,3.684,0,0,5.631,77.9,-8.223037664712,1.64042,11,AutoTakeoff
56200,2026-05-09 10:20:28,1.64042,,,-8.223037664712,1.64042,0,0.217240164432,0.66967193744,16,5,14.731,0,1.64042,0.223694,0.303532161944,0,0,-0.894776,210.3, 0.1, -0.1,,,0,0,1024,1024,1024,1024,0,0,0,0,205,0,0,56,3.685,3.682,3.682,3.684,0,0,5.631,77.9,-8.223037664712,1.64042,11,AutoTakeoff
56300,2026-05-09 10:20:28,1.968504,,,-7.894953664712,1.968504,0,0.206363851748,0.6832021216,16,5,14.731,0,1.968504,0.223694,0.303532161944,0,0,-0.894776,210.2, 0.2, 0,,,0,0,1024,1024,1024,1024,0,0,0,0,205,0,0,56,3.685,3.682,3.682,3.684,0,0,5.631,77.9,-7.894953664712,1.968504,11,AutoTakeoff
56400,2026-05-09 10:20:28,1.968504,,,-7.894953664712,1.968504,0,0.21498196226,0.69313322428,16,5,14.731,0,1.968504,0.223694,0.303532161944,0,0,-0.894776,210.2, 0.2, 0,,,0,0,1024,1024,1024,1024,0,0,0,0,205,0,0,56,3.685,3.682,3.682,3.684,0,0,5.631,77.9,-7.894953664712,1.968504,11,AutoTakeoff
56500,2026-05-09 10:20:28,2.296588,,,-7.566869664712,2.296588,0,0.202223431668,0.70911091508,16,5,14.731,0,2.296588,0.223694,0.303532161944,0,0,-1.11847,210.2, 0.3, -0.1,,,0,0,1024,1024,1024,1024,0,0,0,0,205,0,0,56,3.685,3.682,3.682,3.684,0,0,5.631,77.9,-7.566869664712,2.296588,11,AutoTakeoff
56600,2026-05-09 10:20:28,2.296588,,,-7.566869664712,2.296588,0,0.15407972934,0.76011485372,16,5,14.731,0,2.296588,0.223694,0.303532161944,0,0,-1.11847,210.2, 0.4, -0.4,,,0,0,1024,1024,1024,1024,0,0,0,0,205,0,0,56,3.685,3.682,3.682,3.684,0,0,5.631,77.9,-7.566869664712,2.296588,11,AutoTakeoff
56700,2026-05-09 10:20:28,2.624672,,,-7.238785664712,2.296588,0,0.182613522904,0.79119425104,16,5,14.731,0,2.624672,0.223694,0.303532161944,0,0,-1.11847,210.2, 0.5, -0.7,,,0,0,1024,1024,1024,1024,0,0,0,0,205,0,0,56,3.685,3.682,3.682,3.684,0,0,5.631,77.9,-7.238785664712,2.624672,11,AutoTakeoff
56800,2026-05-09 10:20:28,2.624672,,,-7.238785664712,2.624672,0,0.1765009899,0.80971459284,16,5,14.731,0,2.624672,0.223694,0.303532161944,0,0,-1.11847,210.2, 0.5, -0.8,,,0,0,1024,1024,1024,1024,0,0,0,0,205,0,0,56,3.685,3.682,3.682,3.684,0,0,5.631,77.9,-7.238785664712,2.624672,11,AutoTakeoff
56900,2026-05-09 10:20:29,2.952756,,,-6.910701664712,2.624672,0,0.117729990644,0.87212273132,16,5,14.731,0,2.952756,0.223694,0.303532161944,0,0,-1.11847,210.2, 0.5, -0.9,,,0,0,1024,1024,1024,1024,0,0,0,0,205,0,0,56,3.685,3.682,3.682,3.684,0,0,5.631,77.9,-6.910701664712,2.952756,11,AutoTakeoff
57000,2026-05-09 10:20:29,2.952756,,,-6.910701664712,2.952756,0,0.115945213684,0.88501315168,16,5,14.711,0,2.952756,0.223694,0.303532161944,0,0,-0.894776,210.2, 0.6, -0.8,,,0,0,1024,1024,1024,1024,0,0,0,0,205,0,0,56,3.677,3.678,3.677,3.677,0,0,6.3,77.9,-6.910701664712,2.952756,11,AutoTakeoff
57100,2026-05-09 10:20:29,3.28084,,,-6.582617664712,2.952756,0,0.119972772868,0.90778218128,16,5,14.711,0,3.28084,0.223694,0.303532161944,0,0,-0.894776,210.3, 0.7, -0.7,,,0,0,1024,1024,1024,1024,0,0,0,0,205,0,0,56,3.677,3.678,3.677,3.677,0,0,6.3,77.9,-6.582617664712,3.28084,11,AutoTakeoff
57200,2026-05-09 10:20:29,3.28084,,,-6.582617664712,3.28084,0,0.120555121968,0.92665357296,16,5,14.711,0,3.28084,0.223694,0.303532161944,0,0,-0.894776,210.3, 0.7, -0.6,,,0,0,1024,1024,1024,1024,0,0,0,0,205,0,0,56,3.677,3.678,3.677,3.677,0,0,6.3,77.9,-6.582617664712,3.28084,11,AutoTakeoff
57300,2026-05-09 10:20:29,3.608924,,,-6.254533664712,3.28084,0,0.15024442738,0.95785436136,16,5,14.711,0,3.608924,0.223694,0.303532161944,0,0,-0.894776,210.3, 0.8, -0.6,,,0,0,1024,1024,1024,1024,0,0,0,0,205,0,0,56,3.677,3.678,3.677,3.677,0,0,6.3,77.9,-6.254533664712,3.608924,11,AutoTakeoff
57400,2026-05-09 10:20:29,3.608924,,,-6.254533664712,3.608924,0,0.144311356324,0.96830383676,16,5,14.711,0,3.608924,0.223694,0.303532161944,0,0,-1.11847,210.3, 0.9, -0.6,,,0,0,1024,1024,1024,1024,0,0,0,0,205,0,0,56,3.677,3.678,3.677,3.677,0,0,6.3,77.9,-6.254533664712,3.608924,11,AutoTakeoff
57500,2026-05-09 10:20:29,3.937008,,,-5.926449664712,3.608924,0,0.134261159152,0.98146984768,15,5,14.711,0,3.937008,0.223694,0.303532161944,0,0,-0.894776,210.3, 1, -0.4,,,0,0,1024,1024,1024,1024,0,0,0,0,205,0,0,56,3.677,3.678,3.677,3.677,0,0,6.3,77.9,-5.926449664712,3.937008,11,AutoTakeoff
57600,2026-05-09 10:20:29,3.937008,,,-5.926449664712,3.937008,0,0.09380577728,1.0239009514,15,5,14.711,0,3.937008,0.223694,0.303532161944,0,0,-0.447388,210.3, 1.2, -0.3,,,0,0,1024,1024,1024,1024,0,0,0,0,205,0,0,56,3.677,3.678,3.677,3.677,0,0,6.3,77.9,-5.926449664712,3.937008,6,P-GPS
57700,2026-05-09 10:20:29,3.937008,,,-5.926449664712,3.937008,0,0.10035597434,1.05107942996,14,5,14.711,0,3.937008,0.223694,0.303532161944,0,0,0,210.1, 1.2, -0.2,,,0,0,1024,1024,1024,1024,0,0,0,0,205,0,0,56,3.677,3.678,3.677,3.677,0,0,6.3,77.9,-5.926449664712,3.937008,6,P-GPS
57800,2026-05-09 10:20:29,3.937008,,,-5.926449664712,3.937008,0,0.098791341744,1.05622050624,14,5,14.711,0,3.937008,0.223694,0.303532161944,0,0,0,210.1, 1, -0.2,,,0,0,1024,1024,1024,1024,0,0,0,0,205,0,0,56,3.677,3.678,3.677,3.677,0,0,6.3,77.9,-5.926449664712,3.937008,6,P-GPS
57900,2026-05-09 10:20:30,3.937008,,,-5.926449664712,3.937008,0,0.117261814776,1.07940620252,14,5,14.711,0,3.937008,0.223694,0.303532161944,0,0,0,210, 0.8, -0.3,,,0,0,1024,1024,1024,1024,0,0,0,0,205,0,0,56,3.677,3.678,3.677,3.677,0,0,6.3,77.9,-5.926449664712,3.937008,6,P-GPS
58000,2026-05-09 10:20:30,3.937008,,,-5.926449664712,3.608924,0,0.12213090942,1.08726709516,14,5,14.707,0,3.937008,0.223694,0.303532161944,0,0,0,209.8, 0.6, -0.5,,,0,0,1152,1024,1024,1024,19,0,0,0,205,0,0,56,3.676,3.683,3.698,3.698,0,0,6.374,77.9,-5.926449664712,3.937008,6,P-GPS
58100,2026-05-09 10:20:30,3.937008,,,-5.926449664712,3.608924,0,0.136160437428,1.10484911672,14,5,14.707,0,3.937008,0.223694,0.303532161944,0,0,0,209.8, 0.5, -0.7,,,0,0,1279,1024,1024,1024,39,0,0,0,205,0,0,56,3.676,3.683,3.698,3.698,0,0,6.374,77.9,-5.926449664712,3.937008,6,P-GPS
58200,2026-05-09 10:20:30,3.937008,,,-5.926449664712,3.937008,0,0.143895673896,1.11453743724,14,5,14.707,0,3.937008,0.223694,0.303532161944,0,0,0,209.8, 0.2, -0.8,,,0,0,1325,1024,1024,1024,46,0,0,0,205,0,0,56,3.676,3.683,3.698,3.698,0,0,6.374,77.9,-5.926449664712,3.937008,6,P-GPS
58300,2026-05-09 10:20:30,3.937008,,,-5.926449664712,3.608924,0,0.142146001924,1.12647969484,14,5,14.707,0,3.937008,0.223694,0.303532161944,0,0,0,209.8, -0.9, -0.9,,,0,0,1083,1024,1024,1024,9,0,0,0,205,0,0,56,3.676,3.683,3.698,3.698,0,0,6.374,77.9,-5.926449664712,3.937008,6,P-GPS
58400,2026-05-09 10:20:30,3.937008,,,-5.926449664712,3.608924,0,0.143557091208,1.1343012174,14,5,14.707,0,3.937008,0.223694,0.303532161944,0,0,0,209.7, -2.8, -0.7,,,0,0,1024,1024,1024,1024,0,0,0,0,205,0,0,56,3.676,3.683,3.698,3.698,0,0,6.374,77.9,-5.926449664712,3.937008,6,P-GPS
58500,2026-05-09 10:20:30,3.937008,,,-5.926449664712,3.608924,0,0.145229991524,1.17690948648,14,5,14.707,0,3.937008,0.223694,0.303532161944,0,0,0,209.8, -2.5, -0.7,,,0,0,1024,1024,1024,1024,0,0,0,0,205,0,0,56,3.676,3.683,3.698,3.698,0,0,6.374,77.9,-5.926449664712,3.937008,6,P-GPS
58600,2026-05-09 10:20:30,3.937008,,,-5.926449664712,3.937008,0.223694,0.153555451108,1.22095476348,14,5,14.707,0,3.937008,0.223694,0.303532161944,-0.223694,0,0,209.9, -0.9, -0.7,,,0,0,1024,1024,1024,1024,0,0,0,0,205,0,0,56,3.676,3.683,3.698,3.698,0,0,6.374,77.9,-5.926449664712,3.937008,6,P-GPS
58700,2026-05-09 10:20:30,3.937008,,,-5.926449664712,3.937008,0.223694,0.19386319518,1.28724741652,14,5,14.707,0,3.937008,0.223694,0.303532161944,-0.223694,0,0,210, 0.1, -0.7,,,0,0,1024,1024,1024,1024,0,0,0,0,205,0,0,56,3.676,3.683,3.698,3.698,0,0,6.374,77.9,-5.926449664712,3.937008,6,P-GPS
58800,2026-05-09 10:20:30,3.937008,,,-5.926449664712,3.608924,0.3131716,0.248583013204,1.35186027948,14,5,14.707,0,3.937008,0.3131716,0.303532161944,-0.223694,-0.223694,0,210, 1, -0.8,,,0,0,1245,1024,1024,1024,33,0,0,0,205,0,0,56,3.676,3.683,3.698,3.698,0,0,6.374,77.9,-5.926449664712,3.937008,6,P-GPS
58900,2026-05-09 10:20:31,3.937008,,,-5.926449664712,3.608924,0.223694,0.33433728104,1.46973101816,14,5,14.707,0,3.937008,0.3131716,0.33433728104,-0.223694,0,0,210, 1.5, -0.8,,,0,0,1284,1024,1024,1024,39,0,0,0,205,0,0,56,3.676,3.683,3.698,3.698,0,0,6.374,77.9,-5.926449664712,3.937008,6,P-GPS
59000,2026-05-09 10:20:31,3.937008,,,-5.926449664712,3.608924,0.223694,0.37645670496,1.518044668,14,5,14.706,0,3.937008,0.3131716,0.37645670496,-0.223694,0,0,210.1, 0.8, -0.7,,,0,0,1024,1024,1024,1024,0,0,0,0,205,0,0,56,3.678,3.677,3.677,3.676,0,0,6.21,78.08,-5.926449664712,3.937008,6,P-GPS
59100,2026-05-09 10:20:31,3.937008,,,-5.926449664712,3.608924,0.223694,0.40055447476,1.56864178248,14,5,14.706,0,3.937008,0.3131716,0.40055447476,-0.223694,0,0,210, -0.8, -0.5,,,0,0,1024,1024,1024,1024,0,0,0,0,205,0,0,56,3.678,3.677,3.677,3.676,0,0,6.21,78.08,-5.926449664712,3.937008,6,P-GPS
59200,2026-05-09 10:20:31,3.937008,,,-5.926449664712,3.608924,0.223694,0.46444555292,1.63882551176,14,5,14.706,0,3.937008,0.3131716,0.46444555292,-0.223694,0,0,210, -0.6, -0.4,,,0,0,1024,1024,1024,1024,0,0,0,0,205,0,0,56,3.678,3.677,3.677,3.676,0,0,6.21,78.08,-5.926449664712,3.937008,6,P-GPS
59300,2026-05-09 10:20:31,3.937008,,,-5.926449664712,3.608924,0.223694,0.51576773304,1.69589572356,14,5,14.706,0,3.937008,0.3131716,0.51576773304,-0.223694,0,0,210.1, 0.1, -0.3,,,0,0,1024,1024,1024,1024,0,0,0,0,205,0,0,56,3.678,3.677,3.677,3.676,0,0,6.21,78.08,-5.926449664712,3.937008,6,P-GPS
59400,2026-05-09 10:20:31,3.937008,,,-5.926449664712,3.608924,0.223694,0.57605644888,1.76372709056,14,5,14.706,0,3.937008,0.3131716,0.57605644888,-0.223694,0,0,210.1, 1.1, -0.2,,,0,0,1024,1024,1139,1024,0,0,17,0,205,0,0,56,3.678,3.677,3.677,3.676,0,0,6.21,78.08,-5.926449664712,3.937008,6,P-GPS
59500,2026-05-09 10:20:31,3.937008,,,-5.926449664712,3.937008,0.223694,0.64900920712,1.84555780184,14,5,14.706,0,3.937008,0.3131716,0.64900920712,-0.223694,0,0,210, 1.6, -0.1,,,0,0,1024,1024,1495,1024,0,0,71,0,205,0,0,56,3.678,3.677,3.677,3.676,0,0,6.21,78.08,-5.926449664712,3.937008,6,P-GPS
59600,2026-05-09 10:20:31,3.937008,,,-5.926449664712,3.937008,0.223694,0.70829070508,1.9092684338,14,5,14.706,0,3.937008,0.3131716,0.70829070508,-0.223694,0,0,210, 1.7, -0.1,,,0,0,1024,1024,1563,1024,0,0,82,0,205,0,0,56,3.678,3.677,3.677,3.676,0,0,6.21,78.08,-5.926449664712,3.937008,6,P-GPS
59700,2026-05-09 10:20:31,4.265092,,,-5.598365664712,3.937008,0.223694,0.7350886062,1.93696856592,14,5,14.706,0,4.265092,0.3131716,0.7350886062,-0.223694,0,-1.11847,210, 1.3, -0.1,,,0,0,1024,1024,1556,1024,0,0,81,0,205,0,0,56,3.678,3.677,3.677,3.676,0,0,6.21,78.08,-5.598365664712,4.265092,6,P-GPS
59800,2026-05-09 10:20:31,4.593176,,,-5.270281664712,4.265092,0.223694,0.77248033968,1.97479008944,14,5,14.706,0,4.593176,0.3131716,0.77248033968,-0.223694,0,-2.23694,210, 1.2, -0.1,,,0,0,1024,1024,1534,1024,0,0,77,0,205,0,0,56,3.678,3.677,3.677,3.676,0,0,6.21,78.08,-5.270281664712,4.593176,6,P-GPS
59900,2026-05-09 10:20:32,4.92126,,,-4.942197664712,4.593176,0,0.83698493492,2.03937998652,14,5,14.706,0,4.92126,0.3131716,0.83698493492,0,0,-3.35541,210, 1.6, 0,,,0,0,1024,1024,1511,1024,0,0,74,0,205,0,0,56,3.678,3.677,3.677,3.676,0,0,6.21,78.08,-4.942197664712,4.92126,6,P-GPS
60000,2026-05-09 10:20:32,5.577428,,,-4.286029664712,5.249344,0,0.85848427944,2.06105977724,14,5,14.706,0,5.577428,0.3131716,0.85848427944,0,0,-4.697574,210, 1.7, 0.1,,,0,0,1024,1024,1481,1024,0,0,69,0,205,0,0,55,3.676,3.637,3.635,3.627,0,0,6.186,78.08,-4.286029664712,5.577428,6,P-GPS
60100,2026-05-09 10:20:32,6.56168,,,-3.301777664712,5.905512,0,0.8642880854,2.06787736276,14,5,14.706,0,6.56168,0.3131716,0.8642880854,0,0,-5.816044,210, 1.4, -0.1,,,0,0,1024,1024,1370,1024,0,0,52,0,205,0,0,55,3.676,3.637,3.635,3.627,0,0,6.186,78.08,-3.301777664712,6.56168,6,P-GPS
60200,2026-05-09 10:20:32,7.545932,,,-2.317525664712,6.56168,0,0.86706367604,2.07341213984,14,5,14.706,0,7.545932,0.3131716,0.86706367604,0,0,-6.263432,210.1, 1.3, -0.3,,,0,0,1024,1024,1114,1024,0,0,14,0,205,0,0,55,3.676,3.637,3.635,3.627,0,0,6.186,78.08,-2.317525664712,7.545932,6,P-GPS
60300,2026-05-09 10:20:32,8.530184,,,-1.333273664712,7.545932,0,0.86374346596,2.081528938,14,5,14.706,0,8.530184,0.3131716,0.86706367604,0,0,-5.816044,210, 1.3, -0.3,,,0,0,1024,1024,1024,1024,0,0,0,0,205,0,0,55,3.676,3.637,3.635,3.627,0,0,6.186,78.08,-1.333273664712,8.530184,6,P-GPS
60400,2026-05-09 10:20:32,9.186352,,,-0.677105664712,8.2021,0,0.85716210092,2.08849416132,14,5,14.706,0,9.186352,0.3131716,0.86706367604,0,0,-4.921268,209.9, 1.2, -0.4,,,0,0,1024,1024,1024,1024,0,0,0,0,205,0,0,55,3.676,3.637,3.635,3.627,0,0,6.186,78.08,-0.677105664712,9.186352,6,P-GPS
60500,2026-05-09 10:20:32,9.84252,,,-0.020937664712001,8.858268,0,0.8623359856,2.09746397788,14,5,14.706,0,9.84252,0.3131716,0.86706367604,0,0,-3.802798,209.9, 1, -0.3,,,0,0,1024,1024,1024,1024,0,0,0,0,205,0,0,55,3.676,3.637,3.635,3.627,0,0,6.186,78.08,-0.020937664712001,9.84252,6,P-GPS
60600,2026-05-09 10:20:32,10.170604,,,0.307146335288,8.858268,0,0.86273624808,2.1008694898,14,5,14.706,0.307146335288,10.170604,0.3131716,0.86706367604,0,0,-2.684328,209.8, 1, -0.3,,,0,0,1024,1024,1024,1024,0,0,0,0,205,0,0,55,3.676,3.637,3.635,3.627,0,0,6.186,78.08,0.307146335288,10.170604,6,P-GPS
60700,2026-05-09 10:20:32,10.498688,,,0.635230335288,9.186352,0,0.8608432034,2.11563983148,15,5,14.706,0.635230335288,10.498688,0.3131716,0.86706367604,0,0,-1.342164,209.7, 1.2, -0.3,,,0,0,1024,1024,1024,1024,0,0,0,0,205,0,0,55,3.676,3.637,3.635,3.627,0,0,6.186,78.08,0.635230335288,10.498688,6,P-GPS
60800,2026-05-09 10:20:32,10.826772,,,0.963314335288,8.858268,0,0.8718996342,2.12735571112,15,5,14.706,0.963314335288,10.826772,0.3131716,0.8718996342,0,0,-0.447388,209.6, 1, -0.2,,,0,0,1024,1024,1024,1024,0,0,0,0,205,0,0,55,3.676,3.637,3.635,3.627,0,0,6.186,78.08,0.963314335288,10.826772,6,P-GPS
60900,2026-05-09 10:20:33,10.826772,,,0.963314335288,8.858268,0,0.88278546132,2.1382710658,15,5,14.706,0.963314335288,10.826772,0.3131716,0.88278546132,0,0,0,209.6, 0.8, -0.3,,,0,0,1024,1024,1024,1024,0,0,0,0,205,0,0,55,3.676,3.637,3.635,3.627,0,0,6.186,78.08,0.963314335288,10.826772,6,P-GPS
61000,2026-05-09 10:20:33,10.826772,,,0.963314335288,8.858268,0,0.89237863748,2.17758537152,15,5,14.802,0.963314335288,10.826772,0.3131716,0.89237863748,0,0,0,209.6, 0.8, -0.6,,,0,0,1024,1024,1376,1024,0,0,53,0,205,0,0,55,3.674,3.682,3.684,3.683,0,0,7.063,78.26,0.963314335288,10.826772,6,P-GPS
61100,2026-05-09 10:20:33,10.826772,,,0.963314335288,8.858268,0,0.90724084268,2.20035440112,15,5,14.802,0.963314335288,10.826772,0.3131716,0.90724084268,0,0,0,209.7, 0.9, -0.9,,,0,0,1024,1024,1518,1024,0,0,75,0,205,0,0,55,3.674,3.682,3.684,3.683,0,0,7.063,78.26,0.963314335288,10.826772,6,P-GPS
61200,2026-05-09 10:20:33,10.826772,,,0.963314335288,8.530184,0,0.9111220764,2.23199482208,15,5,14.802,0.963314335288,10.826772,0.3131716,0.9111220764,0,0,-0.223694,209.7, 1, -1.3,,,0,0,1024,1024,1522,1024,0,0,75,0,205,0,0,55,3.674,3.682,3.684,3.683,0,0,7.063,78.26,0.963314335288,10.826772,6,P-GPS
61300,2026-05-09 10:20:33,10.826772,,,0.963314335288,8.858268,0,0.91987535752,2.2534613582,15,5,14.802,0.963314335288,10.826772,0.3131716,0.91987535752,0,0,-1.11847,209.6, 0.9, -1.4,,,0,0,1024,1024,1518,1024,0,0,75,0,205,0,0,55,3.674,3.682,3.684,3.683,0,0,7.063,78.26,0.963314335288,10.826772,6,P-GPS
61400,2026-05-09 10:20:33,11.154856,,,1.291398335288,9.186352,0,0.90977365116,2.27174219868,15,5,14.802,1.291398335288,11.154856,0.3131716,0.91987535752,0,0,-2.23694,209.6, 0.9, -1.2,,,0,0,1024,1024,1435,1024,0,0,62,0,205,0,0,55,3.674,3.682,3.684,3.683,0,0,7.063,78.26,1.291398335288,11.154856,6,P-GPS
61500,2026-05-09 10:20:33,11.48294,,,1.619482335288,9.186352,0,0.9003773254,2.28721135928,15,5,14.802,1.619482335288,11.48294,0.3131716,0.91987535752,0,0,-3.35541,209.7, 0.7, -0.9,,,0,0,1024,1024,1435,1024,0,0,62,0,205,0,0,55,3.674,3.682,3.684,3.683,0,0,7.063,78.26,1.619482335288,11.48294,6,P-GPS
61600,2026-05-09 10:20:33,12.139108,,,2.275650335288,9.514436,0,0.85488519796,2.33646332936,15,5,14.802,2.275650335288,12.139108,0.3131716,0.91987535752,0,0,-4.47388,209.7, 0.6, -1.3,,,0,0,1024,1024,1024,1024,0,0,0,0,205,0,0,55,3.674,3.682,3.684,3.683,0,0,7.063,78.26,2.275650335288,12.139108,6,P-GPS
61700,2026-05-09 10:20:33,13.12336,,,3.259902335288,9.514436,0,0.84187666736,2.35081372352,15,5,14.802,3.259902335288,13.12336,0.3131716,0.91987535752,0,0,-4.697574,209.7, 0.9, -1.8,,,0,0,1024,1024,1024,1024,0,0,0,0,205,0,0,55,3.674,3.682,3.684,3.683,0,0,7.063,78.26,3.259902335288,13.12336,6,P-GPS
61800,2026-05-09 10:20:33,13.779528,,,3.916070335288,9.84252,0,0.86339241608,2.38516739916,15,5,14.802,3.916070335288,13.779528,0.3131716,0.91987535752,0,0,-3.802798,209.7, 1.1, -1.5,,,0,0,1024,1024,1024,1024,0,0,0,0,205,0,0,55,3.674,3.682,3.684,3.683,0,0,7.063,78.26,3.916070335288,13.779528,6,P-GPS
61900,2026-05-09 10:20:34,14.107612,,,4.244154335288,10.170604,0,0.88055449012,2.41311359428,15,5,14.802,4.244154335288,14.107612,0.3131716,0.91987535752,0,0,-2.684328,209.6, 1.3, -1.5,,,0,0,1024,1024,1024,1024,0,0,0,0,205,0,0,55,3.674,3.682,3.684,3.683,0,0,7.063,78.26,4.244154335288,14.107612,6,P-GPS
62000,2026-05-09 10:20:34,14.435696,,,4.572238335288,10.826772,0,0.8998359868,2.43791346384,15,5,14.522,4.572238335288,14.435696,0.3131716,0.91987535752,0,0,-1.565858,209.6, 1.1, -1.7,,,0,0,1024,1024,1024,1024,0,0,0,0,205,0,0,55,3.678,3.676,3.674,3.673,0,0,7.123,78.26,4.572238335288,14.435696,6,P-GPS
62100,2026-05-09 10:20:34,14.76378,,,4.900322335288,10.498688,0,0.87540685216,2.46237212604,15,5,14.522,4.900322335288,14.76378,0.3131716,0.91987535752,0,0,-0.671082,209.6, 0.8, -1.6,,,0,0,1024,1024,1024,1024,0,0,0,0,205,0,0,55,3.678,3.676,3.674,3.673,0,0,7.123,78.26,4.900322335288,14.76378,6,P-GPS
62200,2026-05-09 10:20:34,14.76378,,,4.900322335288,10.498688,0,0.79664700712,2.54259522572,15,5,14.522,4.900322335288,14.76378,0.3131716,0.91987535752,0,0,-0.223694,209.6, 0.5, -1.2,,,0,0,1024,1024,1024,1024,0,0,0,0,205,0,0,55,3.678,3.676,3.674,3.673,0,0,7.123,78.26,4.900322335288,14.76378,6,P-GPS
62300,2026-05-09 10:20:34,14.76378,,,4.900322335288,10.170604,0,0.77715553668,2.56976386176,15,5,14.522,4.900322335288,14.76378,0.3131716,0.91987535752,0,0,0,209.6, 0.3, -0.7,,,0,0,1024,1024,1024,1024,0,0,0,0,205,0,0,55,3.678,3.676,3.674,3.673,0,0,7.123,78.26,4.900322335288,14.76378,6,P-GPS
62400,2026-05-09 10:20:34,14.76378,,,4.900322335288,10.498688,0,0.83266406864,2.62562016276,15,5,14.522,4.900322335288,14.76378,0.3131716,0.91987535752,0,0,0,209.6, 0.4, -0.2,,,0,0,1024,1024,1024,1024,0,0,0,0,205,0,0,55,3.678,3.676,3.674,3.673,0,0,7.123,78.26,4.900322335288,14.76378,6,P-GPS
62500,2026-05-09 10:20:34,14.76378,,,4.900322335288,10.170604,0,0.8224737796,2.6366634702,15,5,14.522,4.900322335288,14.76378,0.3131716,0.91987535752,0,0,0,209.6, 0.6, 0.1,,,0,0,1024,1024,1024,1024,0,0,0,0,205,0,0,55,3.678,3.676,3.674,3.673,0,0,7.123,78.26,4.900322335288,14.76378,6,P-GPS
62600,2026-05-09 10:20:34,14.76378,,,4.900322335288,9.84252,0,0.81988847768,2.65386491432,15,5,14.522,4.900322335288,14.76378,0.3131716,0.91987535752,0,0,0,209.6, 0.8, 0.2,,,0,0,1024,1024,1092,1024,0,0,10,0,205,0,0,55,3.678,3.676,3.674,3.673,0,0,7.123,78.26,4.900322335288,14.76378,6,P-GPS
62700,2026-05-09 10:20:34,14.76378,,,4.900322335288,10.170604,0,0.82868112888,2.67277567608,15,5,14.522,4.900322335288,14.76378,0.3131716,0.91987535752,0,0,0,209.6, 0.9, 0.2,,,0,0,1024,1024,1339,1024,0,0,48,0,205,0,0,55,3.678,3.676,3.674,3.673,0,0,7.123,78.26,4.900322335288,14.76378,6,P-GPS
62800,2026-05-09 10:20:34,14.76378,,,4.900322335288,10.170604,0,0.84753283552,2.6965552044,15,5,14.522,4.900322335288,14.76378,0.3131716,0.91987535752,0,0,0,209.6, 1, -0.1,,,0,0,1024,1024,1384,1024,0,0,55,0,205,0,0,55,3.678,3.676,3.674,3.673,0,0,7.123,78.26,4.900322335288,14.76378,6,P-GPS
62900,2026-05-09 10:20:35,14.76378,,,4.900322335288,10.498688,0,0.87552168156,2.72458670136,15,5,14.522,4.900322335288,14.76378,0.3131716,0.91987535752,0,0,-0.671082,209.5, 1, -0.3,,,0,0,1024,1024,1290,1024,0,0,40,0,205,0,0,55,3.678,3.676,3.674,3.673,0,0,7.123,78.26,4.900322335288,14.76378,6,P-GPS
63000,2026-05-09 10:20:35,15.091864,,,5.228406335288,10.826772,0,0.87793966064,2.74752633464,15,5,14.764,5.228406335288,15.091864,0.3131716,0.91987535752,0,0,-1.789552,209.6, 1.4, -0.4,,,0,0,1024,1024,1024,1024,0,0,0,0,205,0,0,55,3.673,3.671,3.671,3.671,0,0,7.24,78.26,5.228406335288,15.091864,6,P-GPS
63100,2026-05-09 10:20:35,15.419948,,,5.556490335288,10.826772,0,0.87756892572,2.75353027184,15,5,14.764,5.556490335288,15.419948,0.3131716,0.91987535752,0,0,-2.23694,209.8, 1.9, -0.6,,,0,0,1024,1024,1024,1024,0,0,0,0,205,0,0,55,3.673,3.671,3.671,3.671,0,0,7.24,78.26,5.556490335288,15.419948,6,P-GPS
63200,2026-05-09 10:20:35,15.748032,,,5.884574335288,10.826772,0,0.82667981648,2.80442266192,15,5,14.764,5.884574335288,15.748032,0.3131716,0.91987535752,0,0,-1.342164,209.8, 2, -0.7,,,0,0,1024,1024,1024,1024,0,0,0,0,205,0,0,55,3.673,3.671,3.671,3.671,0,0,7.24,78.26,5.884574335288,15.748032,6,P-GPS
63300,2026-05-09 10:20:35,15.748032,,,5.884574335288,11.154856,0,0.83643047296,2.81967528708,15,5,14.764,5.884574335288,15.748032,0.3131716,0.91987535752,0,0,-0.447388,209.8, 1.7, -0.6,,,0,0,1024,1024,1024,1024,0,0,0,0,205,0,0,55,3.673,3.671,3.671,3.671,0,0,7.24,78.26,5.884574335288,15.748032,6,P-GPS
63400,2026-05-09 10:20:35,15.748032,,,5.884574335288,10.826772,0,0.85120081464,2.8610893304,15,5,14.764,5.884574335288,15.748032,0.3131716,0.91987535752,0,0,-0.223694,209.9, 1.3, -0.7,,,0,0,1024,1024,1279,1024,0,0,39,0,205,0,0,55,3.673,3.671,3.671,3.671,0,0,7.24,78.26,5.884574335288,15.748032,6,P-GPS
63500,2026-05-09 10:20:35,15.748032,,,5.884574335288,11.154856,0,0.8215715486,2.9214075738,15,5,14.764,5.884574335288,15.748032,0.3131716,0.91987535752,0,0,0,209.8, 0.8, -1,,,0,0,1024,1024,1421,1024,0,0,60,0,205,0,0,55,3.673,3.671,3.671,3.671,0,0,7.24,78.26,5.884574335288,15.748032,6,P-GPS
63600,2026-05-09 10:20:35,16.076116,,,6.212658335288,11.154856,0,0.75545934176,2.99193579128,15,5,14.764,6.212658335288,16.076116,0.3131716,0.91987535752,0,0,-0.223694,209.8, 0.2, -1.1,,,0,0,1024,1024,1450,1024,0,0,65,0,205,0,0,55,3.673,3.671,3.671,3.671,0,0,7.24,78.26,6.212658335288,16.076116,6,P-GPS
63700,2026-05-09 10:20:35,16.076116,,,6.212658335288,11.48294,0,0.76194884328,3.0094981278,15,5,14.764,6.212658335288,16.076116,0.3131716,0.91987535752,0,0,-1.342164,209.8, 0.1, -1.1,,,0,0,1024,1024,1435,1024,0,0,62,0,205,0,0,55,3.673,3.671,3.671,3.671,0,0,7.24,78.26,6.212658335288,16.076116,6,P-GPS
63800,2026-05-09 10:20:35,16.4042,,,6.540742335288,11.48294,0,0.75579726828,3.02428815452,15,5,14.764,6.540742335288,16.4042,0.3131716,0.91987535752,0,0,-2.460634,209.8, 0.4, -1.4,,,0,0,1024,1024,1271,1024,0,0,37,0,205,0,0,55,3.673,3.671,3.671,3.671,0,0,7.24,78.26,6.540742335288,16.4042,6,P-GPS
63900,2026-05-09 10:20:36,16.732284,,,6.868826335288,11.811024,0,0.74671590316,3.03535442784,15,5,14.764,6.868826335288,16.732284,0.3131716,0.91987535752,0,0,-3.579104,209.7, 1, -1.4,,,0,0,1024,1024,1024,1024,0,0,0,0,205,0,0,55,3.673,3.671,3.671,3.671,0,0,7.24,78.26,6.868826335288,16.732284,6,P-GPS
64000,2026-05-09 10:20:36,17.388452,,,7.524994335288,11.811024,0,0.78585632436,3.0799213584,15,5,14.605,7.524994335288,17.388452,0.3131716,0.91987535752,0,0,-3.579104,209.7, 1.6, -1.4,,,0,0,1024,1024,1024,1024,0,0,0,0,205,0,0,55,3.675,3.673,3.672,3.673,0,0,7.757,78.62,7.524994335288,17.388452,6,P-GPS
64100,2026-05-09 10:20:36,18.04462,,,8.181162335288,12.467192,0,0.79274280752,3.08857621432,15,5,14.605,8.181162335288,18.04462,0.3131716,0.91987535752,0,0,-2.684328,209.6, 2.1, -1.5,,,0,0,1024,1024,1024,1024,0,0,0,0,205,0,0,55,3.675,3.673,3.672,3.673,0,0,7.757,78.62,8.181162335288,18.04462,6,P-GPS
64200,2026-05-09 10:20:36,18.372704,,,8.509246335288,12.795276,0,0.84272312408,3.1519193922,15,5,14.605,8.509246335288,18.372704,0.3131716,0.91987535752,0,0,-1.565858,209.5, 2, -1.5,,,0,0,1024,1024,1024,1024,0,0,0,0,205,0,0,55,3.675,3.673,3.672,3.673,0,0,7.757,78.62,8.509246335288,18.372704,6,P-GPS
64300,2026-05-09 10:20:36,18.372704,,,8.509246335288,13.12336,0,0.84993112956,3.16516742412,15,5,14.605,8.509246335288,18.372704,0.3131716,0.91987535752,0,0,-0.671082,209.5, 1.6, -1.5,,,0,0,1024,1024,1291,1024,0,0,40,0,205,0,0,55,3.675,3.673,3.672,3.673,0,0,7.757,78.62,8.509246335288,18.372704,6,P-GPS
64400,2026-05-09 10:20:36,18.372704,,,8.509246335288,13.12336,0,0.864337298,3.18506243788,15,5,14.605,8.509246335288,18.372704,0.3131716,0.91987535752,0,0,-0.223694,209.5, 1.3, -1.6,,,0,0,1024,1024,1432,1024,0,0,62,0,205,0,0,55,3.675,3.673,3.672,3.673,0,0,7.757,78.62,8.509246335288,18.372704,6,P-GPS
64500,2026-05-09 10:20:36,18.372704,,,8.509246335288,12.795276,0,0.88363519888,3.20904209744,15,5,14.605,8.509246335288,18.372704,0.3131716,0.91987535752,0,0,-0.223694,209.6, 1, -1.6,,,0,0,1024,1024,1436,1024,0,0,62,0,205,0,0,55,3.675,3.673,3.672,3.673,0,0,7.757,78.62,8.509246335288,18.372704,6,P-GPS
64600,2026-05-09 10:20:36,18.700788,,,8.837330335288,13.12336,0,0.83603349132,3.2576772696,15,5,14.605,8.837330335288,18.700788,0.3131716,0.91987535752,0,0,-0.894776,209.6, 0.8, -1.3,,,0,0,1024,1024,1403,1024,0,0,57,0,205,0,0,55,3.675,3.673,3.672,3.673,0,0,7.757,78.62,8.837330335288,18.700788,6,P-GPS
64700,2026-05-09 10:20:36,19.028872,,,9.165414335288,13.12336,0,0.804872073,3.290026352,15,5,14.605,9.165414335288,19.028872,0.3131716,0.91987535752,0,0,-2.23694,209.5, 0.7, -1.2,,,0,0,1024,1024,1195,1024,0,0,26,0,205,0,0,55,3.675,3.673,3.672,3.673,0,0,7.757,78.62,9.165414335288,19.028872,6,P-GPS
64800,2026-05-09 10:20:36,19.356956,,,9.493498335288,13.451444,0,0.81769687656,3.3515092936,15,5,14.605,9.493498335288,19.356956,0.3131716,0.91987535752,0,0,-3.131716,209.5, 1.1, -0.9,,,0,0,1024,1024,1024,1024,0,0,0,0,205,0,0,55,3.675,3.673,3.672,3.673,0,0,7.757,78.62,9.493498335288,19.356956,6,P-GPS
64900,2026-05-09 10:20:36,20.013124,,,10.149666335288,13.451444,0,0.81138782124,3.3668308164,15,5,14.605,10.149666335288,20.013124,0.3131716,0.91987535752,0,0,-3.35541,209.4, 1.5, -0.9,,,0,0,1024,1024,1024,1024,0,0,0,0,205,0,0,55,3.675,3.673,3.672,3.673,0,0,7.757,78.62,10.149666335288,20.013124,6,P-GPS
65000,2026-05-09 10:20:37,20.341208,,,10.477750335288,14.107612,0,0.84885829488,3.4055447284,15,5,14.732,10.477750335288,20.341208,0.3131716,0.91987535752,0,0,-2.460634,209.5, 1.8, -0.8,,,0,0,1024,1024,1024,1024,0,0,0,0,205,0,0,55,3.622,3.625,3.644,3.675,0,0,7.019,78.62,10.477750335288,20.341208,6,P-GPS
65100,2026-05-09 10:20:37,20.669292,,,10.805834335288,14.107612,0,0.84416669368,3.4213911856,15,5,14.732,10.805834335288,20.669292,0.3131716,0.91987535752,0,0,-1.342164,209.6, 1.7, -0.5,,,0,0,1024,1024,1024,1024,0,0,0,0,205,0,0,55,3.622,3.625,3.644,3.675,0,0,7.019,78.62,10.805834335288,20.669292,6,P-GPS
65200,2026-05-09 10:20:37,20.669292,,,10.805834335288,14.435696,0,0.8675525212,3.4599410556,15,5,14.732,10.805834335288,20.669292,0.3131716,0.91987535752,0,0,-0.447388,209.6, 1.3, -0.4,,,0,0,1024,1024,1071,1024,0,0,7,0,205,0,0,55,3.622,3.625,3.644,3.675,0,0,7.019,78.62,10.805834335288,20.669292,6,P-GPS
65300,2026-05-09 10:20:37,20.669292,,,10.805834335288,14.76378,0,0.8802001594,3.4797573292,15,5,14.732,10.805834335288,20.669292,0.3131716,0.91987535752,0,0,-0.223694,209.6, 1, -0.4,,,0,0,1024,1024,1033,1024,0,0,1,0,205,0,0,55,3.622,3.625,3.644,3.675,0,0,7.019,78.62,10.805834335288,20.669292,6,P-GPS
65400,2026-05-09 10:20:37,20.669292,,,10.805834335288,15.091864,0,0.8924869052,3.51131901,15,5,14.732,10.805834335288,20.669292,0.3131716,0.91987535752,0,0,0,209.7, 0.9, -0.4,,,0,0,1024,1024,1024,1024,0,0,0,0,205,0,0,55,3.622,3.625,3.644,3.675,0,0,7.019,78.62,10.805834335288,20.669292,6,P-GPS
65500,2026-05-09 10:20:37,20.669292,,,10.805834335288,15.091864,0,0.91207023916,3.5379266224,15,5,14.732,10.805834335288,20.669292,0.3131716,0.91987535752,0,0,0,209.7, 1.2, -0.4,,,0,0,1024,1024,1024,1024,0,0,0,0,205,0,0,55,3.622,3.625,3.644,3.675,0,0,7.019,78.62,10.805834335288,20.669292,6,P-GPS
65600,2026-05-09 10:20:37,20.669292,,,10.805834335288,15.091864,0,0.92848100084,3.571522424,15,5,14.732,10.805834335288,20.669292,0.3131716,0.92848100084,0,0,0,209.8, 1.5, -0.6,,,0,0,1024,1024,1024,1024,0,0,0,0,205,0,0,55,3.622,3.625,3.644,3.675,0,0,7.019,78.62,10.805834335288,20.669292,6,P-GPS
65700,2026-05-09 10:20:37,20.669292,,,10.805834335288,15.419948,0,0.9543307392,3.6016733436,15,5,14.732,10.805834335288,20.669292,0.3131716,0.9543307392,0,0,0,209.8, 1.6, -0.7,,,0,0,1024,1024,824,1024,0,0,-30,0,205,0,0,55,3.622,3.625,3.644,3.675,0,0,7.019,78.62,10.805834335288,20.669292,6,P-GPS
65800,2026-05-09 10:20:37,20.669292,,,10.805834335288,15.419948,0,0.94474740556,3.61138463,15,5,14.732,10.805834335288,20.669292,0.3131716,0.9543307392,0,0,0,209.9, 1.7, -0.7,,,0,0,1024,1024,710,1024,0,0,-48,0,205,0,0,55,3.622,3.625,3.644,3.675,0,0,7.019,78.62,10.805834335288,20.669292,6,P-GPS
65900,2026-05-09 10:20:38,20.669292,,,10.805834335288,15.419948,0,0.96086289164,3.641568358,16,5,14.732,10.805834335288,20.669292,0.3131716,0.96086289164,0,0,0.223694,210, 1.7, -0.7,,,0,0,1024,1024,1045,1024,0,0,3,0,205,0,0,55,3.622,3.625,3.644,3.675,0,0,7.019,78.62,10.805834335288,20.669292,6,P-GPS
66000,2026-05-09 10:20:38,20.669292,,,10.805834335288,15.419948,0,0.93625987248,3.6679135032,16,5,14.739,10.805834335288,20.669292,0.3131716,0.96086289164,0,0,1.11847,210, 1.9, -0.7,,,0,0,1024,1024,1024,1024,0,0,0,0,205,0,0,55,3.675,3.673,3.67,3.669,0,0,6.804,78.62,10.805834335288,20.669292,6,P-GPS
66100,2026-05-09 10:20:38,20.341208,,,10.477750335288,15.419948,0,0.92350068572,3.6841208528,16,5,14.739,10.805834335288,20.669292,0.3131716,0.96086289164,0,0,1.11847,210, 1.5, -0.8,,,0,0,1024,1024,749,1024,0,0,-42,0,205,0,0,55,3.675,3.673,3.67,3.669,0,0,6.804,78.62,10.477750335288,20.341208,6,P-GPS
66200,2026-05-09 10:20:38,20.341208,,,10.477750335288,15.419948,0,0.922326145,3.6913058924,16,5,14.739,10.805834335288,20.669292,0.3131716,0.96086289164,0,0,0.223694,210.1, 1.3, -0.4,,,0,0,1024,1024,531,1024,0,0,-75,0,205,0,0,55,3.675,3.673,3.67,3.669,0,0,6.804,78.62,10.477750335288,20.341208,6,P-GPS
66300,2026-05-09 10:20:38,20.341208,,,10.477750335288,15.091864,0,0.91307745704,3.7031169164,16,5,14.739,10.805834335288,20.669292,0.3131716,0.96086289164,0,0,0.223694,210.2, 1.4, -0.3,,,0,0,1024,1024,364,1024,0,0,-100,0,205,0,0,55,3.675,3.673,3.67,3.669,0,0,6.804,78.62,10.477750335288,20.341208,6,P-GPS
66400,2026-05-09 10:20:38,20.013124,,,10.149666335288,15.091864,0,0.910022995,3.7074804336,16,5,14.739,10.805834335288,20.669292,0.3131716,0.96086289164,0,0,1.342164,210.2, 1.8, -0.6,,,0,0,1024,1024,364,1024,0,0,-100,0,205,0,0,55,3.675,3.673,3.67,3.669,0,0,6.804,78.62,10.149666335288,20.013124,6,P-GPS
66500,2026-05-09 10:20:38,19.68504,,,9.821582335288,14.76378,0,0.91088585592,3.7155841084,16,5,14.739,10.805834335288,20.669292,0.3131716,0.96086289164,0,0,2.460634,210.1, 2, -1.2,,,0,0,1024,1024,364,1024,0,0,-100,0,205,0,0,55,3.675,3.673,3.67,3.669,0,0,6.804,78.62,9.821582335288,19.68504,6,P-GPS
66600,2026-05-09 10:20:38,19.356956,,,9.493498335288,14.107612,0,0.90358270608,3.7596129812,16,5,14.739,10.805834335288,20.669292,0.3131716,0.96086289164,0,0,3.802798,210.1, 1.7, -1.5,,,0,0,1024,1024,364,1024,0,0,-100,0,205,0,0,55,3.675,3.673,3.67,3.669,0,0,6.804,78.62,9.493498335288,19.356956,6,P-GPS
66700,2026-05-09 10:20:38,18.700788,,,8.837330335288,13.779528,0,0.89039372928,3.7928806988,16,5,14.739,10.805834335288,20.669292,0.3131716,0.96086289164,0,0,4.47388,210.1, 1, -1.3,,,0,0,1024,1024,1024,1024,0,0,0,0,205,0,0,55,3.675,3.673,3.67,3.669,0,0,6.804,78.62,8.837330335288,18.700788,6,P-GPS
66800,2026-05-09 10:20:38,18.04462,,,8.181162335288,13.12336,0,0.87238847936,3.8113190196,16,5,14.739,10.805834335288,20.669292,0.3131716,0.96086289164,0,0,4.921268,210.2, 0.3, -0.5,,,0,0,1024,1024,1024,1024,0,0,0,0,205,0,0,55,3.675,3.673,3.67,3.669,0,0,6.804,78.62,8.181162335288,18.04462,6,P-GPS
66900,2026-05-09 10:20:39,17.388452,,,7.524994335288,12.139108,0,0.86624346604,3.8175526156,16,5,14.739,10.805834335288,20.669292,0.3131716,0.96086289164,0,0,4.697574,209.9, 0, 0,,,0,0,1024,1024,1024,1024,0,0,0,0,205,0,0,55,3.675,3.673,3.67,3.669,0,0,6.804,78.62,7.524994335288,17.388452,6,P-GPS
67000,2026-05-09 10:20:39,16.732284,,,6.868826335288,11.48294,0,0.85137141832,3.8393045848,16,5,14.796,10.805834335288,20.669292,0.3131716,0.96086289164,0,0,3.802798,209.9, 0.5, -0.7,,,0,0,1024,1024,1024,1024,0,0,0,0,205,0,0,55,3.689,3.693,3.689,3.69,0,0,5.006,78.8,6.868826335288,16.732284,6,P-GPS
67100,2026-05-09 10:20:39,16.076116,,,6.212658335288,11.154856,0,0.84244097184,3.8670604912,16,5,14.796,10.805834335288,20.669292,0.3131716,0.96086289164,0,0,2.684328,209.9, 1.1, -1.4,,,0,0,1024,1024,1024,1024,0,0,0,0,205,0,0,55,3.689,3.693,3.689,3.69,0,0,5.006,78.8,6.212658335288,16.076116,6,P-GPS
67200,2026-05-09 10:20:39,16.076116,,,6.212658335288,10.826772,0,0.82875330736,3.9085303088,16,5,14.796,10.805834335288,20.669292,0.3131716,0.96086289164,0,0,1.342164,209.8, 1.4, -1.3,,,0,0,1024,1024,1024,1024,0,0,0,0,205,0,0,55,3.689,3.693,3.689,3.69,0,0,5.006,78.8,6.212658335288,16.076116,6,P-GPS
67300,2026-05-09 10:20:39,15.748032,,,5.884574335288,10.498688,0,0.818897664,3.9252954012,16,5,14.796,10.805834335288,20.669292,0.3131716,0.96086289164,0,0,0.447388,209.8, 1.4, -0.7,,,0,0,1024,1024,996,1024,0,0,-4,0,205,0,0,55,3.689,3.693,3.689,3.69,0,0,5.006,78.8,5.884574335288,15.748032,6,P-GPS
67400,2026-05-09 10:20:39,15.748032,,,5.884574335288,10.170604,0,0.83991800588,3.9509843784,16,5,14.796,10.805834335288,20.669292,0.3131716,0.96086289164,0,0,0,209.8, 1.5, -0.5,,,0,0,1024,1024,988,1024,0,0,-5,0,205,0,0,55,3.689,3.693,3.689,3.69,0,0,5.006,78.8,5.884574335288,15.748032,6,P-GPS
67500,2026-05-09 10:20:39,15.748032,,,5.884574335288,10.170604,0,0.81078414668,3.9817258492,16,5,14.796,10.805834335288,20.669292,0.3131716,0.96086289164,0,0,0,209.8, 1.4, -0.5,,,0,0,1024,1024,1024,1024,0,0,0,0,205,0,0,55,3.689,3.693,3.689,3.69,0,0,5.006,78.8,5.884574335288,15.748032,6,P-GPS
67600,2026-05-09 10:20:39,15.748032,,,5.884574335288,9.84252,0,0.79406826688,4.0025263748,16,5,14.796,10.805834335288,20.669292,0.3131716,0.96086289164,0,0,0,209.8, 1.1, -0.5,,,0,0,1024,1024,1024,1024,0,0,0,0,205,0,0,55,3.689,3.693,3.689,3.69,0,0,5.006,78.8,5.884574335288,15.748032,6,P-GPS
67700,2026-05-09 10:20:39,15.748032,,,5.884574335288,9.186352,0,0.7789698412,4.0212927796,16,5,14.796,10.805834335288,20.669292,0.3131716,0.96086289164,0,0,0,209.8, 0.7, -0.7,,,0,0,1024,1024,1024,1024,0,0,0,0,205,0,0,55,3.689,3.693,3.689,3.69,0,0,5.006,78.8,5.884574335288,15.748032,6,P-GPS
67800,2026-05-09 10:20:39,15.748032,,,5.884574335288,9.186352,0,0.76411091684,4.0361549848,16,5,14.796,10.805834335288,20.669292,0.3131716,0.96086289164,0,0,0,209.8, 0.4, -0.8,,,0,0,1024,1024,1024,1024,0,0,0,0,205,0,0,55,3.689,3.693,3.689,3.69,0,0,5.006,78.8,5.884574335288,15.748032,6,P-GPS
67900,2026-05-09 10:20:40,15.748032,,,5.884574335288,9.514436,0,0.74464569312,4.0606300512,16,5,14.796,10.805834335288,20.669292,0.3131716,0.96086289164,0,0,0,209.8, 0.2, -1,,,0,0,1024,1024,1024,1024,0,0,0,0,205,0,0,55,3.689,3.693,3.689,3.69,0,0,5.006,78.8,5.884574335288,15.748032,6,P-GPS
68000,2026-05-09 10:20:40,15.748032,,,5.884574335288,9.186352,0,0.7543635412,4.1070211288,16,5,14.595,10.805834335288,20.669292,0.3131716,0.96086289164,0,0,0,209.8, 0.2, -1,,,0,0,1024,1024,1108,1024,0,0,13,0,205,0,0,55,3.667,3.666,3.666,3.665,0,0,8.077,78.8,5.884574335288,15.748032,6,P-GPS
68100,2026-05-09 10:20:40,15.748032,,,5.884574335288,9.514436,0,0.74851052264,4.1164043312,16,5,14.595,10.805834335288,20.669292,0.3131716,0.96086289164,0,0,0,209.8, 0.3, -0.9,,,0,0,1024,1024,1294,1024,0,0,41,0,205,0,0,55,3.667,3.666,3.666,3.665,0,0,8.077,78.8,5.884574335288,15.748032,6,P-GPS
68200,2026-05-09 10:20:40,15.748032,,,5.884574335288,9.514436,0,0.76560369904,4.1618439652,16,5,14.595,10.805834335288,20.669292,0.3131716,0.96086289164,0,0,0,209.8, 0.4, -0.6,,,0,0,1024,1024,1330,1024,0,0,46,0,205,0,0,55,3.667,3.666,3.666,3.665,0,0,8.077,78.8,5.884574335288,15.748032,6,P-GPS
68300,2026-05-09 10:20:40,15.748032,,,5.884574335288,9.84252,0,0.768782833,4.1772639132,16,5,14.595,10.805834335288,20.669292,0.3131716,0.96086289164,0,0,-0.447388,209.8, 0.3, -0.4,,,0,0,1024,1024,1295,1024,0,0,41,0,205,0,0,55,3.667,3.666,3.666,3.665,0,0,8.077,78.8,5.884574335288,15.748032,6,P-GPS
68400,2026-05-09 10:20:40,16.076116,,,6.212658335288,9.84252,0,0.77521984108,4.18635184,16,5,14.595,10.805834335288,20.669292,0.3131716,0.96086289164,0,0,-1.565858,209.7, 0.5, -0.3,,,0,0,1024,1024,1024,1024,0,0,0,0,205,0,0,55,3.667,3.666,3.666,3.665,0,0,8.077,78.8,6.212658335288,16.076116,6,P-GPS
68500,2026-05-09 10:20:40,16.4042,,,6.540742335288,10.498688,0,0.76095474876,4.2031825492,16,5,14.595,10.805834335288,20.669292,0.3131716,0.96086289164,0,0,-2.23694,209.7, 1.1, -0.4,,,0,0,1024,1024,1024,1024,0,0,0,0,205,0,0,55,3.667,3.666,3.666,3.665,0,0,8.077,78.8,6.540742335288,16.4042,6,P-GPS
68600,2026-05-09 10:20:40,16.732284,,,6.868826335288,10.826772,0,0.76560369904,4.207841342,16,5,14.595,10.805834335288,20.669292,0.3131716,0.96086289164,0,0,-1.789552,209.7, 1.4, -0.7,,,0,0,1024,1024,1024,1024,0,0,0,0,205,0,0,55,3.667,3.666,3.666,3.665,0,0,8.077,78.8,6.868826335288,16.732284,6,P-GPS
68700,2026-05-09 10:20:40,16.732284,,,6.868826335288,10.498688,0,0.77936682284,4.2217192952,16,5,14.595,10.805834335288,20.669292,0.3131716,0.96086289164,0,0,-0.671082,209.7, 1.4, -1.2,,,0,0,1024,1024,1024,1024,0,0,0,0,205,0,0,55,3.667,3.666,3.666,3.665,0,0,8.077,78.8,6.868826335288,16.732284,6,P-GPS
68800,2026-05-09 10:20:40,17.060368,,,7.196910335288,10.826772,0,0.78458663928,4.2300854372,16,5,14.595,10.805834335288,20.669292,0.3131716,0.96086289164,0,0,-0.223694,209.7, 1.2, -1.4,,,0,0,1024,1024,1024,1024,0,0,0,0,205,0,0,55,3.667,3.666,3.666,3.665,0,0,8.077,78.8,7.196910335288,17.060368,6,P-GPS
68900,2026-05-09 10:20:41,17.060368,,,7.196910335288,11.154856,0,0.7881233848,4.2420933116,16,5,14.595,10.805834335288,20.669292,0.3131716,0.96086289164,0,0,0,209.6, 0.8, -1.4,,,0,0,1024,1024,1024,1024,0,0,0,0,205,0,0,55,3.667,3.666,3.666,3.665,0,0,8.077,78.8,7.196910335288,17.060368,6,P-GPS
69000,2026-05-09 10:20:41,17.060368,,,7.196910335288,11.48294,0,0.78254267596,4.2602035484,16,5,14.668,10.805834335288,20.669292,0.3131716,0.96086289164,0,0,0,209.6, 0.6, -1.2,,,0,0,1024,1024,1319,1024,0,0,45,0,205,0,0,55,3.688,3.69,3.688,3.685,0,0,6.515,78.98,7.196910335288,17.060368,6,P-GPS
69100,2026-05-09 10:20:41,17.060368,,,7.196910335288,11.811024,0,0.77246721632,4.273458142,16,5,14.668,10.805834335288,20.669292,0.3131716,0.96086289164,0,0,0,209.6, 0.6, -1,,,0,0,1024,1024,1476,1024,0,0,68,0,205,0,0,55,3.688,3.69,3.688,3.685,0,0,6.515,78.98,7.196910335288,17.060368,6,P-GPS
69200,2026-05-09 10:20:41,17.060368,,,7.196910335288,11.48294,0,0.75898296392,4.2903216596,16,5,14.668,10.805834335288,20.669292,0.3131716,0.96086289164,0,0,0,209.6, 0.3, -0.9,,,0,0,1024,1024,1280,1024,0,0,39,0,205,0,0,55,3.688,3.69,3.688,3.685,0,0,6.515,78.98,7.196910335288,17.060368,6,P-GPS
69300,2026-05-09 10:20:41,17.060368,,,7.196910335288,11.48294,0,0.74904201872,4.310695676,16,5,14.668,10.805834335288,20.669292,0.3131716,0.96086289164,0,0,-1.11847,209.6, 0.1, -0.6,,,0,0,1024,1024,1280,1024,0,0,39,0,205,0,0,55,3.688,3.69,3.688,3.685,0,0,6.515,78.98,7.196910335288,17.060368,6,P-GPS
69400,2026-05-09 10:20:41,17.388452,,,7.524994335288,11.811024,0,0.78085960504,4.3425526324,16,5,14.668,10.805834335288,20.669292,0.3131716,0.96086289164,0,0,-2.23694,209.6, 0.4, -0.4,,,0,0,1024,1024,1024,1024,0,0,0,0,205,0,0,55,3.688,3.69,3.688,3.685,0,0,6.515,78.98,7.524994335288,17.388452,6,P-GPS
69500,2026-05-09 10:20:41,17.716536,,,7.853078335288,6.56168,0,0.79570868688,4.3575132628,16,5,14.668,10.805834335288,20.669292,0.3131716,0.96086289164,0,0,-2.013246,209.7, 0.9, -0.3,,,0,0,1024,1024,1024,1024,0,0,0,0,205,0,0,55,3.688,3.69,3.688,3.685,0,0,6.515,78.98,7.853078335288,17.716536,6,P-GPS
69600,2026-05-09 10:20:41,18.04462,,,8.181162335288,6.889764,0,0.82187010504,4.3874345236,16,5,14.668,10.805834335288,20.669292,0.3131716,0.96086289164,0,0,-0.894776,209.7, 1.6, -0.7,,,0,0,1024,1024,1024,1024,0,0,0,0,205,0,0,55,3.688,3.69,3.688,3.685,0,0,6.515,78.98,8.181162335288,18.04462,6,P-GPS
69700,2026-05-09 10:20:41,18.04462,,,8.181162335288,7.217848,0,0.79512469736,4.4283465984,16,5,14.668,10.805834335288,20.669292,0.3131716,0.96086289164,0,0,-0.223694,209.7, 1.5, -1.1,,,0,0,1024,1024,1024,1024,0,0,0,0,205,0,0,55,3.688,3.69,3.688,3.685,0,0,6.515,78.98,8.181162335288,18.04462,6,P-GPS
69800,2026-05-09 10:20:41,18.04462,,,8.181162335288,7.217848,0,0.75869753084,4.4647639224,16,5,14.668,10.805834335288,20.669292,0.3131716,0.96086289164,0,0,0,209.7, 0.6, -0.9,,,0,0,1024,1024,1286,1024,0,0,40,0,205,0,0,55,3.688,3.69,3.688,3.685,0,0,6.515,78.98,8.181162335288,18.04462,6,P-GPS
69900,2026-05-09 10:20:42,18.04462,,,8.181162335288,7.874016,0,0.75216865924,4.4716864948,16,5,14.668,10.805834335288,20.669292,0.3131716,0.96086289164,0,0,0,209.7, 0.1, -0.9,,,0,0,1024,1024,1362,1024,0,0,51,0,205,0,0,55,3.688,3.69,3.688,3.685,0,0,6.515,78.98,8.181162335288,18.04462,6,P-GPS
70000,2026-05-09 10:20:42,18.04462,,,8.181162335288,7.874016,0,0.84367784852,4.56364844,16,5,14.713,10.805834335288,20.669292,0.3131716,0.96086289164,0,0,-0.671082,209.7, 0, -0.8,,,0,0,1024,1024,1024,1024,0,0,0,0,205,0,0,55,3.627,3.628,3.629,3.627,0,0,6.503,78.98,8.181162335288,18.04462,6,P-GPS
70100,2026-05-09 10:20:42,18.372704,,,8.509246335288,8.530184,0,0.90999674828,4.635498836,16,5,14.713,10.805834335288,20.669292,0.3131716,0.96086289164,0,0,-1.565858,209.7, 0.5, -0.3,,,0,0,1024,1024,1024,1024,0,0,0,0,205,0,0,55,3.627,3.628,3.629,3.627,0,0,6.503,78.98,8.509246335288,18.372704,6,P-GPS
70200,2026-05-09 10:20:42,18.700788,,,8.837330335288,8.530184,0,1.00859255196,4.7351051384,16,5,14.713,10.805834335288,20.669292,0.3131716,1.00859255196,0,0,-0.894776,209.8, 1.4, -0.4,,,0,0,1024,1024,1024,1024,0,0,0,0,205,0,0,55,3.627,3.628,3.629,3.627,0,0,6.503,78.98,8.837330335288,18.700788,6,P-GPS
70300,2026-05-09 10:20:42,18.700788,,,8.837330335288,9.186352,0,0.97651577928,4.7917324368,16,5,14.713,10.805834335288,20.669292,0.3131716,1.00859255196,0,0,-0.223694,209.8, 2.1, -0.8,,,0,0,1024,1024,1024,1024,0,0,0,0,205,0,0,55,3.627,3.628,3.629,3.627,0,0,6.503,78.98,8.837330335288,18.700788,6,P-GPS
70400,2026-05-09 10:20:42,18.700788,,,8.837330335288,9.186352,0,1.01069885124,4.8271327004,16,5,14.713,10.805834335288,20.669292,0.3131716,1.01069885124,0,0,0,209.8, 2.1, -1,,,0,0,1024,1024,1024,1024,0,0,0,0,205,0,0,55,3.627,3.628,3.629,3.627,0,0,6.503,78.98,8.837330335288,18.700788,6,P-GPS
70500,2026-05-09 10:20:42,18.700788,,,8.837330335288,9.514436,0,1.01134845756,4.8756235156,16,5,14.713,10.805834335288,20.669292,0.3131716,1.01134845756,0,0,0,209.8, 1.9, -1.2,,,0,0,1024,1024,1314,1024,0,0,44,0,205,0,0,55,3.627,3.628,3.629,3.627,0,0,6.503,78.98,8.837330335288,18.700788,6,P-GPS
70600,2026-05-09 10:20:42,18.700788,,,8.837330335288,9.514436,0,1.02886158148,4.9011484508,16,5,14.713,10.805834335288,20.669292,0.3131716,1.02886158148,0,0,0,209.8, 1.8, -1.5,,,0,0,1024,1024,1391,1024,0,0,56,0,205,0,0,55,3.627,3.628,3.629,3.627,0,0,6.503,78.98,8.837330335288,18.700788,6,P-GPS
70700,2026-05-09 10:20:42,18.700788,,,8.837330335288,10.170604,0,1.036909482,4.9148295536,16,5,14.713,10.805834335288,20.669292,0.3131716,1.036909482,0,0,-0.447388,209.8, 1.4, -1.4,,,0,0,1024,1024,1024,1024,0,0,0,0,205,0,0,55,3.627,3.628,3.629,3.627,0,0,6.503,78.98,8.837330335288,18.700788,6,P-GPS
70800,2026-05-09 10:20:42,19.028872,,,9.165414335288,10.498688,0,1.03863520384,4.925525092,16,5,14.713,10.805834335288,20.669292,0.3131716,1.03863520384,0,0,-1.565858,209.8, 1, -1.2,,,0,0,1024,1024,1024,1024,0,0,0,0,205,0,0,55,3.627,3.628,3.629,3.627,0,0,6.503,78.98,9.165414335288,19.028872,6,P-GPS
70900,2026-05-09 10:20:42,19.356956,,,9.493498335288,10.826772,0,1.04579727756,4.94340567,16,5,14.713,10.805834335288,20.669292,0.3131716,1.04579727756,0,0,-1.565858,209.8, 1, -1.3,,,0,0,1024,1024,1024,1024,0,0,0,0,205,0,0,55,3.627,3.628,3.629,3.627,0,0,6.503,78.98,9.493498335288,19.356956,6,P-GPS
71000,2026-05-09 10:20:43,19.356956,,,9.493498335288,10.170604,0,1.06632549344,4.9712600016,16,5,14.633,10.805834335288,20.669292,0.3131716,1.06632549344,0,0,-0.671082,209.7, 1.6, -1.9,,,0,0,1024,1024,1024,1024,0,0,0,0,205,0,0,55,3.625,3.637,3.69,3.697,0,0,6.346,78.98,9.493498335288,19.356956,6,P-GPS
71100,2026-05-09 10:20:43,19.356956,,,9.493498335288,10.498688,0,1.09058074356,5.0015093464,16,5,14.633,10.805834335288,20.669292,0.3131716,1.09058074356,0,0,-0.223694,209.6, 1.8, -2.2,,,0,0,1024,1024,1024,1024,0,0,0,0,205,0,0,55,3.625,3.637,3.69,3.697,0,0,6.346,78.98,9.493498335288,19.356956,6,P-GPS
71200,2026-05-09 10:20:43,19.356956,,,9.493498335288,10.826772,0,1.11958008832,5.0458663032,16,5,14.633,10.805834335288,20.669292,0.3131716,1.11958008832,0,0,0,209.5, 1.6, -2.2,,,0,0,1024,1024,1024,1024,0,0,0,0,205,0,0,55,3.625,3.637,3.69,3.697,0,0,6.346,78.98,9.493498335288,19.356956,6,P-GPS
71300,2026-05-09 10:20:43,19.356956,,,9.493498335288,11.154856,0,1.0814960976,5.0983597432,16,5,14.633,10.805834335288,20.669292,0.3131716,1.11958008832,0,0,0,209.4, 1.4, -2.2,,,0,0,1024,1024,1036,1024,0,0,2,0,205,0,0,55,3.625,3.637,3.69,3.697,0,0,6.346,78.98,9.493498335288,19.356956,6,P-GPS
71400,2026-05-09 10:20:43,19.356956,,,9.493498335288,10.170604,0,1.09783796164,5.121063156,16,5,14.633,10.805834335288,20.669292,0.3131716,1.11958008832,0,0,0,209.3, 1.4, -2.4,,,0,0,1024,1024,1176,1024,0,0,23,0,205,0,0,55,3.625,3.637,3.69,3.697,0,0,6.346,78.98,9.493498335288,19.356956,6,P-GPS
71500,2026-05-09 10:20:43,19.356956,,,9.493498335288,10.498688,0,1.09855318476,5.1348754924,16,5,14.633,10.805834335288,20.669292,0.3131716,1.11958008832,0,0,0,209.2, 1.2, -2.4,,,0,0,1024,1024,1217,1024,0,0,29,0,205,0,0,55,3.625,3.637,3.69,3.697,0,0,6.346,78.98,9.493498335288,19.356956,6,P-GPS
71600,2026-05-09 10:20:43,19.356956,,,9.493498335288,10.826772,0,1.05871722548,5.179954234,16,5,14.633,10.805834335288,20.669292,0.3131716,1.11958008832,0,0,0,209.2, 1.1, -2.3,,,0,0,1024,1024,1024,1024,0,0,0,0,205,0,0,55,3.625,3.637,3.69,3.697,0,0,6.346,78.98,9.493498335288,19.356956,6,P-GPS
71700,2026-05-09 10:20:43,19.68504,,,9.821582335288,11.154856,0,1.047244128,5.19767077,16,5,14.633,10.805834335288,20.669292,0.3131716,1.11958008832,0,0,-0.447388,209.1, 1, -2,,,0,0,1024,1024,1024,1024,0,0,0,0,205,0,0,55,3.625,3.637,3.69,3.697,0,0,6.346,78.98,9.821582335288,19.68504,6,P-GPS
71800,2026-05-09 10:20:43,19.68504,,,9.821582335288,11.154856,0,1.03760830092,5.2085959672,16,5,14.633,10.805834335288,20.669292,0.3131716,1.11958008832,0,0,-0.447388,209.1, 1.4, -2,,,0,0,1024,1024,1024,1024,0,0,0,0,205,0,0,55,3.625,3.637,3.69,3.697,0,0,6.346,78.98,9.821582335288,19.68504,6,P-GPS
71900,2026-05-09 10:20:44,19.68504,,,9.821582335288,10.826772,0,1.02533467848,5.2234909808,16,5,14.633,10.805834335288,20.669292,0.3131716,1.11958008832,0,0,0,209.1, 1.5, -2,,,0,0,1024,1024,1024,1024,0,0,0,0,205,0,0,55,3.625,3.637,3.69,3.697,0,0,6.346,78.98,9.821582335288,19.68504,6,P-GPS
72000,2026-05-09 10:20:44,19.68504,,,9.821582335288,10.498688,0,1.02077431088,5.2300526608,16,5,14.649,10.805834335288,20.669292,0.3131716,1.11958008832,0,0,0,209.1, 1.2, -2,,,0,0,1024,1024,1024,1024,0,0,0,0,205,0,0,55,3.659,3.654,3.646,3.639,0,0,6.441,78.98,9.821582335288,19.68504,6,P-GPS
72100,2026-05-09 10:20:44,19.68504,,,9.821582335288,10.498688,0,1.02445213252,5.23376001,16,5,14.649,10.805834335288,20.669292,0.3131716,1.11958008832,0,0,0,209.1, 0.9, -1.8,,,0,0,1024,1024,1024,1024,0,0,0,0,205,0,0,55,3.659,3.654,3.646,3.639,0,0,6.441,78.98,9.821582335288,19.68504,6,P-GPS
72200,2026-05-09 10:20:44,19.68504,,,9.821582335288,10.498688,0,1.01380908756,5.2452757584,16,5,14.649,10.805834335288,20.669292,0.3131716,1.11958008832,0,0,0,209.2, 0.9, -1.7,,,0,0,1024,1024,1024,1024,0,0,0,0,205,0,0,55,3.659,3.654,3.646,3.639,0,0,6.441,78.98,9.821582335288,19.68504,6,P-GPS
72300,2026-05-09 10:20:44,19.68504,,,9.821582335288,10.498688,0,1.0084974076,5.2507547612,16,5,14.649,10.805834335288,20.669292,0.3131716,1.11958008832,0,0,0,209.2, 0.9, -1.6,,,0,0,1024,1024,1024,1024,0,0,0,0,205,0,0,55,3.659,3.654,3.646,3.639,0,0,6.441,78.98,9.821582335288,19.68504,6,P-GPS
72400,2026-05-09 10:20:44,19.68504,,,9.821582335288,11.811024,0,1.00915685644,5.256561848,16,5,14.649,10.805834335288,20.669292,0.3131716,1.11958008832,0,0,0,209.3, 1, -1.7,,,0,0,1024,1024,1024,1024,0,0,0,0,205,0,0,55,3.659,3.654,3.646,3.639,0,0,6.441,78.98,9.821582335288,19.68504,6,P-GPS
72500,2026-05-09 10:20:44,19.68504,,,9.821582335288,12.139108,0,1.003526935,5.2746392764,16,5,14.649,10.805834335288,20.669292,0.3131716,1.11958008832,0,0,0,209.3, 1, -1.8,,,0,0,1024,1024,1024,1024,0,0,0,0,205,0,0,55,3.659,3.654,3.646,3.639,0,0,6.441,78.98,9.821582335288,19.68504,6,P-GPS
72600,2026-05-09 10:20:44,19.68504,,,9.821582335288,12.139108,0,0.99549543868,5.2845146048,16,5,14.649,10.805834335288,20.669292,0.3131716,1.11958008832,0,0,0,209.3, 1, -1.9,,,0,0,1024,1024,1024,1024,0,0,0,0,205,0,0,55,3.659,3.654,3.646,3.639,0,0,6.441,78.98,9.821582335288,19.68504,6,P-GPS
72700,2026-05-09 10:20:44,19.68504,,,9.821582335288,12.139108,0,0.99082680336,5.3079726108,16,5,14.649,10.805834335288,20.669292,0.3131716,1.11958008832,0,0,0,209.3, 0.8, -2.1,,,0,0,1024,1024,1024,1024,0,0,0,0,205,0,0,55,3.659,3.654,3.646,3.639,0,0,6.441,78.98,9.821582335288,19.68504,6,P-GPS
72800,2026-05-09 10:20:44,19.68504,,,9.821582335288,12.467192,0,0.98777562216,5.3327757612,16,5,14.649,10.805834335288,20.669292,0.3131716,1.11958008832,0,0,0,209.3, 0.7, -2.2,,,0,0,1024,1024,1024,1024,0,0,0,0,205,0,0,55,3.659,3.654,3.646,3.639,0,0,6.441,78.98,9.821582335288,19.68504,6,P-GPS
72900,2026-05-09 10:20:45,19.68504,,,9.821582335288,12.467192,0,0.97822509692,5.3437009584,16,5,14.649,10.805834335288,20.669292,0.3131716,1.11958008832,0,0,0,209.3, 0.8, -2.1,,,0,0,1024,932,1024,1024,0,-14,0,0,205,0,0,55,3.659,3.654,3.646,3.639,0,0,6.441,78.98,9.821582335288,19.68504,6,P-GPS
73000,2026-05-09 10:20:45,19.68504,,,9.821582335288,12.467192,0,0.97686026748,5.370571038,16,5,14.66,10.805834335288,20.669292,0.3131716,1.11958008832,0,0,0,209.3, 0.8, -1.8,,,0,0,1024,630,1024,1024,0,-60,0,0,205,0,0,55,3.67,3.667,3.665,3.664,0,0,6.268,79.34,9.821582335288,19.68504,6,P-GPS
73100,2026-05-09 10:20:45,19.68504,,,9.821582335288,12.467192,0,0.96998690768,5.3781497784,16,5,14.66,10.805834335288,20.669292,0.3131716,1.11958008832,0,0,0,209.3, 0.8, -3.4,,,0,0,1024,540,1024,1024,0,-73,0,0,205,0,0,55,3.67,3.667,3.665,3.664,0,0,6.268,79.34,9.821582335288,19.68504,6,P-GPS
73200,2026-05-09 10:20:45,19.68504,,,9.821582335288,12.467192,0,0.96173559508,5.393372876,16,5,14.66,10.805834335288,20.669292,0.3131716,1.11958008832,0,0,0,209.2, 0.7, -8.1,,,0,0,1024,679,1024,1024,0,-52,0,0,205,0,0,55,3.67,3.667,3.665,3.664,0,0,6.268,79.34,9.821582335288,19.68504,6,P-GPS
73300,2026-05-09 10:20:45,19.68504,,,9.821582335288,13.12336,0.223694,0.93099740512,5.46423902,16,5,14.66,10.805834335288,20.669292,0.3131716,1.11958008832,0,0.223694,0,209.1, 0.6, -11.9,,,0,0,1024,679,1024,1024,0,-52,0,0,205,0,0,55,3.67,3.667,3.665,3.664,0,0,6.268,79.34,9.821582335288,19.68504,6,P-GPS
73400,2026-05-09 10:20:45,19.68504,,,9.821582335288,12.795276,0.7158208,0.89231302068,5.5766734068,16,5,14.66,10.805834335288,20.669292,0.7158208,1.11958008832,-0.223694,0.671082,0,209, 0.7, -12,,,0,0,1024,906,1024,1024,0,-18,0,0,205,0,0,55,3.67,3.667,3.665,3.664,0,0,6.268,79.34,9.821582335288,19.68504,6,P-GPS
73500,2026-05-09 10:20:45,19.68504,,,9.821582335288,12.795276,1.006623,0.85548559168,5.7273951964,16,5,14.66,10.805834335288,20.669292,1.006623,1.11958008832,-0.447388,0.894776,0,208.8, 0.7, -9.2,,,0,0,1024,1012,1024,1024,0,-2,0,0,205,0,0,55,3.67,3.667,3.665,3.664,0,0,6.268,79.34,9.821582335288,19.68504,6,P-GPS
73600,2026-05-09 10:20:45,19.68504,,,9.821582335288,12.795276,1.2974252,0.8337106566,5.9872705328,16,5,14.66,10.805834335288,20.669292,1.2974252,1.11958008832,-0.671082,1.11847,0,208.7, 0.8, -5.6,,,0,0,1024,1024,1024,1024,0,0,0,0,205,0,0,55,3.67,3.667,3.665,3.664,0,0,6.268,79.34,9.821582335288,19.68504,6,P-GPS
73700,2026-05-09 10:20:45,19.68504,,,9.821582335288,13.12336,1.4987498,0.92371065948,6.2187009864,16,5,14.66,10.805834335288,20.669292,1.4987498,1.11958008832,-0.671082,1.342164,0,208.6, 0.9, -3.1,,,0,0,1024,1024,1024,1024,0,0,0,0,205,0,0,55,3.67,3.667,3.665,3.664,0,0,6.268,79.34,9.821582335288,19.68504,6,P-GPS
73800,2026-05-09 10:20:45,19.68504,,,9.821582335288,13.12336,1.4987498,1.02256564952,6.432578946,16,5,14.66,10.805834335288,20.669292,1.4987498,1.11958008832,-0.671082,1.342164,0,208.5, 1.1, -1.6,,,0,0,1024,1024,1024,1024,0,0,0,0,205,0,0,55,3.67,3.667,3.665,3.664,0,0,6.268,79.34,9.821582335288,19.68504,6,P-GPS
73900,2026-05-09 10:20:46,19.68504,,,9.821582335288,13.12336,1.4987498,1.12843507548,6.6523296092,16,5,14.66,10.805834335288,20.669292,1.4987498,1.12843507548,-0.671082,1.342164,0,208.7, 1.1, 1.7,,,0,0,1024,1024,1024,1024,0,0,0,0,205,0,0,55,3.67,3.667,3.665,3.664,0,0,6.268,79.34,9.821582335288,19.68504,6,P-GPS
74000,2026-05-09 10:20:46,19.68504,,,9.821582335288,12.795276,1.2974252,1.26834977812,6.8426183292,16,5,14.661,10.805834335288,20.669292,1.4987498,1.26834977812,-0.671082,1.11847,0,209, 1, 3.5,,,0,0,1024,1024,1024,1094,0,0,0,11,205,0,0,55,3.665,3.663,3.664,3.663,0,0,6.103,79.34,9.821582335288,19.68504,6,P-GPS
74100,2026-05-09 10:20:46,19.68504,,,9.821582335288,12.467192,1.006623,1.4170112002,7.027231196,16,5,14.661,10.805834335288,20.669292,1.4987498,1.4170112002,-0.447388,0.894776,0,209.4, 1, 4.1,,,0,0,1024,1024,1024,1379,0,0,0,54,205,0,0,55,3.665,3.663,3.664,3.663,0,0,6.103,79.34,9.821582335288,19.68504,6,P-GPS
74200,2026-05-09 10:20:46,19.68504,,,9.821582335288,12.467192,0.8052984,1.56949808172,7.1894359256,16,5,14.661,10.805834335288,20.669292,1.4987498,1.56949808172,-0.447388,0.671082,0,211.4, 1.1, 3.8,,,0,0,1024,1024,1024,1379,0,0,0,54,205.2,0,0,55,3.665,3.663,3.664,3.663,0,0,6.103,79.34,9.821582335288,19.68504,6,P-GPS
74300,2026-05-09 10:20:46,19.68504,,,9.821582335288,12.467192,0.4921268,1.62853023584,7.24983619,16,5,14.661,10.805834335288,20.669292,1.4987498,1.62853023584,-0.223694,0.447388,0,212.5, 1.3, 2.9,,,0,0,1024,1024,1024,1461,0,0,0,66,206.1,0,0,55,3.665,3.663,3.664,3.663,0,0,6.103,79.34,9.821582335288,19.68504,6,P-GPS
74400,2026-05-09 10:20:46,19.68504,,,9.821582335288,12.467192,0.3131716,1.69304139276,7.3187666384,16,5,14.661,10.805834335288,20.669292,1.4987498,1.69304139276,-0.223694,0.223694,0,214.3, 1.2, 1.9,,,0,0,1024,1024,1024,1529,0,0,0,77,207.9,0,0,55,3.665,3.663,3.664,3.663,0,0,6.103,79.34,9.821582335288,19.68504,6,P-GPS
74500,2026-05-09 10:20:46,19.68504,,,9.821582335288,12.795276,0,1.75256567288,7.3916997116,16,5,14.661,10.805834335288,20.669292,1.4987498,1.75256567288,0,0,0,216.7, 1.1, 1.2,,,0,0,1024,1024,1024,1568,0,0,0,82,210.6,0,0,55,3.665,3.663,3.664,3.663,0,0,6.103,79.34,9.821582335288,19.68504,6,P-GPS
74600,2026-05-09 10:20:46,19.68504,,,9.821582335288,13.12336,0,1.79024612028,7.4297246472,16,5,14.661,10.805834335288,20.669292,1.4987498,1.79024612028,0,0,0,219.9, 1, 0.6,,,0,0,1024,1024,1024,1571,0,0,0,83,214,0,0,55,3.665,3.663,3.664,3.663,0,0,6.103,79.34,9.821582335288,19.68504,6,P-GPS
74700,2026-05-09 10:20:46,19.68504,,,9.821582335288,13.451444,0,1.80287407344,7.4487535192,16,5,14.661,10.805834335288,20.669292,1.4987498,1.80287407344,0,0,0,223.6, 1, 0.1,,,0,0,1024,1024,1024,1579,0,0,0,84,217.8,0,0,55,3.665,3.663,3.664,3.663,0,0,6.103,79.34,9.821582335288,19.68504,6,P-GPS
74800,2026-05-09 10:20:46,19.68504,,,9.821582335288,13.451444,0,1.78948168456,7.4625002388,16,5,14.661,10.805834335288,20.669292,1.4987498,1.80287407344,0,0,0,227.4, 1.1, -0.2,,,0,0,1024,1024,1024,1580,0,0,0,84,221.6,0,0,55,3.665,3.663,3.664,3.663,0,0,6.103,79.34,9.821582335288,19.68504,6,P-GPS
74900,2026-05-09 10:20:47,19.68504,,,9.821582335288,13.12336,0,1.79179139592,7.4706039136,16,5,14.661,10.805834335288,20.669292,1.4987498,1.80287407344,0,0,0,231.3, 1.3, -0.2,,,0,0,1024,1024,1024,1580,0,0,0,84,225.6,0,0,55,3.665,3.663,3.664,3.663,0,0,6.103,79.34,9.821582335288,19.68504,6,P-GPS
75000,2026-05-09 10:20:47,19.68504,,,9.821582335288,13.12336,0,1.78967853496,7.4758204492,16,5,14.649,10.805834335288,20.669292,1.4987498,1.80287407344,0,0,0,235.1, 1.3, -0.4,,,0,0,1024,1024,1024,1580,0,0,0,84,229.6,0,0,55,3.664,3.662,3.662,3.661,0,0,6.325,79.52,9.821582335288,19.68504,6,P-GPS
75100,2026-05-09 10:20:47,19.68504,,,9.821582335288,13.12336,0,1.78973759008,7.5165356736,16,5,14.649,10.805834335288,20.669292,1.4987498,1.80287407344,0,0,0,239, 1.4, -0.7,,,0,0,1024,1024,1024,1580,0,0,0,84,233.6,0,0,55,3.664,3.662,3.662,3.661,0,0,6.325,79.52,9.821582335288,19.68504,6,P-GPS
75200,2026-05-09 10:20:47,19.68504,,,9.821582335288,12.795276,0,1.78431436156,7.533792892,16,5,14.649,10.805834335288,20.669292,1.4987498,1.80287407344,0,0,0,242.9, 1.5, -0.9,,,0,0,1024,1024,1024,1580,0,0,0,84,237.7,0,0,55,3.664,3.662,3.662,3.661,0,0,6.325,79.52,9.821582335288,19.68504,6,P-GPS
75300,2026-05-09 10:20:47,19.68504,,,9.821582335288,12.795276,0,1.78913063468,7.5498361996,16,5,14.649,10.805834335288,20.669292,1.4987498,1.80287407344,0,0,0,246.7, 1.6, -1,,,0,0,1024,1024,1024,1580,0,0,0,84,241.7,0,0,55,3.664,3.662,3.662,3.661,0,0,6.325,79.52,9.821582335288,19.68504,6,P-GPS
75400,2026-05-09 10:20:47,19.68504,,,9.821582335288,12.795276,0,1.78270018828,7.5567915804,16,5,14.649,10.805834335288,20.669292,1.4987498,1.80287407344,0,0,0,250.7, 1.6, -0.8,,,0,0,1024,1024,1024,1579,0,0,0,84,245.7,0,0,55,3.664,3.662,3.662,3.661,0,0,6.325,79.52,9.821582335288,19.68504,6,P-GPS
75500,2026-05-09 10:20:47,19.68504,,,9.821582335288,12.795276,0,1.76507879664,7.5747377752,16,5,14.649,10.805834335288,20.669292,1.4987498,1.80287407344,0,0,0,254.6, 1.5, -0.6,,,0,0,1024,1024,1024,1579,0,0,0,84,249.7,0,0,55,3.664,3.662,3.662,3.661,0,0,6.325,79.52,9.821582335288,19.68504,6,P-GPS
75600,2026-05-09 10:20:47,19.68504,,,9.821582335288,12.795276,0,1.77454402004,7.5860894816,16,5,14.649,10.805834335288,20.669292,1.4987498,1.80287407344,0,0,0,258.6, 1.5, -0.2,,,0,0,1024,1024,1024,1579,0,0,0,84,253.7,0,0,55,3.664,3.662,3.662,3.661,0,0,6.325,79.52,9.821582335288,19.68504,6,P-GPS
75700,2026-05-09 10:20:47,19.68504,,,9.821582335288,12.467192,0,1.74407485896,7.6203414512,16,5,14.649,10.805834335288,20.669292,1.4987498,1.80287407344,0,0,0,262.6, 1.5, -0.2,,,0,0,1024,1024,1024,1579,0,0,0,84,257.7,0,0,55,3.664,3.662,3.662,3.661,0,0,6.325,79.52,9.821582335288,19.68504,6,P-GPS
75800,2026-05-09 10:20:47,19.68504,,,9.821582335288,12.467192,0,1.74812013468,7.624836202,16,5,14.649,10.805834335288,20.669292,1.4987498,1.80287407344,0,0,0,266.6, 1.3, -0.1,,,0,0,1024,1024,1024,1579,0,0,0,84,261.7,0,0,55,3.664,3.662,3.662,3.661,0,0,6.325,79.52,9.821582335288,19.68504,6,P-GPS
75900,2026-05-09 10:20:48,19.68504,,,9.821582335288,12.795276,0,1.7549869328,7.6332679608,16,5,14.649,10.805834335288,20.669292,1.4987498,1.80287407344,0,0,0,270.5, 1.1, 0,,,0,0,1024,1024,1024,1579,0,0,0,84,265.7,0,0,55,3.664,3.662,3.662,3.661,0,0,6.325,79.52,9.821582335288,19.68504,6,P-GPS
76000,2026-05-09 10:20:48,19.68504,,,9.821582335288,12.467192,0,1.7433399508,7.6662075944,16,5,14.65,10.805834335288,20.669292,1.4987498,1.80287407344,0,0,0,274.6, 1.2, 0,,,0,0,1024,1024,1024,1575,0,0,0,83,269.7,0,0,55,3.663,3.662,3.662,3.662,0,0,6.26,79.52,9.821582335288,19.68504,6,P-GPS
76100,2026-05-09 10:20:48,19.68504,,,9.821582335288,12.467192,0,1.75231632904,7.6908795112,16,5,14.65,10.805834335288,20.669292,1.4987498,1.80287407344,0,0,0,278.5, 1.4, 0.4,,,0,0,1024,1024,1024,1575,0,0,0,83,273.7,0,0,55,3.663,3.662,3.662,3.662,0,0,6.26,79.52,9.821582335288,19.68504,6,P-GPS
76200,2026-05-09 10:20:48,19.68504,,,9.821582335288,12.795276,0,1.76259520076,7.7113847612,16,5,14.65,10.805834335288,20.669292,1.4987498,1.80287407344,0,0,0,282.5, 1.4, 0.6,,,0,0,1024,1024,1024,1571,0,0,0,83,277.7,0,0,55,3.663,3.662,3.662,3.662,0,0,6.26,79.52,9.821582335288,19.68504,6,P-GPS
76300,2026-05-09 10:20:48,19.68504,,,9.821582335288,12.795276,0,1.77116475484,7.7256892236,16,5,14.65,10.805834335288,20.669292,1.4987498,1.80287407344,0,0,0,286.5, 1.3, 0.8,,,0,0,1024,1024,1024,1571,0,0,0,83,281.6,0,0,55,3.663,3.662,3.662,3.662,0,0,6.26,79.52,9.821582335288,19.68504,6,P-GPS
76400,2026-05-09 10:20:48,19.68504,,,9.821582335288,12.795276,0,1.78389441404,7.7543965736,16,5,14.65,10.805834335288,20.669292,1.4987498,1.80287407344,0,0,0,290.4, 1.3, 1.1,,,0,0,1024,1024,1024,1569,0,0,0,83,285.5,0,0,55,3.663,3.662,3.662,3.662,0,0,6.26,79.52,9.821582335288,19.68504,6,P-GPS
76500,2026-05-09 10:20:48,19.68504,,,9.821582335288,12.795276,0,1.80010832532,7.7786091728,16,5,14.65,10.805834335288,20.669292,1.4987498,1.80287407344,0,0,0,294.4, 1.2, 1.4,,,0,0,1024,1024,1024,1566,0,0,0,82,289.3,0,0,55,3.663,3.662,3.662,3.662,0,0,6.26,79.52,9.821582335288,19.68504,6,P-GPS
76600,2026-05-09 10:20:48,19.68504,,,9.821582335288,13.12336,0,1.8180118692,7.7975068112,16,5,14.65,10.805834335288,20.669292,1.4987498,1.8180118692,0,0,0,298.3, 1, 1.5,,,0,0,1024,1024,1024,1564,0,0,0,82,293.2,0,0,55,3.663,3.662,3.662,3.662,0,0,6.26,79.52,9.821582335288,19.68504,6,P-GPS
76700,2026-05-09 10:20:48,19.68504,,,9.821582335288,13.451444,0,1.83569887764,7.8235566808,16,5,14.65,10.805834335288,20.669292,1.4987498,1.83569887764,0,0,0,302.2, 0.9, 1.4,,,0,0,1024,1024,1024,1563,0,0,0,82,296.9,0,0,55,3.663,3.662,3.662,3.662,0,0,6.26,79.52,9.821582335288,19.68504,6,P-GPS
76800,2026-05-09 10:20:48,19.68504,,,9.821582335288,13.12336,0,1.847687067,7.838418886,16,5,14.65,10.805834335288,20.669292,1.4987498,1.847687067,0,0,0,306.1, 0.8, 1.3,,,0,0,1024,1024,1024,1561,0,0,0,81,300.7,0,0,55,3.663,3.662,3.662,3.662,0,0,6.26,79.52,9.821582335288,19.68504,6,P-GPS
76900,2026-05-09 10:20:49,19.68504,,,9.821582335288,13.12336,0,1.863845204,7.8624346348,16,5,14.65,10.805834335288,20.669292,1.4987498,1.863845204,0,0,0,309.9, 0.7, 1.4,,,0,0,1024,1024,1024,1557,0,0,0,81,304.4,0,0,55,3.663,3.662,3.662,3.662,0,0,6.26,79.52,9.821582335288,19.68504,6,P-GPS
77000,2026-05-09 10:20:49,19.68504,,,9.821582335288,13.451444,0,1.85717525628,7.8803480212,16,5,14.648,10.805834335288,20.669292,1.4987498,1.863845204,0,0,0,313.6, 0.6, 1.5,,,0,0,1024,1024,1024,1552,0,0,0,80,308.1,0,0,55,3.663,3.661,3.661,3.66,0,0,6.251,79.52,9.821582335288,19.68504,6,P-GPS
77100,2026-05-09 10:20:49,19.68504,,,9.821582335288,13.451444,0,1.867044023,7.8942915912,16,5,14.648,10.805834335288,20.669292,1.4987498,1.867044023,0,0,0,317.3, 0.3, 1.5,,,0,0,1024,1024,1024,1551,0,0,0,80,311.8,0,0,55,3.663,3.661,3.661,3.66,0,0,6.251,79.52,9.821582335288,19.68504,6,P-GPS
77200,2026-05-09 10:20:49,19.68504,,,9.821582335288,13.451444,0,1.8490322114,7.9271327996,16,5,14.648,10.805834335288,20.669292,1.4987498,1.867044023,0,0,0,321, 0.2, 1.3,,,0,0,1024,1024,1024,1550,0,0,0,80,315.4,0,0,55,3.663,3.661,3.661,3.66,0,0,6.251,79.52,9.821582335288,19.68504,6,P-GPS
77300,2026-05-09 10:20:49,19.68504,,,9.821582335288,13.12336,0,1.85958339284,7.953412328,16,5,14.648,10.805834335288,20.669292,1.4987498,1.867044023,0,0,0,324.6, 0, 1.2,,,0,0,1024,1024,1024,1550,0,0,0,80,319,0,0,55,3.663,3.661,3.661,3.66,0,0,6.251,79.52,9.821582335288,19.68504,6,P-GPS
77400,2026-05-09 10:20:49,19.68504,,,9.821582335288,13.12336,0,1.86229992836,7.9607614096,16,5,14.648,10.805834335288,20.669292,1.4987498,1.867044023,0,0,0,328.2, 0, 1.2,,,0,0,1024,1024,1024,1548,0,0,0,79,322.5,0,0,55,3.663,3.661,3.661,3.66,0,0,6.251,79.52,9.821582335288,19.68504,6,P-GPS
77500,2026-05-09 10:20:49,19.68504,,,9.821582335288,13.12336,0,1.87953746172,7.9806104916,16,5,14.648,10.805834335288,20.669292,1.4987498,1.87953746172,0,0,0,331.8, -0.1, 1.2,,,0,0,1024,1024,1024,1549,0,0,0,80,326.1,0,0,55,3.663,3.661,3.661,3.66,0,0,6.251,79.52,9.821582335288,19.68504,6,P-GPS
77600,2026-05-09 10:20:49,19.68504,,,9.821582335288,12.795276,0,1.88416672696,7.9857614104,16,5,14.648,10.805834335288,20.669292,1.4987498,1.88416672696,0,0,0,335.3, -0.1, 1.3,,,0,0,1024,1024,1024,1548,0,0,0,79,329.6,0,0,55,3.663,3.661,3.661,3.66,0,0,6.251,79.52,9.821582335288,19.68504,6,P-GPS
77700,2026-05-09 10:20:49,19.68504,,,9.821582335288,12.795276,0,1.89400596612,8.0071852956,16,5,14.648,10.805834335288,20.669292,1.4987498,1.89400596612,0,0,0,338.9, -0.2, 1.3,,,0,0,1024,1024,1024,1548,0,0,0,79,333.2,0,0,55,3.663,3.661,3.661,3.66,0,0,6.251,79.52,9.821582335288,19.68504,6,P-GPS
77800,2026-05-09 10:20:49,19.68504,,,9.821582335288,12.467192,0,1.89755255416,8.01181128,16,5,14.648,10.805834335288,20.669292,1.4987498,1.89755255416,0,0,0,342.4, -0.1, 1.5,,,0,0,1024,1024,1024,1547,0,0,0,79,336.7,0,0,55,3.663,3.661,3.661,3.66,0,0,6.251,79.52,9.821582335288,19.68504,6,P-GPS
77900,2026-05-09 10:20:50,19.68504,,,9.821582335288,12.139108,0,1.93564966824,8.0601052448,16,5,14.648,10.805834335288,20.669292,1.4987498,1.93564966824,0,0,0,345.9, -0.3, 1.2,,,0,0,1024,1024,1024,1546,0,0,0,79,338.5,0,0,55,3.663,3.661,3.661,3.66,0,0,6.251,79.52,9.821582335288,19.68504,6,P-GPS
78000,2026-05-09 10:20:50,19.68504,,,9.821582335288,12.139108,0,1.96368772688,8.1273952732,16,5,14.64,10.805834335288,20.669292,1.4987498,1.96368772688,0,0,0,349.4, -0.5, 0.7,,,0,0,1024,1024,1024,1546,0,0,0,79,343.7,0,0,55,3.661,3.661,3.66,3.659,0,0,6.336,79.7,9.821582335288,19.68504,6,P-GPS
78100,2026-05-09 10:20:50,19.68504,,,9.821582335288,12.139108,0,1.97056108668,8.1523624656,16,5,14.64,10.805834335288,20.669292,1.4987498,1.97056108668,0,0,0,352.8, -0.5, 0.2,,,0,0,1024,1024,1024,1546,0,0,0,79,347.2,0,0,55,3.661,3.661,3.66,3.659,0,0,6.336,79.7,9.821582335288,19.68504,6,P-GPS
78200,2026-05-09 10:20:50,19.68504,,,9.821582335288,12.139108,0,1.92668641336,8.2159123364,16,5,14.64,10.805834335288,20.669292,1.4987498,1.97056108668,0,0,0,356.3, -0.6, 0,,,0,0,1024,1024,1024,1545,0,0,0,79,350.7,0,0,55,3.661,3.661,3.66,3.659,0,0,6.336,79.7,9.821582335288,19.68504,6,P-GPS
78300,2026-05-09 10:20:50,19.68504,,,9.821582335288,12.139108,0,1.94511489164,8.2425855656,16,5,14.64,10.805834335288,20.669292,1.4987498,1.97056108668,0,0,0,359.7, -0.5, 0.1,,,0,0,1024,1024,1024,1541,0,0,0,78,354.2,0,0,55,3.661,3.661,3.66,3.659,0,0,6.336,79.7,9.821582335288,19.68504,6,P-GPS
78400,2026-05-09 10:20:50,19.68504,,,9.821582335288,13.12336,0,1.9415847078,8.2463257232,16,5,14.64,10.805834335288,20.669292,1.4987498,1.97056108668,0,0,0,3, -0.6, 0.4,,,0,0,1024,1024,1024,1541,0,0,0,78,357.7,0,0,55,3.661,3.661,3.66,3.659,0,0,6.336,79.7,9.821582335288,19.68504,6,P-GPS
78500,2026-05-09 10:20:50,19.68504,,,9.821582335288,13.12336,0,1.93982289672,8.2498690304,16,5,14.64,10.805834335288,20.669292,1.4987498,1.97056108668,0,0,0,6.4, -0.6, 0.4,,,0,0,1024,1024,1024,1540,0,0,0,78,1.2,0,0,55,3.661,3.661,3.66,3.659,0,0,6.336,79.7,9.821582335288,19.68504,6,P-GPS
78600,2026-05-09 10:20:50,19.68504,,,9.821582335288,12.467192,0,1.95449153236,8.2648624692,16,5,14.64,10.805834335288,20.669292,1.4987498,1.97056108668,0,0,0,9.9, -0.6, 0.4,,,0,0,1024,1024,1024,1541,0,0,0,78,4.6,0,0,55,3.661,3.661,3.66,3.659,0,0,6.336,79.7,9.821582335288,19.68504,6,P-GPS
78700,2026-05-09 10:20:50,19.68504,,,9.821582335288,12.467192,0,1.95373365832,8.2715881912,16,5,14.64,10.805834335288,20.669292,1.4987498,1.97056108668,0,0,0,13.2, -0.5, 0.3,,,0,0,1024,1024,1024,1540,0,0,0,78,8,0,0,55,3.661,3.661,3.66,3.659,0,0,6.336,79.7,9.821582335288,19.68504,6,P-GPS
78800,2026-05-09 10:20:50,19.68504,,,9.821582335288,12.467192,0,1.97306764844,8.310695804,16,5,14.64,10.805834335288,20.669292,1.4987498,1.97306764844,0,0,0,16.6, -0.6, 0.4,,,0,0,1024,1024,1024,1540,0,0,0,78,9.7,0,0,55,3.661,3.661,3.66,3.659,0,0,6.336,79.7,9.821582335288,19.68504,6,P-GPS
78900,2026-05-09 10:20:51,19.68504,,,9.821582335288,12.467192,0,1.97788392156,8.3444556476,16,5,14.64,10.805834335288,20.669292,1.4987498,1.97788392156,0,0,0,20, -0.7, 0.6,,,0,0,1024,1024,1024,1541,0,0,0,78,14.9,0,0,55,3.661,3.661,3.66,3.659,0,0,6.336,79.7,9.821582335288,19.68504,6,P-GPS
79000,2026-05-09 10:20:51,19.68504,,,9.821582335288,11.811024,0,1.98051843608,8.3577102412,16,5,14.643,10.805834335288,20.669292,1.4987498,1.98051843608,0,0,0,23.5, -0.9, 0.7,,,0,0,1024,1024,1024,1542,0,0,0,78,18.3,0,0,55,3.663,3.661,3.661,3.66,0,0,6.271,79.7,9.821582335288,19.68504,6,P-GPS
79100,2026-05-09 10:20:51,19.68504,,,9.821582335288,11.811024,0,1.97515098184,8.3750330764,16,5,14.643,10.805834335288,20.669292,1.4987498,1.98051843608,0,0,0,26.9, -0.9, 0.6,,,0,0,1024,1024,1024,1024,0,0,0,0,21.7,0,0,55,3.663,3.661,3.661,3.66,0,0,6.271,79.7,9.821582335288,19.68504,6,P-GPS
79200,2026-05-09 10:20:51,19.68504,,,9.821582335288,12.139108,0,1.97289704476,8.4006236284,16,5,14.643,10.805834335288,20.669292,1.4987498,1.98051843608,0,0,0,30.3, -1.1, 0.6,,,0,0,1024,1024,1024,1024,0,0,0,0,24.4,0,0,55,3.663,3.661,3.661,3.66,0,0,6.271,79.7,9.821582335288,19.68504,6,P-GPS
79300,2026-05-09 10:20:51,19.68504,,,9.821582335288,12.139108,0,1.98224415792,8.4270343904,16,5,14.643,10.805834335288,20.669292,1.4987498,1.98224415792,0,0,0,32.6, -1.2, 0.5,,,0,0,1024,1024,1024,1024,0,0,0,0,25.2,0,0,55,3.663,3.661,3.661,3.66,0,0,6.271,79.7,9.821582335288,19.68504,6,P-GPS
79400,2026-05-09 10:20:51,19.68504,,,9.821582335288,12.139108,0,2.0081693556,8.4635501396,16,5,14.643,10.805834335288,20.669292,1.4987498,2.0081693556,0,0,0,32.8, -1.4, 0.5,,,0,0,1024,1024,1024,1024,0,0,0,0,25.3,0,0,55,3.663,3.661,3.661,3.66,0,0,6.271,79.7,9.821582335288,19.68504,6,P-GPS
79500,2026-05-09 10:20:51,19.68504,,,9.821582335288,12.467192,0,2.00532814816,8.4821525024,17,5,14.643,10.805834335288,20.669292,1.4987498,2.0081693556,0,0,0,32.7, -1.4, 0.4,,,0,0,1024,1024,1024,1024,0,0,0,0,25.3,0,0,55,3.663,3.661,3.661,3.66,0,0,6.271,79.7,9.821582335288,19.68504,6,P-GPS
79600,2026-05-09 10:20:51,19.68504,,,9.821582335288,12.795276,0,2.00838917188,8.492618382,17,5,14.643,10.805834335288,20.669292,1.4987498,2.00838917188,0,0,0,32.7, -1.5, 0.4,,,0,0,1024,1024,1024,1024,0,0,0,0,25.3,0,0,55,3.663,3.661,3.661,3.66,0,0,6.271,79.7,9.821582335288,19.68504,6,P-GPS
79700,2026-05-09 10:20:51,19.68504,,,9.821582335288,12.795276,0,2.00236554964,8.5005908232,17,5,14.643,10.805834335288,20.669292,1.4987498,2.00838917188,0,0,0,32.7, -1.5, 0.5,,,0,0,1024,1024,1024,1024,0,0,0,0,25.3,0,0,55,3.663,3.661,3.661,3.66,0,0,6.271,79.7,9.821582335288,19.68504,6,P-GPS
79800,2026-05-09 10:20:51,19.68504,,,9.821582335288,13.12336,0,2.0038878594,8.5353349188,17,5,14.643,10.805834335288,20.669292,1.4987498,2.00838917188,0,0,0,32.7, -1.4, 0.7,,,0,0,1024,1024,1024,1104,0,0,0,12,25.3,0,0,55,3.663,3.661,3.661,3.66,0,0,6.271,79.7,9.821582335288,19.68504,6,P-GPS
79900,2026-05-09 10:20:52,19.68504,,,9.821582335288,13.12336,0,1.99977368604,8.5540685152,17,5,14.643,10.805834335288,20.669292,1.4987498,2.00838917188,0,0,0,32.7, -1.1, 0.8,,,0,0,1024,1024,1024,1024,0,0,0,0,25.3,0,0,55,3.663,3.661,3.661,3.66,0,0,6.271,79.7,9.821582335288,19.68504,6,P-GPS
80000,2026-05-09 10:20:52,19.68504,,,9.821582335288,13.779528,0,2.01645675744,8.6029530312,17,5,14.642,10.805834335288,20.669292,1.4987498,2.01645675744,0,0,0,32.6, -1.2, 0.8,,,0,0,1024,1024,1024,1024,0,0,0,0,25.3,0,0,55,3.662,3.66,3.661,3.659,0,0,6.24,79.88,9.821582335288,19.68504,6,P-GPS
80100,2026-05-09 10:20:52,19.68504,,,9.821582335288,14.107612,0,2.02027237436,8.6294950268,17,5,14.642,10.805834335288,20.669292,1.4987498,2.02027237436,0,0,0,32.6, -1.3, 0.6,,,0,0,1024,1024,1024,1024,0,0,0,0,25.3,0,0,55,3.662,3.66,3.661,3.659,0,0,6.24,79.88,9.821582335288,19.68504,6,P-GPS
80200,2026-05-09 10:20:52,19.68504,,,9.821582335288,13.12336,0,2.00934389632,8.6525921404,17,5,14.642,10.805834335288,20.669292,1.4987498,2.02027237436,0,0,0,32.6, -1.5, 0.7,,,0,0,1024,1024,1024,1024,0,0,0,0,25.3,0,0,55,3.662,3.66,3.661,3.659,0,0,6.24,79.88,9.821582335288,19.68504,6,P-GPS
80300,2026-05-09 10:20:52,19.68504,,,9.821582335288,13.12336,0,1.98706043104,8.6771328236,17,5,14.642,10.805834335288,20.669292,1.4987498,2.02027237436,0,0,0,32.5, -1.3, 0.9,,,0,0,1024,1024,1024,1024,0,0,0,0,25.3,0,0,55,3.662,3.66,3.661,3.659,0,0,6.24,79.88,9.821582335288,19.68504,6,P-GPS
80400,2026-05-09 10:20:52,19.68504,,,9.821582335288,13.12336,0,1.97069888196,8.6947509344,17,5,14.642,10.805834335288,20.669292,1.4987498,2.02027237436,0,0,0,32.5, -1.2, 1.1,,,0,0,1024,1024,1024,1024,0,0,0,0,25.3,0,0,55,3.662,3.66,3.661,3.659,0,0,6.24,79.88,9.821582335288,19.68504,6,P-GPS
80500,2026-05-09 10:20:52,19.68504,,,9.821582335288,13.12336,0,1.96836948556,8.7232286256,16,5,14.642,10.805834335288,20.669292,1.4987498,2.02027237436,0,0,0,32.4, -1.1, 1.2,,,0,0,1024,1024,1024,1024,0,0,0,0,25.3,0,0,55,3.662,3.66,3.661,3.659,0,0,6.24,79.88,9.821582335288,19.68504,6,P-GPS
80600,2026-05-09 10:20:52,19.68504,,,9.821582335288,13.451444,0,1.95445872396,8.7371393872,16,5,14.642,10.805834335288,20.669292,1.4987498,2.02027237436,0,0,0,32.4, -1.1, 1.2,,,0,0,1024,1024,1024,1024,0,0,0,0,25.3,0,0,55,3.662,3.66,3.661,3.659,0,0,6.24,79.88,9.821582335288,19.68504,6,P-GPS
80700,2026-05-09 10:20:52,19.68504,,,9.821582335288,13.12336,0,1.96159127012,8.7704399132,16,5,14.642,10.805834335288,20.669292,1.4987498,2.02027237436,0,0,0,32.4, -1.2, 1,,,0,0,1024,1024,1024,1024,0,0,0,0,25.3,0,0,55,3.662,3.66,3.661,3.659,0,0,6.24,79.88,9.821582335288,19.68504,6,P-GPS
80800,2026-05-09 10:20:52,19.68504,,,9.821582335288,13.12336,0,1.95647315972,8.7810370264,16,5,14.642,10.805834335288,20.669292,1.4987498,2.02027237436,0,0,0,32.4, -1.3, 0.9,,,0,0,1024,1024,1024,1024,0,0,0,0,25.3,0,0,55,3.662,3.66,3.661,3.659,0,0,6.24,79.88,9.821582335288,19.68504,6,P-GPS
80900,2026-05-09 10:20:53,19.68504,,,9.821582335288,13.12336,0,1.95984914408,8.7959976568,16,5,14.642,10.805834335288,20.669292,1.4987498,2.02027237436,0,0,0,32.5, -1.1, 1,,,0,0,1024,1024,1024,1024,0,0,0,0,25.3,0,0,55,3.662,3.66,3.661,3.659,0,0,6.24,79.88,9.821582335288,19.68504,6,P-GPS
81000,2026-05-09 10:20:53,19.68504,,,9.821582335288,13.12336,0,1.95647644056,8.81315645,16,5,14.645,10.805834335288,20.669292,1.4987498,2.02027237436,0,0,0,32.5, -1.4, 1.2,,,0,0,1024,1024,1024,1024,0,0,0,0,25.3,0,0,55,3.662,3.661,3.661,3.661,0,0,6.16,79.88,9.821582335288,19.68504,6,P-GPS
81100,2026-05-09 10:20:53,19.68504,,,9.821582335288,13.12336,0,1.94809389436,8.8222771852,16,5,14.645,10.805834335288,20.669292,1.4987498,2.02027237436,0,0,0,32.5, -1.5, 1.4,,,0,0,1024,1024,1024,1024,0,0,0,0,25.3,0,0,55,3.662,3.661,3.661,3.661,0,0,6.16,79.88,9.821582335288,19.68504,6,P-GPS
81200,2026-05-09 10:20:53,19.68504,,,9.821582335288,13.12336,0,1.95017394692,8.8320540884,16,5,14.645,10.805834335288,20.669292,1.4987498,2.02027237436,0,0,0,32.5, -1.5, 1.4,,,0,0,1024,1024,1024,1024,0,0,0,0,25.3,0,0,55,3.662,3.661,3.661,3.661,0,0,6.16,79.88,9.821582335288,19.68504,6,P-GPS
81300,2026-05-09 10:20:53,19.68504,,,9.821582335288,13.451444,0,1.95507224104,8.8377955584,16,5,14.645,10.805834335288,20.669292,1.4987498,2.02027237436,0,0,0,32.6, -1.4, 1.3,,,0,0,1024,1024,1024,1024,0,0,0,0,25.3,0,0,55,3.662,3.661,3.661,3.661,0,0,6.16,79.88,9.821582335288,19.68504,6,P-GPS
81400,2026-05-09 10:20:53,19.68504,,,9.821582335288,13.779528,0,1.94270347424,8.8503283672,16,5,14.645,10.805834335288,20.669292,1.4987498,2.02027237436,0,0,0,32.6, -1.4, 1.2,,,0,0,1114,1024,1024,1024,14,0,0,0,25.3,0,0,55,3.662,3.661,3.661,3.661,0,0,6.16,79.88,9.821582335288,19.68504,6,P-GPS
81500,2026-05-09 10:20:53,19.68504,,,9.821582335288,13.779528,0,1.94009520644,8.8570212808,16,5,14.645,10.805834335288,20.669292,1.4987498,2.02027237436,0,0,0,32.6, -1.3, 1.1,,,0,0,1432,1024,1024,1024,62,0,0,0,25.3,0,0,55,3.662,3.661,3.661,3.661,0,0,6.16,79.88,9.821582335288,19.68504,6,P-GPS
81600,2026-05-09 10:20:53,19.68504,,,9.821582335288,13.779528,0,1.91440622924,8.885498972,16,5,14.645,10.805834335288,20.669292,1.4987498,2.02027237436,0,0,0,32.5, -1.8, 1,,,0,0,1493,1024,1024,1024,71,0,0,0,25.3,0,0,55,3.662,3.661,3.661,3.661,0,0,6.16,79.88,9.821582335288,19.68504,6,P-GPS
81700,2026-05-09 10:20:53,19.68504,,,9.821582335288,13.779528,0,1.89318903696,8.907972726,16,5,14.645,10.805834335288,20.669292,1.4987498,2.02027237436,0,0,0,32.5, -5.1, 1,,,0,0,1499,1024,1024,1024,72,0,0,0,25.3,0,0,55,3.662,3.661,3.661,3.661,0,0,6.16,79.88,9.821582335288,19.68504,6,P-GPS
81800,2026-05-09 10:20:53,19.68504,,,9.821582335288,14.107612,0.223694,1.86396987592,8.9392063228,16,5,14.645,10.805834335288,20.669292,1.4987498,2.02027237436,0.223694,0,0,32.3, -9.5, 1.2,,,0,0,1514,1024,1024,1024,74,0,0,0,25.3,0,0,55,3.662,3.661,3.661,3.661,0,0,6.16,79.88,9.821582335288,19.68504,6,P-GPS
81900,2026-05-09 10:20:54,19.68504,,,9.821582335288,13.779528,0.4921268,1.81603680352,8.9957680044,16,5,14.645,10.805834335288,20.669292,1.4987498,2.02027237436,0.447388,0.223694,0,32.2, -12.4, 1.2,,,0,0,1515,1024,1024,1024,74,0,0,0,25.3,0,0,55,3.662,3.661,3.661,3.661,0,0,6.16,79.88,9.821582335288,19.68504,6,P-GPS
82000,2026-05-09 10:20:54,19.68504,,,9.821582335288,13.779528,1.006623,1.70569887348,9.1355645968,16,5,14.646,10.805834335288,20.669292,1.4987498,2.02027237436,0.894776,0.447388,0,32.2, -14.3, 1,,,0,0,1516,1024,1024,1024,75,0,0,0,25.3,0,0,55,3.662,3.661,3.661,3.659,0,0,6.114,79.88,9.821582335288,19.68504,6,P-GPS
82100,2026-05-09 10:20:54,19.68504,,,9.821582335288,13.779528,1.6105968,1.56785110004,9.3340226084,16,5,14.646,10.805834335288,20.669292,1.6105968,2.02027237436,1.342164,0.894776,0,32.1, -15.2, 0.9,,,0,0,1515,1024,1024,1024,74,0,0,0,25.3,0,0,55,3.662,3.661,3.661,3.659,0,0,6.114,79.88,9.821582335288,19.68504,6,P-GPS
82200,2026-05-09 10:20:54,19.68504,,,9.821582335288,13.779528,2.1027236,1.368356343,9.6667982096,16,5,14.646,10.805834335288,20.669292,2.1027236,2.02027237436,1.789552,1.11847,0,32.1, -15.3, 0.9,,,0,0,1515,1024,1024,1024,74,0,0,0,25.3,0,0,55,3.662,3.661,3.661,3.659,0,0,6.114,79.88,9.821582335288,19.68504,6,P-GPS
82300,2026-05-09 10:20:54,19.68504,,,9.821582335288,13.779528,2.6172198,1.21316276848,10.0391079328,16,5,14.646,10.805834335288,20.669292,2.6172198,2.02027237436,2.23694,1.342164,0,31.7, -15.2, 1,,,0,0,1514,1024,1024,1024,74,0,0,0,25.3,0,0,55,3.662,3.661,3.661,3.659,0,0,6.114,79.88,9.821582335288,19.68504,6,P-GPS
82400,2026-05-09 10:20:54,19.68504,,,9.821582335288,14.107612,3.1093466,1.1418799578,10.4530187072,16,5,14.646,10.805834335288,20.669292,3.1093466,2.02027237436,2.684328,1.565858,0,31.4, -15.2, 1.2,,,0,0,1514,1024,1024,1024,74,0,0,0,25.3,0,0,55,3.662,3.661,3.661,3.659,0,0,6.114,79.88,9.821582335288,19.68504,6,P-GPS
82500,2026-05-09 10:20:54,19.68504,,,9.821582335288,13.779528,3.6014734,1.32352694524,11.0830712208,16,5,14.646,10.805834335288,20.669292,3.6014734,2.02027237436,3.131716,1.789552,0,30.5, -15.2, 1.2,,,0,0,1460,1024,1024,1024,66,0,0,0,25.3,0,0,55,3.662,3.661,3.661,3.659,0,0,6.114,79.88,9.821582335288,19.68504,6,P-GPS
82600,2026-05-09 10:20:54,19.68504,,,9.821582335288,13.451444,4.1159696,1.64613522328,11.5841211056,16,5,14.646,10.805834335288,20.669292,4.1159696,2.02027237436,3.579104,2.013246,0,30.1, -14.9, 1.2,,,0,0,1378,1024,1024,1024,54,0,0,0,25.3,0,0,55,3.662,3.661,3.661,3.659,0,0,6.114,79.88,9.821582335288,19.68504,6,P-GPS
82700,2026-05-09 10:20:54,19.68504,,,9.821582335288,13.779528,4.6080964,2.26096135844,12.3412405524,16,5,14.646,10.805834335288,20.669292,4.6080964,2.26096135844,4.026492,2.23694,0,29.2, -13.8, 1.3,,,0,0,1328,1024,1024,1024,46,0,0,0,25.3,0,0,55,3.662,3.661,3.661,3.659,0,0,6.114,79.88,9.821582335288,19.68504,6,P-GPS
82800,2026-05-09 10:20:54,19.68504,,,9.821582335288,14.107612,4.921268,2.89851059144,13.0534124912,16,5,14.646,10.805834335288,20.669292,4.921268,2.89851059144,4.250186,2.460634,0,28.8, -11.8, 1.6,,,0,0,1312,1024,1024,1024,44,0,0,0,25.3,0,0,55,3.662,3.661,3.661,3.659,0,0,6.114,79.88,9.821582335288,19.68504,6,P-GPS
82900,2026-05-09 10:20:55,19.68504,,,9.821582335288,14.435696,5.3015478,3.6793636348,13.8862537252,16,5,14.646,10.805834335288,20.669292,5.3015478,3.6793636348,4.697574,2.460634,0,28.7, -9, 1.4,,,0,0,1312,1024,1024,1024,44,0,0,0,25.3,0,0,55,3.662,3.661,3.661,3.659,0,0,6.114,79.88,9.821582335288,19.68504,6,P-GPS
83000,2026-05-09 10:20:55,19.68504,,,9.821582335288,14.76378,5.4133948,4.5310696988,14.7812668772,16,5,14.625,10.805834335288,20.669292,5.4133948,4.5310696988,4.697574,2.684328,0,28.9, -6.8, 1,,,0,0,1327,1024,1024,1024,46,0,0,0,25.3,0,0,54,3.658,3.658,3.658,3.657,0,0,6.319,80.06,9.821582335288,19.68504,6,P-GPS
83100,2026-05-09 10:20:55,19.68504,,,9.821582335288,14.76378,5.6147194,5.167815126,15.4357616488,16,5,14.625,10.805834335288,20.669292,5.6147194,5.167815126,4.921268,2.684328,0,28.9, -5.4, 0.8,,,0,0,1327,1024,1024,1024,46,0,0,0,25.3,0,0,54,3.658,3.658,3.658,3.657,0,0,6.319,80.06,9.821582335288,19.68504,6,P-GPS
83200,2026-05-09 10:20:55,19.68504,,,9.821582335288,14.76378,5.7265664,6.0938650244,16.3825792644,16,5,14.625,10.805834335288,20.669292,5.7265664,6.0938650244,4.921268,2.908022,0,29, -4.8, 1,,,0,0,1389,1024,1024,1024,55,0,0,0,25.3,0,0,54,3.658,3.658,3.658,3.657,0,0,6.319,80.06,9.821582335288,19.68504,6,P-GPS
83300,2026-05-09 10:20:55,19.68504,,,9.821582335288,14.76378,5.7265664,6.7143702936,17.0140753476,16,5,14.625,10.805834335288,20.669292,5.7265664,6.7143702936,4.921268,2.908022,0,29.1, -4.7, 1.2,,,0,0,1465,1024,1024,1024,67,0,0,0,25.3,0,0,54,3.658,3.658,3.658,3.657,0,0,6.319,80.06,9.821582335288,19.68504,6,P-GPS
83400,2026-05-09 10:20:55,19.68504,,,9.821582335288,14.435696,5.9055216,7.4850068012,17.7967853464,16,5,14.625,10.805834335288,20.669292,5.9055216,7.4850068012,5.144962,2.908022,0,29, -6.4, 1.2,,,0,0,1506,1024,1024,1024,73,0,0,0,25.3,0,0,54,3.658,3.658,3.658,3.657,0,0,6.319,80.06,9.821582335288,19.68504,6,P-GPS
83500,2026-05-09 10:20:55,19.68504,,,9.821582335288,14.76378,5.9055216,8.4333007948,18.7532486316,16,5,14.625,10.805834335288,20.669292,5.9055216,8.4333007948,5.144962,2.908022,0,29.2, -8.9, 1.1,,,0,0,1527,1024,1024,1024,76,0,0,0,25.3,0,0,54,3.658,3.658,3.658,3.657,0,0,6.319,80.06,9.821582335288,19.68504,6,P-GPS
83600,2026-05-09 10:20:55,19.68504,,,9.821582335288,14.76378,6.2186932,9.4020344216,19.7307421012,16,5,14.625,10.805834335288,20.669292,6.2186932,9.4020344216,5.368656,3.131716,0,29.2, -11.4, 1.2,,,0,0,1536,1024,1024,1024,78,0,0,0,25.3,0,0,54,3.658,3.658,3.658,3.657,0,0,6.319,80.06,9.821582335288,19.68504,6,P-GPS
83700,2026-05-09 10:20:55,19.68504,,,9.821582335288,14.76378,6.5318648,10.1887142368,20.519849738,16,5,14.625,10.805834335288,20.669292,6.5318648,10.1887142368,5.59235,3.35541,0,29.3, -13.2, 1,,,0,0,1536,1024,1024,1024,78,0,0,0,25.3,0,0,54,3.658,3.658,3.658,3.657,0,0,6.319,80.06,9.821582335288,19.68504,6,P-GPS
83800,2026-05-09 10:20:55,19.68504,,,9.821582335288,14.435696,6.71082,11.2571853996,21.5940295624,16,5,14.625,10.805834335288,20.669292,6.71082,11.2571853996,5.816044,3.35541,0,29.5, -14.1, 0.4,,,0,0,1535,1024,1024,1024,77,0,0,0,25.3,0,0,54,3.658,3.658,3.658,3.657,0,0,6.319,80.06,9.821582335288,19.68504,6,P-GPS
83900,2026-05-09 10:20:56,19.68504,,,9.821582335288,14.76378,7.0239916,12.2958665352,22.6375991496,16,5,14.625,10.805834335288,20.669292,7.0239916,12.2958665352,6.039738,3.579104,0,29.6, -14.3, 0.3,,,0,0,1535,1024,1024,1024,77,0,0,0,25.3,0,0,54,3.658,3.658,3.658,3.657,0,0,6.319,80.06,9.821582335288,19.68504,6,P-GPS
84000,2026-05-09 10:20:56,19.68504,,,9.821582335288,14.76378,7.5161184,13.348753708,23.6931766112,16,5,14.635,10.805834335288,20.669292,7.5161184,13.348753708,6.487126,3.802798,0,29.6, -14.1, 0.2,,,0,0,1535,1024,1024,1024,77,0,0,0,25.3,0,0,54,3.661,3.66,3.66,3.658,0,0,6.343,80.06,9.821582335288,19.68504,6,P-GPS
84100,2026-05-09 10:20:56,19.68504,,,9.821582335288,14.76378,7.82929,14.4829072876,24.8290362276,16,5,14.635,10.805834335288,20.669292,7.82929,14.4829072876,6.71082,4.026492,0,29.6, -13.8, 0.2,,,0,0,1534,1024,1024,1024,77,0,0,0,25.3,0,0,54,3.661,3.66,3.66,3.658,0,0,6.343,80.06,9.821582335288,19.68504,6,P-GPS
84200,2026-05-09 10:20:56,19.68504,,,9.821582335288,14.435696,8.3214168,15.7869427624,26.1352698652,16,5,14.635,10.805834335288,20.669292,8.3214168,15.7869427624,7.158208,4.250186,0,29.7, -13.5, -0.1,,,0,0,1534,1024,1024,1024,77,0,0,0,25.3,0,0,54,3.661,3.66,3.66,3.658,0,0,6.343,80.06,9.821582335288,19.68504,6,P-GPS
84300,2026-05-09 10:20:56,19.68504,,,9.821582335288,14.107612,8.6345884,16.9571527736,27.308563866,16,5,14.635,10.805834335288,20.669292,8.6345884,16.9571527736,7.381902,4.47388,0,29.7, -13.2, 0,,,0,0,1533,1024,1024,1024,77,0,0,0,25.3,0,0,54,3.661,3.66,3.66,3.658,0,0,6.343,80.06,9.821582335288,19.68504,6,P-GPS
84400,2026-05-09 10:20:56,19.68504,,,9.821582335288,13.779528,8.6345884,18.1594165916,28.5129274216,16,5,14.635,10.805834335288,20.669292,8.6345884,18.1594165916,7.605596,4.47388,0,29.7, -13.2, 0.1,,,0,0,1528,1024,1024,1024,76,0,0,0,25.3,0,0,54,3.661,3.66,3.66,3.658,0,0,6.343,80.06,9.821582335288,19.68504,6,P-GPS
84500,2026-05-09 10:20:56,19.68504,,,9.821582335288,13.451444,9.3280398,19.5072512804,29.8629602732,16,5,14.635,10.805834335288,20.669292,9.3280398,19.5072512804,8.052984,4.697574,0,29.7, -12.8, 0.3,,,0,0,1524,1024,1024,1024,76,0,0,0,25.3,0,0,54,3.661,3.66,3.66,3.658,0,0,6.343,80.06,9.821582335288,19.68504,6,P-GPS
84600,2026-05-09 10:20:56,19.68504,,,9.821582335288,13.451444,9.618842,21.111877316,31.4710311908,16,5,14.635,10.805834335288,20.669292,9.618842,21.111877316,8.276678,4.921268,0,29.6, -12.6, 0.3,,,0,0,1512,1024,1024,1024,74,0,0,0,25.3,0,0,54,3.661,3.66,3.66,3.658,0,0,6.343,80.06,9.821582335288,19.68504,6,P-GPS
84700,2026-05-09 10:20:56,19.68504,,,9.821582335288,13.451444,9.618842,22.5348104324,32.896326512,16,5,14.635,10.805834335288,20.669292,9.618842,22.5348104324,8.500372,4.921268,0,29.7, -12.2, 0.3,,,0,0,1504,1024,1024,1024,73,0,0,0,25.3,0,0,54,3.661,3.66,3.66,3.658,0,0,6.343,80.06,9.821582335288,19.68504,6,P-GPS
84800,2026-05-09 10:20:56,19.68504,,,9.821582335288,13.451444,10.1333382,23.9758537856,34.339239944,16,5,14.635,10.805834335288,20.669292,10.1333382,23.9758537856,8.724066,5.144962,0,29.7, -11.8, 0.2,,,0,0,1497,1024,1024,1024,72,0,0,0,25.3,0,0,54,3.661,3.66,3.66,3.658,0,0,6.343,80.06,9.821582335288,19.68504,6,P-GPS
84900,2026-05-09 10:20:56,19.68504,,,9.821582335288,13.779528,10.4241404,25.4531832292,35.817258364,16,5,14.635,10.805834335288,20.669292,10.4241404,25.4531832292,8.94776,5.368656,0,29.8, -11.3, 0,,,0,0,1446,1024,1024,1024,64,0,0,0,25.3,0,0,54,3.661,3.66,3.66,3.658,0,0,6.343,80.06,9.821582335288,19.68504,6,P-GPS
85000,2026-05-09 10:20:57,19.68504,,,9.821582335288,13.779528,10.625465,26.892553354,37.257875208,16,5,14.631,10.805834335288,20.669292,10.625465,26.892553354,9.171454,5.368656,0,29.8, -10.9, -0.1,,,0,0,1142,1024,1024,1024,18,0,0,0,25.3,0,0,54,3.659,3.657,3.657,3.656,0,0,6.184,80.06,9.821582335288,19.68504,6,P-GPS
85100,2026-05-09 10:20:57,19.68504,,,9.821582335288,13.779528,10.737312,28.4518381808,38.817914628,16,5,14.631,10.805834335288,20.669292,10.737312,28.4518381808,9.171454,5.59235,0,30, -8.9, -0.4,,,0,0,1024,1024,1024,1024,0,0,0,0,25.3,0,0,54,3.659,3.657,3.657,3.656,0,0,6.184,80.06,9.821582335288,19.68504,6,P-GPS
85200,2026-05-09 10:20:57,19.68504,,,9.821582335288,14.107612,10.737312,30.1593513588,40.5265761,16,5,14.631,10.805834335288,20.669292,10.737312,30.1593513588,9.171454,5.59235,0,30.1, -4.1, -0.3,,,0,0,1024,1024,1024,1024,0,0,0,0,25.3,0,0,54,3.659,3.657,3.657,3.656,0,0,6.184,80.06,9.821582335288,19.68504,6,P-GPS
85300,2026-05-09 10:20:57,19.68504,,,9.821582335288,13.779528,10.737312,31.5725403804,41.940290056,16,5,14.631,10.805834335288,20.669292,10.737312,31.5725403804,9.171454,5.59235,0,30.1, 0, -0.5,,,0,0,1024,1024,1024,1024,0,0,0,0,25.3,0,0,54,3.659,3.657,3.657,3.656,0,0,6.184,80.06,9.821582335288,19.68504,6,P-GPS
85400,2026-05-09 10:20:57,19.68504,,,9.821582335288,14.107612,10.737312,33.03641838,43.404857032,16,5,14.631,10.805834335288,20.669292,10.737312,33.03641838,8.94776,5.368656,0,30, 4.6, -0.6,,,0,0,1024,1024,1024,1024,0,0,0,0,25.3,0,0,54,3.659,3.657,3.657,3.656,0,0,6.184,80.06,9.821582335288,19.68504,6,P-GPS
85500,2026-05-09 10:20:57,19.68504,,,9.821582335288,14.435696,9.9320136,34.728347568,45.09678622,16,5,14.631,10.805834335288,20.669292,10.737312,34.728347568,8.500372,5.144962,0,30.2, 20.8, -0.8,,,0,0,1024,1024,1024,1024,0,0,0,0,25.3,0,0,54,3.659,3.657,3.657,3.656,0,0,6.184,80.06,9.821582335288,19.68504,6,P-GPS
85600,2026-05-09 10:20:57,19.68504,,,9.821582335288,14.435696,8.94776,35.878281988,46.24672064,16,5,14.631,10.805834335288,20.669292,10.737312,35.878281988,7.605596,4.697574,0,29.8, 29.6, -1.5,,,0,0,1024,1024,1024,1024,0,0,0,0,25.3,0,0,54,3.659,3.657,3.657,3.656,0,0,6.184,80.06,9.821582335288,19.68504,6,P-GPS
85700,2026-05-09 10:20:57,19.68504,,,9.821582335288,14.435696,7.4490102,37.075460504,47.446195744,16,5,14.631,10.805834335288,20.669292,10.737312,37.075460504,6.263432,4.026492,0,29.6, 31.1, -1.7,,,0,0,1024,1024,1024,1024,0,0,0,0,25.3,0,0,54,3.659,3.657,3.657,3.656,0,0,6.184,80.06,9.821582335288,19.68504,6,P-GPS
85800,2026-05-09 10:20:57,19.68504,,,9.821582335288,14.435696,6.0173686,38.164699384,48.535434624,16,5,14.631,10.805834335288,20.669292,10.737312,38.164699384,5.144962,3.131716,0,29.7, 30.4, -1.2,,,0,0,1024,1024,1024,1024,0,0,0,0,25.3,0,0,54,3.659,3.657,3.657,3.656,0,0,6.184,80.06,9.821582335288,19.68504,6,P-GPS
85900,2026-05-09 10:20:58,19.68504,,,9.821582335288,14.435696,4.7199434,38.704725648,49.079397896,17,5,14.631,10.805834335288,20.669292,10.737312,38.704725648,4.026492,2.460634,0.223694,29.7, 27, -1.3,,,0,0,1082,1024,1024,1024,9,0,0,0,25.3,0,0,54,3.659,3.657,3.657,3.656,0,0,6.184,80.06,9.821582335288,19.68504,6,P-GPS
86000,2026-05-09 10:20:58,19.68504,,,9.821582335288,14.107612,3.6014734,39.363190236,49.738846736,17,5,14.649,10.805834335288,20.669292,10.737312,39.363190236,3.131716,1.789552,0,29.9, 21.8, 0,,,0,0,1274,1024,1024,1024,38,0,0,0,25.3,0,0,54,3.657,3.652,3.654,3.652,0,0,5.956,80.24,9.821582335288,19.68504,6,P-GPS
86100,2026-05-09 10:20:58,19.68504,,,9.821582335288,13.451444,2.6172198,39.781169252,50.156497668,16,5,14.649,10.805834335288,20.669292,10.737312,39.781169252,2.23694,1.342164,0,29.9, 14.1, -0.1,,,0,0,1424,1024,1024,1024,61,0,0,0,25.3,0,0,54,3.657,3.652,3.654,3.652,0,0,5.956,80.24,9.821582335288,19.68504,6,P-GPS
86200,2026-05-09 10:20:58,19.68504,,,9.821582335288,13.451444,1.9237684,40.038715192,50.415355944,16,5,14.649,10.805834335288,20.669292,10.737312,40.038715192,1.565858,1.11847,0,29.9, 7.2, -0.3,,,0,0,1494,1024,1024,1024,71,0,0,0,25.3,0,0,54,3.657,3.652,3.654,3.652,0,0,5.956,80.24,9.821582335288,19.68504,6,P-GPS
86300,2026-05-09 10:20:58,19.68504,,,9.821582335288,13.451444,1.6105968,40.209318872,50.585959624,16,5,14.649,10.805834335288,20.669292,10.737312,40.209318872,1.342164,0.894776,0,29.9, 1, -0.4,,,0,0,1494,1024,1024,1024,71,0,0,0,25.3,0,0,54,3.657,3.652,3.654,3.652,0,0,5.956,80.24,9.821582335288,19.68504,6,P-GPS
86400,2026-05-09 10:20:58,19.68504,,,9.821582335288,13.12336,1.6105968,40.514108908,50.891077744,16,5,14.649,10.805834335288,20.669292,10.737312,40.514108908,1.342164,0.894776,0,30, -4.8, -0.4,,,0,0,1502,1024,1024,1024,72,0,0,0,25.3,0,0,54,3.657,3.652,3.654,3.652,0,0,5.956,80.24,9.821582335288,19.68504,6,P-GPS
86500,2026-05-09 10:20:58,19.68504,,,9.821582335288,13.451444,1.6105968,40.962271652,51.339568572,16,5,14.649,10.805834335288,20.669292,10.737312,40.962271652,1.342164,0.894776,0,30, -8.5, -0.2,,,0,0,1507,1024,1024,1024,73,0,0,0,25.3,0,0,54,3.657,3.652,3.654,3.652,0,0,5.956,80.24,9.821582335288,19.68504,6,P-GPS
86600,2026-05-09 10:20:58,19.68504,,,9.821582335288,13.451444,2.1027236,41.299542004,51.676838924,16,5,14.649,10.805834335288,20.669292,10.737312,41.299542004,1.789552,1.11847,0,30, -10.5, -0.5,,,0,0,1520,1024,1024,1024,75,0,0,0,25.3,0,0,54,3.657,3.652,3.654,3.652,0,0,5.956,80.24,9.821582335288,19.68504,6,P-GPS
86700,2026-05-09 10:20:58,19.68504,,,9.821582335288,13.451444,2.4158952,41.790027584,52.167324504,16,5,14.649,10.805834335288,20.669292,10.737312,41.790027584,2.013246,1.342164,0,30.1, -11.6, -0.5,,,0,0,1524,1024,1024,1024,76,0,0,0,25.3,0,0,54,3.657,3.652,3.654,3.652,0,0,5.956,80.24,9.821582335288,19.68504,6,P-GPS
86800,2026-05-09 10:20:58,19.68504,,,9.821582335288,13.451444,2.796175,42.147639144,52.525592232,16,5,14.649,10.805834335288,20.669292,10.737312,42.147639144,2.460634,1.342164,0,30.1, -12.6, -0.3,,,0,0,1523,1024,1024,1024,76,0,0,0,25.3,0,0,54,3.657,3.652,3.654,3.652,0,0,5.956,80.24,9.821582335288,19.68504,6,P-GPS
86900,2026-05-09 10:20:59,19.68504,,,9.821582335288,13.451444,3.2211936,42.779200844,53.157153932,15,5,14.649,10.805834335288,20.669292,10.737312,42.779200844,2.684328,1.789552,0,30.1, -13.5, -0.2,,,0,0,1523,1024,1024,1024,76,0,0,0,25.3,0,0,54,3.657,3.652,3.654,3.652,0,0,5.956,80.24,9.821582335288,19.68504,6,P-GPS
87000,2026-05-09 10:20:59,19.68504,,,9.821582335288,13.451444,3.7133204,43.355972516,53.734253688,15,5,14.573,10.805834335288,20.669292,10.737312,43.355972516,3.131716,2.013246,0,30.1, -13.5, -0.3,,,0,0,1521,1024,1024,1024,75,0,0,0,25.3,0,0,54,3.658,3.655,3.656,3.656,0,0,6.687,80.24,9.821582335288,19.68504,6,P-GPS
87100,2026-05-09 10:20:59,19.68504,,,9.821582335288,13.451444,4.2278166,43.945539464,54.324476804,15,5,14.573,10.805834335288,20.669292,10.737312,43.945539464,3.579104,2.23694,0,30.1, -13.7, -0.4,,,0,0,1515,1024,1024,1024,74,0,0,0,25.3,0,0,54,3.658,3.655,3.656,3.656,0,0,6.687,80.24,9.821582335288,19.68504,6,P-GPS
87200,2026-05-09 10:20:59,19.68504,,,9.821582335288,13.12336,4.7199434,44.757875448,55.136812788,15,5,14.573,10.805834335288,20.669292,10.737312,44.757875448,4.026492,2.460634,0,30.1, -13.6, -0.7,,,0,0,1433,1024,1024,1024,62,0,0,0,25.3,0,0,54,3.658,3.655,3.656,3.656,0,0,6.687,80.24,9.821582335288,19.68504,6,P-GPS
87300,2026-05-09 10:20:59,19.68504,,,9.821582335288,13.12336,5.2120702,45.491799356,55.872377116,15,5,14.573,10.805834335288,20.669292,10.737312,45.491799356,4.47388,2.684328,0,30.1, -12.5, -0.8,,,0,0,1425,1024,1024,1024,61,0,0,0,25.3,0,0,54,3.658,3.655,3.656,3.656,0,0,6.687,80.24,9.821582335288,19.68504,6,P-GPS
87400,2026-05-09 10:20:59,19.68504,,,9.821582335288,13.451444,5.5252418,46.29593324,56.676511,15,5,14.573,10.805834335288,20.669292,10.737312,46.29593324,4.697574,2.908022,0,30.2, -10.5, -0.6,,,0,0,1075,1024,1024,1024,8,0,0,0,25.3,0,0,54,3.658,3.655,3.656,3.656,0,0,6.687,80.24,9.821582335288,19.68504,6,P-GPS
87500,2026-05-09 10:20:59,19.68504,,,9.821582335288,13.779528,5.7265664,47.176182612,57.557088456,15,5,14.573,10.805834335288,20.669292,10.737312,47.176182612,4.921268,2.908022,0,30.1, -7.8, -0.5,,,0,0,1024,1024,1024,1024,0,0,0,0,25.3,0,0,54,3.658,3.655,3.656,3.656,0,0,6.687,80.24,9.821582335288,19.68504,6,P-GPS
87600,2026-05-09 10:20:59,19.68504,,,9.821582335288,13.451444,6.0173686,47.990159016,58.371392944,15,5,14.573,10.805834335288,20.669292,10.737312,47.990159016,5.144962,3.131716,0,30.2, -3.2, -0.6,,,0,0,1024,1024,1024,1024,0,0,0,0,25.3,0,0,54,3.658,3.655,3.656,3.656,0,0,6.687,80.24,9.821582335288,19.68504,6,P-GPS
87700,2026-05-09 10:20:59,19.68504,,,9.821582335288,13.779528,6.0173686,49.02067086,59.401904788,16,5,14.573,10.805834335288,20.669292,10.737312,49.02067086,5.144962,3.131716,0,30.2, -0.1, -0.4,,,0,0,1024,1024,1024,1024,0,0,0,0,25.3,0,0,54,3.658,3.655,3.656,3.656,0,0,6.687,80.24,9.821582335288,19.68504,6,P-GPS
87800,2026-05-09 10:20:59,19.68504,,,9.821582335288,14.107612,5.7265664,49.870080336,60.251642348,16,5,14.573,10.805834335288,20.669292,10.737312,49.870080336,4.921268,2.908022,0,30.3, 10.3, -0.4,,,0,0,1024,1024,1024,1024,0,0,0,0,25.3,0,0,54,3.658,3.655,3.656,3.656,0,0,6.687,80.24,9.821582335288,19.68504,6,P-GPS
87900,2026-05-09 10:21:00,19.68504,,,9.821582335288,14.107612,5.2120702,50.68405674,61.066603004,16,5,14.573,10.805834335288,20.669292,10.737312,50.68405674,4.47388,2.684328,0,30.2, 18.2, -0.3,,,0,0,1024,1024,1024,1024,0,0,0,0,25.3,0,0,54,3.658,3.655,3.656,3.656,0,0,6.687,80.24,9.821582335288,19.68504,6,P-GPS
88000,2026-05-09 10:21:00,19.68504,,,9.821582335288,14.107612,4.4067718,51.37303314,61.755579404,16,5,14.624,10.805834335288,20.669292,10.737312,51.37303314,3.802798,2.23694,0,30, 20.6, -0.8,,,0,0,1024,1024,843,1024,0,0,-27,0,25.3,0,0,54,3.662,3.66,3.66,3.652,0,0,6.681,80.42,9.821582335288,19.68504,6,P-GPS
88100,2026-05-09 10:21:00,19.68504,,,9.821582335288,13.779528,3.4225182,51.964568592,62.34744294,16,5,14.624,10.805834335288,20.669292,10.737312,51.964568592,2.908022,1.789552,0,29.9, 19.2, -1.2,,,0,0,1024,1024,794,1024,0,0,-35,0,25.3,0,0,54,3.662,3.66,3.66,3.652,0,0,6.681,80.42,9.821582335288,19.68504,6,P-GPS
88200,2026-05-09 10:21:00,19.68504,,,9.821582335288,13.779528,2.6172198,52.377954432,62.761484948,16,5,14.624,10.805834335288,20.669292,10.737312,52.377954432,2.23694,1.342164,0.223694,29.9, 16, -1,,,0,0,1024,1024,931,1024,0,0,-14,0,25.3,0,0,54,3.662,3.66,3.66,3.652,0,0,6.681,80.42,9.821582335288,19.68504,6,P-GPS
88300,2026-05-09 10:21:00,19.68504,,,9.821582335288,13.451444,2.3040482,52.7066946,63.090881284,16,5,14.624,10.805834335288,20.669292,10.737312,52.7066946,2.013246,1.11847,0.894776,29.9, 13.9, -0.8,,,0,0,1024,1024,1024,1024,0,0,0,0,25.3,0,0,54,3.662,3.66,3.66,3.652,0,0,6.681,80.42,9.821582335288,19.68504,6,P-GPS
88400,2026-05-09 10:21:00,19.356956,,,9.493498335288,12.467192,1.6105968,53.000001696,63.38418838,16,5,14.624,10.805834335288,20.669292,10.737312,53.000001696,1.342164,0.894776,0.671082,29.9, 11.7, -0.7,,,0,0,1024,1024,1024,1024,0,0,0,0,25.3,0,0,54,3.662,3.66,3.66,3.652,0,0,6.681,80.42,9.493498335288,19.356956,6,P-GPS
88500,2026-05-09 10:21:00,19.356956,,,9.493498335288,12.795276,1.006623,53.218833724,63.603348492,16,5,14.624,10.805834335288,20.669292,10.737312,53.218833724,0.894776,0.447388,0.223694,29.9, 8.5, -0.3,,,0,0,1024,1024,1024,1024,0,0,0,0,25.3,0,0,54,3.662,3.66,3.66,3.652,0,0,6.681,80.42,9.493498335288,19.356956,6,P-GPS
88600,2026-05-09 10:21:00,19.356956,,,9.493498335288,12.795276,0.8052984,53.404201184,63.789044036,16,5,14.624,10.805834335288,20.669292,10.737312,53.404201184,0.671082,0.447388,0,29.9, 6, -0.1,,,0,0,1024,1024,1024,1024,0,0,0,0,25.3,0,0,54,3.662,3.66,3.66,3.652,0,0,6.681,80.42,9.493498335288,19.356956,6,P-GPS
88700,2026-05-09 10:21:00,19.356956,,,9.493498335288,12.139108,0.4921268,53.459319296,63.845802568,16,5,14.624,10.805834335288,20.669292,10.737312,53.459319296,0.447388,0.223694,0,30, 4.4, -0.2,,,0,0,1024,1024,1024,1024,0,0,0,0,25.3,0,0,54,3.662,3.66,3.66,3.652,0,0,6.681,80.42,9.493498335288,19.356956,6,P-GPS
88800,2026-05-09 10:21:00,19.356956,,,9.493498335288,11.811024,0.3131716,53.568571268,63.956366876,16,5,14.624,10.805834335288,20.669292,10.737312,53.568571268,0.223694,0.223694,0,30, 3.5, -0.2,,,0,0,1024,1024,1024,1024,0,0,0,0,25.3,0,0,54,3.662,3.66,3.66,3.652,0,0,6.681,80.42,9.493498335288,19.356956,6,P-GPS
88900,2026-05-09 10:21:01,19.356956,,,9.493498335288,11.154856,0,53.578413788,63.9681779,16,5,14.624,10.805834335288,20.669292,10.737312,53.578413788,0,0,0,30, 2.7, -0.1,,,0,0,1024,1024,1024,1024,0,0,0,0,25.3,0,0,54,3.662,3.66,3.66,3.652,0,0,6.681,80.42,9.493498335288,19.356956,6,P-GPS
89000,2026-05-09 10:21:01,19.356956,,,9.493498335288,11.48294,0,53.614503028,64.00426714,16,5,14.623,10.805834335288,20.669292,10.737312,53.614503028,0,0,0,30.1, 2, -0.1,,,0,0,1024,1024,1024,1024,0,0,0,0,25.3,0,0,54,3.622,3.629,3.639,3.648,0,0,6.386,80.42,9.493498335288,19.356956,6,P-GPS
89100,2026-05-09 10:21:01,19.356956,,,9.493498335288,10.826772,0,53.634188068,64.023624096,16,5,14.623,10.805834335288,20.669292,10.737312,53.634188068,0,0,0,30.1, 1.4, 0,,,0,0,1024,1024,1024,1024,0,0,0,0,25.3,0,0,54,3.622,3.629,3.639,3.648,0,0,6.386,80.42,9.493498335288,19.356956,6,P-GPS
89200,2026-05-09 10:21:01,19.356956,,,9.493498335288,10.826772,0,53.60564476,64.053807824,16,5,14.623,10.805834335288,20.669292,10.737312,53.634188068,0,0,0,30, 1, 0,,,0,0,1024,1024,1024,1024,0,0,0,0,25.3,0,0,54,3.622,3.629,3.639,3.648,0,0,6.386,80.42,9.493498335288,19.356956,6,P-GPS
89300,2026-05-09 10:21:01,19.356956,,,9.493498335288,11.154856,0,53.6007235,64.062009924,16,5,14.623,10.805834335288,20.669292,10.737312,53.634188068,0,0,0,30, 0.6, 0,,,0,0,1024,1024,1024,1024,0,0,0,0,25.3,0,0,54,3.622,3.629,3.639,3.648,0,0,6.386,80.42,9.493498335288,19.356956,6,P-GPS
89400,2026-05-09 10:21:01,19.356956,,,9.493498335288,11.154856,0,53.597114576,64.075133284,16,5,14.623,10.805834335288,20.669292,10.737312,53.634188068,0,0,0,29.9, 0.2, 0.1,,,0,0,1024,1024,1024,1024,0,0,0,0,25.3,0,0,54,3.622,3.629,3.639,3.648,0,0,6.386,80.42,9.493498335288,19.356956,6,P-GPS
89500,2026-05-09 10:21:01,19.356956,,,9.493498335288,11.154856,0,53.591537148,64.083335384,16,5,14.623,10.805834335288,20.669292,10.737312,53.634188068,0,0,0,29.9, 0, 0.2,,,0,0,1024,1024,1024,1024,0,0,0,0,25.3,0,0,54,3.622,3.629,3.639,3.648,0,0,6.386,80.42,9.493498335288,19.356956,6,P-GPS
89600,2026-05-09 10:21:01,19.356956,,,9.493498335288,11.154856,0,53.566930848,64.108269768,16,5,14.623,10.805834335288,20.669292,10.737312,53.634188068,0,0,0,29.9, -0.2, 0.1,,,0,0,1024,1024,1024,1024,0,0,0,0,25.3,0,0,54,3.622,3.629,3.639,3.648,0,0,6.386,80.42,9.493498335288,19.356956,6,P-GPS
89700,2026-05-09 10:21:01,19.356956,,,9.493498335288,10.826772,0,53.556760244,64.118768456,16,5,14.623,10.805834335288,20.669292,10.737312,53.634188068,0,0,0,29.9, -0.6, 0,,,0,0,1024,1024,1024,1024,0,0,0,0,25.3,0,0,54,3.622,3.629,3.639,3.648,0,0,6.386,80.42,9.493498335288,19.356956,6,P-GPS
89800,2026-05-09 10:21:01,19.356956,,,9.493498335288,11.154856,0,53.535434784,64.146327512,16,5,14.623,10.805834335288,20.669292,10.737312,53.634188068,0,0,0,29.9, -0.8, 0,,,0,0,1024,1024,770,1024,0,0,-38,0,25.3,0,0,54,3.622,3.629,3.639,3.648,0,0,6.386,80.42,9.493498335288,19.356956,6,P-GPS
89900,2026-05-09 10:21:02,19.356956,,,9.493498335288,11.154856,0,53.508203812,64.176839324,16,5,14.623,10.805834335288,20.669292,10.737312,53.634188068,0,0,0,29.9, -1, 0.2,,,0,0,1024,1024,457,1024,0,0,-86,0,25.3,0,0,54,3.622,3.629,3.639,3.648,0,0,6.386,80.42,9.493498335288,19.356956,6,P-GPS
90000,2026-05-09 10:21:02,19.356956,,,9.493498335288,10.498688,0,53.500985964,64.184385256,16,5,14.609,10.805834335288,20.669292,10.737312,53.634188068,0,0,0.671082,30, -1.2, 0.4,,,0,0,1024,1024,364,1024,0,0,-100,0,25.3,0,0,54,3.658,3.657,3.656,3.655,0,0,6.627,80.6,9.493498335288,19.356956,6,P-GPS
90100,2026-05-09 10:21:02,19.028872,,,9.165414335288,10.826772,0,53.502626384,64.190946936,16,5,14.609,10.805834335288,20.669292,10.737312,53.634188068,0,0,1.789552,30.1, -1.2, 0.6,,,0,0,1024,1024,364,1024,0,0,-100,0,25.3,0,0,54,3.658,3.657,3.656,3.655,0,0,6.627,80.6,9.165414335288,19.028872,6,P-GPS
90200,2026-05-09 10:21:02,18.700788,,,8.837330335288,10.498688,0,53.5022983,64.198492868,16,5,14.609,10.805834335288,20.669292,10.737312,53.634188068,0,0,2.684328,30.1, -1, 0.5,,,0,0,1024,1024,364,1024,0,0,-100,0,25.3,0,0,54,3.658,3.657,3.656,3.655,0,0,6.627,80.6,8.837330335288,18.700788,6,P-GPS
90300,2026-05-09 10:21:02,18.372704,,,8.509246335288,10.170604,0,53.47605158,64.225067672,16,5,14.609,10.805834335288,20.669292,10.737312,53.634188068,0,0,3.131716,30.1, -0.8, 0.2,,,0,0,1024,1024,364,1024,0,0,-100,0,25.3,0,0,54,3.658,3.657,3.656,3.655,0,0,6.627,80.6,8.509246335288,18.372704,6,P-GPS
90400,2026-05-09 10:21:02,17.716536,,,7.853078335288,9.84252,0,53.496064704,64.247377384,16,5,14.609,10.805834335288,20.669292,10.737312,53.634188068,0,0,3.35541,30.1, -0.4, 0.1,,,0,0,1024,1024,364,1024,0,0,-100,0,25.3,0,0,54,3.658,3.657,3.656,3.655,0,0,6.627,80.6,7.853078335288,17.716536,6,P-GPS
90500,2026-05-09 10:21:02,17.060368,,,7.196910335288,9.186352,0,53.500001712,64.254267148,16,5,14.609,10.805834335288,20.669292,10.737312,53.634188068,0,0,3.35541,30.1, -0.3, 0.2,,,0,0,1024,1024,364,1024,0,0,-100,0,25.3,0,0,54,3.658,3.657,3.656,3.655,0,0,6.627,80.6,7.196910335288,17.060368,6,P-GPS
90600,2026-05-09 10:21:02,16.732284,,,6.868826335288,8.858268,0,53.414043704,64.34383408,16,5,14.609,10.805834335288,20.669292,10.737312,53.634188068,0,0,3.131716,30.1, -0.7, 0,,,0,0,1024,1024,364,1024,0,0,-100,0,25.3,0,0,54,3.658,3.657,3.656,3.655,0,0,6.627,80.6,6.868826335288,16.732284,6,P-GPS
90700,2026-05-09 10:21:02,16.4042,,,6.540742335288,8.2021,0,53.451117196,64.38320416,16,5,14.609,10.805834335288,20.669292,10.737312,53.634188068,0,0,3.131716,30.1, -1.2, -0.1,,,0,0,1024,1024,364,1024,0,0,-100,0,25.3,0,0,54,3.658,3.657,3.656,3.655,0,0,6.627,80.6,6.540742335288,16.4042,6,P-GPS
90800,2026-05-09 10:21:02,15.748032,,,5.884574335288,7.874016,0,53.44160276,64.395343268,16,5,14.609,10.805834335288,20.669292,10.737312,53.634188068,0,0,2.908022,30.1, -1.2, -0.1,,,0,0,1024,1024,364,1024,0,0,-100,0,25.3,0,0,54,3.658,3.657,3.656,3.655,0,0,6.627,80.6,5.884574335288,15.748032,6,P-GPS
90900,2026-05-09 10:21:02,15.419948,,,5.556490335288,7.874016,0,53.437665752,64.399280276,16,5,14.609,10.805834335288,20.669292,10.737312,53.634188068,0,0,2.684328,30.1, -1, 0,,,0,0,1024,1024,364,1024,0,0,-100,0,25.3,0,0,54,3.658,3.657,3.656,3.655,0,0,6.627,80.6,5.556490335288,15.419948,6,P-GPS
91000,2026-05-09 10:21:03,15.091864,,,5.228406335288,7.217848,0,53.502626384,64.464240908,16,5,14.692,10.805834335288,20.669292,10.737312,53.634188068,0,0,2.460634,30.1, -1, 0,,,0,0,1024,1024,364,1024,0,0,-100,0,25.3,0,0,54,3.656,3.655,3.653,3.652,0,0,5.13,80.6,5.228406335288,15.091864,6,P-GPS
91100,2026-05-09 10:21:03,14.76378,,,4.900322335288,7.874016,0,53.642390168,64.605973196,16,5,14.692,10.805834335288,20.669292,10.737312,53.642390168,0,0,2.460634,30.1, -0.6, -0.1,,,0,0,1024,1024,364,1024,0,0,-100,0,25.3,0,0,54,3.656,3.655,3.653,3.652,0,0,5.13,80.6,4.900322335288,14.76378,6,P-GPS
91200,2026-05-09 10:21:03,14.435696,,,4.572238335288,7.545932,0,53.71063164,64.675527004,16,5,14.692,10.805834335288,20.669292,10.737312,53.71063164,0,0,2.460634,30.1, 0.1, -0.3,,,0,0,1024,1024,364,1024,0,0,-100,0,25.3,0,0,54,3.656,3.655,3.653,3.652,0,0,5.13,80.6,4.572238335288,14.435696,6,P-GPS
91300,2026-05-09 10:21:03,14.107612,,,4.244154335288,6.889764,0,53.590552896,64.795933832,16,5,14.692,10.805834335288,20.669292,10.737312,53.71063164,0,0,2.460634,30.1, 0.4, -0.3,,,0,0,1024,1024,364,1024,0,0,-100,0,25.3,0,0,54,3.656,3.655,3.653,3.652,0,0,5.13,80.6,4.244154335288,14.107612,6,P-GPS
91400,2026-05-09 10:21:03,13.451444,,,3.587986335288,7.217848,0,53.626314052,64.834975828,16,5,14.692,10.805834335288,20.669292,10.737312,53.71063164,0,0,2.23694,30, 0.5, -0.4,,,0,0,1024,1024,364,1024,0,0,-100,0,25.3,0,0,54,3.656,3.655,3.653,3.652,0,0,5.13,80.6,3.587986335288,13.451444,6,P-GPS
91500,2026-05-09 10:21:03,13.451444,,,3.587986335288,7.217848,0,53.569227436,64.895343284,16,5,14.692,10.805834335288,20.669292,10.737312,53.71063164,0,0,2.23694,29.9, 0.4, -0.3,,,0,0,1024,1024,364,1024,0,0,-100,0,25.3,0,0,54,3.656,3.655,3.653,3.652,0,0,5.13,80.6,3.587986335288,13.451444,6,P-GPS
91600,2026-05-09 10:21:03,13.12336,,,3.259902335288,7.545932,0,53.56627468,64.90485772,16,5,14.692,10.805834335288,20.669292,10.737312,53.71063164,0,0,2.23694,29.9, 0, -0.2,,,0,0,1024,1024,364,1024,0,0,-100,0,25.3,0,0,54,3.656,3.655,3.653,3.652,0,0,5.13,80.6,3.259902335288,13.12336,6,P-GPS
91700,2026-05-09 10:21:03,12.795276,,,2.931818335288,7.217848,0,53.534122448,64.938322288,16,5,14.692,10.805834335288,20.669292,10.737312,53.71063164,0,0,2.23694,29.8, -0.2, -0.2,,,0,0,1024,1024,364,1024,0,0,-100,0,25.3,0,0,54,3.656,3.655,3.653,3.652,0,0,5.13,80.6,2.931818335288,12.795276,6,P-GPS
91800,2026-05-09 10:21:03,12.467192,,,2.603734335288,7.545932,0,53.450789112,65.02460838,16,5,14.692,10.805834335288,20.669292,10.737312,53.71063164,0,0,2.23694,29.8, -0.7, 0,,,0,0,1024,1024,364,1024,0,0,-100,0,25.3,0,0,54,3.656,3.655,3.653,3.652,0,0,5.13,80.6,2.603734335288,12.467192,6,P-GPS
91900,2026-05-09 10:21:04,12.139108,,,2.275650335288,7.217848,0,53.430775988,65.048558512,16,5,14.692,10.805834335288,20.669292,10.737312,53.71063164,0,0,2.23694,29.8, -0.8, -0.1,,,0,0,1024,1024,364,1024,0,0,-100,0,25.3,0,0,54,3.656,3.655,3.653,3.652,0,0,5.13,80.6,2.275650335288,12.139108,6,P-GPS
92000,2026-05-09 10:21:04,11.811024,,,1.947566335288,6.56168,0,53.383859976,65.110894472,16,5,14.622,10.805834335288,20.669292,10.737312,53.71063164,0,0,2.23694,29.8, -0.7, -0.4,,,0,0,1024,1024,364,1024,0,0,-100,0,25.3,0,0,54,3.653,3.655,3.657,3.659,0,0,6.225,80.78,1.947566335288,11.811024,6,P-GPS
92100,2026-05-09 10:21:04,11.48294,,,1.619482335288,7.217848,0,53.368768112,65.130907596,16,5,14.622,10.805834335288,20.669292,10.737312,53.71063164,0,0,2.013246,29.8, -0.7, -0.6,,,0,0,1024,1024,364,1024,0,0,-100,0,25.3,0,0,54,3.653,3.655,3.657,3.659,0,0,6.225,80.78,1.619482335288,11.48294,6,P-GPS
92200,2026-05-09 10:21:04,11.154856,,,1.291398335288,7.217848,0,53.309384908,65.1902908,16,5,14.622,10.805834335288,20.669292,10.737312,53.71063164,0,0,2.013246,29.9, -0.7, -0.7,,,0,0,1024,1024,364,1024,0,0,-100,0,25.3,0,0,54,3.653,3.655,3.657,3.659,0,0,6.225,80.78,1.291398335288,11.154856,6,P-GPS
92300,2026-05-09 10:21:04,10.826772,,,0.963314335288,7.217848,0,53.2972458,65.216865604,16,5,14.622,10.805834335288,20.669292,10.737312,53.71063164,0,0,2.013246,29.9, -0.8, -0.7,,,0,0,1024,1024,364,1024,0,0,-100,0,25.3,0,0,54,3.653,3.655,3.657,3.659,0,0,6.225,80.78,0.963314335288,10.826772,6,P-GPS
92400,2026-05-09 10:21:04,10.498688,,,0.635230335288,7.217848,0,53.279529264,65.236550644,16,5,14.622,10.805834335288,20.669292,10.737312,53.71063164,0,0,2.23694,29.9, -0.9, -0.7,,,0,0,1024,1024,364,1024,0,0,-100,0,25.3,0,0,54,3.653,3.655,3.657,3.659,0,0,6.225,80.78,0.635230335288,10.498688,6,P-GPS
92500,2026-05-09 10:21:04,10.170604,,,0.307146335288,7.217848,0,53.255907216,65.261485028,16,5,14.622,10.805834335288,20.669292,10.737312,53.71063164,0,0,2.23694,29.9, -1, -0.6,,,0,0,1024,1024,364,1024,0,0,-100,0,25.3,0,0,54,3.653,3.655,3.657,3.659,0,0,6.225,80.78,0.307146335288,10.170604,6,P-GPS
92600,2026-05-09 10:21:04,9.84252,,,-0.020937664712001,7.217848,0,53.255579132,65.29035642,16,5,14.622,10.805834335288,20.669292,10.737312,53.71063164,0,0,2.23694,29.9, -1, -0.6,,,0,0,1024,1024,364,1024,0,0,-100,0,25.3,0,0,54,3.653,3.655,3.657,3.659,0,0,6.225,80.78,-0.020937664712001,9.84252,6,P-GPS
92700,2026-05-09 10:21:04,9.514436,,,-0.349021664712,7.217848,0,53.217521388,65.335960096,16,5,14.622,10.805834335288,20.669292,10.737312,53.71063164,0,0,2.23694,30, -1.1, -0.5,,,0,0,1024,1024,364,1024,0,0,-100,0,25.3,0,0,54,3.653,3.655,3.657,3.659,0,0,6.225,80.78,-0.349021664712,9.514436,6,P-GPS
92800,2026-05-09 10:21:04,9.186352,,,-0.677105664712,6.889764,0,53.195867844,65.357941724,16,5,14.622,10.805834335288,20.669292,10.737312,53.71063164,0,0,2.013246,30, -1.2, -0.5,,,0,0,1024,1024,364,1024,0,0,-100,0,25.3,0,0,54,3.653,3.655,3.657,3.659,0,0,6.225,80.78,-0.677105664712,9.186352,6,P-GPS
92900,2026-05-09 10:21:05,8.858268,,,-1.005189664712,6.889764,0,53.150264168,65.408794744,16,5,14.622,10.805834335288,20.669292,10.737312,53.71063164,0,0,2.013246,30, -1.1, -0.4,,,0,0,1024,1024,364,1024,0,0,-100,0,25.3,0,0,54,3.653,3.655,3.657,3.659,0,0,6.225,80.78,-1.005189664712,8.858268,6,P-GPS
93000,2026-05-09 10:21:05,8.530184,,,-1.333273664712,5.905512,0,53.142718236,65.417653012,16,5,14.64,10.805834335288,20.669292,10.737312,53.71063164,0,0,2.013246,30, -0.9, -0.2,,,0,0,1024,1024,364,1024,0,0,-100,0,25.3,0,0,54,3.66,3.662,3.665,3.666,0,0,6.065,80.78,-1.333273664712,8.530184,6,P-GPS
93100,2026-05-09 10:21:05,8.2021,,,-1.661357664712,6.233596,0,53.136812724,65.425855112,16,5,14.64,10.805834335288,20.669292,10.737312,53.71063164,0,0,2.013246,30, -0.9, -0.3,,,0,0,1024,1024,364,1024,0,0,-100,0,25.3,0,0,54,3.66,3.662,3.665,3.666,0,0,6.065,80.78,-1.661357664712,8.2021,6,P-GPS
93200,2026-05-09 10:21:05,7.874016,,,-1.989441664712,5.905512,0,53.100723484,65.467849864,16,5,14.64,10.805834335288,20.669292,10.737312,53.71063164,0,0,1.789552,30, -1, -0.2,,,0,0,1024,1024,364,1024,0,0,-100,0,25.3,0,0,54,3.66,3.662,3.665,3.666,0,0,6.065,80.78,-1.989441664712,7.874016,6,P-GPS
93300,2026-05-09 10:21:05,7.545932,,,-2.317525664712,5.577428,0,53.075132932,65.49540892,16,5,14.64,10.805834335288,20.669292,10.737312,53.71063164,0,0,1.789552,30, -1.3, 0,,,0,0,1024,1024,364,1024,0,0,-100,0,25.3,0,0,54,3.66,3.662,3.665,3.666,0,0,6.065,80.78,-2.317525664712,7.545932,6,P-GPS
93400,2026-05-09 10:21:05,7.217848,,,-2.645609664712,5.577428,0,53.058400648,65.520671388,16,5,14.64,10.805834335288,20.669292,10.737312,53.71063164,0,0,1.565858,30, -1.3, 0,,,0,0,1024,1024,364,1024,0,0,-100,0,25.3,0,0,54,3.66,3.662,3.665,3.666,0,0,6.065,80.78,-2.645609664712,7.217848,6,P-GPS
93500,2026-05-09 10:21:05,7.217848,,,-2.645609664712,5.905512,0,53.061681488,65.562994224,15,5,14.64,10.805834335288,20.669292,10.737312,53.71063164,0,0,1.565858,30.1, -1.1, 0.2,,,0,0,1024,1024,364,1024,0,0,-100,0,25.3,0,0,54,3.66,3.662,3.665,3.666,0,0,6.065,80.78,-2.645609664712,7.217848,6,P-GPS
93600,2026-05-09 10:21:05,6.889764,,,-2.973693664712,5.577428,0,53.048558128,65.581038844,15,5,14.64,10.805834335288,20.669292,10.737312,53.71063164,0,0,1.565858,30.1, -1, 0.3,,,0,0,1024,1024,364,1024,0,0,-100,0,25.3,0,0,54,3.66,3.662,3.665,3.666,0,0,6.065,80.78,-2.973693664712,6.889764,6,P-GPS
93700,2026-05-09 10:21:05,6.56168,,,-3.301777664712,5.249344,0,53.039043692,65.601380052,15,5,14.64,10.805834335288,20.669292,10.737312,53.71063164,0,0,1.565858,30.1, -1.1, 0.4,,,0,0,1024,1024,364,1024,0,0,-100,0,25.3,0,0,54,3.66,3.662,3.665,3.666,0,0,6.065,80.78,-3.301777664712,6.56168,6,P-GPS
93800,2026-05-09 10:21:05,6.56168,,,-3.301777664712,5.249344,0,53.02985734,65.615487664,15,5,14.64,10.805834335288,20.669292,10.737312,53.71063164,0,0,1.565858,30.1, -1.2, 0.5,,,0,0,1024,1024,364,1024,0,0,-100,0,25.3,0,0,54,3.66,3.662,3.665,3.666,0,0,6.065,80.78,-3.301777664712,6.56168,6,P-GPS
93900,2026-05-09 10:21:06,6.233596,,,-3.629861664712,4.92126,0,53.025592248,65.631235696,15,5,14.64,10.805834335288,20.669292,10.737312,53.71063164,0,0,1.342164,30.1, -1.2, 0.6,,,0,0,1024,1024,364,1024,0,0,-100,0,25.3,0,0,54,3.66,3.662,3.665,3.666,0,0,6.065,80.78,-3.629861664712,6.233596,6,P-GPS
94000,2026-05-09 10:21:06,5.905512,,,-3.957945664712,4.593176,0,53.02985734,65.638453544,15,5,14.627,10.805834335288,20.669292,10.737312,53.71063164,0,0,1.342164,30.1, -1.3, 0.7,,,0,0,1024,1024,364,1024,0,0,-100,0,25.3,0,0,54,3.659,3.656,3.654,3.653,0,0,6.205,80.78,-3.957945664712,5.905512,6,P-GPS
94100,2026-05-09 10:21:06,5.905512,,,-3.957945664712,4.593176,0,53.03149776,65.644359056,15,5,14.627,10.805834335288,20.669292,10.737312,53.71063164,0,0,1.11847,30.2, -1.3, 0.7,,,0,0,1024,1024,364,1024,0,0,-100,0,25.3,0,0,54,3.659,3.656,3.654,3.653,0,0,6.205,80.78,-3.957945664712,5.905512,6,P-GPS
94200,2026-05-09 10:21:06,5.577428,,,-4.286029664712,4.593176,0,53.036747104,65.66273176,15,5,14.627,10.805834335288,20.669292,10.737312,53.71063164,0,0,1.11847,30.2, -1.2, 0.6,,,0,0,1024,1024,364,1024,0,0,-100,0,25.3,0,0,54,3.659,3.656,3.654,3.653,0,0,6.205,80.78,-4.286029664712,5.577428,6,P-GPS
94300,2026-05-09 10:21:06,5.577428,,,-4.286029664712,4.265092,0,53.006563376,65.707351184,15,5,14.627,10.805834335288,20.669292,10.737312,53.71063164,0,0,1.11847,30.2, -1.1, 0.5,,,0,0,1024,1024,364,1024,0,0,-100,0,25.3,0,0,54,3.659,3.656,3.654,3.653,0,0,6.205,80.78,-4.286029664712,5.577428,6,P-GPS
94400,2026-05-09 10:21:06,5.249344,,,-4.614113664712,4.265092,0,53.014765476,65.717849872,15,5,14.627,10.805834335288,20.669292,10.737312,53.71063164,0,0,1.11847,30.2, -1.1, 0.6,,,0,0,1024,1024,364,1024,0,0,-100,0,25.3,0,0,54,3.659,3.656,3.654,3.653,0,0,6.205,80.78,-4.614113664712,5.249344,6,P-GPS
94500,2026-05-09 10:21:06,5.249344,,,-4.614113664712,4.265092,0,53.066602748,65.77428032,15,5,14.627,10.805834335288,20.669292,10.737312,53.71063164,0,0,0.894776,30.2, -0.9, 0.5,,,0,0,1024,1024,364,1024,0,0,-100,0,25.3,0,0,54,3.659,3.656,3.654,3.653,0,0,6.205,80.78,-4.614113664712,5.249344,6,P-GPS
94600,2026-05-09 10:21:06,4.92126,,,-4.942197664712,3.937008,0,53.091209048,65.79888662,15,5,14.627,10.805834335288,20.669292,10.737312,53.71063164,0,0,0.894776,30.2, -0.7, 0.4,,,0,0,1024,1024,364,1024,0,0,-100,0,25.3,0,0,54,3.659,3.656,3.654,3.653,0,0,6.205,80.78,-4.942197664712,4.92126,6,P-GPS
94700,2026-05-09 10:21:06,4.92126,,,-4.942197664712,3.608924,0,53.091537132,65.81036956,15,5,14.627,10.805834335288,20.669292,10.737312,53.71063164,0,0,0.894776,30.2, -0.5, 0.3,,,0,0,1024,1024,364,1024,0,0,-100,0,25.3,0,0,54,3.659,3.656,3.654,3.653,0,0,6.205,80.78,-4.942197664712,4.92126,6,P-GPS
94800,2026-05-09 10:21:06,4.593176,,,-5.270281664712,3.608924,0,53.113190676,65.832351188,15,5,14.627,10.805834335288,20.669292,10.737312,53.71063164,0,0,0.894776,30.2, -0.5, 0.3,,,0,0,1024,1024,364,1024,0,0,-100,0,25.3,0,0,54,3.659,3.656,3.654,3.653,0,0,6.205,80.78,-5.270281664712,4.593176,6,P-GPS
94900,2026-05-09 10:21:07,4.593176,,,-5.270281664712,3.608924,0,53.12992296,65.855645152,15,5,14.627,10.805834335288,20.669292,10.737312,53.71063164,0,0,0.671082,30.2, -0.4, 0.3,,,0,0,1024,1024,364,1024,0,0,-100,0,25.3,0,0,54,3.659,3.656,3.654,3.653,0,0,6.205,80.78,-5.270281664712,4.593176,6,P-GPS
95000,2026-05-09 10:21:07,4.593176,,,-5.270281664712,3.28084,0,53.118768104,65.867128092,15,5,14.616,10.805834335288,20.669292,10.737312,53.71063164,0,0,0.671082,30.2, -0.6, 0.3,,,0,0,1024,1024,364,1024,0,0,-100,0,25.3,0,0,54,3.656,3.653,3.655,3.655,0,0,6.201,80.96,-5.270281664712,4.593176,6,P-GPS
95100,2026-05-09 10:21:07,4.265092,,,-5.598365664712,3.28084,0,53.106300912,65.88090762,15,5,14.616,10.805834335288,20.669292,10.737312,53.71063164,0,0,0.671082,30.2, -0.9, 0.2,,,0,0,1024,1024,364,1024,0,0,-100,0,25.3,0,0,54,3.656,3.653,3.655,3.655,0,0,6.201,80.96,-5.598365664712,4.265092,6,P-GPS
95200,2026-05-09 10:21:07,4.265092,,,-5.598365664712,3.28084,0,53.078085688,65.91371602,15,5,14.616,10.805834335288,20.669292,10.737312,53.71063164,0,0,0.671082,30.2, -1, 0,,,0,0,1024,1024,364,1024,0,0,-100,0,25.3,0,0,54,3.656,3.653,3.655,3.655,0,0,6.201,80.96,-5.598365664712,4.265092,6,P-GPS
95300,2026-05-09 10:21:07,4.265092,,,-5.598365664712,2.952756,0,53.134516136,65.972114972,15,5,14.616,10.805834335288,20.669292,10.737312,53.71063164,0,0,0.447388,30.2, -1, 0.1,,,0,0,1024,1024,364,1024,0,0,-100,0,25.3,0,0,54,3.656,3.653,3.655,3.655,0,0,6.201,80.96,-5.598365664712,4.265092,6,P-GPS
95400,2026-05-09 10:21:07,3.937008,,,-5.926449664712,2.952756,0,53.140093564,65.978020484,15,5,14.616,10.805834335288,20.669292,10.737312,53.71063164,0,0,0.447388,30.2, -0.9, 0.1,,,0,0,1024,1024,364,1024,0,0,-100,0,25.3,0,0,54,3.656,3.653,3.655,3.655,0,0,6.201,80.96,-5.926449664712,3.937008,6,P-GPS
95500,2026-05-09 10:21:07,3.937008,,,-5.926449664712,2.624672,0,53.149279916,65.989831508,15,5,14.616,10.805834335288,20.669292,10.737312,53.71063164,0,0,0.447388,30.2, -0.8, 0.2,,,0,0,1024,1024,364,1024,0,0,-100,0,25.3,0,0,54,3.656,3.653,3.655,3.655,0,0,6.201,80.96,-5.926449664712,3.937008,6,P-GPS
95600,2026-05-09 10:21:07,3.937008,,,-5.926449664712,2.624672,0,53.156825848,66.004267204,15,5,14.616,10.805834335288,20.669292,10.737312,53.71063164,0,0,0.447388,30.2, -0.8, 0.2,,,0,0,1024,1024,364,1024,0,0,-100,0,25.3,0,0,54,3.656,3.653,3.655,3.655,0,0,6.201,80.96,-5.926449664712,3.937008,6,P-GPS
95700,2026-05-09 10:21:07,3.937008,,,-5.926449664712,2.624672,0,53.186353408,66.033794764,15,5,14.616,10.805834335288,20.669292,10.737312,53.71063164,0,0,0.447388,30.2, -0.7, 0.3,,,0,0,1024,1024,364,1024,0,0,-100,0,25.3,0,0,54,3.656,3.653,3.655,3.655,0,0,6.201,80.96,-5.926449664712,3.937008,6,P-GPS
95800,2026-05-09 10:21:07,3.608924,,,-6.254533664712,2.624672,0,53.20046102,66.054464056,15,5,14.616,10.805834335288,20.669292,10.737312,53.71063164,0,0,0.447388,30.1, -0.7, 0.1,,,0,0,1024,1024,364,1024,0,0,-100,0,25.3,0,0,54,3.656,3.653,3.655,3.655,0,0,6.201,80.96,-6.254533664712,3.608924,6,P-GPS
95900,2026-05-09 10:21:08,3.608924,,,-6.254533664712,2.624672,0,53.214240548,66.072508676,15,5,14.616,10.805834335288,20.669292,10.737312,53.71063164,0,0,0.447388,30.2, -0.6, -0.2,,,0,0,1024,1024,364,1024,0,0,-100,0,25.3,0,0,54,3.656,3.653,3.655,3.655,0,0,6.201,80.96,-6.254533664712,3.608924,6,P-GPS
96000,2026-05-09 10:21:08,3.608924,,,-6.254533664712,2.296588,0,53.203085692,66.083663532,15,5,14.611,10.805834335288,20.669292,10.737312,53.71063164,0,0,0.447388,30.2, -0.6, -0.2,,,0,0,1024,1024,364,1024,0,0,-100,0,25.3,0,0,54,3.656,3.654,3.654,3.654,0,0,6.246,80.96,-6.254533664712,3.608924,6,P-GPS
96100,2026-05-09 10:21:08,3.608924,,,-6.254533664712,2.296588,0,53.21358438,66.094818388,15,5,14.611,10.805834335288,20.669292,10.737312,53.71063164,0,0,0.447388,30.2, -0.6, 0,,,0,0,1024,1024,364,1024,0,0,-100,0,25.3,0,0,54,3.656,3.654,3.654,3.654,0,0,6.246,80.96,-6.254533664712,3.608924,6,P-GPS
96200,2026-05-09 10:21:08,3.608924,,,-6.254533664712,2.296588,0,53.227691992,66.115815764,15,5,14.611,10.805834335288,20.669292,10.737312,53.71063164,0,0,0.447388,30.2, -0.6, 0,,,0,0,1024,1024,364,1024,0,0,-100,0,25.3,0,0,54,3.656,3.654,3.654,3.654,0,0,6.246,80.96,-6.254533664712,3.608924,6,P-GPS
96300,2026-05-09 10:21:08,3.28084,,,-6.582617664712,2.296588,0,53.250329788,66.142062484,15,5,14.611,10.805834335288,20.669292,10.737312,53.71063164,0,0,0.447388,30.2, -0.6, 0.1,,,0,0,1024,1024,364,1024,0,0,-100,0,25.3,0,0,54,3.656,3.654,3.654,3.654,0,0,6.246,80.96,-6.582617664712,3.28084,6,P-GPS
96400,2026-05-09 10:21:08,3.28084,,,-6.582617664712,2.296588,0,53.259188056,66.152561172,15,5,14.611,10.805834335288,20.669292,10.737312,53.71063164,0,0,0.447388,30.2, -0.6, 0.2,,,0,0,1024,1024,364,1024,0,0,-100,0,25.3,0,0,54,3.656,3.654,3.654,3.654,0,0,6.246,80.96,-6.582617664712,3.28084,6,P-GPS
96500,2026-05-09 10:21:08,3.28084,,,-6.582617664712,2.296588,0,53.268702492,66.162075608,15,5,14.611,10.805834335288,20.669292,10.737312,53.71063164,0,0,0.447388,30.2, -0.7, 0.2,,,0,0,1024,1024,364,1024,0,0,-100,0,25.3,0,0,54,3.656,3.654,3.654,3.654,0,0,6.246,80.96,-6.582617664712,3.28084,6,P-GPS
96600,2026-05-09 10:21:08,3.28084,,,-6.582617664712,2.296588,0,53.236222176,66.195212092,15,5,14.611,10.805834335288,20.669292,10.737312,53.71063164,0,0,0.223694,30.2, -0.7, 0.2,,,0,0,1024,1024,364,1024,0,0,-100,0,25.3,0,0,54,3.656,3.654,3.654,3.654,0,0,6.246,80.96,-6.582617664712,3.28084,6,P-GPS
96700,2026-05-09 10:21:08,3.28084,,,-6.582617664712,1.968504,0,53.254922964,66.214240964,15,5,14.611,10.805834335288,20.669292,10.737312,53.71063164,0,0,0.223694,30.2, -0.6, 0.2,,,0,0,1024,1024,364,1024,0,0,-100,0,25.3,0,0,54,3.656,3.654,3.654,3.654,0,0,6.246,80.96,-6.582617664712,3.28084,6,P-GPS
96800,2026-05-09 10:21:08,2.952756,,,-6.910701664712,1.968504,0,53.263781232,66.226380072,15,5,14.611,10.805834335288,20.669292,10.737312,53.71063164,0,0,0.223694,30.2, -0.6, 0.1,,,0,0,1024,1024,364,1024,0,0,-100,0,25.3,0,0,54,3.656,3.654,3.654,3.654,0,0,6.246,80.96,-6.910701664712,2.952756,6,P-GPS
96900,2026-05-09 10:21:08,2.952756,,,-6.910701664712,1.968504,0,53.281497768,66.246393196,15,5,14.611,10.805834335288,20.669292,10.737312,53.71063164,0,0,0.223694,30.2, -0.5, 0,,,0,0,1024,1024,364,1024,0,0,-100,0,25.3,0,0,54,3.656,3.654,3.654,3.654,0,0,6.246,80.96,-6.910701664712,2.952756,6,P-GPS
97000,2026-05-09 10:21:09,2.952756,,,-6.910701664712,1.968504,0,53.316602756,66.288059864,15,5,14.616,10.805834335288,20.669292,10.737312,53.71063164,0,0,0.223694,30.2, -0.4, 0,,,0,0,1024,1024,364,1024,0,0,-100,0,25.3,0,0,54,3.655,3.652,3.652,3.652,0,0,6.188,81.14,-6.910701664712,2.952756,6,P-GPS
97100,2026-05-09 10:21:09,2.952756,,,-6.910701664712,1.968504,0,53.317915092,66.30413598,15,5,14.616,10.805834335288,20.669292,10.737312,53.71063164,0,0,0.223694,30.2, -0.4, 0,,,0,0,1024,1024,364,1024,0,0,-100,0,25.3,0,0,54,3.655,3.652,3.652,3.652,0,0,6.188,81.14,-6.910701664712,2.952756,6,P-GPS
97200,2026-05-09 10:21:09,2.952756,,,-6.910701664712,1.968504,0,53.3300542,66.317587424,15,5,14.616,10.805834335288,20.669292,10.737312,53.71063164,0,0,0.223694,30.2, -0.4, 0,,,0,0,1024,1024,364,1024,0,0,-100,0,25.3,0,0,54,3.655,3.652,3.652,3.652,0,0,6.188,81.14,-6.910701664712,2.952756,6,P-GPS
97300,2026-05-09 10:21:09,2.952756,,,-6.910701664712,1.968504,0,53.31529042,66.332679288,15,5,14.616,10.805834335288,20.669292,10.737312,53.71063164,0,0,0,30.2, -0.4, 0,,,0,0,1024,1024,364,1024,0,0,-100,0,25.3,0,0,54,3.655,3.652,3.652,3.652,0,0,6.188,81.14,-6.910701664712,2.952756,6,P-GPS
97400,2026-05-09 10:21:09,2.952756,,,-6.910701664712,1.968504,0,53.317587008,66.337272464,15,5,14.616,10.805834335288,20.669292,10.737312,53.71063164,0,0,0,30.2, -0.3, 0.2,,,0,0,1024,1024,364,1024,0,0,-100,0,25.3,0,0,54,3.655,3.652,3.652,3.652,0,0,6.188,81.14,-6.910701664712,2.952756,6,P-GPS
97500,2026-05-09 10:21:09,2.952756,,,-6.910701664712,1.968504,0,53.317915092,66.350723908,15,5,14.616,10.805834335288,20.669292,10.737312,53.71063164,0,0,0,30.2, -0.3, 0.1,,,0,0,1024,1024,364,1024,0,0,-100,0,25.3,0,0,54,3.655,3.652,3.652,3.652,0,0,6.188,81.14,-6.910701664712,2.952756,6,P-GPS
97600,2026-05-09 10:21:09,2.952756,,,-6.910701664712,1.968504,0,53.316602756,66.352036244,15,5,14.616,10.805834335288,20.669292,10.737312,53.71063164,0,0,0,30.2, -0.4, 0.2,,,0,0,1024,1024,364,1024,0,0,-100,0,25.3,0,0,54,3.655,3.652,3.652,3.652,0,0,6.188,81.14,-6.910701664712,2.952756,33,Confirm_Landing
97700,2026-05-09 10:21:09,2.952756,,,-6.910701664712,1.968504,0,53.317258924,66.35662942,15,5,14.616,10.805834335288,20.669292,10.737312,53.71063164,0,0,0,30.2, -0.5, 0.1,,,0,0,1024,1024,364,1024,0,0,-100,0,25.3,0,0,54,3.655,3.652,3.652,3.652,0,0,6.188,81.14,-6.910701664712,2.952756,33,Confirm_Landing
97800,2026-05-09 10:21:09,2.952756,,,-6.910701664712,1.64042,0,53.335631628,66.37631446,15,5,14.616,10.805834335288,20.669292,10.737312,53.71063164,0,0,0,30.2, -0.5, 0,,,0,0,1024,1024,364,1024,0,0,-100,0,25.3,0,0,54,3.655,3.652,3.652,3.652,0,0,6.188,81.14,-6.910701664712,2.952756,33,Confirm_Landing
97900,2026-05-09 10:21:10,2.624672,,,-7.238785664712,1.64042,0,53.3382563,66.3795953,15,5,14.616,10.805834335288,20.669292,10.737312,53.71063164,0,0,0.223694,30.3, -0.3, 0,,,0,0,1024,1024,364,1024,0,0,-100,0,25.3,0,0,54,3.655,3.652,3.652,3.652,0,0,6.188,81.14,-7.238785664712,2.624672,33,Confirm_Landing
98000,2026-05-09 10:21:10,2.624672,,,-7.238785664712,1.64042,0,53.334319292,66.385828896,15,5,14.613,10.805834335288,20.669292,10.737312,53.71063164,0,0,0.671082,30.3, -0.4, 0,,,0,0,1024,1024,364,1024,0,0,-100,0,25.3,0,0,54,3.655,3.652,3.651,3.651,0,0,6.24,81.14,-7.238785664712,2.624672,33,Confirm_Landing
98100,2026-05-09 10:21:10,2.624672,,,-7.238785664712,1.64042,0,53.332678872,66.3877974,15,5,14.613,10.805834335288,20.669292,10.737312,53.71063164,0,0,0.894776,30.4, -0.3, 0,,,0,0,1024,1024,651,1024,0,0,-57,0,25.3,0,0,54,3.655,3.652,3.651,3.651,0,0,6.24,81.14,-7.238785664712,2.624672,33,Confirm_Landing
98200,2026-05-09 10:21:10,2.296588,,,-7.566869664712,1.312336,0,53.32349252,66.401576928,15,5,14.613,10.805834335288,20.669292,10.737312,53.71063164,0,0,0.894776,30.4, -0.4, -0.2,,,0,0,1024,1024,1024,1024,0,0,0,0,25.3,0,0,54,3.655,3.652,3.651,3.651,0,0,6.24,81.14,-7.566869664712,2.296588,33,Confirm_Landing
98300,2026-05-09 10:21:10,2.296588,,,-7.566869664712,1.312336,0,53.350723492,66.436681916,14,5,14.613,10.805834335288,20.669292,10.737312,53.71063164,0,0,0.671082,30.5, -0.6, -0.3,,,0,0,1024,1024,1024,1024,0,0,0,0,25.3,0,0,54,3.655,3.652,3.651,3.651,0,0,6.24,81.14,-7.566869664712,2.296588,33,Confirm_Landing
98400,2026-05-09 10:21:10,1.968504,,,-7.894953664712,0.984252,0,53.346130316,66.445540184,14,5,14.613,10.805834335288,20.669292,10.737312,53.71063164,0,0,0.671082,30.4, -0.5, -0.2,,,0,0,1024,1024,1024,1024,0,0,0,0,25.3,0,0,54,3.655,3.652,3.651,3.651,0,0,6.24,81.14,-7.894953664712,1.968504,33,Confirm_Landing
98500,2026-05-09 10:21:10,1.968504,,,-7.894953664712,0.984252,0,53.286090944,66.507876144,14,5,14.613,10.805834335288,20.669292,10.737312,53.71063164,0,0,0.671082,30.4, -0.5, -0.2,,,0,0,1024,1024,1024,1024,0,0,0,0,25.3,0,0,54,3.655,3.652,3.651,3.651,0,0,6.24,81.14,-7.894953664712,1.968504,33,Confirm_Landing
98600,2026-05-09 10:21:10,1.968504,,,-7.894953664712,0.984252,0,53.274936088,66.52231184,14,5,14.613,10.805834335288,20.669292,10.737312,53.71063164,0,0,0.671082,30.4, -0.6, -0.3,,,0,0,1024,1024,1024,1024,0,0,0,0,25.3,0,0,54,3.655,3.652,3.651,3.651,0,0,6.24,81.14,-7.894953664712,1.968504,33,Confirm_Landing
98700,2026-05-09 10:21:10,1.64042,,,-8.223037664712,0.984252,0,53.316274672,66.563650424,14,5,14.613,10.805834335288,20.669292,10.737312,53.71063164,0,0,0.671082,30.4, -0.7, -0.4,,,0,0,1024,1024,1024,1024,0,0,0,0,25.3,0,0,54,3.655,3.652,3.651,3.651,0,0,6.24,81.14,-8.223037664712,1.64042,33,Confirm_Landing
98800,2026-05-09 10:21:10,1.64042,,,-8.223037664712,0.656168,0,53.316274672,66.56496276,14,5,14.613,10.805834335288,20.669292,10.737312,53.71063164,0,0,0.447388,30.3, -0.7, -0.3,,,0,0,1024,1024,1024,1024,0,0,0,0,25.3,0,0,54,3.655,3.652,3.651,3.651,0,0,6.24,81.14,-8.223037664712,1.64042,33,Confirm_Landing
98900,2026-05-09 10:21:11,1.64042,,,-8.223037664712,0.656168,0,53.31693084,66.566275096,14,5,14.613,10.805834335288,20.669292,10.737312,53.71063164,0,0,0.447388,30.3, -0.5, -0.2,,,0,0,1024,1024,1024,1024,0,0,0,0,25.3,0,0,54,3.655,3.652,3.651,3.651,0,0,6.24,81.14,-8.223037664712,1.64042,33,Confirm_Landing
99000,2026-05-09 10:21:11,1.64042,,,-8.223037664712,0.656168,0,53.320539764,66.572836776,14,5,14.608,10.805834335288,20.669292,10.737312,53.71063164,0,0,0.447388,30.3, -0.4, -0.1,,,0,0,1024,1024,1024,1024,0,0,0,0,25.3,0,0,54,3.659,3.655,3.653,3.652,0,0,6.098,81.14,-8.223037664712,1.64042,33,Confirm_Landing
99100,2026-05-09 10:21:11,1.312336,,,-8.551121664712,0.656168,0,53.325789108,66.57808612,14,5,14.608,10.805834335288,20.669292,10.737312,53.71063164,0,0,0.447388,30.2, -0.5, 0,,,0,0,1024,1024,1024,1024,0,0,0,0,25.3,0,0,54,3.659,3.655,3.653,3.652,0,0,6.098,81.14,-8.551121664712,1.312336,33,Confirm_Landing
99200,2026-05-09 10:21:11,1.312336,,,-8.551121664712,0.328084,0,53.332678872,66.590881396,14,5,14.608,10.805834335288,20.669292,10.737312,53.71063164,0,0,0.447388,30.3, -0.3, 0,,,0,0,1024,1024,1024,1024,0,0,0,0,25.3,0,0,54,3.659,3.655,3.653,3.652,0,0,6.098,81.14,-8.551121664712,1.312336,33,Confirm_Landing
99300,2026-05-09 10:21:11,1.312336,,,-8.551121664712,0.328084,0,53.343833728,66.60269242,15,5,14.608,10.805834335288,20.669292,10.737312,53.71063164,0,0,0.447388,30.3, -0.3, 0.1,,,0,0,1024,1024,1024,1024,0,0,0,0,25.3,0,0,54,3.659,3.655,3.653,3.652,0,0,6.098,81.14,-8.551121664712,1.312336,33,Confirm_Landing
99400,2026-05-09 10:21:11,1.312336,,,-8.551121664712,0.328084,0,53.360566012,66.62073704,15,5,14.608,10.805834335288,20.669292,10.737312,53.71063164,0,0,0.447388,30.3, -0.2, 0.1,,,0,0,1024,1024,1024,1024,0,0,0,0,25.3,0,0,54,3.659,3.655,3.653,3.652,0,0,6.098,81.14,-8.551121664712,1.312336,33,Confirm_Landing
99500,2026-05-09 10:21:11,1.312336,,,-8.551121664712,0.328084,0,53.329069948,66.652889272,15,5,14.608,10.805834335288,20.669292,10.737312,53.71063164,0,0,0.223694,30.3, -0.1, 0,,,0,0,1024,1024,1024,1024,0,0,0,0,25.3,0,0,54,3.659,3.655,3.653,3.652,0,0,6.098,81.14,-8.551121664712,1.312336,33,Confirm_Landing
99600,2026-05-09 10:21:11,0.984252,,,-8.879205664712,0.328084,0,53.335303544,66.659122868,15,5,14.608,10.805834335288,20.669292,10.737312,53.71063164,0,0,0.223694,30.4, 0, 0,,,0,0,1024,1024,1024,1024,0,0,0,0,25.3,0,0,54,3.659,3.655,3.653,3.652,0,0,6.098,81.14,-8.879205664712,0.984252,33,Confirm_Landing
99700,2026-05-09 10:21:11,0.984252,,,-8.879205664712,0.328084,0,53.362206432,66.687010008,15,5,14.608,10.805834335288,20.669292,10.737312,53.71063164,0,0,0.223694,30.5, -0.1, 0,,,0,0,1024,1024,1024,1024,0,0,0,0,25.3,0,0,54,3.659,3.655,3.653,3.652,0,0,6.098,81.14,-8.879205664712,0.984252,33,Confirm_Landing
99800,2026-05-09 10:21:11,0.984252,,,-8.879205664712,0.328084,0,53.367127692,66.69783678,15,5,14.608,10.805834335288,20.669292,10.737312,53.71063164,0,0,0.223694,30.6, -0.4, -0.1,,,0,0,1024,1024,1024,1024,0,0,0,0,25.3,0,0,54,3.659,3.655,3.653,3.652,0,0,6.098,81.14,-8.879205664712,0.984252,33,Confirm_Landing
99900,2026-05-09 10:21:12,0.984252,,,-8.879205664712,0.328084,0,53.386156564,66.717849904,15,5,14.608,10.805834335288,20.669292,10.737312,53.71063164,0,0,0,30.2, 2, -0.3,,,0,0,1024,1024,1024,1024,0,0,0,0,25.3,0,0,54,3.659,3.655,3.653,3.652,0,0,6.098,81.14,-8.879205664712,0.984252,33,Confirm_Landing
100000,2026-05-09 10:21:12,0.984252,,,-8.879205664712,0.328084,0,53.370736616,66.734910272,15,5,14.616,10.805834335288,20.669292,10.737312,53.71063164,0,0,0,30.2, 3.8, -0.2,,,0,0,1024,1024,1024,1024,0,0,0,0,25.3,0,0,54,3.66,3.659,3.659,3.66,0,0,6.136,81.32,-8.879205664712,0.984252,33,Confirm_Landing
100100,2026-05-09 10:21:12,0.984252,,,-8.879205664712,0.328084,0,53.353676248,66.751642556,15,5,14.616,10.805834335288,20.669292,10.737312,53.71063164,0,0,0,30.2, 5.2, -0.2,,,0,0,1024,1024,1024,1024,0,0,0,0,25.3,0,0,54,3.66,3.659,3.659,3.66,0,0,6.136,81.32,-8.879205664712,0.984252,33,Confirm_Landing
100200,2026-05-09 10:21:12,0.984252,,,-8.879205664712,0.328084,0,53.345474148,66.760500824,15,5,14.616,10.805834335288,20.669292,10.737312,53.71063164,0,0,0,30.3, 5.3, -0.2,,,0,0,1024,1024,1024,1024,0,0,0,0,25.3,0,0,54,3.66,3.659,3.659,3.66,0,0,6.136,81.32,-8.879205664712,0.984252,33,Confirm_Landing
100300,2026-05-09 10:21:12,0.984252,,,-8.879205664712,0.328084,0,53.338584384,66.767718672,15,5,14.616,10.805834335288,20.669292,10.737312,53.71063164,0,0,0,30.2, 5.3, -0.3,,,0,0,1024,1024,1024,1024,0,0,0,0,25.3,0,0,54,3.66,3.659,3.659,3.66,0,0,6.136,81.32,-8.879205664712,0.984252,33,Confirm_Landing
100400,2026-05-09 10:21:12,0.984252,,,-8.879205664712,0.328084,0,53.363518768,66.793637308,15,5,14.616,10.805834335288,20.669292,10.737312,53.71063164,0,0,0,30.3, 5.3, -0.3,,,0,0,1024,1024,1024,1024,0,0,0,0,25.3,0,0,54,3.66,3.659,3.659,3.66,0,0,6.136,81.32,-8.879205664712,0.984252,33,Confirm_Landing
100500,2026-05-09 10:21:12,0.984252,,,-8.879205664712,0.328084,0,53.360894096,66.795933896,15,5,14.616,10.805834335288,20.669292,10.737312,53.71063164,0,0,0,30.3, 5.3, -0.3,,,0,0,1024,1024,1024,1024,0,0,0,0,25.3,0,0,54,3.66,3.659,3.659,3.66,0,0,6.136,81.32,-8.879205664712,0.984252,33,Confirm_Landing
100600,2026-05-09 10:21:12,0.984252,,,-8.879205664712,0.328084,0,53.365487272,66.8061045,15,5,14.616,10.805834335288,20.669292,10.737312,53.71063164,0,0,0,30.3, 5.3, -0.3,,,0,0,1024,1024,1024,1024,0,0,0,0,25.3,0,0,54,3.66,3.659,3.659,3.66,0,0,6.136,81.32,-8.879205664712,0.984252,33,Confirm_Landing
100700,2026-05-09 10:21:12,0.984252,,,-8.879205664712,0.328084,0,53.362534516,66.80938534,15,5,14.616,10.805834335288,20.669292,10.737312,53.71063164,0,0,0,30.3, 5.3, -0.3,,,0,0,1024,1024,1024,1024,0,0,0,0,25.3,0,0,54,3.66,3.659,3.659,3.66,0,0,6.136,81.32,-8.879205664712,0.984252,33,Confirm_Landing
100800,2026-05-09 10:21:12,0,,,-9.863457664712,0.328084,0,53.358597508,66.813978516,15,5,14.616,10.805834335288,20.669292,10.737312,53.71063164,0,0,0,30.3, 5.3, -0.3,,,0,0,1024,1024,1024,1024,0,0,0,0,25.3,0,0,54,3.66,3.659,3.659,3.66,0,0,6.136,81.32,-9.863457664712,0,33,Confirm_Landing
