time(millisecond),datetime(utc),height_above_takeoff(feet),height_above_ground_at_drone_location(feet),ground_elevation_at_drone_location(feet),altitude_above_seaLevel(feet),height_sonar(feet),speed(mph),distance(feet),mileage(feet),satellites,gpslevel,voltage(v),max_altitude(feet),max_ascent(feet),max_speed(mph),max_distance(feet), xSpeed(mph), ySpeed(mph), zSpeed(mph), compass_heading(degrees), pitch(degrees), roll(degrees),wind_speed(mph),wind_direction(degrees),isPhoto,isVideo,rc_elevator,rc_aileron,rc_throttle,rc_rudder,rc_elevator(percent),rc_aileron(percent),rc_throttle(percent),rc_rudder(percent),gimbal_heading(degrees),gimbal_pitch(degrees),gimbal_roll(degrees),battery_percent,voltageCell1,voltageCell2,voltageCell3,voltageCell4,voltageCell5,voltageCell6,current(A),battery_temperature(f),altitude(feet),ascent(feet),flycStateRaw,flycState
0,2026-05-09 10:19:28,0,Available with any HD 360 subscription,Available with any HD 360 subscription,-11.885298608676,0,0,0,0,15,5,0,0,0,0,0,0,0,0,13.5, 6.7, -1.6,Available with Enterprise subscription,,0,0,1024,1024,1024,1024,0,0,0,0,21.3,0,0,58,3.767,3.764,3.764,3.764,0,0,0,74.66,-11.885298608676,0,6,P-GPS
100,2026-05-09 10:19:28,0,,,-11.885298608676,0,0,0.00587188339,0.00587188339,15,5,0,0,0,0,0.00587188339,0,0,0,13.5, 6.7, -1.6,,,0,0,1024,1024,1024,1024,0,0,0,0,21.3,0,0,58,3.767,3.764,3.764,3.764,0,0,0,74.66,-11.885298608676,0,41,Motors_Started
200,2026-05-09 10:19:28,0,,,-11.885298608676,0,0,0.111436355272,0.112156171568,15,5,0,0,0,0,0.111436355272,0,0,0,13.5, 6.7, -1.6,,,0,0,1024,1024,1024,1024,0,0,0,0,21.3,0,0,58,3.767,3.764,3.764,3.764,0,0,0,74.66,-11.885298608676,0,41,Motors_Started
300,2026-05-09 10:19:28,0,,,-11.885298608676,0.328084,0,0.124084321556,0.124934059116,15,5,0,0,0,0,0.124084321556,0,0,0,13.5, 6.7, -1.6,,,0,0,1024,1024,1024,1024,0,0,0,0,21.3,0,0,58,3.767,3.764,3.764,3.764,0,0,0,74.66,-11.885298608676,0,41,Motors_Started
400,2026-05-09 10:19:28,0,,,-11.885298608676,0.328084,0,0.146375332768,0.150954401156,15,5,0,0,0,0,0.146375332768,0,0,0,13.5, 6.7, -1.6,,,0,0,1024,1024,1024,1024,0,0,0,0,21.3,0,0,58,3.767,3.764,3.764,3.764,0,0,0,74.66,-11.885298608676,0,41,Motors_Started
500,2026-05-09 10:19:28,0,,,-11.885298608676,0.328084,0,0.154456697856,0.161332354244,15,5,0,0,0,0,0.154456697856,0,0,0,13.5, 6.7, -1.6,,,0,0,1024,1024,1024,1024,0,0,0,0,21.3,0,0,58,3.767,3.764,3.764,3.764,0,0,0,74.66,-11.885298608676,0,41,Motors_Started
600,2026-05-09 10:19:28,0,,,-11.885298608676,0.328084,0,0.2225803877,0.234678813284,15,5,0,0,0,0,0.2225803877,0,0,0,13.4, 6.8, -1.6,,,0,0,1024,1024,1024,1024,0,0,0,0,21.3,0,0,58,3.767,3.764,3.764,3.764,0,0,0,74.66,-11.885298608676,0,41,Motors_Started
700,2026-05-09 10:19:28,0,,,-11.885298608676,0.328084,0,0.238342527312,0.251334325628,15,5,0,0,0,0,0.238342527312,0,0,0,13.5, 6.7, -1.5,,,0,0,1024,1024,1024,1024,0,0,0,0,21.3,0,0,58,3.767,3.764,3.764,3.764,0,0,0,74.66,-11.885298608676,0,41,Motors_Started
800,2026-05-09 10:19:29,0,,,-11.885298608676,0.328084,0,0.295655849356,0.313746073032,15,5,0,0,0,0,0.295655849356,0,0,0,13.5, 6.7, -1.5,,,0,0,1024,1024,1024,1024,0,0,0,0,21.3,0,0,58,3.767,3.764,3.764,3.764,0,0,0,74.66,-11.885298608676,0,41,Motors_Started
900,2026-05-09 10:19:29,0,,,-11.885298608676,0.328084,0,0.303866807624,0.321992792456,15,5,0,0,0,0,0.303866807624,0,0,0,13.5, 6.7, -1.5,,,0,0,1024,1024,1024,1024,0,0,0,0,21.3,0,0,58,3.767,3.764,3.764,3.764,0,0,0,74.66,-11.885298608676,0,41,Motors_Started
1000,2026-05-09 10:19:29,0,,,-11.885298608676,0.328084,0,0.33404200544,0.35471785912,15,5,0,0,0,0,0.33404200544,0,0,0,13.5, 6.7, -1.6,,,0,0,1024,1024,1024,1024,0,0,0,0,21.3,0,0,58,3.767,3.764,3.764,3.764,0,0,0,74.66,-11.885298608676,0,41,Motors_Started
1100,2026-05-09 10:19:29,0,,,-11.885298608676,0.328084,0,0.307868776256,0.3855151042,15,5,0,0,0,0,0.33404200544,0,0,0,13.5, 6.7, -1.6,,,0,0,1024,1024,1024,1024,0,0,0,0,21.3,0,0,58,3.767,3.764,3.764,3.764,0,0,0,74.66,-11.885298608676,0,41,Motors_Started
1200,2026-05-09 10:19:29,0,,,-11.885298608676,0.328084,0,0.42164043344,0.49994096088,15,5,0,0,0,0,0.42164043344,0,0,0,13.5, 6.7, -1.6,,,0,0,1024,1024,1024,1024,0,0,0,0,21.3,0,0,58,3.767,3.764,3.764,3.764,0,0,0,74.66,-11.885298608676,0,41,Motors_Started
1300,2026-05-09 10:19:29,0,,,-11.885298608676,0.328084,0,0.42615815012,0.50466208964,15,5,0,0,0,0,0.42615815012,0,0,0,13.5, 6.7, -1.6,,,0,0,1024,1024,1024,1024,0,0,0,0,21.3,0,0,58,3.767,3.764,3.764,3.764,0,0,0,74.66,-11.885298608676,0,41,Motors_Started
1400,2026-05-09 10:19:29,0,,,-11.885298608676,0.328084,0,0.50927166984,0.58779857524,15,5,0,0,0,0,0.50927166984,0,0,0,13.5, 6.7, -1.6,,,0,0,1024,1024,1024,1024,0,0,0,0,21.3,0,0,58,3.767,3.764,3.764,3.764,0,0,0,74.66,-11.885298608676,0,41,Motors_Started
1500,2026-05-09 10:19:29,0,,,-11.885298608676,0.328084,0,0.51606957032,0.59546589832,15,5,0,0,0,0,0.51606957032,0,0,0,13.5, 6.7, -1.6,,,0,0,1024,1024,1024,1024,0,0,0,0,21.3,0,0,58,3.767,3.764,3.764,3.764,0,0,0,74.66,-11.885298608676,0,41,Motors_Started
1600,2026-05-09 10:19:29,0,,,-11.885298608676,0.328084,0,0.57533794492,0.65829070348,15,5,0,0,0,0,0.57533794492,0,0,0,13.5, 6.7, -1.6,,,0,0,1024,1024,1024,1024,0,0,0,0,21.3,0,0,58,3.767,3.764,3.764,3.764,0,0,0,74.66,-11.885298608676,0,11,AutoTakeoff
1700,2026-05-09 10:19:29,0,,,-11.885298608676,0.328084,0,0.58640421824,0.66983597944,15,5,0,0,0,0,0.58640421824,0,0,0,13.5, 6.7, -1.6,,,0,0,1024,1024,1024,1024,0,0,0,0,21.3,0,0,58,3.767,3.764,3.764,3.764,0,0,0,74.66,-11.885298608676,0,11,AutoTakeoff
1800,2026-05-09 10:19:30,0,,,-11.885298608676,0.328084,0,0.61814634524,0.7128609152,15,5,0,0,0,0,0.61814634524,0,0,0,13.4, 6.7, -1.6,,,0,0,1024,1024,1024,1024,0,0,0,0,21.3,0,0,58,3.767,3.764,3.764,3.764,0,0,0,74.66,-11.885298608676,0,11,AutoTakeoff
1900,2026-05-09 10:19:30,0,,,-11.885298608676,0.328084,0,0.626558419,0.721374695,15,5,15.131,0,0,0,0.626558419,0,0,0,13.3, 6.6, -1.7,,,0,0,1024,1024,1024,1024,0,0,0,0,21.3,0,0,58,3.78,3.778,3.781,3.784,0,0,1.512,74.66,-11.885298608676,0,11,AutoTakeoff
2000,2026-05-09 10:19:30,0,,,-11.885298608676,0.328084,0,0.66997049388,0.77365159956,15,5,15.131,0,0,0,0.66997049388,0,0,0,12.9, 5.9, -1.7,,,0,0,1024,1024,1024,1024,0,0,0,0,21.3,0,0,58,3.78,3.778,3.781,3.784,0,0,1.512,74.66,-11.885298608676,0,11,AutoTakeoff
2100,2026-05-09 10:19:30,0,,,-11.885298608676,0.328084,0,0.65679792128,0.7954068496,15,5,15.131,0,0,0,0.66997049388,0,0,0,12.6, 2.4, -1.6,,,0,0,1024,1024,1024,1024,0,0,0,0,21.3,0,0,58,3.78,3.778,3.781,3.784,0,0,1.512,74.66,-11.885298608676,0,11,AutoTakeoff
2200,2026-05-09 10:19:30,0,,,-11.885298608676,0.328084,0,0.69254595392,0.8383038326,15,5,15.131,0,0,0,0.69254595392,0,0,-0.223694,12.8, -0.5, -0.8,,,0,0,1024,1024,1024,1024,0,0,0,0,21.3,0,0,58,3.78,3.778,3.781,3.784,0,0,1.512,74.66,-11.885298608676,0,11,AutoTakeoff
2300,2026-05-09 10:19:30,0,,,-11.885298608676,0.328084,0,0.67325789556,0.86371721924,15,5,15.131,0,0,0,0.69254595392,0,0,-0.671082,13.4, -1.1, -0.1,,,0,0,1024,1024,1024,1024,0,0,0,0,21.3,0,0,58,3.78,3.778,3.781,3.784,0,0,1.512,74.66,-11.885298608676,0,11,AutoTakeoff
2400,2026-05-09 10:19:30,0,,,-11.885298608676,0.656168,0,0.61545933728,0.96138126436,15,5,15.131,0,0,0,0.69254595392,0,0,-1.11847,13.5, -0.9, 0,,,0,0,1024,1024,1024,1024,0,0,0,0,21.3,0,0,58,3.78,3.778,3.781,3.784,0,0,1.512,74.66,-11.885298608676,0,11,AutoTakeoff
2500,2026-05-09 10:19:30,0.328084,,,-11.557214608676,0.656168,0,0.5869750844,0.99232614724,15,5,15.131,0,0.328084,0,0.69254595392,0,0,-1.11847,13.5, -0.6, 0,,,0,0,1024,1024,1024,1024,0,0,0,0,21.3,0,0,58,3.78,3.778,3.781,3.784,0,0,1.512,74.66,-11.557214608676,0.328084,11,AutoTakeoff
2600,2026-05-09 10:19:30,0.656168,,,-11.229130608676,0.984252,0,0.61579398296,1.1209646028,15,5,15.131,0,0.656168,0,0.69254595392,0,0,-1.11847,13.6, -0.4, 0,,,0,0,1024,1024,1024,1024,0,0,0,0,21.3,0,0,58,3.78,3.778,3.781,3.784,0,0,1.512,74.66,-11.229130608676,0.656168,11,AutoTakeoff
2700,2026-05-09 10:19:30,0.656168,,,-11.229130608676,0.984252,0,0.56679463756,1.17408796408,15,5,15.131,0,0.656168,0,0.69254595392,0,0,-1.11847,13.5, -0.3, 0,,,0,0,1024,1024,1024,1024,0,0,0,0,21.3,0,0,58,3.78,3.778,3.781,3.784,0,0,1.512,74.66,-11.229130608676,0.656168,11,AutoTakeoff
2800,2026-05-09 10:19:31,0.984252,,,-10.901046608676,0.984252,0,0.66258860388,1.27223101184,15,5,15.131,0,0.984252,0,0.69254595392,0,0,-0.894776,13.5, -0.8, 0.3,,,0,0,1024,1024,1024,1024,0,0,0,0,21.3,0,0,58,3.78,3.778,3.781,3.784,0,0,1.512,74.66,-10.901046608676,0.984252,11,AutoTakeoff
2900,2026-05-09 10:19:31,0.984252,,,-10.901046608676,1.312336,0,0.63190946904,1.31510174812,15,5,15.134,0,0.984252,0,0.69254595392,0,0,-0.894776,13.6, -1.2, 0.6,,,0,0,1024,1024,1024,1024,0,0,0,0,21.3,0,0,58,3.755,3.751,3.748,3.744,0,0,2.835,74.66,-10.901046608676,0.984252,11,AutoTakeoff
3000,2026-05-09 10:19:31,1.312336,,,-10.572962608676,1.312336,0,0.72420934076,1.43805122712,15,5,15.134,0,1.312336,0,0.72420934076,0,0,-0.894776,13.6, -1.1, 0.6,,,0,0,1024,1024,1024,1024,0,0,0,0,21.3,0,0,58,3.755,3.751,3.748,3.744,0,0,2.835,74.66,-10.572962608676,1.312336,11,AutoTakeoff
3100,2026-05-09 10:19:31,1.312336,,,-10.572962608676,1.64042,0,0.7233596032,1.45221133256,15,5,15.134,0,1.312336,0,0.72420934076,0,0,-0.894776,13.6, -0.9, 0.2,,,0,0,1024,1024,1024,1024,0,0,0,0,21.3,0,0,58,3.755,3.751,3.748,3.744,0,0,2.835,74.66,-10.572962608676,1.312336,11,AutoTakeoff
3200,2026-05-09 10:19:31,1.64042,,,-10.244878608676,1.64042,0,0.73637141464,1.46538390516,15,5,15.134,0,1.64042,0,0.73637141464,0,0,-0.894776,13.6, -0.9, 0,,,0,0,1024,1024,1024,1024,0,0,0,0,21.3,0,0,58,3.755,3.751,3.748,3.744,0,0,2.835,74.66,-10.244878608676,1.64042,11,AutoTakeoff
3300,2026-05-09 10:19:31,1.64042,,,-10.244878608676,1.968504,0,0.74539700548,1.48287734404,15,5,15.134,0,1.64042,0,0.74539700548,0,0,-0.894776,13.6, -1, -0.1,,,0,0,1024,1024,1024,1024,0,0,0,0,21.3,0,0,58,3.755,3.751,3.748,3.744,0,0,2.835,74.66,-10.244878608676,1.64042,11,AutoTakeoff
3400,2026-05-09 10:19:31,1.64042,,,-10.244878608676,1.968504,0,0.74013781896,1.53377301496,15,5,15.134,0,1.64042,0,0.74539700548,0,0,-0.894776,13.6, -0.9, -0.2,,,0,0,1024,1024,1024,1024,0,0,0,0,21.3,0,0,58,3.755,3.751,3.748,3.744,0,0,2.835,74.66,-10.244878608676,1.64042,11,AutoTakeoff
3500,2026-05-09 10:19:31,1.968504,,,-9.916794608676,1.968504,0,0.7441437246,1.54462931452,15,5,15.134,0,1.968504,0,0.74539700548,0,0,-0.894776,13.6, -0.8, -0.3,,,0,0,1024,1024,1024,1024,0,0,0,0,21.3,0,0,58,3.755,3.751,3.748,3.744,0,0,2.835,74.66,-9.916794608676,1.968504,11,AutoTakeoff
3600,2026-05-09 10:19:31,1.968504,,,-9.916794608676,2.296588,0,0.705872726,1.58637144184,15,5,15.134,0,1.968504,0,0.74539700548,0,0,-0.894776,13.7, -0.7, -0.3,,,0,0,1024,1024,1024,1024,0,0,0,0,21.3,0,0,58,3.755,3.751,3.748,3.744,0,0,2.835,74.66,-9.916794608676,1.968504,11,AutoTakeoff
3700,2026-05-09 10:19:31,2.296588,,,-9.588710608676,2.296588,0,0.70570540316,1.58849742616,15,5,15.134,0,2.296588,0,0.74539700548,0,0,-0.894776,13.6, -0.7, -0.3,,,0,0,1024,1024,1024,1024,0,0,0,0,21.3,0,0,58,3.755,3.751,3.748,3.744,0,0,2.835,74.66,-9.588710608676,2.296588,11,AutoTakeoff
3800,2026-05-09 10:19:32,2.296588,,,-9.588710608676,2.624672,0,0.61695211948,1.82431764368,15,5,15.134,0,2.296588,0,0.74539700548,0,0,-1.11847,13.6, -0.7, -0.3,,,0,0,1024,1024,1024,1024,0,0,0,0,21.3,0,0,58,3.755,3.751,3.748,3.744,0,0,2.835,74.66,-9.588710608676,2.296588,11,AutoTakeoff
3900,2026-05-09 10:19:32,2.624672,,,-9.260626608676,2.624672,0,0.62388781524,1.83266410064,15,5,14.955,0,2.624672,0,0.74539700548,0,0,-1.11847,13.6, -0.6, -0.2,,,0,0,1024,1024,1024,1024,0,0,0,0,21.3,0,0,58,3.731,3.73,3.729,3.729,0,0,4.695,74.66,-9.260626608676,2.624672,11,AutoTakeoff
4000,2026-05-09 10:19:32,2.624672,,,-9.260626608676,2.952756,0,0.54330382316,2.0448163384,14,5,14.955,0,2.624672,0,0.74539700548,0,0,-1.11847,13.6, -0.5, 0,,,0,0,1024,1024,1024,1024,0,0,0,0,21.3,0,0,58,3.731,3.73,3.729,3.729,0,0,4.695,74.66,-9.260626608676,2.624672,11,AutoTakeoff
4100,2026-05-09 10:19:32,2.952756,,,-8.932542608676,2.952756,0,0.54462272084,2.05844166692,14,5,14.955,0,2.952756,0,0.74539700548,0,0,-1.11847,13.6, -0.4, 0.3,,,0,0,1024,1024,1024,1024,0,0,0,0,21.3,0,0,58,3.731,3.73,3.729,3.729,0,0,4.695,74.66,-8.932542608676,2.952756,11,AutoTakeoff
4200,2026-05-09 10:19:32,2.952756,,,-8.932542608676,2.952756,0,0.47113846652,2.27495414104,14,5,14.955,0,2.952756,0,0.74539700548,0,0,-1.11847,13.6, -0.4, 0.2,,,0,0,1024,1024,1024,1024,0,0,0,0,21.3,0,0,58,3.731,3.73,3.729,3.729,0,0,4.695,74.66,-8.932542608676,2.952756,11,AutoTakeoff
4300,2026-05-09 10:19:32,3.28084,,,-8.604458608676,3.28084,0,0.47984581588,2.28912080816,14,5,14.955,0,3.28084,0,0.74539700548,0,0,-1.11847,13.6, -0.3, 0,,,0,0,1024,1024,1024,1024,0,0,0,0,21.3,0,0,58,3.731,3.73,3.729,3.729,0,0,4.695,74.66,-8.604458608676,3.28084,11,AutoTakeoff
4400,2026-05-09 10:19:32,3.28084,,,-8.604458608676,3.608924,0,0.50550854636,2.4959318384,14,5,14.955,0,3.28084,0,0.74539700548,0,0,-0.894776,13.6, -0.3, -0.1,,,0,0,1024,1024,1024,1024,0,0,0,0,21.3,0,0,58,3.731,3.73,3.729,3.729,0,0,4.695,74.66,-8.604458608676,3.28084,11,AutoTakeoff
4500,2026-05-09 10:19:32,3.608924,,,-8.276374608676,3.608924,0,0.50712928132,2.50546924028,14,5,14.955,0,3.608924,0,0.74539700548,0,0,-0.894776,13.6, -0.3, -0.1,,,0,0,1024,1024,1024,1024,0,0,0,0,21.3,0,0,58,3.731,3.73,3.729,3.729,0,0,4.695,74.66,-8.276374608676,3.608924,11,AutoTakeoff
4600,2026-05-09 10:19:32,3.608924,,,-8.276374608676,3.937008,0,0.64482941696,2.71188656972,15,5,14.955,0,3.608924,0,0.74539700548,0,0,-0.671082,13.6, -0.3, 0,,,0,0,1024,1024,1024,1024,0,0,0,0,21.3,0,0,58,3.731,3.73,3.729,3.729,0,0,4.695,74.66,-8.276374608676,3.608924,6,P-GPS
4700,2026-05-09 10:19:32,3.608924,,,-8.276374608676,3.937008,0,0.64962928588,2.71675205544,15,5,14.955,0,3.608924,0,0.74539700548,0,0,-0.223694,13.6, -0.3, 0,,,0,0,1024,1024,1024,1024,0,0,0,0,21.3,0,0,58,3.731,3.73,3.729,3.729,0,0,4.695,74.66,-8.276374608676,3.608924,6,P-GPS
4800,2026-05-09 10:19:33,3.937008,,,-7.948290608676,3.937008,0,0.85249674644,2.9741142684,15,5,14.955,0,3.937008,0,0.85249674644,0,0,0,13.6, -0.4, 0,,,0,0,1024,1024,1024,1024,0,0,0,0,21.3,0,0,58,3.731,3.73,3.729,3.729,0,0,4.695,74.66,-7.948290608676,3.937008,6,P-GPS
4900,2026-05-09 10:19:33,3.608924,,,-8.276374608676,3.608924,0,0.8579232558,2.99944563404,15,5,14.931,0,3.937008,0,0.8579232558,0,0,0,13.6, -0.6, 0.4,,,0,0,1024,1024,1024,1024,0,0,0,0,21.3,0,0,58,3.729,3.729,3.728,3.728,0,0,6.189,74.66,-8.276374608676,3.608924,6,P-GPS
5000,2026-05-09 10:19:33,3.608924,,,-8.276374608676,3.937008,0,1.03981958708,3.20125010244,15,5,14.931,0,3.937008,0,1.03981958708,0,0,0,13.6, -0.6, 0.6,,,0,0,1024,1024,1024,1024,0,0,0,0,21.3,0,0,58,3.729,3.729,3.728,3.728,0,0,6.189,74.66,-8.276374608676,3.608924,6,P-GPS
5100,2026-05-09 10:19:33,3.608924,,,-8.276374608676,3.937008,0,1.03542326148,3.21830390876,15,5,14.931,0,3.937008,0,1.03981958708,0,0,0,13.6, -0.7, 0.6,,,0,0,1024,1024,1024,1024,0,0,0,0,21.3,0,0,58,3.729,3.729,3.728,3.728,0,0,6.189,74.66,-8.276374608676,3.608924,6,P-GPS
5200,2026-05-09 10:19:33,3.608924,,,-8.276374608676,3.937008,0,1.25420279604,3.4381890864,15,5,14.931,0,3.937008,0,1.25420279604,0,0,0,13.6, -0.7, 0.4,,,0,0,1024,1024,1024,1024,0,0,0,0,21.3,0,0,58,3.729,3.729,3.728,3.728,0,0,6.189,74.66,-8.276374608676,3.608924,6,P-GPS
5300,2026-05-09 10:19:33,3.608924,,,-8.276374608676,3.608924,0,1.24086946228,3.4520342312,15,5,14.931,0,3.937008,0,1.25420279604,0,0,0,13.6, -0.6, 0.2,,,0,0,1024,1024,1024,1024,0,0,0,0,21.3,0,0,58,3.729,3.729,3.728,3.728,0,0,6.189,74.66,-8.276374608676,3.608924,6,P-GPS
5400,2026-05-09 10:19:33,3.608924,,,-8.276374608676,3.608924,0,1.51729663648,3.732611668,15,5,14.931,0,3.937008,0,1.51729663648,0,0,0,13.6, -0.7, 0.2,,,0,0,1024,1024,1024,1024,0,0,0,0,21.3,0,0,58,3.729,3.729,3.728,3.728,0,0,6.189,74.66,-8.276374608676,3.608924,6,P-GPS
5500,2026-05-09 10:19:33,3.608924,,,-8.276374608676,3.937008,0,1.50217852576,3.7500657368,15,5,14.931,0,3.937008,0,1.51729663648,0,0,0,13.6, -0.8, 0.2,,,0,0,1024,1024,1024,1024,0,0,0,0,21.3,0,0,58,3.729,3.729,3.728,3.728,0,0,6.189,74.66,-8.276374608676,3.608924,6,P-GPS
5600,2026-05-09 10:19:33,3.608924,,,-8.276374608676,3.937008,0,1.77425530612,4.0224082652,15,5,14.931,0,3.937008,0,1.77425530612,0,0,0,13.6, -0.8, 0.2,,,0,0,1024,1024,1024,1024,0,0,0,0,21.3,0,0,58,3.729,3.729,3.728,3.728,0,0,6.189,74.66,-8.276374608676,3.608924,6,P-GPS
5700,2026-05-09 10:19:33,3.608924,,,-8.276374608676,3.608924,0,1.77520018804,4.0266733572,15,5,14.931,0,3.937008,0,1.77520018804,0,0,0,13.6, -0.8, 0.1,,,0,0,1024,1024,1024,1024,0,0,0,0,21.3,0,0,58,3.729,3.729,3.728,3.728,0,0,6.189,74.66,-8.276374608676,3.608924,6,P-GPS
5800,2026-05-09 10:19:34,3.608924,,,-8.276374608676,3.608924,0,2.05906830736,4.312992264,15,5,14.931,0,3.937008,0,2.05906830736,0,0,0,13.6, -0.7, 0.2,,,0,0,1024,1024,1024,1024,0,0,0,0,21.3,0,0,58,3.729,3.729,3.728,3.728,0,0,6.189,74.66,-8.276374608676,3.608924,6,P-GPS
5900,2026-05-09 10:19:34,3.608924,,,-8.276374608676,3.608924,0,2.06993444944,4.3238518444,15,5,14.976,0,3.937008,0,2.06993444944,0,0,0,13.5, -0.7, 0.3,,,0,0,1024,1024,1024,1024,0,0,0,0,21.3,0,0,58,3.73,3.729,3.729,3.729,0,0,5.874,74.66,-8.276374608676,3.608924,6,P-GPS
6000,2026-05-09 10:19:34,3.608924,,,-8.276374608676,3.608924,0,2.3789042756,4.6334647152,15,5,14.976,0,3.937008,0,2.3789042756,0,0,0,13.5, -0.6, 0.3,,,0,0,1024,1024,1024,1024,0,0,0,0,21.3,0,0,58,3.73,3.729,3.729,3.729,0,0,5.874,74.66,-8.276374608676,3.608924,6,P-GPS
6100,2026-05-09 10:19:34,3.608924,,,-8.276374608676,3.608924,0,2.3962763234,4.6518046108,15,5,14.976,0,3.937008,0,2.3962763234,0,0,0,13.6, -0.4, 0.3,,,0,0,1024,1024,1024,1024,0,0,0,0,21.3,0,0,58,3.73,3.729,3.729,3.729,0,0,5.874,74.66,-8.276374608676,3.608924,6,P-GPS
6200,2026-05-09 10:19:34,3.608924,,,-8.276374608676,3.937008,0,2.64912081968,4.9075788972,15,5,14.976,0,3.937008,0,2.64912081968,0,0,0,13.5, -0.3, 0.2,,,0,0,1024,1024,1024,1024,0,0,0,0,21.3,0,0,58,3.73,3.729,3.729,3.729,0,0,5.874,74.66,-8.276374608676,3.608924,6,P-GPS
6300,2026-05-09 10:19:34,3.608924,,,-8.276374608676,3.937008,0,2.66679142392,4.9268702364,15,5,14.976,0,3.937008,0,2.66679142392,0,0,0,13.5, -0.2, 0.1,,,0,0,1024,1024,1024,1024,0,0,0,0,21.3,0,0,58,3.73,3.729,3.729,3.729,0,0,5.874,74.66,-8.276374608676,3.608924,6,P-GPS
6400,2026-05-09 10:19:34,3.608924,,,-8.276374608676,3.937008,0,2.92739182596,5.1887140768,16,5,14.976,0,3.937008,0,2.92739182596,0,0,0,13.5, -0.1, 0.3,,,0,0,1024,1024,1024,1024,0,0,0,0,21.3,0,0,58,3.73,3.729,3.729,3.729,0,0,5.874,74.66,-8.276374608676,3.608924,6,P-GPS
6500,2026-05-09 10:19:34,3.608924,,,-8.276374608676,3.937008,0,2.949557181,5.2148295632,16,5,14.976,0,3.937008,0,2.949557181,0,0,0,13.5, 0, 0.3,,,0,0,1024,1024,1024,1024,0,0,0,0,21.3,0,0,58,3.73,3.729,3.729,3.729,0,0,5.874,74.66,-8.276374608676,3.608924,6,P-GPS
6600,2026-05-09 10:19:34,3.608924,,,-8.276374608676,3.937008,0,3.19674550912,5.4624673664,16,5,14.976,0,3.937008,0,3.19674550912,0,0,0,13.6, 0.1, 0.3,,,0,0,1024,1024,1024,1024,0,0,0,0,21.3,0,0,58,3.73,3.729,3.729,3.729,0,0,5.874,74.66,-8.276374608676,3.608924,6,P-GPS
6700,2026-05-09 10:19:34,3.937008,,,-7.948290608676,3.937008,0,3.21388461728,5.4877298344,16,5,14.976,0,3.937008,0,3.21388461728,0,0,0,13.6, 0.2, 0.2,,,0,0,1024,1024,1024,1024,0,0,0,0,21.3,0,0,58,3.73,3.729,3.729,3.729,0,0,5.874,74.66,-7.948290608676,3.937008,6,P-GPS
6800,2026-05-09 10:19:35,3.937008,,,-7.948290608676,3.937008,0,3.4321195324,5.7061353532,15,5,14.976,0,3.937008,0,3.4321195324,0,0,0,13.6, 0.2, 0.1,,,0,0,1024,1024,1024,1024,0,0,0,0,21.3,0,0,58,3.73,3.729,3.729,3.729,0,0,5.874,74.66,-7.948290608676,3.937008,6,P-GPS
6900,2026-05-09 10:19:35,3.937008,,,-7.948290608676,3.608924,0,3.4510499792,5.7331366664,15,5,14.915,0,3.937008,0,3.4510499792,0,0,0,13.6, 0.2, 0.1,,,0,0,1024,1024,1024,1024,0,0,0,0,21.3,0,0,58,3.725,3.725,3.725,3.724,0,0,5.786,74.84,-7.948290608676,3.937008,6,P-GPS
7000,2026-05-09 10:19:35,3.608924,,,-8.276374608676,3.608924,0,3.6864830576,5.9738190888,15,5,14.915,0,3.937008,0,3.6864830576,0,0,0,13.6, 0.1, 0.2,,,0,0,1024,1024,1024,1024,0,0,0,0,21.3,0,0,58,3.725,3.725,3.725,3.724,0,0,5.786,74.84,-8.276374608676,3.608924,6,P-GPS
7100,2026-05-09 10:19:35,3.608924,,,-8.276374608676,3.937008,0,3.7196195416,6.0189306388,15,5,14.915,0,3.937008,0,3.7196195416,0,0,0,13.6, 0.2, 0.1,,,0,0,1024,1024,1024,1024,0,0,0,0,21.3,-0.7,0,58,3.725,3.725,3.725,3.724,0,0,5.786,74.84,-8.276374608676,3.608924,6,P-GPS
7200,2026-05-09 10:19:35,3.608924,,,-8.276374608676,3.608924,0,3.9799541956,6.2811025632,15,5,14.915,0,3.937008,0,3.9799541956,0,0,0,13.6, 0.3, 0.1,,,0,0,1024,1024,1024,1024,0,0,0,0,21.3,-24.6,0,58,3.725,3.725,3.725,3.724,0,0,5.786,74.84,-8.276374608676,3.608924,6,P-GPS
7300,2026-05-09 10:19:35,3.608924,,,-8.276374608676,3.608924,0,3.996719288,6.2981957396,15,5,14.915,0,3.937008,0,3.996719288,0,0,0,13.7, 0.3, 0.1,,,0,0,1024,1024,1024,1024,0,0,0,0,21.3,-56.5,0,58,3.725,3.725,3.725,3.724,0,0,5.786,74.84,-8.276374608676,3.608924,6,P-GPS
7400,2026-05-09 10:19:35,3.608924,,,-8.276374608676,3.937008,0,4.226050004,6.5299542772,15,5,14.915,0,3.937008,0,4.226050004,0,0,0,13.7, 0.2, 0.2,,,0,0,1024,1024,1024,1024,0,0,0,0,21.3,-73.3,0,58,3.725,3.725,3.725,3.724,0,0,5.786,74.84,-8.276374608676,3.608924,6,P-GPS
7500,2026-05-09 10:19:35,3.608924,,,-8.276374608676,3.608924,0,4.220964702,6.5366799992,15,5,14.915,0,3.937008,0,4.226050004,0,0,0,13.6, 0.1, 0.3,,,0,0,1024,1024,1024,1024,0,0,0,0,21.3,-90,0,58,3.725,3.725,3.725,3.724,0,0,5.786,74.84,-8.276374608676,3.608924,6,P-GPS
7600,2026-05-09 10:19:35,3.608924,,,-8.276374608676,3.937008,0,4.4542980428,6.7775920804,15,5,14.915,0,3.937008,0,4.4542980428,0,0,0,13.6, 0, 0.3,,,0,0,1024,1024,1024,1024,0,0,0,0,21.3,-90,0,58,3.725,3.725,3.725,3.724,0,0,5.786,74.84,-8.276374608676,3.608924,6,P-GPS
7700,2026-05-09 10:19:35,3.608924,,,-8.276374608676,3.937008,0,4.434219302,6.7991471992,15,5,14.915,0,3.937008,0,4.4542980428,0,0,0,13.6, 0, 0.3,,,0,0,1024,1024,1024,1024,0,0,0,0,21.3,-90,0,58,3.725,3.725,3.725,3.724,0,0,5.786,74.84,-8.276374608676,3.608924,6,P-GPS
7800,2026-05-09 10:19:36,3.608924,,,-8.276374608676,3.608924,0,4.686023772,7.0590225356,15,5,14.915,0,3.937008,0,4.686023772,0,0,0,13.6, -0.2, 0.2,,,0,0,1024,1024,1024,1024,0,0,0,0,21.3,-90,0,58,3.725,3.725,3.725,3.724,0,0,5.786,74.84,-8.276374608676,3.608924,6,P-GPS
7900,2026-05-09 10:19:36,3.608924,,,-8.276374608676,3.937008,0,4.6687337452,7.0763125624,15,5,14.897,0,3.937008,0,4.686023772,0,0,0,13.5, -0.4, 0.1,,,0,0,1024,1024,1024,1024,0,0,0,0,21.3,-90,0,58,3.724,3.723,3.723,3.722,0,0,5.997,74.84,-8.276374608676,3.608924,6,P-GPS
8000,2026-05-09 10:19:36,3.608924,,,-8.276374608676,3.937008,0,4.9316274544,7.3468506288,15,5,14.897,0,3.937008,0,4.9316274544,0,0,0,13.5, -0.5, 0,,,0,0,1024,1024,1024,1024,0,0,0,0,21.3,-90,0,58,3.724,3.723,3.723,3.722,0,0,5.997,74.84,-8.276374608676,3.608924,6,P-GPS
8100,2026-05-09 10:19:36,3.608924,,,-8.276374608676,3.937008,0,4.9208662992,7.3603020728,15,5,14.897,0,3.937008,0,4.9316274544,0,0,0,13.5, -0.5, 0.1,,,0,0,1024,1024,1024,1024,0,0,0,0,21.3,-90,0,58,3.724,3.723,3.723,3.722,0,0,5.997,74.84,-8.276374608676,3.608924,6,P-GPS
8200,2026-05-09 10:19:36,3.608924,,,-8.276374608676,3.937008,0,5.1293308728,7.5721459116,15,5,14.897,0,3.937008,0,5.1293308728,0,0,0,13.5, -0.5, 0.1,,,0,0,1024,1024,1024,1024,0,0,0,0,21.3,-90,0,58,3.724,3.723,3.723,3.722,0,0,5.997,74.84,-8.276374608676,3.608924,6,P-GPS
8300,2026-05-09 10:19:36,3.608924,,,-8.276374608676,3.937008,0,5.1295277232,7.5788716336,15,5,14.897,0,3.937008,0,5.1295277232,0,0,0,13.5, -0.3, 0.5,,,0,0,1024,1024,1042,1024,0,0,3,0,21.3,-90,0,58,3.724,3.723,3.723,3.722,0,0,5.997,74.84,-8.276374608676,3.608924,6,P-GPS
8400,2026-05-09 10:19:36,3.608924,,,-8.276374608676,2.952756,0,5.352854502,7.8117456568,15,5,14.897,0,3.937008,0,5.352854502,0,0,0,13.5, -0.3, 0.6,,,0,0,1024,1024,1182,1024,0,0,24,0,21.3,-90,0,58,3.724,3.723,3.723,3.722,0,0,5.997,74.84,-8.276374608676,3.608924,6,P-GPS
8500,2026-05-09 10:19:36,3.608924,,,-8.276374608676,3.28084,0,5.345800696,7.8206039248,15,5,14.897,0,3.937008,0,5.352854502,0,0,0,13.5, -0.4, 0.5,,,0,0,1024,1024,1252,1024,0,0,35,0,21.3,-90,0,58,3.724,3.723,3.723,3.722,0,0,5.997,74.84,-8.276374608676,3.608924,6,P-GPS
8600,2026-05-09 10:19:36,3.937008,,,-7.948290608676,3.608924,0,5.5518702564,8.0287732228,15,5,14.897,0,3.937008,0,5.5518702564,0,0,-0.223694,13.5, -0.5, 0.3,,,0,0,1024,1024,1344,1024,0,0,48,0,21.3,-90,0,58,3.724,3.723,3.723,3.722,0,0,5.997,74.84,-7.948290608676,3.937008,6,P-GPS
8700,2026-05-09 10:19:36,3.937008,,,-7.948290608676,3.608924,0,5.5523951908,8.0317915956,15,5,14.897,0,3.937008,0,5.5523951908,0,0,-0.671082,13.5, -0.4, 0.3,,,0,0,1024,1024,1252,1024,0,0,35,0,21.3,-90,0,58,3.724,3.723,3.723,3.722,0,0,5.997,74.84,-7.948290608676,3.937008,6,P-GPS
8800,2026-05-09 10:19:37,3.937008,,,-7.948290608676,3.937008,0,5.726870262,8.2086944884,15,5,14.897,0,3.937008,0,5.726870262,0,0,-1.565858,13.5, -0.3, 0,,,0,0,1024,1024,1024,1024,0,0,0,0,21.3,-90,0,58,3.724,3.723,3.723,3.722,0,0,5.997,74.84,-7.948290608676,3.937008,6,P-GPS
8900,2026-05-09 10:19:37,4.593176,,,-7.292122608676,4.265092,0,5.7143374532,8.221949082,15,5,14.882,0,4.593176,0,5.726870262,0,0,-2.23694,13.5, -0.3, 0.1,,,0,0,1024,1024,1024,1024,0,0,0,0,21.3,-90,0,57,3.721,3.722,3.722,3.721,0,0,6.122,74.84,-7.292122608676,4.593176,6,P-GPS
9000,2026-05-09 10:19:37,4.593176,,,-7.292122608676,4.593176,0,5.9053151496,8.4133204792,15,5,14.882,0,4.593176,0,5.9053151496,0,0,-1.565858,13.5, -0.5, 0.1,,,0,0,1024,1024,1024,1024,0,0,0,0,21.3,-90,0,57,3.721,3.722,3.722,3.721,0,0,6.122,74.84,-7.292122608676,4.593176,6,P-GPS
9100,2026-05-09 10:19:37,4.92126,,,-6.964038608676,4.92126,0,5.9007219736,8.4185370148,15,5,14.882,0,4.92126,0,5.9053151496,0,0,-0.671082,13.5, -0.5, 0.3,,,0,0,1024,1024,1024,1024,0,0,0,0,21.3,-90,0,57,3.721,3.722,3.722,3.721,0,0,6.122,74.84,-6.964038608676,4.92126,6,P-GPS
9200,2026-05-09 10:19:37,4.92126,,,-6.964038608676,4.92126,0,6.1173558388,8.6356958144,15,5,14.882,0,4.92126,0,6.1173558388,0,0,-0.223694,13.5, -0.4, 0.4,,,0,0,1024,1024,1145,1024,0,0,18,0,21.3,-90,0,57,3.721,3.722,3.722,3.721,0,0,6.122,74.84,-6.964038608676,4.92126,6,P-GPS
9300,2026-05-09 10:19:37,4.92126,,,-6.964038608676,4.92126,0,6.111548752,8.6417653684,15,5,14.882,0,4.92126,0,6.1173558388,0,0,0,13.5, -0.4, 0.4,,,0,0,1024,1024,1360,1024,0,0,51,0,21.3,-90,0,57,3.721,3.722,3.722,3.721,0,0,6.122,74.84,-6.964038608676,4.92126,6,P-GPS
9400,2026-05-09 10:19:37,4.92126,,,-6.964038608676,4.92126,0,6.3352364232,8.8754267932,15,5,14.882,0,4.92126,0,6.3352364232,0,0,0,13.5, -0.5, 0.3,,,0,0,1024,1024,1382,1024,0,0,54,0,21.3,-90,0,57,3.721,3.722,3.722,3.721,0,0,6.122,74.84,-6.964038608676,4.92126,6,P-GPS
9500,2026-05-09 10:19:37,4.92126,,,-6.964038608676,5.249344,0,6.3268374728,8.8873362424,15,5,14.882,0,4.92126,0,6.3352364232,0,0,-0.447388,13.5, -0.5, 0,,,0,0,1024,1024,1361,1024,0,0,51,0,21.3,-90,0,57,3.721,3.722,3.722,3.721,0,0,6.122,74.84,-6.964038608676,4.92126,6,P-GPS
9600,2026-05-09 10:19:37,5.249344,,,-6.635954608676,5.249344,0,6.4985566384,9.0718834924,15,5,14.882,0,5.249344,0,6.4985566384,0,0,-1.565858,13.5, -0.3, -0.2,,,0,0,1024,1024,1205,1024,0,0,27,0,21.3,-90,0,57,3.721,3.722,3.722,3.721,0,0,6.122,74.84,-6.635954608676,5.249344,6,P-GPS
9700,2026-05-09 10:19:37,5.577428,,,-6.307870608676,5.577428,0,6.5022311792,9.0915029156,15,5,14.882,0,5.577428,0,6.5022311792,0,0,-2.684328,13.6, -0.1, 0,,,0,0,1024,1024,1024,1024,0,0,0,0,21.3,-90,0,57,3.721,3.722,3.722,3.721,0,0,6.122,74.84,-6.307870608676,5.577428,6,P-GPS
9800,2026-05-09 10:19:38,5.905512,,,-5.979786608676,5.905512,0,6.6890422088,9.2957023972,15,5,14.882,0,5.905512,0,6.6890422088,0,0,-2.684328,13.6, -0.1, 0.2,,,0,0,1024,1024,1024,1024,0,0,0,0,21.3,-90,0,57,3.721,3.722,3.722,3.721,0,0,6.122,74.84,-5.979786608676,5.905512,6,P-GPS
9900,2026-05-09 10:19:38,6.233596,,,-5.651702608676,6.233596,0,6.6962600568,9.3152233952,15,5,14.884,0,6.233596,0,6.6962600568,0,0,-1.789552,13.6, -0.3, 0.6,,,0,0,1024,1024,1024,1024,0,0,0,0,21.3,-90,0,57,3.678,3.677,3.678,3.684,0,0,6.514,74.84,-5.651702608676,6.233596,6,P-GPS
10000,2026-05-09 10:19:38,6.56168,,,-5.323618608676,6.56168,0,6.8702758104,9.4910108024,15,5,14.884,0,6.56168,0,6.8702758104,0,0,-0.894776,13.5, -0.4, 0.8,,,0,0,1024,1024,1047,1024,0,0,3,0,21.3,-90,0,57,3.678,3.677,3.678,3.684,0,0,6.514,74.84,-5.323618608676,6.56168,6,P-GPS
10100,2026-05-09 10:19:38,6.56168,,,-5.323618608676,6.233596,0,6.8860238424,9.5088913804,15,5,14.884,0,6.56168,0,6.8860238424,0,0,-0.223694,13.5, -0.4, 0.9,,,0,0,1024,1024,1259,1024,0,0,36,0,21.3,-90,0,57,3.678,3.677,3.678,3.684,0,0,6.514,74.84,-5.323618608676,6.56168,6,P-GPS
10200,2026-05-09 10:19:38,6.56168,,,-5.323618608676,6.56168,0,6.9930776516,9.6160764232,15,5,14.884,0,6.56168,0,6.9930776516,0,0,-0.223694,13.5, -0.3, 0.7,,,0,0,1024,1024,1359,1024,0,0,51,0,21.3,-90,0,57,3.678,3.677,3.678,3.684,0,0,6.514,74.84,-5.323618608676,6.56168,6,P-GPS
10300,2026-05-09 10:19:38,6.889764,,,-4.995534608676,6.56168,0,7.0003939248,9.638779836,15,5,14.884,0,6.889764,0,7.0003939248,0,0,-0.671082,13.5, -0.1, 0.3,,,0,0,1024,1024,1358,1024,0,0,51,0,21.3,-90,0,57,3.678,3.677,3.678,3.684,0,0,6.514,74.84,-4.995534608676,6.889764,6,P-GPS
10400,2026-05-09 10:19:38,6.889764,,,-4.995534608676,6.889764,0,7.1398296248,9.7961945392,15,5,14.884,0,6.889764,0,7.1398296248,0,0,-1.789552,13.5, 0, 0,,,0,0,1024,1024,1335,1024,0,0,47,0,21.3,-90,0,57,3.678,3.677,3.678,3.684,0,0,6.514,74.84,-4.995534608676,6.889764,6,P-GPS
10500,2026-05-09 10:19:38,7.217848,,,-4.667450608676,7.217848,0,7.1301511468,9.807743096,15,5,14.884,0,7.217848,0,7.1398296248,0,0,-2.684328,13.5, 0, 0,,,0,0,1024,1024,1260,1024,0,0,36,0,21.3,-90,0,57,3.678,3.677,3.678,3.684,0,0,6.514,74.84,-4.667450608676,7.217848,6,P-GPS
10600,2026-05-09 10:19:38,7.874016,,,-4.011282608676,7.545932,0,7.3396655892,10.0172575384,15,5,14.884,0,7.874016,0,7.3396655892,0,0,-2.908022,13.6, 0, -0.1,,,0,0,1024,1024,1024,1024,0,0,0,0,21.3,-90,0,57,3.678,3.677,3.678,3.684,0,0,6.514,74.84,-4.011282608676,7.874016,6,P-GPS
10700,2026-05-09 10:19:38,8.2021,,,-3.683198608676,7.874016,0,7.3286419668,10.029035754,15,5,14.884,0,8.2021,0,7.3396655892,0,0,-2.23694,13.6, 0, 0,,,0,0,1024,1024,1024,1024,0,0,0,0,21.3,-90,0,57,3.678,3.677,3.678,3.684,0,0,6.514,74.84,-3.683198608676,8.2021,6,P-GPS
10800,2026-05-09 10:19:39,8.530184,,,-3.355114608676,8.2021,0,7.5447180892,10.252625,15,5,14.884,0,8.530184,0,7.5447180892,0,0,-1.342164,13.6, 0, 0,,,0,0,1024,1024,1024,1024,0,0,0,0,21.3,-90,0,57,3.678,3.677,3.678,3.684,0,0,6.514,74.84,-3.355114608676,8.530184,6,P-GPS
10900,2026-05-09 10:19:39,8.530184,,,-3.355114608676,8.2021,0,7.54757242,10.2711945544,15,5,14.941,0,8.530184,0,7.54757242,0,0,-0.447388,13.6, 0, -0.1,,,0,0,1024,1024,1054,1024,0,0,5,0,21.3,-90,0,57,3.675,3.676,3.682,3.687,0,0,6.614,75.02,-3.355114608676,8.530184,6,P-GPS
11000,2026-05-09 10:19:39,8.530184,,,-3.355114608676,8.2021,0,7.6735238676,10.3984911464,15,5,14.941,0,8.530184,0,7.6735238676,0,0,-0.223694,13.6, 0, -0.2,,,0,0,1024,1024,1257,1024,0,0,35,0,21.3,-90,0,57,3.675,3.676,3.682,3.687,0,0,6.614,75.02,-3.355114608676,8.530184,6,P-GPS
11100,2026-05-09 10:19:39,8.530184,,,-3.355114608676,8.2021,0,7.678970062,10.4108599132,15,5,14.941,0,8.530184,0,7.678970062,0,0,0,13.6, 0, -0.2,,,0,0,1024,1024,1338,1024,0,0,48,0,21.3,-90,0,57,3.675,3.676,3.682,3.687,0,0,6.614,75.02,-3.355114608676,8.530184,6,P-GPS
11200,2026-05-09 10:19:39,8.530184,,,-3.355114608676,8.2021,0,7.8425855528,10.5884845908,15,5,14.941,0,8.530184,0,7.8425855528,0,0,-0.223694,13.5, -0.1, -0.2,,,0,0,1024,1024,1097,1024,0,0,11,0,21.3,-90,0,57,3.675,3.676,3.682,3.687,0,0,6.614,75.02,-3.355114608676,8.530184,6,P-GPS
11300,2026-05-09 10:19:39,8.858268,,,-3.027030608676,8.530184,0,7.8652233488,10.611548896,15,5,14.941,0,8.858268,0,7.8652233488,0,0,-1.342164,13.5, 0, -0.1,,,0,0,1024,1024,1024,1024,0,0,0,0,21.3,-90,0,57,3.675,3.676,3.682,3.687,0,0,6.614,75.02,-3.027030608676,8.858268,6,P-GPS
11400,2026-05-09 10:19:39,9.186352,,,-2.698946608676,8.530184,0,8.0054792588,10.7634845964,15,5,14.941,0,9.186352,0,8.0054792588,0,0,-1.789552,13.6, 0.2, 0,,,0,0,1024,1024,1024,1024,0,0,0,0,21.3,-90,0,57,3.675,3.676,3.682,3.687,0,0,6.614,75.02,-2.698946608676,9.186352,6,P-GPS
11500,2026-05-09 10:19:39,9.186352,,,-2.698946608676,8.530184,0,8.0196524876,10.7783468016,15,5,14.941,0,9.186352,0,8.0196524876,0,0,-1.11847,13.6, 0.3, 0,,,0,0,1024,1024,1024,1024,0,0,0,0,21.3,-90,0,57,3.675,3.676,3.682,3.687,0,0,6.614,75.02,-2.698946608676,9.186352,6,P-GPS
11600,2026-05-09 10:19:39,9.514436,,,-2.370862608676,8.858268,0,8.1134188948,10.9070213464,15,5,14.941,0,9.514436,0,8.1134188948,0,0,-0.447388,13.6, 0.3, 0,,,0,0,1024,1024,1024,1024,0,0,0,0,21.3,-90,0,57,3.675,3.676,3.682,3.687,0,0,6.614,75.02,-2.370862608676,9.514436,6,P-GPS
11700,2026-05-09 10:19:39,9.514436,,,-2.370862608676,8.530184,0,8.1097115456,10.9116801392,15,5,14.941,0,9.514436,0,8.1134188948,0,0,0,13.5, 0.2, 0,,,0,0,1024,1024,1024,1024,0,0,0,0,21.3,-90,0,57,3.675,3.676,3.682,3.687,0,0,6.614,75.02,-2.370862608676,9.514436,6,P-GPS
11800,2026-05-09 10:19:40,9.514436,,,-2.370862608676,8.530184,0,8.2437994764,11.0550200388,15,5,14.941,0,9.514436,0,8.2437994764,0,0,0,13.5, 0, -0.1,,,0,0,1024,1024,1024,1024,0,0,0,0,21.3,-90,0,57,3.675,3.676,3.682,3.687,0,0,6.614,75.02,-2.370862608676,9.514436,6,P-GPS
11900,2026-05-09 10:19:40,9.514436,,,-2.370862608676,8.530184,0,8.238025198,11.0663061284,15,5,14.779,0,9.514436,0,8.2437994764,0,0,0,13.5, 0.1, -0.2,,,0,0,1024,1024,1024,1024,0,0,0,0,21.3,-90,0,57,3.723,3.718,3.718,3.672,0,0,7.01,75.02,-2.370862608676,9.514436,6,P-GPS
12000,2026-05-09 10:19:40,9.514436,,,-2.370862608676,8.530184,0,8.3573493488,11.1999347416,15,5,14.779,0,9.514436,0,8.3573493488,0,0,0,13.5, 0, -0.3,,,0,0,1024,1152,1024,1024,0,19,0,0,21.3,-90,0,57,3.723,3.718,3.718,3.672,0,0,7.01,75.02,-2.370862608676,9.514436,6,P-GPS
12100,2026-05-09 10:19:40,9.514436,,,-2.370862608676,8.530184,0,8.3473427868,11.2199150572,15,5,14.779,0,9.514436,0,8.3573493488,0,0,0,13.5, 0, -0.3,,,0,0,1024,1529,1024,1024,0,77,0,0,21.3,-90,0,57,3.723,3.718,3.718,3.672,0,0,7.01,75.02,-2.370862608676,9.514436,6,P-GPS
12200,2026-05-09 10:19:40,9.514436,,,-2.370862608676,8.530184,0,8.4652561764,11.3920279236,15,5,14.779,0,9.514436,0,8.4652561764,0,0,0,13.5, -0.1, 0.1,,,0,0,1024,1325,1024,1024,0,46,0,0,21.3,-90,0,57,3.723,3.718,3.718,3.672,0,0,7.01,75.02,-2.370862608676,9.514436,6,P-GPS
12300,2026-05-09 10:19:40,9.514436,,,-2.370862608676,8.530184,0,8.4630580136,11.4437667704,15,5,14.779,0,9.514436,0,8.4652561764,0,0,0,13.5, -0.2, 4.8,,,0,0,1024,1024,1024,1024,0,0,0,0,21.3,-90,0,57,3.723,3.718,3.718,3.672,0,0,7.01,75.02,-2.370862608676,9.514436,6,P-GPS
12400,2026-05-09 10:19:40,9.514436,,,-2.370862608676,8.530184,0,8.5416013232,11.5252300276,15,5,14.779,0,9.514436,0,8.5416013232,0,0,0,13.6, -0.3, 8.4,,,0,0,1024,1024,1024,1024,0,0,0,0,21.3,-90,0,57,3.723,3.718,3.718,3.672,0,0,7.01,75.02,-2.370862608676,9.514436,6,P-GPS
12500,2026-05-09 10:19:40,9.514436,,,-2.370862608676,8.2021,0.447388,8.4899609016,11.5776578508,15,5,14.779,0,9.514436,0.447388,8.5416013232,0,0.447388,0,13.5, -0.4, 5.3,,,0,0,1024,1024,1024,1024,0,0,0,0,21.3,-90,0,57,3.723,3.718,3.718,3.672,0,0,7.01,75.02,-2.370862608676,9.514436,6,P-GPS
12600,2026-05-09 10:19:40,9.514436,,,-2.370862608676,8.2021,0.4921268,8.4682089324,11.5999347544,15,5,14.779,0,9.514436,0.4921268,8.5416013232,-0.223694,0.447388,0,13.5, -0.4, 2.4,,,0,0,1024,1024,1024,1024,0,0,0,0,21.3,-90,0,57,3.723,3.718,3.718,3.672,0,0,7.01,75.02,-2.370862608676,9.514436,6,P-GPS
12700,2026-05-09 10:19:40,9.514436,,,-2.370862608676,8.2021,0.7158208,8.3828414756,11.6960961748,15,5,14.779,0,9.514436,0.7158208,8.5416013232,-0.223694,0.671082,0,13.6, -0.4, 0,,,0,0,1024,1024,1024,1024,0,0,0,0,21.3,-90,0,57,3.723,3.718,3.718,3.672,0,0,7.01,75.02,-2.370862608676,9.514436,6,P-GPS
12800,2026-05-09 10:19:41,9.514436,,,-2.370862608676,8.2021,0.7158208,8.3541341256,11.730971504,15,5,14.779,0,9.514436,0.7158208,8.5416013232,-0.223694,0.671082,0,13.6, -0.4, -1.7,,,0,0,1024,1024,1024,1024,0,0,0,0,21.3,-90,0,57,3.723,3.718,3.718,3.672,0,0,7.01,75.02,-2.370862608676,9.514436,6,P-GPS
12900,2026-05-09 10:19:41,9.514436,,,-2.370862608676,8.2021,0.447388,8.2730317608,11.8202431604,15,5,14.851,0,9.514436,0.7158208,8.5416013232,0,0.447388,0,13.6, -0.4, -2.3,,,0,0,1024,1024,1024,1051,0,0,0,4,21.3,-90,0,57,3.711,3.71,3.708,3.708,0,0,6.489,75.02,-2.370862608676,9.514436,6,P-GPS
13000,2026-05-09 10:19:41,9.514436,,,-2.370862608676,8.2021,0.447388,8.298392654,11.906824528,15,5,14.851,0,9.514436,0.7158208,8.5416013232,0,0.447388,0,13.6, -0.5, -2.2,,,0,0,1024,1024,1024,1488,0,0,0,70,21.3,-90,0,57,3.711,3.71,3.708,3.708,0,0,6.489,75.02,-2.370862608676,9.514436,6,P-GPS
13100,2026-05-09 10:19:41,9.514436,,,-2.370862608676,8.530184,0.223694,8.2299215232,11.9757549764,15,5,14.851,0,9.514436,0.7158208,8.5416013232,0,0.223694,0,13.6, -0.5, -1.9,,,0,0,1024,1024,1024,1684,0,0,0,100,22.3,-90,0,57,3.711,3.71,3.708,3.708,0,0,6.489,75.02,-2.370862608676,9.514436,6,P-GPS
13200,2026-05-09 10:19:41,9.514436,,,-2.370862608676,8.530184,0.223694,8.2460304476,12.0333993352,15,5,14.851,0,9.514436,0.7158208,8.5416013232,0,0.223694,0,15, -0.5, -1.6,,,0,0,1024,1024,1024,1684,0,0,0,100,26.1,-90,0,57,3.711,3.71,3.708,3.708,0,0,6.489,75.02,-2.370862608676,9.514436,6,P-GPS
13300,2026-05-09 10:19:41,9.514436,,,-2.370862608676,8.2021,0.223694,8.2127299216,12.0673888376,15,5,14.851,0,9.514436,0.7158208,8.5416013232,0,0.223694,0,19.6, -0.3, -1.3,,,0,0,1024,1024,1024,1510,0,0,0,74,31.5,-90,0,57,3.711,3.71,3.708,3.708,0,0,6.489,75.02,-2.370862608676,9.514436,6,P-GPS
13400,2026-05-09 10:19:41,9.514436,,,-2.370862608676,7.874016,0,8.2986879296,12.1538389716,15,5,14.851,0,9.514436,0.7158208,8.5416013232,0,0,0,25.6, -0.1, -1.3,,,0,0,1024,1024,1024,1061,0,0,0,6,37,-90,0,57,3.711,3.71,3.708,3.708,0,0,6.489,75.02,-2.370862608676,9.514436,6,P-GPS
13500,2026-05-09 10:19:41,9.514436,,,-2.370862608676,7.874016,0,8.2559385844,12.1990489468,15,5,14.851,0,9.514436,0.7158208,8.5416013232,0,0,0,30.9, 0, -1.2,,,0,0,1024,1024,1024,1159,0,0,0,20,39.4,-90,0,57,3.711,3.71,3.708,3.708,0,0,6.489,75.02,-2.370862608676,9.514436,6,P-GPS
13600,2026-05-09 10:19:41,9.514436,,,-2.370862608676,7.874016,0,8.3460960676,12.3120410764,15,5,14.851,0,9.514436,0.7158208,8.5416013232,0,0,0,32.4, -0.1, -1.1,,,0,0,1024,1024,1024,1684,0,0,0,100,39.9,-90,0,57,3.711,3.71,3.708,3.708,0,0,6.489,75.02,-2.370862608676,9.514436,6,P-GPS
13700,2026-05-09 10:19:41,9.514436,,,-2.370862608676,7.874016,0,8.3106301872,12.347605382,15,5,14.851,0,9.514436,0.7158208,8.5416013232,0,0,0,32.3, -0.3, -1,,,0,0,1024,1024,1055,1684,0,0,5,100,40.8,-90,0,57,3.711,3.71,3.708,3.708,0,0,6.489,75.02,-2.370862608676,9.514436,6,P-GPS
13800,2026-05-09 10:19:41,9.514436,,,-2.370862608676,8.2021,0,8.403379534,12.452264178,15,5,14.851,0,9.514436,0.7158208,8.5416013232,0,0,0,33.3, -0.5, -1,,,0,0,1024,1024,1045,1684,0,0,3,100,44.5,-90,0,57,3.711,3.71,3.708,3.708,0,0,6.489,75.02,-2.370862608676,9.514436,6,P-GPS
13900,2026-05-09 10:19:42,9.514436,,,-2.370862608676,8.530184,0,8.3525593224,12.5042983004,15,5,14.843,0,9.514436,0.7158208,8.5416013232,0,0,0,38, -0.6, -1.3,,,0,0,1024,1024,1028,1684,0,0,1,100,50,-90,0,57,3.712,3.711,3.71,3.709,0,0,6.098,75.02,-2.370862608676,9.514436,6,P-GPS
14000,2026-05-09 10:19:42,9.514436,,,-2.370862608676,8.2021,0,8.5039044716,12.657644762,15,5,14.843,0,9.514436,0.7158208,8.5416013232,0,0,0,44, -0.6, -1.3,,,0,0,1024,1024,1028,1684,0,0,1,100,55.9,-90,0,57,3.712,3.711,3.71,3.709,0,0,6.098,75.02,-2.370862608676,9.514436,6,P-GPS
14100,2026-05-09 10:19:42,9.514436,,,-2.370862608676,8.2021,0,8.480807358,12.68208702,15,5,14.843,0,9.514436,0.7158208,8.5416013232,0,0,0,50.1, -0.6, -1.3,,,0,0,1024,1024,1024,1684,0,0,0,100,61.9,-90,0,57,3.712,3.711,3.71,3.709,0,0,6.098,75.02,-2.370862608676,9.514436,6,P-GPS
14200,2026-05-09 10:19:42,9.514436,,,-2.370862608676,8.530184,0,8.6428480456,12.8459977864,15,5,14.843,0,9.514436,0.7158208,8.6428480456,0,0,0,56, -0.6, -1.1,,,0,0,1024,1024,1024,1684,0,0,0,100,67.9,-90,0,57,3.712,3.711,3.71,3.709,0,0,6.098,75.02,-2.370862608676,9.514436,6,P-GPS
14300,2026-05-09 10:19:42,9.514436,,,-2.370862608676,8.530184,0,8.6517063136,12.8630581544,15,5,14.843,0,9.514436,0.7158208,8.6517063136,0,0,0,62, -0.7, -0.9,,,0,0,1024,1024,1024,1684,0,0,0,100,73.9,-90,0,57,3.712,3.711,3.71,3.709,0,0,6.098,75.02,-2.370862608676,9.514436,6,P-GPS
14400,2026-05-09 10:19:42,9.514436,,,-2.370862608676,8.530184,0,8.7681761336,12.9800201004,15,5,14.843,0,9.514436,0.7158208,8.7681761336,0,0,0,68, -0.7, -0.8,,,0,0,1024,1024,1024,1684,0,0,0,100,79.9,-90,0,57,3.712,3.711,3.71,3.709,0,0,6.098,75.02,-2.370862608676,9.514436,6,P-GPS
14500,2026-05-09 10:19:42,9.514436,,,-2.370862608676,8.530184,0,8.7868113048,13.0142064532,15,5,14.843,0,9.514436,0.7158208,8.7868113048,0,0,0,74, -0.9, -0.8,,,0,0,1024,1024,1024,1684,0,0,0,100,85.9,-90,0,57,3.712,3.711,3.71,3.709,0,0,6.098,75.02,-2.370862608676,9.514436,6,P-GPS
14600,2026-05-09 10:19:42,9.514436,,,-2.370862608676,8.530184,0,8.932250942,13.1693245684,15,5,14.843,0,9.514436,0.7158208,8.932250942,0,0,0,80, -1, -0.8,,,0,0,1024,1024,1024,1684,0,0,0,100,91.9,-90,0,57,3.712,3.711,3.71,3.709,0,0,6.098,75.02,-2.370862608676,9.514436,6,P-GPS
14700,2026-05-09 10:19:42,9.514436,,,-2.370862608676,8.530184,0,8.9558073732,13.2153219452,15,5,14.843,0,9.514436,0.7158208,8.9558073732,0,0,0,86.1, -1.1, -0.9,,,0,0,1024,1024,1024,1684,0,0,0,100,97.9,-90,0,57,3.712,3.711,3.71,3.709,0,0,6.098,75.02,-2.370862608676,9.514436,6,P-GPS
14800,2026-05-09 10:19:43,9.514436,,,-2.370862608676,8.530184,0,9.0993441232,13.3749348112,15,5,14.843,0,9.514436,0.7158208,9.0993441232,0,0,0,92.1, -1.2, -1,,,0,0,1024,1024,1024,1684,0,0,0,100,103.9,-90,0,57,3.712,3.711,3.71,3.709,0,0,6.098,75.02,-2.370862608676,9.514436,6,P-GPS
14900,2026-05-09 10:19:43,9.514436,,,-2.370862608676,8.2021,0,9.1442916312,13.4209649964,15,5,14.835,0,9.514436,0.7158208,9.1442916312,0,0,0,98.1, -1.2, -1.1,,,0,0,1024,1024,1024,1684,0,0,0,100,109.9,-90,0,57,3.709,3.708,3.708,3.707,0,0,6.054,75.2,-2.370862608676,9.514436,6,P-GPS
15000,2026-05-09 10:19:43,9.514436,,,-2.370862608676,8.530184,0,9.328904498,13.6283140844,15,5,14.835,0,9.514436,0.7158208,9.328904498,0,0,0,104.1, -1.2, -0.4,,,0,0,1024,1024,1024,1684,0,0,0,100,115.9,-90,0,57,3.709,3.708,3.708,3.707,0,0,6.054,75.2,-2.370862608676,9.514436,6,P-GPS
15100,2026-05-09 10:19:43,9.514436,,,-2.370862608676,8.2021,0,9.4171919024,13.7287077884,15,5,14.835,0,9.514436,0.7158208,9.4171919024,0,0,0,110, -1.3, 0,,,0,0,1024,1024,1024,1684,0,0,0,100,121.9,-90,0,57,3.709,3.708,3.708,3.707,0,0,6.054,75.2,-2.370862608676,9.514436,6,P-GPS
15200,2026-05-09 10:19:43,9.514436,,,-2.370862608676,8.530184,0,9.4454071264,13.7658797056,15,5,14.835,0,9.514436,0.7158208,9.4454071264,0,0,0,116, -1.5, 0.1,,,0,0,1024,1024,1024,1684,0,0,0,100,124.9,-90,0,57,3.709,3.708,3.708,3.707,0,0,6.054,75.2,-2.370862608676,9.514436,6,P-GPS
15300,2026-05-09 10:19:43,9.514436,,,-2.370862608676,8.2021,0,9.4763454476,13.7999348248,15,5,14.835,0,9.514436,0.7158208,9.4763454476,0,0,0,122, -1.4, 0,,,0,0,1024,1024,1024,1684,0,0,0,100,133.9,-90,0,57,3.709,3.708,3.708,3.707,0,0,6.054,75.2,-2.370862608676,9.514436,6,P-GPS
15400,2026-05-09 10:19:43,9.514436,,,-2.370862608676,8.530184,0,9.54806461,13.8805122552,15,5,14.835,0,9.514436,0.7158208,9.54806461,0,0,0,128, -1.2, -0.3,,,0,0,1024,1024,1024,1684,0,0,0,100,139.9,-90,0,57,3.709,3.708,3.708,3.707,0,0,6.054,75.2,-2.370862608676,9.514436,6,P-GPS
15500,2026-05-09 10:19:43,9.514436,,,-2.370862608676,8.858268,0,9.5547247152,13.8880581872,15,5,14.835,0,9.514436,0.7158208,9.5547247152,0,0,0,134, -0.9, -0.5,,,0,0,1024,1024,1024,1684,0,0,0,100,145.9,-90,0,57,3.709,3.708,3.708,3.707,0,0,6.054,75.2,-2.370862608676,9.514436,6,P-GPS
15600,2026-05-09 10:19:43,9.514436,,,-2.370862608676,8.530184,0,9.677493748,14.0187996612,15,5,14.835,0,9.514436,0.7158208,9.677493748,0,0,0,140, -0.7, -0.7,,,0,0,1024,1024,1024,1684,0,0,0,100,151.9,-90,0,57,3.709,3.708,3.708,3.707,0,0,6.054,75.2,-2.370862608676,9.514436,6,P-GPS
15700,2026-05-09 10:19:43,9.514436,,,-2.370862608676,8.530184,0,9.6738192072,14.0228350944,15,5,14.835,0,9.514436,0.7158208,9.677493748,0,0,0,146, -0.5, -0.7,,,0,0,1024,1024,1024,1684,0,0,0,100,154.9,-90,0,57,3.709,3.708,3.708,3.707,0,0,6.054,75.2,-2.370862608676,9.514436,6,P-GPS
15800,2026-05-09 10:19:44,9.514436,,,-2.370862608676,8.2021,0,9.7638454568,14.1178154124,15,5,14.835,0,9.514436,0.7158208,9.7638454568,0,0,0,152, -0.4, -0.8,,,0,0,1024,1024,1024,1684,0,0,0,100,163.9,-90,0,57,3.709,3.708,3.708,3.707,0,0,6.054,75.2,-2.370862608676,9.514436,6,P-GPS
15900,2026-05-09 10:19:44,9.514436,,,-2.370862608676,8.530184,0,9.757382202,14.1261159376,15,5,14.829,0,9.514436,0.7158208,9.7638454568,0,0,0,158, -0.3, -1,,,0,0,1024,1024,1024,1684,0,0,0,100,169.9,-90,0,57,3.707,3.707,3.707,3.706,0,0,6.032,75.2,-2.370862608676,9.514436,6,P-GPS
16000,2026-05-09 10:19:44,9.514436,,,-2.370862608676,8.2021,0,9.8729333868,14.2494427132,15,5,14.829,0,9.514436,0.7158208,9.8729333868,0,0,0,164, -0.2, -1.1,,,0,0,1024,1024,1024,1684,0,0,0,100,175.9,-90,0,57,3.707,3.707,3.707,3.706,0,0,6.032,75.2,-2.370862608676,9.514436,6,P-GPS
16100,2026-05-09 10:19:44,9.514436,,,-2.370862608676,8.530184,0,9.871063308,14.2533797212,15,5,14.829,0,9.514436,0.7158208,9.8729333868,0,0,0,170, -0.1, -1.1,,,0,0,1024,1024,1024,1684,0,0,0,100,181.9,-90,0,57,3.707,3.707,3.707,3.706,0,0,6.032,75.2,-2.370862608676,9.514436,6,P-GPS
16200,2026-05-09 10:19:44,9.514436,,,-2.370862608676,8.2021,0,9.9744753848,14.3682091212,15,5,14.829,0,9.514436,0.7158208,9.9744753848,0,0,0,176, -0.1, -1.2,,,0,0,1024,1024,1024,1684,0,0,0,100,187.9,-90,0,57,3.707,3.707,3.707,3.706,0,0,6.032,75.2,-2.370862608676,9.514436,6,P-GPS
16300,2026-05-09 10:19:44,9.514436,,,-2.370862608676,8.530184,0,9.9748362772,14.372703872,15,5,14.829,0,9.514436,0.7158208,9.9748362772,0,0,0,182.1, 0, -1.2,,,0,0,1024,1024,1024,1546,0,0,0,79,190.9,-90,0,57,3.707,3.707,3.707,3.706,0,0,6.032,75.2,-2.370862608676,9.514436,6,P-GPS
16400,2026-05-09 10:19:44,9.514436,,,-2.370862608676,8.530184,0,10.093996386,14.4952104376,15,5,14.829,0,9.514436,0.7158208,10.093996386,0,0,0,188.1, 0, -1.2,,,0,0,1024,1024,1024,1546,0,0,0,79,199.8,-90,0,57,3.707,3.707,3.707,3.706,0,0,6.032,75.2,-2.370862608676,9.514436,6,P-GPS
16500,2026-05-09 10:19:44,9.514436,,,-2.370862608676,8.2021,0,10.0804793252,14.5087603068,15,5,14.829,0,9.514436,0.7158208,10.093996386,0,0,0,194, 0, -1.1,,,0,0,1024,1024,1024,1024,0,0,0,0,204.1,-90,0,57,3.707,3.707,3.707,3.706,0,0,6.032,75.2,-2.370862608676,9.514436,6,P-GPS
16600,2026-05-09 10:19:44,9.514436,,,-2.370862608676,8.530184,0,10.1787404832,14.60711989,15,5,14.829,0,9.514436,0.7158208,10.1787404832,0,0,0,197.7, 0, -0.9,,,0,0,1024,1024,1024,1024,0,0,0,0,205.4,-90,0,57,3.707,3.707,3.707,3.706,0,0,6.032,75.2,-2.370862608676,9.514436,6,P-GPS
16700,2026-05-09 10:19:44,9.514436,,,-2.370862608676,8.530184,0,10.165846782,14.620407292,15,5,14.829,0,9.514436,0.7158208,10.1787404832,0,0,0,198.1, 0.1, -0.9,,,0,0,1024,1024,1024,1024,0,0,0,0,205.6,-90,0,57,3.707,3.707,3.707,3.706,0,0,6.032,75.2,-2.370862608676,9.514436,6,P-GPS
16800,2026-05-09 10:19:45,9.514436,,,-2.370862608676,8.530184,0,10.2022312976,14.6715555876,15,5,14.829,0,9.514436,0.7158208,10.2022312976,0,0,0,198, 0.2, -0.8,,,0,0,1024,1024,1024,1024,0,0,0,0,205.6,-90,0,57,3.707,3.707,3.707,3.706,0,0,6.032,75.2,-2.370862608676,9.514436,6,P-GPS
16900,2026-05-09 10:19:45,9.514436,,,-2.370862608676,8.530184,0,10.1751643676,14.7009847224,15,5,14.825,0,9.514436,0.7158208,10.2022312976,0,0,0,197.9, 0.3, -0.6,,,0,0,1024,1024,1024,1024,0,0,0,0,205.6,-90,0,57,3.705,3.705,3.705,3.704,0,0,6.073,75.2,-2.370862608676,9.514436,6,P-GPS
17000,2026-05-09 10:19:45,9.514436,,,-2.370862608676,8.530184,0,10.2384845796,14.7885831504,15,5,14.825,0,9.514436,0.7158208,10.2384845796,0,0,0,198, 0.3, -0.3,,,0,0,1024,1024,1024,1024,0,0,0,0,205.6,-90,0,57,3.705,3.705,3.705,3.704,0,0,6.073,75.2,-2.370862608676,9.514436,6,P-GPS
17100,2026-05-09 10:19:45,9.514436,,,-2.370862608676,8.530184,0,10.2069885156,14.8206041488,15,5,14.825,0,9.514436,0.7158208,10.2384845796,0,0,0,198, 0.3, -0.1,,,0,0,1024,1024,1024,1067,0,0,0,7,205.6,-90,0,57,3.705,3.705,3.705,3.704,0,0,6.073,75.2,-2.370862608676,9.514436,6,P-GPS
17200,2026-05-09 10:19:45,9.514436,,,-2.370862608676,8.530184,0,10.33300558,14.9620083528,15,5,14.825,0,9.514436,0.7158208,10.33300558,0,0,0,197.9, 0.3, 0,,,0,0,1024,1024,1024,1172,0,0,0,22,205.6,-90,0,57,3.705,3.705,3.705,3.704,0,0,6.073,75.2,-2.370862608676,9.514436,6,P-GPS
17300,2026-05-09 10:19:45,9.514436,,,-2.370862608676,7.874016,0,10.3025593848,14.9926842068,15,5,14.825,0,9.514436,0.7158208,10.33300558,0,0,0,197.8, 0.3, 0,,,0,0,1024,1024,1024,1272,0,0,0,38,205.6,-90,0,57,3.705,3.705,3.705,3.704,0,0,6.073,75.2,-2.370862608676,9.514436,6,P-GPS
17400,2026-05-09 10:19:45,9.514436,,,-2.370862608676,7.874016,0,10.3685370772,15.0794624248,15,5,14.825,0,9.514436,0.7158208,10.3685370772,0,0,0,197.7, 0.4, 0,,,0,0,1024,1024,1024,1024,0,0,0,0,205.9,-90,0,57,3.705,3.705,3.705,3.704,0,0,6.073,75.2,-2.370862608676,9.514436,6,P-GPS
17500,2026-05-09 10:19:45,9.514436,,,-2.370862608676,8.2021,0,10.3464898324,15.101542478,15,5,14.825,0,9.514436,0.7158208,10.3685370772,0,0,0,197.9, 0.6, 0.1,,,0,0,1024,1024,1024,1024,0,0,0,0,206.2,-90,0,57,3.705,3.705,3.705,3.704,0,0,6.073,75.2,-2.370862608676,9.514436,6,P-GPS
17600,2026-05-09 10:19:45,9.514436,,,-2.370862608676,8.2021,0,10.4561355052,15.2158469436,15,5,14.825,0,9.514436,0.7158208,10.4561355052,0,0,0,198.1, 0.6, 0.1,,,0,0,1024,1024,1024,1024,0,0,0,0,206.3,-90,0,57,3.705,3.705,3.705,3.704,0,0,6.073,75.2,-2.370862608676,9.514436,6,P-GPS
17700,2026-05-09 10:19:45,9.514436,,,-2.370862608676,8.530184,0,10.4442588644,15.2290687288,15,5,14.825,0,9.514436,0.7158208,10.4561355052,0,0,0,198, 0.5, 0,,,0,0,1024,1024,1024,1024,0,0,0,0,206.3,-90,0,57,3.705,3.705,3.705,3.704,0,0,6.073,75.2,-2.370862608676,9.514436,6,P-GPS
17800,2026-05-09 10:19:46,9.514436,,,-2.370862608676,8.2021,0,10.5343179224,15.3248364484,15,5,14.825,0,9.514436,0.7158208,10.5343179224,0,0,0,197.9, 0.6, 0,,,0,0,1024,1024,1024,1024,0,0,0,0,206.3,-90,0,57,3.705,3.705,3.705,3.704,0,0,6.073,75.2,-2.370862608676,9.514436,6,P-GPS
17900,2026-05-09 10:19:46,9.514436,,,-2.370862608676,7.874016,0,10.5279202844,15.3349086272,15,5,14.814,0,9.514436,0.7158208,10.5343179224,0,0,0,197.9, 0.6, -0.1,,,0,0,1024,1024,1024,990,0,0,0,-5,206.3,-90,0,57,3.704,3.703,3.703,3.703,0,0,6.047,75.38,-2.370862608676,9.514436,6,P-GPS
18000,2026-05-09 10:19:46,9.514436,,,-2.370862608676,8.2021,0,10.6553153016,15.4812668996,15,5,14.814,0,9.514436,0.7158208,10.6553153016,0,0,0,197.9, 0.6, -0.1,,,0,0,1024,1024,1024,973,0,0,0,-8,206.3,-90,0,57,3.704,3.703,3.703,3.703,0,0,6.047,75.38,-2.370862608676,9.514436,6,P-GPS
18100,2026-05-09 10:19:46,9.514436,,,-2.370862608676,8.530184,0,10.6560698948,15.4944558764,15,5,14.814,0,9.514436,0.7158208,10.6560698948,0,0,0,197.9, 0.6, -0.2,,,0,0,1024,1024,1024,987,0,0,0,-6,206.3,-90,0,57,3.704,3.703,3.703,3.703,0,0,6.047,75.38,-2.370862608676,9.514436,6,P-GPS
18200,2026-05-09 10:19:46,9.514436,,,-2.370862608676,8.2021,0,10.7845803976,15.623524122,15,5,14.814,0,9.514436,0.7158208,10.7845803976,0,0,0,197.8, 0.5, -0.3,,,0,0,1024,1024,1024,1024,0,0,0,0,206.2,-90,0,57,3.704,3.703,3.703,3.703,0,0,6.047,75.38,-2.370862608676,9.514436,6,P-GPS
18300,2026-05-09 10:19:46,9.514436,,,-2.370862608676,8.2021,0,10.787073836,15.6328088992,15,5,14.814,0,9.514436,0.7158208,10.787073836,0,0,0,197.8, 0.4, -0.4,,,0,0,1024,1024,1024,1024,0,0,0,0,206.2,-90,0,57,3.704,3.703,3.703,3.703,0,0,6.047,75.38,-2.370862608676,9.514436,6,P-GPS
18400,2026-05-09 10:19:46,9.514436,,,-2.370862608676,8.530184,0,10.9267391948,15.7792327884,15,5,14.814,0,9.514436,0.7158208,10.9267391948,0,0,0,197.8, 0.5, -0.3,,,0,0,1024,1024,1024,1009,0,0,0,-2,206.2,-90,0,57,3.704,3.703,3.703,3.703,0,0,6.047,75.38,-2.370862608676,9.514436,6,P-GPS
18500,2026-05-09 10:19:46,9.514436,,,-2.370862608676,8.530184,0,10.9320541556,15.7893377756,15,5,14.814,0,9.514436,0.7158208,10.9320541556,0,0,0,197.7, 0.5, -0.3,,,0,0,1024,1024,1024,693,0,0,0,-50,206.2,-90,0,57,3.704,3.703,3.703,3.703,0,0,6.047,75.38,-2.370862608676,9.514436,6,P-GPS
18600,2026-05-09 10:19:46,9.514436,,,-2.370862608676,8.530184,0,11.0250003528,15.8903220308,15,5,14.814,0,9.514436,0.7158208,11.0250003528,0,0,0,197.8, 0.5, -0.3,,,0,0,1024,1024,1024,1024,0,0,0,0,206.1,-90,0,57,3.704,3.703,3.703,3.703,0,0,6.047,75.38,-2.370862608676,9.514436,6,P-GPS
18700,2026-05-09 10:19:46,9.514436,,,-2.370862608676,8.530184,0,11.0333664948,15.8991474904,15,5,14.814,0,9.514436,0.7158208,11.0333664948,0,0,0,197.6, 0.5, -0.3,,,0,0,1024,1024,1024,1024,0,0,0,0,205.6,-90,0,57,3.704,3.703,3.703,3.703,0,0,6.047,75.38,-2.370862608676,9.514436,6,P-GPS
18800,2026-05-09 10:19:47,9.514436,,,-2.370862608676,8.530184,0,11.179134216,16.0530188864,15,5,14.814,0,9.514436,0.7158208,11.179134216,0,0,0,197, 0.4, -0.4,,,0,0,1024,1024,1024,1024,0,0,0,0,205.2,-90,0,57,3.704,3.703,3.703,3.703,0,0,6.047,75.38,-2.370862608676,9.514436,6,P-GPS
18900,2026-05-09 10:19:47,9.514436,,,-2.370862608676,8.530184,0,11.1967523268,16.070702614,15,5,14.81,0,9.514436,0.7158208,11.1967523268,0,0,0,196.7, 0.4, -0.6,,,0,0,1024,1024,1024,1024,0,0,0,0,205.1,-90,0,57,3.703,3.702,3.702,3.703,0,0,6.07,75.38,-2.370862608676,9.514436,6,P-GPS
19000,2026-05-09 10:19:47,9.514436,,,-2.370862608676,8.530184,0,11.298064666,16.17618162,15,5,14.81,0,9.514436,0.7158208,11.298064666,0,0,0,196.7, 0.3, -0.6,,,0,0,1024,1024,1024,1024,0,0,0,0,205.1,-90,0,57,3.703,3.702,3.702,3.703,0,0,6.07,75.38,-2.370862608676,9.514436,6,P-GPS
19100,2026-05-09 10:19:47,9.514436,,,-2.370862608676,8.530184,0,11.30987569,16.1886816204,15,5,14.81,0,9.514436,0.7158208,11.30987569,0,0,0,196.7, 0.4, -0.7,,,0,0,1024,1024,1024,1024,0,0,0,0,205.1,-90,0,57,3.703,3.702,3.702,3.703,0,0,6.07,75.38,-2.370862608676,9.514436,6,P-GPS
19200,2026-05-09 10:19:47,9.514436,,,-2.370862608676,8.2021,0,11.4207024652,16.3006566896,15,5,14.81,0,9.514436,0.7158208,11.4207024652,0,0,0,196.7, 0.3, -0.7,,,0,0,1024,1024,1024,1024,0,0,0,0,205.1,-90,0,57,3.703,3.702,3.702,3.703,0,0,6.07,75.38,-2.370862608676,9.514436,6,P-GPS
19300,2026-05-09 10:19:47,9.514436,,,-2.370862608676,8.530184,0,11.4303809432,16.311352228,15,5,14.81,0,9.514436,0.7158208,11.4303809432,0,0,0,196.7, 0.3, -0.6,,,0,0,1024,1024,1024,1024,0,0,0,0,205.1,-90,0,57,3.703,3.702,3.702,3.703,0,0,6.07,75.38,-2.370862608676,9.514436,6,P-GPS
19400,2026-05-09 10:19:47,9.514436,,,-2.370862608676,8.530184,0,11.5381893456,16.4215556436,15,5,14.81,0,9.514436,0.7158208,11.5381893456,0,0,0,196.7, 0.2, -0.5,,,0,0,1024,1024,1024,1024,0,0,0,0,205.1,-90,0,57,3.703,3.702,3.702,3.703,0,0,6.07,75.38,-2.370862608676,9.514436,6,P-GPS
19500,2026-05-09 10:19:47,9.514436,,,-2.370862608676,8.530184,0,11.5509518132,16.435039896,15,5,14.81,0,9.514436,0.7158208,11.5509518132,0,0,0,196.7, 0.2, -0.5,,,0,0,1024,1024,1024,1024,0,0,0,0,205.1,-90,0,57,3.703,3.702,3.702,3.703,0,0,6.07,75.38,-2.370862608676,9.514436,6,P-GPS
19600,2026-05-09 10:19:47,9.514436,,,-2.370862608676,8.530184,0,11.6339570652,16.5354992168,15,5,14.81,0,9.514436,0.7158208,11.6339570652,0,0,0,196.7, 0.2, -0.6,,,0,0,1024,1024,1024,1024,0,0,0,0,205.1,-90,0,57,3.703,3.702,3.702,3.703,0,0,6.07,75.38,-2.370862608676,9.514436,6,P-GPS
19700,2026-05-09 10:19:47,9.514436,,,-2.370862608676,8.530184,0,11.6495738636,16.5511160152,15,5,14.81,0,9.514436,0.7158208,11.6495738636,0,0,0,196.7, 0.1, -0.6,,,0,0,1029,1024,1024,1024,1,0,0,0,205.1,-90,0,57,3.703,3.702,3.702,3.703,0,0,6.07,75.38,-2.370862608676,9.514436,6,P-GPS
19800,2026-05-09 10:19:47,9.514436,,,-2.370862608676,8.530184,0,11.7618114,16.6678811108,15,5,14.81,0,9.514436,0.7158208,11.7618114,0,0,0,196.7, 0.1, -0.6,,,0,0,1109,1024,1024,1024,13,0,0,0,205.1,-90,0,57,3.703,3.702,3.702,3.703,0,0,6.07,75.38,-2.370862608676,9.514436,6,P-GPS
19900,2026-05-09 10:19:48,9.514436,,,-2.370862608676,8.530184,0,11.78067623,16.6868771744,15,5,14.803,0,9.514436,0.7158208,11.78067623,0,0,0,196.7, 0.1, -0.6,,,0,0,1295,1024,1024,1024,41,0,0,0,205.1,-90,0,57,3.701,3.701,3.701,3.701,0,0,6.077,75.38,-2.370862608676,9.514436,6,P-GPS
20000,2026-05-09 10:19:48,9.514436,,,-2.370862608676,7.874016,0,11.8867785956,16.79626038,15,5,14.803,0,9.514436,0.7158208,11.8867785956,0,0,0,196.7, 0, -0.6,,,0,0,1370,1024,1024,1024,52,0,0,0,205.1,-90,0,57,3.701,3.701,3.701,3.701,0,0,6.077,75.38,-2.370862608676,9.514436,6,P-GPS
20100,2026-05-09 10:19:48,9.514436,,,-2.370862608676,7.874016,0,11.9016408008,16.812172454,15,5,14.803,0,9.514436,0.7158208,11.9016408008,0,0,0,196.7, -1.3, -0.5,,,0,0,1340,1024,1024,1024,48,0,0,0,205.1,-90,0,57,3.701,3.701,3.701,3.701,0,0,6.077,75.38,-2.370862608676,9.514436,6,P-GPS
20200,2026-05-09 10:19:48,9.514436,,,-2.370862608676,8.2021,0,11.9725725616,16.8971790184,15,5,14.803,0,9.514436,0.7158208,11.9725725616,0,0,0,196.7, -3.9, -0.5,,,0,0,1024,1024,1024,1024,0,0,0,0,205.1,-90,0,57,3.701,3.701,3.701,3.701,0,0,6.077,75.38,-2.370862608676,9.514436,6,P-GPS
20300,2026-05-09 10:19:48,9.514436,,,-2.370862608676,8.2021,0,11.970308782,16.9224414864,15,5,14.803,0,9.514436,0.7158208,11.9725725616,0,0,0,196.7, -5.4, -0.5,,,0,0,1024,1024,1024,1024,0,0,0,0,205.1,-90,0,57,3.701,3.701,3.701,3.701,0,0,6.077,75.38,-2.370862608676,9.514436,6,P-GPS
20400,2026-05-09 10:19:48,9.514436,,,-2.370862608676,7.874016,0.223694,12.0188980224,17.022474298,15,5,14.803,0,9.514436,0.7158208,12.0188980224,-0.223694,0,0,196.8, -3.8, -0.5,,,0,0,1024,1024,1024,1024,0,0,0,0,205.1,-90,0,57,3.701,3.701,3.701,3.701,0,0,6.077,75.38,-2.370862608676,9.514436,6,P-GPS
20500,2026-05-09 10:19:48,9.514436,,,-2.370862608676,8.2021,0.223694,11.9969492028,17.0872380796,15,5,14.803,0,9.514436,0.7158208,12.0188980224,-0.447388,0,0,196.8, -1.6, -0.5,,,0,0,1024,1024,1024,1024,0,0,0,0,205.1,-90,0,57,3.701,3.701,3.701,3.701,0,0,6.077,75.38,-2.370862608676,9.514436,6,P-GPS
20600,2026-05-09 10:19:48,9.514436,,,-2.370862608676,8.530184,0.447388,12.067585688,17.2542000272,15,5,14.803,0,9.514436,0.7158208,12.067585688,-0.447388,0,0,196.8, -0.1, -0.6,,,0,0,1450,1024,1024,1024,65,0,0,0,205.1,-90,0,57,3.701,3.701,3.701,3.701,0,0,6.077,75.38,-2.370862608676,9.514436,6,P-GPS
20700,2026-05-09 10:19:48,9.514436,,,-2.370862608676,8.530184,0.447388,12.04478385,17.324311578,15,5,14.803,0,9.514436,0.7158208,12.067585688,-0.447388,0,0,196.7, -1.3, -0.7,,,0,0,1342,1024,1024,1024,48,0,0,0,205.1,-90,0,57,3.701,3.701,3.701,3.701,0,0,6.077,75.38,-2.370862608676,9.514436,6,P-GPS
20800,2026-05-09 10:19:49,9.514436,,,-2.370862608676,8.530184,0.4921268,12.0709321448,17.4823168324,15,5,14.803,0,9.514436,0.7158208,12.0709321448,-0.447388,-0.223694,0,196.7, -5.3, -0.6,,,0,0,1024,1024,1024,1024,0,0,0,0,205.1,-90,0,57,3.701,3.701,3.701,3.701,0,0,6.077,75.38,-2.370862608676,9.514436,6,P-GPS
20900,2026-05-09 10:19:49,9.514436,,,-2.370862608676,8.2021,0.7158208,12.0272641644,17.5817262844,15,5,14.798,0,9.514436,0.7158208,12.0709321448,-0.671082,-0.223694,0,196.8, -4.3, -0.5,,,0,0,1024,1024,1024,1024,0,0,0,0,205.1,-90,0,57,3.699,3.698,3.699,3.698,0,0,6.112,75.38,-2.370862608676,9.514436,6,P-GPS
21000,2026-05-09 10:19:49,9.514436,,,-2.370862608676,8.2021,0.9171454,12.1193573432,17.8000661864,15,5,14.798,0,9.514436,0.9171454,12.1193573432,-0.894776,-0.223694,0,196.8, -2, -0.4,,,0,0,1024,1024,1024,1024,0,0,0,0,205.1,-90,0,57,3.699,3.698,3.699,3.698,0,0,6.112,75.38,-2.370862608676,9.514436,6,P-GPS
21100,2026-05-09 10:19:49,9.514436,,,-2.370862608676,8.530184,0.9171454,12.0611552416,17.9414047736,15,5,14.798,0,9.514436,0.9171454,12.1193573432,-0.894776,-0.223694,0,196.8, 0.2, -0.4,,,0,0,1024,1024,1024,1024,0,0,0,0,205.1,-90,0,57,3.699,3.698,3.699,3.698,0,0,6.112,75.38,-2.370862608676,9.514436,6,P-GPS
21200,2026-05-09 10:19:49,9.514436,,,-2.370862608676,8.530184,0.9171454,12.1686683684,18.1700137048,15,5,14.798,0,9.514436,0.9171454,12.1686683684,-0.894776,-0.223694,0,196.8, 2.4, -0.6,,,0,0,1024,1024,1024,1024,0,0,0,0,205.1,-90,0,57,3.699,3.698,3.699,3.698,0,0,6.112,75.38,-2.370862608676,9.514436,6,P-GPS
21300,2026-05-09 10:19:49,9.514436,,,-2.370862608676,8.530184,0.7158208,12.1502956644,18.2796593776,15,5,14.798,0,9.514436,0.9171454,12.1686683684,-0.671082,-0.223694,0,196.8, 3.2, -0.7,,,0,0,941,1024,1024,1024,-13,0,0,0,205.1,-90,0,57,3.699,3.698,3.699,3.698,0,0,6.112,75.38,-2.370862608676,9.514436,6,P-GPS
21400,2026-05-09 10:19:49,9.514436,,,-2.370862608676,8.530184,0.7158208,12.2064964536,18.4790360244,15,5,14.798,0,9.514436,0.9171454,12.2064964536,-0.671082,-0.223694,0,196.8, 3.1, -0.8,,,0,0,623,958,1024,1024,-61,-10,0,0,205.1,-90,0,57,3.699,3.698,3.699,3.698,0,0,6.112,75.38,-2.370862608676,9.514436,6,P-GPS
21500,2026-05-09 10:19:49,9.514436,,,-2.370862608676,8.530184,0.4921268,12.1851053768,18.5719494132,15,5,14.798,0,9.514436,0.9171454,12.2064964536,-0.447388,-0.223694,0,196.8, 3.1, -0.9,,,0,0,452,935,981,1024,-87,-13,-7,0,205.1,-90,0,57,3.699,3.698,3.699,3.698,0,0,6.112,75.38,-2.370862608676,9.514436,6,P-GPS
21600,2026-05-09 10:19:49,9.514436,,,-2.370862608676,8.530184,0.223694,12.299541076,18.7183733024,15,5,14.798,0,9.514436,0.9171454,12.299541076,-0.223694,0,0,196.8, 7.6, -1.1,,,0,0,1023,1024,972,1024,-0,0,-8,0,205.1,-90,0,57,3.699,3.698,3.699,3.698,0,0,6.112,75.38,-2.370862608676,9.514436,6,P-GPS
21700,2026-05-09 10:19:49,9.514436,,,-2.370862608676,8.530184,0,12.2928481624,18.7597775032,15,5,14.798,0,9.514436,0.9171454,12.299541076,0,0,0,196.8, 10.4, -1.2,,,0,0,1024,1024,977,1024,0,0,-7,0,205.1,-90,0,57,3.699,3.698,3.699,3.698,0,0,6.112,75.38,-2.370862608676,9.514436,6,P-GPS
21800,2026-05-09 10:19:50,9.514436,,,-2.370862608676,8.530184,0,12.4016408168,18.8693247508,15,5,14.798,0,9.514436,0.9171454,12.4016408168,0,0,0,196.7, 6.5, -1.1,,,0,0,1024,1024,976,1024,0,0,-7,0,205.1,-90,0,57,3.699,3.698,3.699,3.698,0,0,6.112,75.38,-2.370862608676,9.514436,6,P-GPS
21900,2026-05-09 10:19:50,9.514436,,,-2.370862608676,8.2021,0.223694,12.422408534,18.9156502116,15,5,14.794,0,9.514436,0.9171454,12.422408534,0.223694,0,0,196.8, 3.3, -1,,,0,0,936,1024,976,1024,-13,0,-7,0,205.1,-90,0,57,3.699,3.697,3.698,3.697,0,0,6.147,75.38,-2.370862608676,9.514436,6,P-GPS
22000,2026-05-09 10:19:50,9.514436,,,-2.370862608676,8.2021,0.447388,12.4815620792,19.0010504768,15,5,14.794,0,9.514436,0.9171454,12.4815620792,0.447388,0,0,196.8, 0.8, -0.7,,,0,0,519,959,976,1024,-77,-10,-7,0,205.1,-90,0,57,3.699,3.697,3.698,3.697,0,0,6.147,75.38,-2.370862608676,9.514436,6,P-GPS
22100,2026-05-09 10:19:50,9.514436,,,-2.370862608676,8.530184,0.447388,12.4956696912,19.0500990348,15,5,14.794,0,9.514436,0.9171454,12.4956696912,0.447388,0,0,196.9, 1.7, -0.7,,,0,0,491,940,980,1024,-81,-13,-7,0,205.1,-90,0,57,3.699,3.697,3.698,3.697,0,0,6.147,75.38,-2.370862608676,9.514436,6,P-GPS
22200,2026-05-09 10:19:50,9.514436,,,-2.370862608676,8.2021,0.447388,12.6047248128,19.161581978,15,5,14.794,0,9.514436,0.9171454,12.6047248128,0.447388,0,0,196.9, 8.2, -1,,,0,0,1024,1024,985,1024,0,0,-6,0,205.1,-90,0,57,3.699,3.697,3.698,3.697,0,0,6.147,75.38,-2.370862608676,9.514436,6,P-GPS
22300,2026-05-09 10:19:50,9.514436,,,-2.370862608676,8.530184,0.7158208,12.6479334756,19.2321528464,15,5,14.794,0,9.514436,0.9171454,12.6479334756,0.671082,0.223694,0,196.9, 11.6, -1.3,,,0,0,1024,1024,1024,1024,0,0,0,0,205.1,-90,0,57,3.699,3.697,3.698,3.697,0,0,6.147,75.38,-2.370862608676,9.514436,6,P-GPS
22400,2026-05-09 10:19:50,9.514436,,,-2.370862608676,8.2021,1.1408394,12.7327103812,19.4203418288,15,5,14.794,0,9.514436,1.1408394,12.7327103812,1.11847,0.223694,0,196.8, 7.5, -1.3,,,0,0,1024,1024,1024,1024,0,0,0,0,205.1,-90,0,57,3.699,3.697,3.698,3.697,0,0,6.147,75.38,-2.370862608676,9.514436,6,P-GPS
22500,2026-05-09 10:19:50,9.514436,,,-2.370862608676,8.2021,1.1408394,12.7943573648,19.5545281848,15,5,14.794,0,9.514436,1.1408394,12.7943573648,1.11847,0.223694,0,196.8, 3.6, -1.2,,,0,0,1024,1024,1024,1024,0,0,0,0,205.1,-90,0,57,3.699,3.697,3.698,3.697,0,0,6.147,75.38,-2.370862608676,9.514436,6,P-GPS
22600,2026-05-09 10:19:50,9.514436,,,-2.370862608676,8.530184,1.4092722,12.8762471312,19.861221108,15,5,14.794,0,9.514436,1.4092722,12.8762471312,1.342164,0.447388,0,196.8, -0.3, -1,,,0,0,1024,1024,1024,1024,0,0,0,0,205.1,-90,0,57,3.699,3.697,3.698,3.697,0,0,6.147,75.38,-2.370862608676,9.514436,6,P-GPS
22700,2026-05-09 10:19:50,9.514436,,,-2.370862608676,8.530184,1.2079476,12.9344820412,20.0076449972,15,5,14.794,0,9.514436,1.4092722,12.9344820412,1.11847,0.447388,0,196.8, -3.2, -0.7,,,0,0,1024,1024,1024,1024,0,0,0,0,205.1,-90,0,57,3.699,3.697,3.698,3.697,0,0,6.147,75.38,-2.370862608676,9.514436,6,P-GPS
22800,2026-05-09 10:19:51,9.514436,,,-2.370862608676,8.530184,0.9171454,12.9979334868,20.160105632,15,5,14.794,0,9.514436,1.4092722,12.9979334868,0.894776,0.223694,0,196.9, -4.2, -0.4,,,0,0,1024,1024,1111,1024,0,0,13,0,205.1,-90,0,57,3.699,3.697,3.698,3.697,0,0,6.147,75.38,-2.370862608676,9.514436,6,P-GPS
22900,2026-05-09 10:19:51,9.514436,,,-2.370862608676,8.858268,0.7158208,13.0372707584,20.2651909372,15,5,14.782,0,9.514436,1.4092722,13.0372707584,0.671082,0.223694,0,196.9, -4.1, -0.2,,,0,0,1024,1024,1298,1024,0,0,42,0,205.1,-90,0,57,3.698,3.698,3.698,3.696,0,0,6.212,75.56,-2.370862608676,9.514436,6,P-GPS
23000,2026-05-09 10:19:51,9.514436,,,-2.370862608676,8.858268,0.7158208,13.1050201044,20.3639114128,15,5,14.782,0,9.514436,1.4092722,13.1050201044,0.671082,0.223694,0,197, -3.5, -0.3,,,0,0,1024,1024,1350,1024,0,0,49,0,205.1,-90,0,57,3.698,3.698,3.698,3.696,0,0,6.212,75.56,-2.370862608676,9.514436,6,P-GPS
23100,2026-05-09 10:19:51,9.514436,,,-2.370862608676,8.858268,0.223694,13.126968924,20.3987211252,15,5,14.782,0,9.514436,1.4092722,13.126968924,0.223694,0,-0.671082,196.9, -2.6, -0.4,,,0,0,1024,1024,1326,1024,0,0,46,0,205.1,-90,0,57,3.698,3.698,3.698,3.696,0,0,6.212,75.56,-2.370862608676,9.514436,6,P-GPS
23200,2026-05-09 10:19:51,9.84252,,,-2.042778608676,9.186352,0.223694,13.1645017336,20.496391732,15,5,14.782,0,9.84252,1.4092722,13.1645017336,0.223694,0,-1.789552,196.9, -1.3, -0.4,,,0,0,1024,1024,1024,1024,0,0,0,0,205.1,-90,0,57,3.698,3.698,3.698,3.696,0,0,6.212,75.56,-2.042778608676,9.84252,6,P-GPS
23300,2026-05-09 10:19:51,10.170604,,,-1.714694608676,8.530184,0,13.172736642,20.5056108924,15,5,14.782,0,10.170604,1.4092722,13.172736642,0,0,-2.684328,197, -0.1, -0.3,,,0,0,1024,1024,1024,1024,0,0,0,0,205.1,-90,0,57,3.698,3.698,3.698,3.696,0,0,6.212,75.56,-1.714694608676,10.170604,6,P-GPS
23400,2026-05-09 10:19:51,10.498688,,,-1.386610608676,8.858268,0,13.2639768024,20.6063982972,15,5,14.782,0,10.498688,1.4092722,13.2639768024,0,0,-2.23694,197, 0.3, -0.4,,,0,0,1024,1024,1024,1024,0,0,0,0,205.1,-90,0,57,3.698,3.698,3.698,3.696,0,0,6.212,75.56,-1.386610608676,10.498688,6,P-GPS
23500,2026-05-09 10:19:51,10.826772,,,-1.058526608676,8.530184,0,13.2820870392,20.6301187704,15,5,14.782,0,10.826772,1.4092722,13.2820870392,0,0,-1.11847,197, 0.3, -0.5,,,0,0,1024,1024,1024,1024,0,0,0,0,205.1,-90,0,57,3.698,3.698,3.698,3.696,0,0,6.212,75.56,-1.058526608676,10.826772,6,P-GPS
23600,2026-05-09 10:19:51,10.826772,,,-1.058526608676,8.858268,0,13.2645017368,20.7336620808,15,5,14.782,0,10.826772,1.4092722,13.2820870392,0,0,-0.447388,197, -0.2, -0.6,,,0,0,1024,1024,1024,1024,0,0,0,0,205.1,-90,0,57,3.698,3.698,3.698,3.696,0,0,6.212,75.56,-1.058526608676,10.826772,6,P-GPS
23700,2026-05-09 10:19:51,10.826772,,,-1.058526608676,9.186352,0,13.2747379576,20.7660439716,15,5,14.782,0,10.826772,1.4092722,13.2820870392,0,0,-0.223694,197, -0.6, -0.6,,,0,0,1024,1024,1024,1024,0,0,0,0,205.1,-90,0,57,3.698,3.698,3.698,3.696,0,0,6.212,75.56,-1.058526608676,10.826772,6,P-GPS
23800,2026-05-09 10:19:52,10.826772,,,-1.058526608676,9.186352,0,13.3479006896,20.8462605096,15,5,14.782,0,10.826772,1.4092722,13.3479006896,0,0,0,197, -0.6, -0.6,,,0,0,1024,1024,1024,1024,0,0,0,0,205.1,-90,0,57,3.698,3.698,3.698,3.696,0,0,6.212,75.56,-1.058526608676,10.826772,6,P-GPS
23900,2026-05-09 10:19:52,10.826772,,,-1.058526608676,9.514436,0,13.3647970156,20.8733274396,15,5,14.749,0,10.826772,1.4092722,13.3647970156,0,0,0,197, -0.5, -0.7,,,0,0,1024,1024,1024,1024,0,0,0,0,205.1,-90,0,57,3.716,3.713,3.708,3.701,0,0,7.006,75.74,-1.058526608676,10.826772,6,P-GPS
24000,2026-05-09 10:19:52,10.826772,,,-1.058526608676,9.514436,0,13.4175201144,20.9451450272,15,5,14.749,0,10.826772,1.4092722,13.4175201144,0,0,0,197, -0.4, -0.8,,,0,0,1024,1024,1024,1024,0,0,0,0,205.1,-90,0,57,3.716,3.713,3.708,3.701,0,0,7.006,75.74,-1.058526608676,10.826772,6,P-GPS
24100,2026-05-09 10:19:52,10.826772,,,-1.058526608676,9.514436,0,13.4280516108,20.955709332,15,5,14.749,0,10.826772,1.4092722,13.4280516108,0,0,0,197, -0.2, -0.8,,,0,0,1024,1024,1032,1024,0,0,1,0,205.1,-90,0,57,3.716,3.713,3.708,3.701,0,0,7.006,75.74,-1.058526608676,10.826772,6,P-GPS
24200,2026-05-09 10:19:52,10.826772,,,-1.058526608676,9.514436,0,13.485564736,21.0236883368,15,5,14.749,0,10.826772,1.4092722,13.485564736,0,0,0,197, 0, -0.9,,,0,0,1024,1024,1039,1024,0,0,2,0,205.1,-90,0,57,3.716,3.713,3.708,3.701,0,0,7.006,75.74,-1.058526608676,10.826772,6,P-GPS
24300,2026-05-09 10:19:52,10.826772,,,-1.058526608676,9.84252,0,13.4948495132,21.0341542164,15,5,14.749,0,10.826772,1.4092722,13.4948495132,0,0,0,197, 0, -0.9,,,0,0,1024,1024,1056,1024,0,0,5,0,205.1,-90,0,57,3.716,3.713,3.708,3.701,0,0,7.006,75.74,-1.058526608676,10.826772,6,P-GPS
24400,2026-05-09 10:19:52,10.826772,,,-1.058526608676,9.84252,0,13.547572612,21.089567604,15,5,14.749,0,10.826772,1.4092722,13.547572612,0,0,0,197, 0.1, -0.8,,,0,0,1024,1024,1056,1024,0,0,5,0,205.1,-90,0,57,3.716,3.713,3.708,3.701,0,0,7.006,75.74,-1.058526608676,10.826772,6,P-GPS
24500,2026-05-09 10:19:52,10.826772,,,-1.058526608676,9.514436,0,13.5418967588,21.0961949008,15,5,14.749,0,10.826772,1.4092722,13.547572612,0,0,0,197, 0.1, -0.7,,,0,0,1024,1024,1240,1024,0,0,33,0,205.1,-90,0,57,3.716,3.713,3.708,3.701,0,0,7.006,75.74,-1.058526608676,10.826772,6,P-GPS
24600,2026-05-09 10:19:52,10.826772,,,-1.058526608676,9.84252,0,13.5978022724,21.152559732,15,5,14.749,0,10.826772,1.4092722,13.5978022724,0,0,0,197, 0.2, -0.7,,,0,0,1024,1024,1222,1024,0,0,30,0,205.1,-90,0,57,3.716,3.713,3.708,3.701,0,0,7.006,75.74,-1.058526608676,10.826772,6,P-GPS
24700,2026-05-09 10:19:52,10.826772,,,-1.058526608676,9.514436,0,13.597113296,21.1631568452,15,5,14.749,0,10.826772,1.4092722,13.5978022724,0,0,0,197, 0.3, -0.7,,,0,0,1024,1024,1024,1024,0,0,0,0,205.1,-90,0,57,3.716,3.713,3.708,3.701,0,0,7.006,75.74,-1.058526608676,10.826772,6,P-GPS
24800,2026-05-09 10:19:52,10.826772,,,-1.058526608676,9.514436,0,13.6808075244,21.2704403132,15,5,14.749,0,10.826772,1.4092722,13.6808075244,0,0,-0.671082,197, 0.3, -0.8,,,0,0,1024,1024,1024,1024,0,0,0,0,205.1,-90,0,57,3.716,3.713,3.708,3.701,0,0,7.006,75.74,-1.058526608676,10.826772,6,P-GPS
24900,2026-05-09 10:19:53,11.154856,,,-0.730442608676,9.84252,0,13.6803810152,21.2884521248,15,5,14.798,0,11.154856,1.4092722,13.6808075244,0,0,-0.894776,197, 0.5, -0.9,,,0,0,1024,1024,1024,1024,0,0,0,0,205.1,-90,0,57,3.694,3.694,3.694,3.693,0,0,6.65,75.74,-0.730442608676,11.154856,6,P-GPS
25000,2026-05-09 10:19:53,11.154856,,,-0.730442608676,9.514436,0,13.7158468956,21.3281502888,15,5,14.798,0,11.154856,1.4092722,13.7158468956,0,0,-0.447388,197, 0.8, -0.9,,,0,0,1024,1024,1024,1024,0,0,0,0,205.1,-90,0,57,3.694,3.694,3.694,3.693,0,0,6.65,75.74,-0.730442608676,11.154856,6,P-GPS
25100,2026-05-09 10:19:53,11.154856,,,-0.730442608676,9.514436,0,13.708333772,21.3466542264,15,5,14.798,0,11.154856,1.4092722,13.7158468956,0,0,0,197, 0.7, -0.9,,,0,0,1024,1024,1024,1024,0,0,0,0,205.1,-90,0,57,3.694,3.694,3.694,3.693,0,0,6.65,75.74,-0.730442608676,11.154856,6,P-GPS
25200,2026-05-09 10:19:53,11.154856,,,-0.730442608676,8.530184,0,13.757054246,21.402723782,15,5,14.798,0,11.154856,1.4092722,13.757054246,0,0,0,197, 0.6, -0.9,,,0,0,1024,1024,1024,1024,0,0,0,0,205.1,-90,0,57,3.694,3.694,3.694,3.693,0,0,6.65,75.74,-0.730442608676,11.154856,6,P-GPS
25300,2026-05-09 10:19:53,11.154856,,,-0.730442608676,8.858268,0,13.7466539832,21.4199810004,15,5,14.798,0,11.154856,1.4092722,13.757054246,0,0,0,197, 0.6, -0.8,,,0,0,1024,1024,1129,1024,0,0,16,0,205.1,-90,0,57,3.694,3.694,3.694,3.693,0,0,6.65,75.74,-0.730442608676,11.154856,6,P-GPS
25400,2026-05-09 10:19:53,11.154856,,,-0.730442608676,9.186352,0,13.7821854804,21.4559718152,15,5,14.798,0,11.154856,1.4092722,13.7821854804,0,0,0,197, 0.7, -0.8,,,0,0,1024,1024,1375,1024,0,0,53,0,205.1,-90,0,57,3.694,3.694,3.694,3.693,0,0,6.65,75.74,-0.730442608676,11.154856,6,P-GPS
25500,2026-05-09 10:19:53,11.48294,,,-0.402358608676,9.514436,0,13.7719492596,21.4670610544,15,5,14.798,0,11.48294,1.4092722,13.7821854804,0,0,-0.223694,196.9, 0.6, -0.8,,,0,0,1024,1024,1386,1024,0,0,55,0,205.1,-90,0,57,3.694,3.694,3.694,3.693,0,0,6.65,75.74,-0.402358608676,11.48294,6,P-GPS
25600,2026-05-09 10:19:53,11.48294,,,-0.402358608676,9.514436,0,13.8306106788,21.5364508204,15,5,14.798,0,11.48294,1.4092722,13.8306106788,0,0,-1.11847,196.9, 0.4, -0.6,,,0,0,1024,1024,1178,1024,0,0,23,0,205.1,-90,0,57,3.694,3.694,3.694,3.693,0,0,6.65,75.74,-0.402358608676,11.48294,6,P-GPS
25700,2026-05-09 10:19:53,11.811024,,,-0.074274608676001,9.84252,0,13.8227694712,21.5443904532,15,5,14.798,0,11.811024,1.4092722,13.8306106788,0,0,-2.23694,197, 0.5, -0.5,,,0,0,1024,1024,1024,1024,0,0,0,0,205.1,-90,0,57,3.694,3.694,3.694,3.693,0,0,6.65,75.74,-0.074274608676001,11.811024,6,P-GPS
25800,2026-05-09 10:19:54,12.139108,,,0.253809391324,9.84252,0,13.9103678992,21.6348760204,15,5,14.798,0.253809391324,12.139108,1.4092722,13.9103678992,0,0,-2.23694,197, 0.5, -0.4,,,0,0,1024,1024,1024,1024,0,0,0,0,205.1,-90,0,57,3.694,3.694,3.694,3.693,0,0,6.65,75.74,0.253809391324,12.139108,6,P-GPS
25900,2026-05-09 10:19:54,12.467192,,,0.581893391324,9.84252,0,13.9108600252,21.6455387504,15,5,14.789,0.581893391324,12.467192,1.4092722,13.9108600252,0,0,-1.11847,197, 1, -0.7,,,0,0,1024,1024,1024,1024,0,0,0,0,205.1,-90,0,57,3.653,3.68,3.708,3.715,0,0,6.279,75.74,0.581893391324,12.467192,6,P-GPS
26000,2026-05-09 10:19:54,12.467192,,,0.581893391324,10.170604,0,13.9597117328,21.6954075184,15,5,14.789,0.581893391324,12.467192,1.4092722,13.9597117328,0,0,-0.447388,197, 1, -1,,,0,0,1024,1024,1024,1024,0,0,0,0,205.1,-90,0,57,3.653,3.68,3.708,3.715,0,0,6.279,75.74,0.581893391324,12.467192,6,P-GPS
26100,2026-05-09 10:19:54,12.467192,,,0.581893391324,10.498688,0,13.9451119948,21.7103353404,15,5,14.789,0.581893391324,12.467192,1.4092722,13.9597117328,0,0,-0.223694,197, 0.8, -1,,,0,0,1024,1024,1024,1024,0,0,0,0,205.1,-90,0,57,3.653,3.68,3.708,3.715,0,0,6.279,75.74,0.581893391324,12.467192,6,P-GPS
26200,2026-05-09 10:19:54,12.467192,,,0.581893391324,10.498688,0,13.9779203948,21.7460964964,15,5,14.789,0.581893391324,12.467192,1.4092722,13.9779203948,0,0,0,197, 0.6, -0.8,,,0,0,1024,1024,1002,1024,0,0,-3,0,205.1,-90,0,57,3.653,3.68,3.708,3.715,0,0,6.279,75.74,0.581893391324,12.467192,6,P-GPS
26300,2026-05-09 10:19:54,12.467192,,,0.581893391324,10.498688,0,13.9698823368,21.7542001712,15,5,14.789,0.581893391324,12.467192,1.4092722,13.9779203948,0,0,0,197, 0.5, -0.8,,,0,0,1024,1024,799,1024,0,0,-34,0,205.1,-90,0,57,3.653,3.68,3.708,3.715,0,0,6.279,75.74,0.581893391324,12.467192,6,P-GPS
26400,2026-05-09 10:19:54,12.467192,,,0.581893391324,10.498688,0,14.041831158,21.8313327196,15,5,14.789,0.581893391324,12.467192,1.4092722,14.041831158,0,0,0,197, 0.6, -0.6,,,0,0,1024,1024,676,1024,0,0,-53,0,205.1,-90,0,57,3.653,3.68,3.708,3.715,0,0,6.279,75.74,0.581893391324,12.467192,6,P-GPS
26500,2026-05-09 10:19:54,12.467192,,,0.581893391324,10.498688,0,14.0173232832,21.8559062112,15,5,14.789,0.581893391324,12.467192,1.4092722,14.041831158,0,0,0.223694,197, 0.8, -0.5,,,0,0,1024,1024,816,1024,0,0,-32,0,205.1,-90,0,57,3.653,3.68,3.708,3.715,0,0,6.279,75.74,0.581893391324,12.467192,6,P-GPS
26600,2026-05-09 10:19:54,12.467192,,,0.581893391324,10.498688,0,14.094816724,21.9447841668,15,5,14.789,0.581893391324,12.467192,1.4092722,14.094816724,0,0,0.894776,197, 0.8, -0.4,,,0,0,1024,1024,1024,1024,0,0,0,0,205.1,-90,0,57,3.653,3.68,3.708,3.715,0,0,6.279,75.74,0.581893391324,12.467192,6,P-GPS
26700,2026-05-09 10:19:54,12.139108,,,0.253809391324,10.170604,0,14.094160556,21.9508537208,15,5,14.789,0.581893391324,12.467192,1.4092722,14.094816724,0,0,2.013246,197, 0.8, -0.8,,,0,0,1024,1024,1024,1024,0,0,0,0,205.1,-90,0,57,3.653,3.68,3.708,3.715,0,0,6.279,75.74,0.253809391324,12.139108,6,P-GPS
26800,2026-05-09 10:19:55,11.811024,,,-0.074274608676001,9.84252,0,14.1890096404,22.0485899444,15,5,14.789,0.581893391324,12.467192,1.4092722,14.1890096404,0,0,1.565858,196.9, 0.6, -0.9,,,0,0,1024,1024,934,1024,0,0,-14,0,205.1,-90,0,57,3.653,3.68,3.708,3.715,0,0,6.279,75.74,-0.074274608676001,11.811024,6,P-GPS
26900,2026-05-09 10:19:55,11.811024,,,-0.074274608676001,10.170604,0,14.1957681708,22.0576450628,15,5,14.777,0.581893391324,12.467192,1.4092722,14.1957681708,0,0,0.671082,196.9, 0.3, -0.7,,,0,0,1024,1024,813,1024,0,0,-32,0,205.1,-90,0,57,3.697,3.704,3.716,3.723,0,0,6.668,75.92,-0.074274608676001,11.811024,6,P-GPS
27000,2026-05-09 10:19:55,11.48294,,,-0.402358608676,10.170604,0,14.24212644,22.1069888964,15,5,14.777,0.581893391324,12.467192,1.4092722,14.24212644,0,0,0.223694,196.9, 0.4, -0.6,,,0,0,1024,1024,813,1024,0,0,-32,0,205.1,-90,0,57,3.697,3.704,3.716,3.723,0,0,6.668,75.92,-0.402358608676,11.48294,6,P-GPS
27100,2026-05-09 10:19:55,11.48294,,,-0.402358608676,9.514436,0,14.2619099052,22.12844559,15,5,14.777,0.581893391324,12.467192,1.4092722,14.2619099052,0,0,0.223694,197, 0.5, -0.7,,,0,0,1024,1024,1024,1024,0,0,0,0,205.1,-90,0,57,3.697,3.704,3.716,3.723,0,0,6.668,75.92,-0.402358608676,11.48294,6,P-GPS
27200,2026-05-09 10:19:55,11.48294,,,-0.402358608676,8.858268,0,14.3600398296,22.2266411312,15,5,14.777,0.581893391324,12.467192,1.4092722,14.3600398296,0,0,0.671082,197, 0.3, -1.2,,,0,0,1024,1024,1024,1024,0,0,0,0,205.1,-90,0,57,3.697,3.704,3.716,3.723,0,0,6.668,75.92,-0.402358608676,11.48294,6,P-GPS
27300,2026-05-09 10:19:55,11.48294,,,-0.402358608676,8.858268,0,14.3791671268,22.245899662,15,5,14.777,0.581893391324,12.467192,1.4092722,14.3791671268,0,0,0.223694,197, 0.1, -1.2,,,0,0,1024,1024,829,1024,0,0,-30,0,205.1,-90,0,57,3.697,3.704,3.716,3.723,0,0,6.668,75.92,-0.402358608676,11.48294,6,P-GPS
27400,2026-05-09 10:19:55,11.48294,,,-0.402358608676,8.858268,0,14.3952760512,22.2661096364,15,5,14.777,0.581893391324,12.467192,1.4092722,14.3952760512,0,0,0,197, 0.1, -1.1,,,0,0,1024,1024,797,1024,0,0,-34,0,205.1,-90,0,57,3.697,3.704,3.716,3.723,0,0,6.668,75.92,-0.402358608676,11.48294,6,P-GPS
27500,2026-05-09 10:19:55,11.48294,,,-0.402358608676,8.530184,0,14.4075135844,22.2806437576,15,5,14.777,0.581893391324,12.467192,1.4092722,14.4075135844,0,0,0.223694,197, 0.1, -1,,,0,0,1024,1024,1024,1024,0,0,0,0,205.1,-90,0,57,3.697,3.704,3.716,3.723,0,0,6.668,75.92,-0.402358608676,11.48294,6,P-GPS
27600,2026-05-09 10:19:55,11.154856,,,-0.730442608676,9.186352,0,14.5049873408,22.3796923172,15,5,14.777,0.581893391324,12.467192,1.4092722,14.5049873408,0,0,0.894776,197, 0, -1.6,,,0,0,1024,1024,1024,1024,0,0,0,0,205.1,-90,0,57,3.697,3.704,3.716,3.723,0,0,6.668,75.92,-0.730442608676,11.154856,6,P-GPS
27700,2026-05-09 10:19:55,11.154856,,,-0.730442608676,8.858268,0,14.5167983648,22.3915033412,15,5,14.777,0.581893391324,12.467192,1.4092722,14.5167983648,0,0,0.447388,196.9, -0.1, -1.6,,,0,0,1024,1024,1003,1024,0,0,-3,0,205.1,-90,0,57,3.697,3.704,3.716,3.723,0,0,6.668,75.92,-0.730442608676,11.154856,6,P-GPS
27800,2026-05-09 10:19:56,11.154856,,,-0.730442608676,8.858268,0,14.57103065,22.4491477,15,5,14.777,0.581893391324,12.467192,1.4092722,14.57103065,0,0,0,197, 0, -1.3,,,0,0,1024,1024,745,1024,0,0,-42,0,205.1,-90,0,57,3.697,3.704,3.716,3.723,0,0,6.668,75.92,-0.730442608676,11.154856,6,P-GPS
27900,2026-05-09 10:19:56,11.154856,,,-0.730442608676,8.858268,0,14.5737209388,22.460466598,15,5,14.625,0.581893391324,12.467192,1.4092722,14.5737209388,0,0,0,197, 0.1, -1.2,,,0,0,1024,1024,655,1024,0,0,-56,0,205.1,-90,0,57,3.675,3.658,3.66,3.671,0,0,6.427,75.92,-0.730442608676,11.154856,6,P-GPS
28000,2026-05-09 10:19:56,11.154856,,,-0.730442608676,8.858268,0,14.6004269764,22.4879928456,15,5,14.625,0.581893391324,12.467192,1.4092722,14.6004269764,0,0,0.671082,197, 0, -1.1,,,0,0,1024,1024,1024,1024,0,0,0,0,205.1,-90,0,57,3.675,3.658,3.66,3.671,0,0,6.427,75.92,-0.730442608676,11.154856,6,P-GPS
28100,2026-05-09 10:19:56,10.826772,,,-1.058526608676,8.858268,0,14.597605454,22.5078419276,15,5,14.625,0.581893391324,12.467192,1.4092722,14.6004269764,0,0,1.565858,197, 0, -1.1,,,0,0,1024,1024,1024,1024,0,0,0,0,205.1,-90,0,57,3.675,3.658,3.66,3.671,0,0,6.427,75.92,-1.058526608676,10.826772,6,P-GPS
28200,2026-05-09 10:19:56,10.826772,,,-1.058526608676,8.530184,0,14.6769361652,22.5879600404,15,5,14.625,0.581893391324,12.467192,1.4092722,14.6769361652,0,0,1.342164,196.9, -0.1, -1,,,0,0,1024,1024,1024,1024,0,0,0,0,205.1,-90,0,57,3.675,3.658,3.66,3.671,0,0,6.427,75.92,-1.058526608676,10.826772,6,P-GPS
28300,2026-05-09 10:19:56,10.498688,,,-1.386610608676,8.858268,0,14.6788718608,22.6023957364,15,5,14.625,0.581893391324,12.467192,1.4092722,14.6788718608,0,0,0.223694,196.9, -0.3, -0.5,,,0,0,1024,1024,1008,1024,0,0,-2,0,205.1,-90,0,57,3.675,3.658,3.66,3.671,0,0,6.427,75.92,-1.386610608676,10.498688,6,P-GPS
28400,2026-05-09 10:19:56,10.498688,,,-1.386610608676,9.186352,0,14.6867130684,22.6126319572,15,5,14.625,0.581893391324,12.467192,1.4092722,14.6867130684,0,0,0,197, -0.2, -0.5,,,0,0,1024,1024,840,1024,0,0,-28,0,205.1,-90,0,57,3.675,3.658,3.66,3.671,0,0,6.427,75.92,-1.386610608676,10.498688,6,P-GPS
28500,2026-05-09 10:19:56,10.498688,,,-1.386610608676,9.186352,0,14.6911422024,22.6182093852,15,5,14.625,0.581893391324,12.467192,1.4092722,14.6911422024,0,0,0,197, -0.1, -0.6,,,0,0,1024,1024,672,1024,0,0,-53,0,205.1,-90,0,57,3.675,3.658,3.66,3.671,0,0,6.427,75.92,-1.386610608676,10.498688,6,P-GPS
28600,2026-05-09 10:19:56,10.498688,,,-1.386610608676,8.858268,0,14.7000004704,22.6270676532,15,5,14.625,0.581893391324,12.467192,1.4092722,14.7000004704,0,0,0.223694,197, 0, -0.7,,,0,0,1024,1024,1024,1024,0,0,0,0,205.1,-90,0,57,3.675,3.658,3.66,3.671,0,0,6.427,75.92,-1.386610608676,10.498688,6,P-GPS
28700,2026-05-09 10:19:56,10.498688,,,-1.386610608676,8.530184,0,14.7434716004,22.67716608,15,5,14.625,0.581893391324,12.467192,1.4092722,14.7434716004,0,0,1.11847,197, 0, -1.2,,,0,0,1024,1024,1024,1024,0,0,0,0,205.1,-90,0,57,3.675,3.658,3.66,3.671,0,0,6.427,75.92,-1.386610608676,10.498688,6,P-GPS
28800,2026-05-09 10:19:57,10.170604,,,-1.714694608676,8.530184,0,14.7386487656,22.7307421972,15,5,14.625,0.581893391324,12.467192,1.4092722,14.7434716004,0,0,1.565858,197, 0, -1.8,,,0,0,1024,1024,1024,1024,0,0,0,0,205.1,-90,0,57,3.675,3.658,3.66,3.671,0,0,6.427,75.92,-1.714694608676,10.170604,6,P-GPS
28900,2026-05-09 10:19:57,10.170604,,,-1.714694608676,8.530184,0,14.7507550652,22.7437343236,15,5,14.666,0.581893391324,12.467192,1.4092722,14.7507550652,0,0,0.671082,197, -0.1, -1.6,,,0,0,1024,1024,1024,1024,0,0,0,0,205.1,-90,0,57,3.72,3.712,3.654,3.625,0,0,6.552,75.74,-1.714694608676,10.170604,6,P-GPS
29000,2026-05-09 10:19:57,9.84252,,,-2.042778608676,8.530184,0,14.7503941728,22.7444233,15,5,14.666,0.581893391324,12.467192,1.4092722,14.7507550652,0,0,0,197, 0, -1.1,,,0,0,1024,1024,1024,1024,0,0,0,0,205.1,-90,0,57,3.72,3.712,3.654,3.625,0,0,6.552,75.74,-2.042778608676,9.84252,6,P-GPS
29100,2026-05-09 10:19:57,9.84252,,,-2.042778608676,8.2021,0,14.7093508644,22.8052172652,15,5,14.666,0.581893391324,12.467192,1.4092722,14.7507550652,0,0,0,197, 0, -1,,,0,0,1024,1024,1024,1024,0,0,0,0,205.1,-90,0,57,3.72,3.712,3.654,3.625,0,0,6.552,75.74,-2.042778608676,9.84252,6,P-GPS
29200,2026-05-09 10:19:57,9.84252,,,-2.042778608676,8.530184,0,14.6932747484,22.8219823576,15,5,14.666,0.581893391324,12.467192,1.4092722,14.7507550652,0,0,0,197, 0.1, -1,,,0,0,1024,1024,1024,1024,0,0,0,0,205.1,-90,0,57,3.72,3.712,3.654,3.625,0,0,6.552,75.74,-2.042778608676,9.84252,6,P-GPS
29300,2026-05-09 10:19:57,9.84252,,,-2.042778608676,8.530184,0,14.6916999452,22.8304141164,15,5,14.666,0.581893391324,12.467192,1.4092722,14.7507550652,0,0,0,197, 0.2, -1.1,,,0,0,1024,1024,1024,1024,0,0,0,0,205.1,-90,0,57,3.72,3.712,3.654,3.625,0,0,6.552,75.74,-2.042778608676,9.84252,6,P-GPS
29400,2026-05-09 10:19:57,9.84252,,,-2.042778608676,8.858268,0,14.688648764,22.8437671352,15,5,14.666,0.581893391324,12.467192,1.4092722,14.7507550652,0,0,0,197, 0.3, -1.3,,,0,0,1024,1024,1024,1024,0,0,0,0,205.1,-90,0,57,3.72,3.712,3.654,3.625,0,0,6.552,75.74,-2.042778608676,9.84252,6,P-GPS
29500,2026-05-09 10:19:57,9.84252,,,-2.042778608676,8.858268,0,14.6819886588,22.852034852,15,5,14.666,0.581893391324,12.467192,1.4092722,14.7507550652,0,0,0,197, 0.3, -1.4,,,0,0,1024,1024,1024,1024,0,0,0,0,205.1,-90,0,57,3.72,3.712,3.654,3.625,0,0,6.552,75.74,-2.042778608676,9.84252,6,P-GPS
29600,2026-05-09 10:19:57,9.84252,,,-2.042778608676,8.858268,0,14.6724414144,22.8644364272,15,5,14.666,0.581893391324,12.467192,1.4092722,14.7507550652,0,0,0,197, 0.4, -1.3,,,0,0,1024,1024,1024,1024,0,0,0,0,205.1,-90,0,57,3.72,3.712,3.654,3.625,0,0,6.552,75.74,-2.042778608676,9.84252,6,P-GPS
29700,2026-05-09 10:19:57,10.170604,,,-1.714694608676,8.858268,0,14.6544952196,22.8857618872,15,5,14.666,0.581893391324,12.467192,1.4092722,14.7507550652,0,0,0,197, 0.4, -1.1,,,0,0,1024,1024,1024,1024,0,0,0,0,205.1,-90,0,57,3.72,3.712,3.654,3.625,0,0,6.552,75.74,-1.714694608676,10.170604,6,P-GPS
29800,2026-05-09 10:19:58,10.170604,,,-1.714694608676,8.858268,0,14.6490818336,22.892389184,15,5,14.666,0.581893391324,12.467192,1.4092722,14.7507550652,0,0,0,197, 0.4, -1,,,0,0,1024,1024,1024,1024,0,0,0,0,205.1,-90,0,57,3.72,3.712,3.654,3.625,0,0,6.552,75.74,-1.714694608676,10.170604,6,P-GPS
29900,2026-05-09 10:19:58,9.84252,,,-2.042778608676,8.858268,0,14.6390096548,22.9031175308,15,5,14.71,0.581893391324,12.467192,1.4092722,14.7507550652,0,0,0,197, 0.4, -0.9,,,0,0,1024,1024,1024,1024,0,0,0,0,205.1,-90,0,57,3.691,3.69,3.688,3.687,0,0,6.837,75.92,-2.042778608676,9.84252,6,P-GPS
30000,2026-05-09 10:19:58,9.84252,,,-2.042778608676,8.530184,0,14.6261815704,22.9161424656,15,5,14.71,0.581893391324,12.467192,1.4092722,14.7507550652,0,0,0,197, 0.5, -0.8,,,0,0,1024,1024,1024,1024,0,0,0,0,205.1,-90,0,57,3.691,3.69,3.688,3.687,0,0,6.837,75.92,-2.042778608676,9.84252,6,P-GPS
30100,2026-05-09 10:19:58,9.84252,,,-2.042778608676,8.858268,0,14.612369234,22.9389443036,15,5,14.71,0.581893391324,12.467192,1.4092722,14.7507550652,0,0,0,197, 0.5, -0.8,,,0,0,1024,1024,1024,1024,0,0,0,0,205.1,-90,0,57,3.691,3.69,3.688,3.687,0,0,6.837,75.92,-2.042778608676,9.84252,6,P-GPS
30200,2026-05-09 10:19:58,9.84252,,,-2.042778608676,8.858268,0,14.6121067668,22.954561102,15,5,14.71,0.581893391324,12.467192,1.4092722,14.7507550652,0,0,0,196.9, 0.5, -0.7,,,0,0,1024,1024,1024,1024,0,0,0,0,205.1,-90,0,57,3.691,3.69,3.688,3.687,0,0,6.837,75.92,-2.042778608676,9.84252,6,P-GPS
30300,2026-05-09 10:19:58,9.84252,,,-2.042778608676,8.858268,0,14.603182882,22.9641083464,15,5,14.71,0.581893391324,12.467192,1.4092722,14.7507550652,0,0,0,197, 0.5, -0.8,,,0,0,1024,1024,1024,1024,0,0,0,0,205.1,-90,0,57,3.691,3.69,3.688,3.687,0,0,6.837,75.92,-2.042778608676,9.84252,6,P-GPS
30400,2026-05-09 10:19:58,9.84252,,,-2.042778608676,8.858268,0,14.5942918056,22.973425932,15,5,14.71,0.581893391324,12.467192,1.4092722,14.7507550652,0,0,0,197, 0.5, -0.8,,,0,0,1024,1024,1024,1024,0,0,0,0,205.1,-90,0,57,3.691,3.69,3.688,3.687,0,0,6.837,75.92,-2.042778608676,9.84252,6,P-GPS
30500,2026-05-09 10:19:58,9.84252,,,-2.042778608676,8.530184,0,14.5902891808,22.9836621528,15,5,14.71,0.581893391324,12.467192,1.4092722,14.7507550652,0,0,0,197, 0.5, -0.8,,,0,0,1024,1024,1024,1024,0,0,0,0,205.1,-90,0,57,3.691,3.69,3.688,3.687,0,0,6.837,75.92,-2.042778608676,9.84252,6,P-GPS
30600,2026-05-09 10:19:58,9.84252,,,-2.042778608676,8.530184,0,14.5818902304,22.9993117596,15,5,14.71,0.581893391324,12.467192,1.4092722,14.7507550652,0,0,0,196.9, 0.5, -0.8,,,0,0,1024,1024,1024,1024,0,0,0,0,205.1,-90,0,57,3.691,3.69,3.688,3.687,0,0,6.837,75.92,-2.042778608676,9.84252,6,P-GPS
30700,2026-05-09 10:19:58,9.84252,,,-2.042778608676,8.2021,0,14.5735897052,23.0083340696,15,5,14.71,0.581893391324,12.467192,1.4092722,14.7507550652,0,0,0,196.9, 0.5, -0.8,,,0,0,1024,1024,1024,1024,0,0,0,0,205.1,-90,0,57,3.691,3.69,3.688,3.687,0,0,6.837,75.92,-2.042778608676,9.84252,6,P-GPS
30800,2026-05-09 10:19:58,10.170604,,,-1.714694608676,8.530184,0,14.5642393112,23.0245414192,16,5,14.71,0.581893391324,12.467192,1.4092722,14.7507550652,0,0,0,196.9, 0.6, -0.8,,,0,0,1024,1024,1024,1024,0,0,0,0,205.1,-90,0,57,3.691,3.69,3.688,3.687,0,0,6.837,75.92,-1.714694608676,10.170604,6,P-GPS
30900,2026-05-09 10:19:59,10.170604,,,-1.714694608676,8.858268,0,14.553970282,23.0349088736,16,5,14.749,0.581893391324,12.467192,1.4092722,14.7507550652,0,0,0,196.9, 0.6, -0.8,,,0,0,1024,1024,1024,1024,0,0,0,0,205.1,-90,0,57,3.688,3.687,3.688,3.688,0,0,6.128,75.92,-1.714694608676,10.170604,6,P-GPS
31000,2026-05-09 10:19:59,10.170604,,,-1.714694608676,8.858268,0,14.5650595212,23.0503288216,16,5,14.749,0.581893391324,12.467192,1.4092722,14.7507550652,0,0,0,196.9, 0.6, -0.8,,,0,0,1024,1024,1024,1024,0,0,0,0,205.1,-90,0,57,3.688,3.687,3.688,3.688,0,0,6.128,75.92,-1.714694608676,10.170604,6,P-GPS
31100,2026-05-09 10:19:59,10.170604,,,-1.714694608676,8.858268,0,14.5626316996,23.0527238348,16,5,14.749,0.581893391324,12.467192,1.4092722,14.7507550652,0,0,0,196.9, 0.6, -0.7,,,0,0,1024,1024,1024,1024,0,0,0,0,205.1,-90,0,57,3.688,3.687,3.688,3.688,0,0,6.128,75.92,-1.714694608676,10.170604,6,P-GPS
31200,2026-05-09 10:19:59,10.170604,,,-1.714694608676,8.858268,0,14.5563981036,23.0631240976,16,5,14.749,0.581893391324,12.467192,1.4092722,14.7507550652,0,0,0,196.9, 0.5, -0.6,,,0,0,1024,1024,1024,1024,0,0,0,0,205.1,-90,0,57,3.688,3.687,3.688,3.688,0,0,6.128,75.92,-1.714694608676,10.170604,6,P-GPS
31300,2026-05-09 10:19:59,10.170604,,,-1.714694608676,8.858268,0,14.5552170012,23.0650597932,16,5,14.749,0.581893391324,12.467192,1.4092722,14.7507550652,0,0,0,196.9, 0.5, -0.6,,,0,0,1024,1024,1024,1024,0,0,0,0,205.1,-90,0,57,3.688,3.687,3.688,3.688,0,0,6.128,75.92,-1.714694608676,10.170604,6,P-GPS
31400,2026-05-09 10:19:59,10.170604,,,-1.714694608676,9.186352,0,14.5586946916,23.0685374836,16,5,14.749,0.581893391324,12.467192,1.4092722,14.7507550652,0,0,0,196.9, 0.5, -0.7,,,0,0,1024,1024,1024,1024,0,0,0,0,205.1,-90,0,57,3.688,3.687,3.688,3.688,0,0,6.128,75.92,-1.714694608676,10.170604,6,P-GPS
31500,2026-05-09 10:19:59,10.170604,,,-1.714694608676,8.858268,0,14.5654860304,23.0768380088,16,5,14.749,0.581893391324,12.467192,1.4092722,14.7507550652,0,0,0,196.9, 0.4, -0.8,,,0,0,1024,1024,1024,1024,0,0,0,0,205.1,-90,0,57,3.688,3.687,3.688,3.688,0,0,6.128,75.92,-1.714694608676,10.170604,6,P-GPS
31600,2026-05-09 10:19:59,10.170604,,,-1.714694608676,8.858268,0,14.5646002036,23.08399024,16,5,14.749,0.581893391324,12.467192,1.4092722,14.7507550652,0,0,0,196.9, 0.4, -0.9,,,0,0,1024,1024,1024,1024,0,0,0,0,205.1,-90,0,57,3.688,3.687,3.688,3.688,0,0,6.128,75.92,-1.714694608676,10.170604,6,P-GPS
31700,2026-05-09 10:19:59,10.170604,,,-1.714694608676,9.186352,0,14.565617264,23.0866477204,16,5,14.749,0.581893391324,12.467192,1.4092722,14.7507550652,0,0,0,196.9, 0.4, -0.9,,,0,0,1024,1024,1024,1024,0,0,0,0,205.1,-90,0,57,3.688,3.687,3.688,3.688,0,0,6.128,75.92,-1.714694608676,10.170604,6,P-GPS
31800,2026-05-09 10:20:00,10.170604,,,-1.714694608676,8.858268,0,14.5621067652,23.0914377468,16,5,14.749,0.581893391324,12.467192,1.4092722,14.7507550652,0,0,0,197, 0.5, -1,,,0,0,1024,1024,1024,1024,0,0,0,0,205.1,-90,0,57,3.688,3.687,3.688,3.688,0,0,6.128,75.92,-1.714694608676,10.170604,6,P-GPS
31900,2026-05-09 10:20:00,10.170604,,,-1.714694608676,9.186352,0,14.548720938,23.1048563824,16,5,14.748,0.581893391324,12.467192,1.4092722,14.7507550652,0,0,0,197, 0.5, -0.9,,,0,0,1024,1024,1024,1024,0,0,0,0,205.1,-90,0,57,3.688,3.688,3.686,3.686,0,0,6.142,76.1,-1.714694608676,10.170604,6,P-GPS
32000,2026-05-09 10:20:00,10.170604,,,-1.714694608676,8.858268,0,14.5492786808,23.124836698,16,5,14.748,0.581893391324,12.467192,1.4092722,14.7507550652,0,0,0,197, 0.5, -0.9,,,0,0,1096,1024,1024,1024,11,0,0,0,205.1,-90,0,57,3.688,3.688,3.686,3.686,0,0,6.142,76.1,-1.714694608676,10.170604,6,P-GPS
32100,2026-05-09 10:20:00,10.170604,,,-1.714694608676,8.858268,0,14.545112014,23.1289705564,16,5,14.748,0.581893391324,12.467192,1.4092722,14.7507550652,0,0,0,197, 0.6, -0.9,,,0,0,1256,1145,1024,1024,35,18,0,0,205.1,-90,0,57,3.688,3.688,3.686,3.686,0,0,6.142,76.1,-1.714694608676,10.170604,6,P-GPS
32200,2026-05-09 10:20:00,10.170604,,,-1.714694608676,8.858268,0,14.5564965288,23.143209402,15,5,14.748,0.581893391324,12.467192,1.4092722,14.7507550652,0,0,0,197, 0, -0.7,,,0,0,1377,1205,1024,1024,53,27,0,0,205.1,-90,0,57,3.688,3.688,3.686,3.686,0,0,6.142,76.1,-1.714694608676,10.170604,6,P-GPS
32300,2026-05-09 10:20:00,10.170604,,,-1.714694608676,8.858268,0,14.5525923292,23.1475073024,15,5,14.748,0.581893391324,12.467192,1.4092722,14.7507550652,0,0,0,197, -1.7, -0.1,,,0,0,1382,1154,1024,1024,54,20,0,0,205.1,-90,0,57,3.688,3.688,3.686,3.686,0,0,6.142,76.1,-1.714694608676,10.170604,6,P-GPS
32400,2026-05-09 10:20:00,10.170604,,,-1.714694608676,8.858268,0,14.5428810428,23.1753288256,15,5,14.748,0.581893391324,12.467192,1.4092722,14.7507550652,0,0,0,196.9, -4.3, 0.4,,,0,0,1420,1156,1024,1024,60,20,0,0,205.1,-90,0,57,3.688,3.688,3.686,3.686,0,0,6.142,76.1,-1.714694608676,10.170604,6,P-GPS
32500,2026-05-09 10:20:00,10.170604,,,-1.714694608676,8.530184,0.223694,14.5365162132,23.2077763332,15,5,14.748,0.581893391324,12.467192,1.4092722,14.7507550652,-0.223694,0,0,196.9, -6.4, 0.3,,,0,0,1418,1158,1024,1024,60,20,0,0,205.1,-90,0,57,3.688,3.688,3.686,3.686,0,0,6.142,76.1,-1.714694608676,10.170604,6,P-GPS
32600,2026-05-09 10:20:00,10.170604,,,-1.714694608676,8.530184,0.4921268,14.5222445592,23.312664788,15,5,14.748,0.581893391324,12.467192,1.4092722,14.7507550652,-0.447388,-0.223694,0,196.9, -7.9, 0.3,,,0,0,1416,1165,1024,1024,59,21,0,0,205.1,-90,0,57,3.688,3.688,3.686,3.686,0,0,6.142,76.1,-1.714694608676,10.170604,6,P-GPS
32700,2026-05-09 10:20:00,10.170604,,,-1.714694608676,8.530184,0.7158208,14.4887471828,23.4319561304,15,5,14.748,0.581893391324,12.467192,1.4092722,14.7507550652,-0.671082,-0.223694,0,196.9, -8.7, 0.3,,,0,0,1415,1170,1024,1024,59,22,0,0,205.1,-90,0,57,3.688,3.688,3.686,3.686,0,0,6.142,76.1,-1.714694608676,10.170604,6,P-GPS
32800,2026-05-09 10:20:01,10.170604,,,-1.714694608676,8.530184,1.2079476,14.4851710672,23.6610243792,16,5,14.748,0.581893391324,12.467192,1.4092722,14.7507550652,-1.11847,-0.447388,0,196.9, -8.9, 0.3,,,0,0,1415,1194,1024,1024,59,26,0,0,205.1,-90,0,57,3.688,3.688,3.686,3.686,0,0,6.142,76.1,-1.714694608676,10.170604,6,P-GPS
32900,2026-05-09 10:20:01,10.170604,,,-1.714694608676,8.530184,1.4987498,14.4269033488,23.8737540448,16,5,14.747,0.581893391324,12.467192,1.4987498,14.7507550652,-1.342164,-0.671082,0,196.9, -8.9, 0.4,,,0,0,1416,1191,1024,1024,59,25,0,0,205.1,-90,0,57,3.687,3.687,3.687,3.686,0,0,6.122,76.1,-1.714694608676,10.170604,6,P-GPS
33000,2026-05-09 10:20:01,10.170604,,,-1.714694608676,8.530184,1.7000744,14.3545280184,24.145998148,15,5,14.747,0.581893391324,12.467192,1.7000744,14.7507550652,-1.565858,-0.671082,0,196.9, -8.9, 0.7,,,0,0,1416,1191,1024,1024,59,25,0,0,205.1,-90,0,57,3.687,3.687,3.687,3.686,0,0,6.122,76.1,-1.714694608676,10.170604,6,P-GPS
33100,2026-05-09 10:20:01,10.170604,,,-1.714694608676,8.530184,2.1922012,14.3486225064,24.5283144332,15,5,14.747,0.581893391324,12.467192,2.1922012,14.7507550652,-2.013246,-0.894776,0,197, -8.9, 0.8,,,0,0,1416,1183,1024,1024,59,24,0,0,205.1,-90,0,57,3.687,3.687,3.687,3.686,0,0,6.122,76.1,-1.714694608676,10.170604,6,P-GPS
33200,2026-05-09 10:20:01,10.170604,,,-1.714694608676,8.530184,2.5053728,14.4163062356,24.9538721896,15,5,14.747,0.581893391324,12.467192,2.5053728,14.7507550652,-2.23694,-1.11847,0,197, -9, 0.8,,,0,0,1416,1178,1024,1024,59,23,0,0,205.1,-90,0,57,3.687,3.687,3.687,3.686,0,0,6.122,76.1,-1.714694608676,10.170604,6,P-GPS
33300,2026-05-09 10:20:01,10.170604,,,-1.714694608676,8.530184,2.5053728,14.3429794616,25.3550861132,15,5,14.747,0.581893391324,12.467192,2.5053728,14.7507550652,-2.460634,-1.11847,0,197.2, -8.9, 0.9,,,0,0,1415,1177,1024,1024,59,23,0,0,205.1,-90,0,57,3.687,3.687,3.687,3.686,0,0,6.122,76.1,-1.714694608676,10.170604,6,P-GPS
33400,2026-05-09 10:20:01,10.170604,,,-1.714694608676,8.530184,2.9974996,14.2814309032,25.765748856,15,5,14.747,0.581893391324,12.467192,2.9974996,14.7507550652,-2.684328,-1.342164,0,197.3, -8.7, 0.9,,,0,0,1415,1170,1024,1024,59,22,0,0,205.1,-90,0,57,3.687,3.687,3.687,3.686,0,0,6.122,76.1,-1.714694608676,10.170604,6,P-GPS
33500,2026-05-09 10:20:01,10.170604,,,-1.714694608676,8.530184,3.5119958,14.4364505932,26.3673892952,15,5,14.747,0.581893391324,12.467192,3.5119958,14.7507550652,-3.131716,-1.565858,0,197.6, -8.7, 0.8,,,0,0,1415,1171,1024,1024,59,22,0,0,205.1,-90,0,57,3.687,3.687,3.687,3.686,0,0,6.122,76.1,-1.714694608676,10.170604,6,P-GPS
33600,2026-05-09 10:20:01,10.170604,,,-1.714694608676,8.530184,3.7133204,14.6381566364,26.9018709396,15,5,14.747,0.581893391324,12.467192,3.7133204,14.7507550652,-3.35541,-1.565858,0,197.7, -8.7, 0.8,,,0,0,1415,1168,1024,1024,59,22,0,0,205.1,-90,0,57,3.687,3.687,3.687,3.686,0,0,6.122,76.1,-1.714694608676,10.170604,6,P-GPS
33700,2026-05-09 10:20:01,10.170604,,,-1.714694608676,8.858268,4.0041226,14.6178482368,27.50246151,15,5,14.747,0.581893391324,12.467192,4.0041226,14.7507550652,-3.579104,-1.789552,0,198.3, -8.7, 0.9,,,0,0,1414,1159,1024,1024,59,20,0,0,205.1,-90,0,57,3.687,3.687,3.687,3.686,0,0,6.122,76.1,-1.714694608676,10.170604,6,P-GPS
33800,2026-05-09 10:20:02,10.170604,,,-1.714694608676,8.858268,4.2949248,14.8793311848,28.2314313496,15,5,14.747,0.581893391324,12.467192,4.2949248,14.8793311848,-3.802798,-2.013246,0,198.9, -8.7, 1.1,,,0,0,1414,1156,1024,1024,59,20,0,0,205.1,-90,0,57,3.687,3.687,3.687,3.686,0,0,6.122,76.1,-1.714694608676,10.170604,6,P-GPS
33900,2026-05-09 10:20:02,10.170604,,,-1.714694608676,8.530184,4.6080964,14.9287406352,28.8497056476,15,5,14.746,0.581893391324,12.467192,4.6080964,14.9287406352,-4.026492,-2.23694,0,199.3, -8.4, 0.9,,,0,0,1412,1149,1024,1024,59,19,0,0,205.1,-90,0,57,3.686,3.686,3.685,3.685,0,0,6.085,76.1,-1.714694608676,10.170604,6,P-GPS
34000,2026-05-09 10:20:02,10.170604,,,-1.714694608676,8.858268,4.809421,15.309547734,29.6063985852,15,5,14.746,0.581893391324,12.467192,4.809421,15.309547734,-4.250186,-2.23694,0,199.5, -8.3, 0.7,,,0,0,1412,1149,1024,1024,59,19,0,0,205.1,-90,0,57,3.686,3.686,3.685,3.685,0,0,6.085,76.1,-1.714694608676,10.170604,6,P-GPS
34100,2026-05-09 10:20:02,10.170604,,,-1.714694608676,8.858268,4.921268,15.4641409148,30.4006243324,15,5,14.746,0.581893391324,12.467192,4.921268,15.4641409148,-4.250186,-2.460634,0,200.3, -8.2, 0.4,,,0,0,1409,1140,1024,1024,58,18,0,0,205.1,-90,0,57,3.686,3.686,3.685,3.685,0,0,6.085,76.1,-1.714694608676,10.170604,6,P-GPS
34200,2026-05-09 10:20:02,10.170604,,,-1.714694608676,8.858268,5.3462866,15.955381088,31.3438986408,15,5,14.746,0.581893391324,12.467192,5.3462866,15.955381088,-4.47388,-2.908022,0,204.6, -8, 0,,,0,0,1409,1140,1024,1024,58,18,0,0,205.1,-90,0,57,3.686,3.686,3.685,3.685,0,0,6.085,76.1,-1.714694608676,10.170604,6,P-GPS
34300,2026-05-09 10:20:02,10.170604,,,-1.714694608676,8.858268,5.4133948,16.1997052428,32.0225075864,15,5,14.746,0.581893391324,12.467192,5.4133948,16.1997052428,-4.250186,-3.35541,0,208.6, -7.9, 0,,,0,0,1409,1140,1024,1024,58,18,0,0,205.1,-90,0,57,3.686,3.686,3.685,3.685,0,0,6.085,76.1,-1.714694608676,10.170604,6,P-GPS
34400,2026-05-09 10:20:02,10.170604,,,-1.714694608676,8.858268,5.7265664,16.7445543416,32.914043048,15,5,14.746,0.581893391324,12.467192,5.7265664,16.7445543416,-4.47388,-3.579104,0,210, -7.8, -0.2,,,0,0,1408,1139,1024,1024,58,17,0,0,205.1,-90,0,57,3.686,3.686,3.685,3.685,0,0,6.085,76.1,-1.714694608676,10.170604,6,P-GPS
34500,2026-05-09 10:20:02,10.170604,,,-1.714694608676,8.858268,5.8607828,17.2332026512,33.857940716,15,5,14.746,0.581893391324,12.467192,5.8607828,17.2332026512,-4.47388,-3.802798,0,210.5, -7.7, -0.2,,,0,0,1407,1139,1024,1024,58,17,0,0,205.1,-90,0,57,3.686,3.686,3.685,3.685,0,0,6.085,76.1,-1.714694608676,10.170604,6,P-GPS
34600,2026-05-09 10:20:02,10.170604,,,-1.714694608676,8.530184,6.039738,17.7281173652,34.726707148,15,5,14.746,0.581893391324,12.467192,6.039738,17.7281173652,-4.697574,-3.802798,0,210.6, -7.5, -0.1,,,0,0,1408,1139,1024,1024,58,17,0,0,205.1,-90,0,57,3.686,3.686,3.685,3.685,0,0,6.085,76.1,-1.714694608676,10.170604,6,P-GPS
34700,2026-05-09 10:20:02,10.170604,,,-1.714694608676,8.530184,6.3529096,18.2710307684,35.646982768,15,5,14.746,0.581893391324,12.467192,6.3529096,18.2710307684,-4.921268,-4.026492,0,210.6, -7.3, -0.1,,,0,0,1407,1139,1024,1024,58,17,0,0,205.1,-90,0,57,3.686,3.686,3.685,3.685,0,0,6.085,76.1,-1.714694608676,10.170604,6,P-GPS
34800,2026-05-09 10:20:03,10.170604,,,-1.714694608676,8.530184,6.3529096,18.9025268516,36.684384376,15,5,14.746,0.581893391324,12.467192,6.3529096,18.9025268516,-4.921268,-4.026492,0,210.5, -7.3, -0.2,,,0,0,1407,1139,1024,1024,58,17,0,0,205.1,-90,0,57,3.686,3.686,3.685,3.685,0,0,6.085,76.1,-1.714694608676,10.170604,6,P-GPS
34900,2026-05-09 10:20:03,10.170604,,,-1.714694608676,8.858268,6.5318648,19.5150268712,37.612205928,15,5,14.742,0.581893391324,12.467192,6.5318648,19.5150268712,-5.144962,-4.026492,0,210.6, -7.2, -0.3,,,0,0,1406,1140,1024,1024,58,18,0,0,205.1,-90,0,56,3.686,3.684,3.684,3.682,0,0,6.13,76.1,-1.714694608676,10.170604,6,P-GPS
35000,2026-05-09 10:20:03,10.170604,,,-1.714694608676,8.858268,6.8450364,20.2001974968,38.614830632,15,5,14.742,0.581893391324,12.467192,6.8450364,20.2001974968,-5.368656,-4.250186,0,210.6, -7.1, -0.5,,,0,0,1407,1140,1024,1024,58,18,0,0,205.1,-90,0,56,3.686,3.684,3.684,3.682,0,0,6.13,76.1,-1.714694608676,10.170604,6,P-GPS
35100,2026-05-09 10:20:03,10.170604,,,-1.714694608676,8.858268,6.8450364,21.0166345308,39.820211248,15,5,14.742,0.581893391324,12.467192,6.8450364,21.0166345308,-5.368656,-4.250186,0,210.5, -6.9, -0.5,,,0,0,1407,1141,1024,1024,58,18,0,0,205.1,-90,0,56,3.686,3.684,3.684,3.682,0,0,6.13,76.1,-1.714694608676,10.170604,6,P-GPS
35200,2026-05-09 10:20:03,10.170604,,,-1.714694608676,8.858268,7.158208,21.8542985996,41.001641732,14,5,14.742,0.581893391324,12.467192,7.158208,21.8542985996,-5.59235,-4.47388,0,210.5, -6.7, -0.5,,,0,0,1406,1141,1024,1024,58,18,0,0,205.1,-90,0,56,3.686,3.684,3.684,3.682,0,0,6.13,76.1,-1.714694608676,10.170604,6,P-GPS
35300,2026-05-09 10:20:03,10.170604,,,-1.714694608676,8.858268,7.158208,22.6162080728,42.018702132,14,5,14.742,0.581893391324,12.467192,7.158208,22.6162080728,-5.59235,-4.47388,0,210.4, -6.6, -0.5,,,0,0,1406,1141,1024,1024,58,18,0,0,205.1,-90,0,56,3.686,3.684,3.684,3.682,0,0,6.13,76.1,-1.714694608676,10.170604,6,P-GPS
35400,2026-05-09 10:20:03,10.170604,,,-1.714694608676,8.530184,7.3371632,23.3616477292,42.996720536,14,5,14.742,0.581893391324,12.467192,7.3371632,23.3616477292,-5.816044,-4.47388,0,210.4, -6.5, -0.4,,,0,0,1407,1141,1024,1024,58,18,0,0,205.1,-90,0,56,3.686,3.684,3.684,3.682,0,0,6.13,76.1,-1.714694608676,10.170604,6,P-GPS
35500,2026-05-09 10:20:03,10.170604,,,-1.714694608676,8.858268,7.5161184,24.359908916,44.293308504,14,5,14.742,0.581893391324,12.467192,7.5161184,24.359908916,-6.039738,-4.47388,0,210.4, -6.5, -0.2,,,0,0,1407,1141,1024,1024,58,18,0,0,205.1,-90,0,56,3.686,3.684,3.684,3.682,0,0,6.13,76.1,-1.714694608676,10.170604,6,P-GPS
35600,2026-05-09 10:20:03,10.170604,,,-1.714694608676,8.858268,7.6503348,25.1714574984,45.333990952,14,5,14.742,0.581893391324,12.467192,7.6503348,25.1714574984,-6.039738,-4.697574,0,210.4, -6.5, -0.2,,,0,0,1407,1142,1024,1024,58,18,0,0,205.1,-90,0,56,3.686,3.684,3.684,3.682,0,0,6.13,76.1,-1.714694608676,10.170604,6,P-GPS
35700,2026-05-09 10:20:03,10.170604,,,-1.714694608676,8.858268,7.82929,26.206365668,46.602035612,14,5,14.742,0.581893391324,12.467192,7.82929,26.206365668,-6.263432,-4.697574,0,210.4, -6.3, -0.2,,,0,0,1407,1142,1024,1024,58,18,0,0,205.1,-90,0,56,3.686,3.684,3.684,3.682,0,0,6.13,76.1,-1.714694608676,10.170604,6,P-GPS
35800,2026-05-09 10:20:04,10.170604,,,-1.714694608676,8.858268,7.82929,27.2513788248,47.872048776,14,5,14.742,0.581893391324,12.467192,7.82929,27.2513788248,-6.263432,-4.697574,0,210.4, -6.2, -0.3,,,0,0,1407,1142,1024,1024,58,18,0,0,205.1,-90,0,56,3.686,3.684,3.684,3.682,0,0,6.13,76.1,-1.714694608676,10.170604,6,P-GPS
35900,2026-05-09 10:20:04,10.170604,,,-1.714694608676,8.858268,8.1424616,28.205217438,49.003282408,14,5,14.737,0.581893391324,12.467192,8.1424616,28.205217438,-6.487126,-4.921268,0,210.3, -6.1, -0.3,,,0,0,1407,1141,1024,1024,58,18,0,0,205.1,-90,0,56,3.685,3.684,3.684,3.683,0,0,6.135,76.28,-1.714694608676,10.170604,6,P-GPS
36000,2026-05-09 10:20:04,10.170604,,,-1.714694608676,8.858268,8.1424616,29.2393710144,50.217193208,14,5,14.737,0.581893391324,12.467192,8.1424616,29.2393710144,-6.487126,-4.921268,0,210.3, -6, -0.2,,,0,0,1405,1137,1024,1024,58,17,0,0,205.1,-90,0,56,3.685,3.684,3.684,3.683,0,0,6.135,76.28,-1.714694608676,10.170604,6,P-GPS
36100,2026-05-09 10:20:04,10.170604,,,-1.714694608676,8.858268,8.3214168,30.3447516272,51.504594824,14,5,14.737,0.581893391324,12.467192,8.3214168,30.3447516272,-6.71082,-4.921268,0,210.2, -5.7, -0.2,,,0,0,1379,1120,1024,1024,54,15,0,0,205.1,-90,0,56,3.685,3.684,3.684,3.683,0,0,6.135,76.28,-1.714694608676,10.170604,6,P-GPS
36200,2026-05-09 10:20:04,10.170604,,,-1.714694608676,8.858268,8.3214168,31.483924892,52.83628778,14,5,14.737,0.581893391324,12.467192,8.3214168,31.483924892,-6.71082,-4.921268,0,210.2, -5.5, -0.2,,,0,0,1297,1024,1024,1024,41,0,0,0,205.1,-90,0,56,3.685,3.684,3.684,3.683,0,0,6.135,76.28,-1.714694608676,10.170604,6,P-GPS
36300,2026-05-09 10:20:04,10.170604,,,-1.714694608676,9.186352,8.4556332,32.59432519,54.09613034,14,5,14.737,0.581893391324,12.467192,8.4556332,32.59432519,-6.71082,-5.144962,0,210.2, -4.7, -0.2,,,0,0,1254,1024,1024,1024,35,0,0,0,205.1,-90,0,56,3.685,3.684,3.684,3.683,0,0,6.135,76.28,-1.714694608676,10.170604,6,P-GPS
36400,2026-05-09 10:20:04,10.170604,,,-1.714694608676,9.186352,8.6345884,33.814633628,55.477035896,14,5,14.737,0.581893391324,12.467192,8.6345884,33.814633628,-6.934514,-5.144962,0,210.2, -2.8, -0.5,,,0,0,1024,1024,1024,1024,0,0,0,0,205.1,-90,0,56,3.685,3.684,3.684,3.683,0,0,6.135,76.28,-1.714694608676,10.170604,6,P-GPS
36500,2026-05-09 10:20:04,10.170604,,,-1.714694608676,8.858268,8.6345884,34.903544424,56.688650108,14,5,14.737,0.581893391324,12.467192,8.6345884,34.903544424,-6.934514,-5.144962,0,210.1, -0.6, -1,,,0,0,1024,1024,1024,1024,0,0,0,0,205.1,-90,0,56,3.685,3.684,3.684,3.683,0,0,6.135,76.28,-1.714694608676,10.170604,6,P-GPS
36600,2026-05-09 10:20:04,10.170604,,,-1.714694608676,7.545932,8.3214168,36.246064152,58.176839132,14,5,14.737,0.581893391324,12.467192,8.6345884,36.246064152,-6.71082,-4.921268,0,210.1, 1.9, -1.2,,,0,0,1024,1024,1024,1024,0,0,0,0,205.1,-90,0,56,3.685,3.684,3.684,3.683,0,0,6.135,76.28,-1.714694608676,10.170604,6,P-GPS
36700,2026-05-09 10:20:04,10.170604,,,-1.714694608676,6.56168,8.1424616,37.302822716,59.337600324,14,5,14.737,0.581893391324,12.467192,8.6345884,37.302822716,-6.487126,-4.921268,0,210, 3.6, -1.2,,,0,0,1024,1024,1024,1024,0,0,0,0,205.1,-90,0,56,3.685,3.684,3.684,3.683,0,0,6.135,76.28,-1.714694608676,10.170604,6,P-GPS
36800,2026-05-09 10:20:05,10.170604,,,-1.714694608676,5.905512,7.82929,38.388780756,60.524280152,14,5,14.737,0.581893391324,12.467192,8.6345884,38.388780756,-6.263432,-4.697574,0,209.7, 14.9, -2.4,,,0,0,1024,1024,1024,1024,0,0,0,0,205.1,-90,0,56,3.685,3.684,3.684,3.683,0,0,6.135,76.28,-1.714694608676,10.170604,6,P-GPS
36900,2026-05-09 10:20:05,10.170604,,,-1.714694608676,5.577428,7.0239916,39.408465828,61.636812996,14,5,14.736,0.581893391324,12.467192,8.6345884,39.408465828,-5.59235,-4.250186,0,209.2, 24.4, -4.2,,,0,0,1024,1024,1024,1024,0,0,0,0,205.1,-90,0,56,3.684,3.684,3.684,3.683,0,0,6.1,76.28,-1.714694608676,10.170604,6,P-GPS
37000,2026-05-09 10:20:05,10.170604,,,-1.714694608676,5.577428,5.9055216,40.309712576,62.606957384,14,5,14.736,0.581893391324,12.467192,8.6345884,40.309712576,-4.697574,-3.579104,0,208.8, 27.1, -4.8,,,0,0,1024,1024,1024,1024,0,0,0,0,205.1,-90,0,56,3.684,3.684,3.684,3.683,0,0,6.1,76.28,-1.714694608676,10.170604,6,P-GPS
37100,2026-05-09 10:20:05,9.84252,,,-2.042778608676,6.233596,4.7870516,41.136156172,63.498689696,14,5,14.736,0.581893391324,12.467192,8.6345884,41.136156172,-3.802798,-2.908022,0,209, 24.4, -4.2,,,0,0,1024,1024,1024,1024,0,0,0,0,205.1,-90,0,56,3.684,3.684,3.684,3.683,0,0,6.1,76.28,-2.042778608676,9.84252,6,P-GPS
37200,2026-05-09 10:20:05,9.84252,,,-2.042778608676,6.889764,3.6685816,41.673885848,64.075789452,14,5,14.736,0.581893391324,12.467192,8.6345884,41.673885848,-2.908022,-2.23694,0,209.3, 19.9, -3.5,,,0,0,1024,1024,1024,1024,0,0,0,0,205.1,-90,0,56,3.684,3.684,3.684,3.683,0,0,6.1,76.28,-2.042778608676,9.84252,6,P-GPS
37300,2026-05-09 10:20:05,9.84252,,,-2.042778608676,7.545932,3.0422384,42.225066968,64.67191808,14,5,14.736,0.581893391324,12.467192,8.6345884,42.225066968,-2.460634,-1.789552,0,209.6, 16.5, -2.9,,,0,0,1024,1024,1024,1024,0,0,0,0,205.1,-90,0,56,3.684,3.684,3.684,3.683,0,0,6.1,76.28,-2.042778608676,9.84252,6,P-GPS
37400,2026-05-09 10:20:05,10.170604,,,-1.714694608676,7.874016,2.23694,42.536418684,65.020671372,14,5,14.736,0.581893391324,12.467192,8.6345884,42.536418684,-1.789552,-1.342164,0,209.7, 14.1, -2.6,,,0,0,1039,1024,1024,1024,2,0,0,0,205.1,-90,0,56,3.684,3.684,3.684,3.683,0,0,6.1,76.28,-1.714694608676,10.170604,6,P-GPS
37500,2026-05-09 10:20:05,10.170604,,,-1.714694608676,7.874016,2.23694,42.813649664,65.320212064,14,5,14.736,0.581893391324,12.467192,8.6345884,42.813649664,-1.565858,-1.11847,0,209.8, 12.1, -2.2,,,0,0,1164,1024,1024,1024,21,0,0,0,205.1,-90,0,56,3.684,3.684,3.684,3.683,0,0,6.1,76.28,-1.714694608676,10.170604,6,P-GPS
37600,2026-05-09 10:20:05,10.170604,,,-1.714694608676,8.2021,1.2974252,43.027560432,65.537403672,14,5,14.736,0.581893391324,12.467192,8.6345884,43.027560432,-1.11847,-0.671082,0,209.9, 9.9, -2,,,0,0,1306,1024,1024,1024,43,0,0,0,205.1,-90,0,56,3.684,3.684,3.684,3.683,0,0,6.1,76.28,-1.714694608676,10.170604,6,P-GPS
37700,2026-05-09 10:20:05,10.170604,,,-1.714694608676,8.2021,1.11847,43.202429204,65.72178688,14,5,14.736,0.581893391324,12.467192,8.6345884,43.202429204,-0.894776,-0.671082,0,209.9, 7.3, -1.8,,,0,0,1362,1024,1024,1024,51,0,0,0,205.1,-90,0,56,3.684,3.684,3.684,3.683,0,0,6.1,76.28,-1.714694608676,10.170604,6,P-GPS
37800,2026-05-09 10:20:05,10.170604,,,-1.714694608676,8.2021,1.11847,43.353675928,65.87762678,14,5,14.736,0.581893391324,12.467192,8.6345884,43.353675928,-0.671082,-0.447388,0,209.9, 4.2, -1.6,,,0,0,1349,1024,1024,1024,49,0,0,0,205.1,-90,0,56,3.684,3.684,3.684,3.683,0,0,6.1,76.28,-1.714694608676,10.170604,6,P-GPS
37900,2026-05-09 10:20:06,10.170604,,,-1.714694608676,8.2021,0.8052984,43.510828164,66.045605788,14,5,14.733,0.581893391324,12.467192,8.6345884,43.510828164,-0.671082,-0.447388,0,210, 0.7, -1.4,,,0,0,1304,1024,1024,1024,42,0,0,0,205.1,-90,0,56,3.681,3.68,3.68,3.68,0,0,6.111,76.46,-1.714694608676,10.170604,6,P-GPS
38000,2026-05-09 10:20:06,9.84252,,,-2.042778608676,8.2021,0.8052984,43.596130004,66.167653036,14,5,14.733,0.581893391324,12.467192,8.6345884,43.596130004,-0.671082,-0.447388,0,210, -1.6, -1.3,,,0,0,1304,1024,1024,1024,42,0,0,0,205.1,-90,0,56,3.681,3.68,3.68,3.68,0,0,6.111,76.46,-2.042778608676,9.84252,6,P-GPS
38100,2026-05-09 10:20:06,9.84252,,,-2.042778608676,7.874016,0.8052984,43.744095888,66.328086112,14,5,14.733,0.581893391324,12.467192,8.6345884,43.744095888,-0.671082,-0.447388,0,210, -2.7, -1.1,,,0,0,1175,1024,1024,1024,23,0,0,0,205.1,-90,0,56,3.681,3.68,3.68,3.68,0,0,6.111,76.46,-2.042778608676,9.84252,6,P-GPS
38200,2026-05-09 10:20:06,9.84252,,,-2.042778608676,7.874016,1.006623,43.87795416,66.47638008,14,5,14.733,0.581893391324,12.467192,8.6345884,43.87795416,-0.894776,-0.447388,0,210, -2.5, -1,,,0,0,1024,1024,1024,1024,0,0,0,0,205.1,-90,0,56,3.681,3.68,3.68,3.68,0,0,6.111,76.46,-2.042778608676,9.84252,6,P-GPS
38300,2026-05-09 10:20:06,9.84252,,,-2.042778608676,7.874016,1.006623,44.007875424,66.623033628,14,5,14.733,0.581893391324,12.467192,8.6345884,44.007875424,-0.894776,-0.447388,0,210, -1.1, -0.9,,,0,0,1024,1024,1024,1024,0,0,0,0,205.1,-90,0,56,3.681,3.68,3.68,3.68,0,0,6.111,76.46,-2.042778608676,9.84252,6,P-GPS
38400,2026-05-09 10:20:06,9.84252,,,-2.042778608676,8.2021,1.006623,44.144358368,66.77493652,14,5,14.733,0.581893391324,12.467192,8.6345884,44.144358368,-0.894776,-0.447388,0,210, 0.2, -0.8,,,0,0,1024,1024,1024,1024,0,0,0,0,205.1,-90,0,56,3.681,3.68,3.68,3.68,0,0,6.111,76.46,-2.042778608676,9.84252,6,P-GPS
38500,2026-05-09 10:20:06,9.84252,,,-2.042778608676,8.2021,1.006623,44.30610378,66.957679308,14,5,14.733,0.581893391324,12.467192,8.6345884,44.30610378,-0.894776,-0.447388,0,210, 1.8, -0.8,,,0,0,1050,1024,1024,1024,4,0,0,0,205.1,-90,0,56,3.681,3.68,3.68,3.68,0,0,6.111,76.46,-2.042778608676,9.84252,6,P-GPS
38600,2026-05-09 10:20:06,9.84252,,,-2.042778608676,8.530184,1.006623,44.43405654,67.1013801,14,5,14.733,0.581893391324,12.467192,8.6345884,44.43405654,-0.894776,-0.447388,0,210, 3.8, -0.7,,,0,0,1159,1024,1024,1024,20,0,0,0,205.1,-90,0,56,3.681,3.68,3.68,3.68,0,0,6.111,76.46,-2.042778608676,9.84252,6,P-GPS
38700,2026-05-09 10:20:06,9.84252,,,-2.042778608676,8.530184,0.8052984,44.551510612,67.239503464,14,5,14.733,0.581893391324,12.467192,8.6345884,44.551510612,-0.671082,-0.447388,0,209.9, 3.1, -0.7,,,0,0,1309,1024,1024,1024,43,0,0,0,205.1,-90,0,56,3.681,3.68,3.68,3.68,0,0,6.111,76.46,-2.042778608676,9.84252,6,P-GPS
38800,2026-05-09 10:20:07,9.84252,,,-2.042778608676,8.530184,0.7158208,44.667652348,67.371393232,14,5,14.733,0.581893391324,12.467192,8.6345884,44.667652348,-0.671082,-0.223694,0,209.9, 1.5, -0.6,,,0,0,1426,1024,1024,1024,61,0,0,0,205.1,-90,0,56,3.681,3.68,3.68,3.68,0,0,6.111,76.46,-2.042778608676,9.84252,6,P-GPS
38900,2026-05-09 10:20:07,9.84252,,,-2.042778608676,8.530184,0.7158208,44.771654976,67.48851922,14,5,14.725,0.581893391324,12.467192,8.6345884,44.771654976,-0.671082,-0.223694,0,209.9, -1.5, -0.6,,,0,0,1489,1024,1024,1024,70,0,0,0,205.1,-90,0,56,3.681,3.68,3.681,3.68,0,0,6.597,76.46,-2.042778608676,9.84252,6,P-GPS
39000,2026-05-09 10:20:07,9.84252,,,-2.042778608676,7.874016,0.8052984,44.880906948,67.61483156,15,5,14.725,0.581893391324,12.467192,8.6345884,44.880906948,-0.671082,-0.447388,0,209.9, -5.5, -0.6,,,0,0,1516,1024,1024,1024,75,0,0,0,205.1,-90,0,56,3.681,3.68,3.681,3.68,0,0,6.597,76.46,-2.042778608676,9.84252,6,P-GPS
39100,2026-05-09 10:20:07,9.84252,,,-2.042778608676,8.2021,1.006623,45.000657608,67.753283008,15,5,14.725,0.581893391324,12.467192,8.6345884,45.000657608,-0.894776,-0.447388,0,210, -9.3, -0.6,,,0,0,1514,1024,1024,1024,74,0,0,0,205.1,-90,0,56,3.681,3.68,3.681,3.68,0,0,6.597,76.46,-2.042778608676,9.84252,6,P-GPS
39200,2026-05-09 10:20:07,9.84252,,,-2.042778608676,8.2021,1.4987498,45.204069688,67.98228564,15,5,14.725,0.581893391324,12.467192,8.6345884,45.204069688,-1.342164,-0.671082,0,210, -12, -0.7,,,0,0,1491,1024,1024,1024,71,0,0,0,205.1,-90,0,56,3.681,3.68,3.681,3.68,0,0,6.597,76.46,-2.042778608676,9.84252,6,P-GPS
39300,2026-05-09 10:20:07,9.84252,,,-2.042778608676,8.530184,1.4987498,45.41666812,68.217521868,15,5,14.725,0.581893391324,12.467192,8.6345884,45.41666812,-1.565858,-0.894776,0,210.1, -13, -0.7,,,0,0,1485,1024,1024,1024,70,0,0,0,205.1,-90,0,56,3.681,3.68,3.681,3.68,0,0,6.597,76.46,-2.042778608676,9.84252,6,P-GPS
39400,2026-05-09 10:20:07,9.84252,,,-2.042778608676,8.2021,2.3040482,45.71686498,68.558729228,15,5,14.725,0.581893391324,12.467192,8.6345884,45.71686498,-2.013246,-1.11847,0,210.1, -12.7, -0.8,,,0,0,1474,1024,1024,1024,68,0,0,0,205.1,-90,0,56,3.681,3.68,3.681,3.68,0,0,6.597,76.46,-2.042778608676,9.84252,6,P-GPS
39500,2026-05-09 10:20:07,9.84252,,,-2.042778608676,8.2021,2.796175,46.057744256,68.940619004,15,5,14.725,0.581893391324,12.467192,8.6345884,46.057744256,-2.460634,-1.342164,0,210.1, -12.2, -0.8,,,0,0,1473,1024,1024,1024,68,0,0,0,205.1,-90,0,56,3.681,3.68,3.681,3.68,0,0,6.597,76.46,-2.042778608676,9.84252,6,P-GPS
39600,2026-05-09 10:20:07,9.84252,,,-2.042778608676,8.530184,3.3106712,46.585303328,69.529529784,15,5,14.725,0.581893391324,12.467192,8.6345884,46.585303328,-2.908022,-1.565858,0,210.1, -11.8, -0.6,,,0,0,1470,1024,1024,1024,68,0,0,0,205.1,-90,0,56,3.681,3.68,3.681,3.68,0,0,6.597,76.46,-2.042778608676,9.84252,6,P-GPS
39700,2026-05-09 10:20:07,9.84252,,,-2.042778608676,8.530184,3.802798,47.051838776,70.046262084,15,5,14.725,0.581893391324,12.467192,8.6345884,47.051838776,-3.35541,-1.789552,0,210.1, -11.5, -0.4,,,0,0,1467,1024,1024,1024,67,0,0,0,205.1,-90,0,56,3.681,3.68,3.681,3.68,0,0,6.597,76.46,-2.042778608676,9.84252,6,P-GPS
39800,2026-05-09 10:20:08,9.84252,,,-2.042778608676,8.530184,4.1159696,47.624017272,70.671262104,14,5,14.725,0.581893391324,12.467192,8.6345884,47.624017272,-3.579104,-2.013246,0,210.1, -11.3, -0.4,,,0,0,1437,1024,1024,1024,63,0,0,0,205.1,-90,0,56,3.681,3.68,3.681,3.68,0,0,6.597,76.46,-2.042778608676,9.84252,6,P-GPS
39900,2026-05-09 10:20:08,9.84252,,,-2.042778608676,8.530184,4.4067718,48.178807316,71.285107268,14,5,14.721,0.581893391324,12.467192,8.6345884,48.178807316,-3.802798,-2.23694,0,210.1, -10.8, -0.2,,,0,0,1338,1024,1024,1024,48,0,0,0,205.1,-90,0,56,3.681,3.681,3.679,3.679,0,0,6.249,76.64,-2.042778608676,9.84252,6,P-GPS
40000,2026-05-09 10:20:08,9.84252,,,-2.042778608676,8.530184,4.921268,48.816274528,71.986222776,14,5,14.721,0.581893391324,12.467192,8.6345884,48.816274528,-4.250186,-2.460634,0,210.1, -10.1, -0.3,,,0,0,1024,1024,1024,1024,0,0,0,0,205.1,-90,0,56,3.681,3.681,3.679,3.679,0,0,6.249,76.64,-2.042778608676,9.84252,6,P-GPS
40100,2026-05-09 10:20:08,10.170604,,,-1.714694608676,8.530184,5.1002232,49.591208936,72.830382908,14,5,14.721,0.581893391324,12.467192,8.6345884,49.591208936,-4.47388,-2.460634,0,210.1, -7.9, -0.3,,,0,0,1024,1024,1024,1024,0,0,0,0,205.1,-90,0,56,3.681,3.681,3.679,3.679,0,0,6.249,76.64,-1.714694608676,10.170604,6,P-GPS
40200,2026-05-09 10:20:08,10.170604,,,-1.714694608676,8.2021,5.4133948,50.328413684,73.62369002,14,5,14.721,0.581893391324,12.467192,8.6345884,50.328413684,-4.697574,-2.684328,0,210.2, -3.4, -0.4,,,0,0,1024,1024,1024,1024,0,0,0,0,205.1,-90,0,56,3.681,3.681,3.679,3.679,0,0,6.249,76.64,-1.714694608676,10.170604,6,P-GPS
40300,2026-05-09 10:20:08,10.170604,,,-1.714694608676,8.530184,5.4133948,51.1154872,74.475068,14,5,14.721,0.581893391324,12.467192,8.6345884,51.1154872,-4.697574,-2.684328,0,210.1, -0.2, -0.4,,,0,0,1024,1024,1024,1024,0,0,0,0,205.1,-90,0,56,3.681,3.681,3.679,3.679,0,0,6.249,76.64,-1.714694608676,10.170604,6,P-GPS
40400,2026-05-09 10:20:08,10.170604,,,-1.714694608676,8.858268,5.2120702,51.7880594,75.199805556,14,5,14.721,0.581893391324,12.467192,8.6345884,51.7880594,-4.47388,-2.684328,0,210.1, 9.7, -0.5,,,0,0,1024,1024,1024,1024,0,0,0,0,205.1,-90,0,56,3.681,3.681,3.679,3.679,0,0,6.249,76.64,-1.714694608676,10.170604,6,P-GPS
40500,2026-05-09 10:20:08,10.170604,,,-1.714694608676,8.858268,4.7199434,52.561025304,76.03674784,14,5,14.721,0.581893391324,12.467192,8.6345884,52.561025304,-4.026492,-2.460634,0,210.1, 16.7, -0.7,,,0,0,1024,1024,1024,1024,0,0,0,0,205.1,-90,0,56,3.681,3.681,3.679,3.679,0,0,6.249,76.64,-1.714694608676,10.170604,6,P-GPS
40600,2026-05-09 10:20:08,10.170604,,,-1.714694608676,8.530184,4.1159696,53.078741856,76.59285022,14,5,14.721,0.581893391324,12.467192,8.6345884,53.078741856,-3.579104,-2.013246,0,209.9, 18.4, -0.9,,,0,0,1024,1024,1024,1024,0,0,0,0,205.1,-90,0,56,3.681,3.681,3.679,3.679,0,0,6.249,76.64,-1.714694608676,10.170604,6,P-GPS
40700,2026-05-09 10:20:08,10.170604,,,-1.714694608676,8.530184,3.3106712,53.573492528,77.114175696,14,5,14.721,0.581893391324,12.467192,8.6345884,53.573492528,-2.908022,-1.565858,0,209.8, 17.2, -0.9,,,0,0,1024,1024,1024,1024,0,0,0,0,205.1,-90,0,56,3.681,3.681,3.679,3.679,0,0,6.249,76.64,-1.714694608676,10.170604,6,P-GPS
40800,2026-05-09 10:20:09,10.170604,,,-1.714694608676,8.858268,2.6172198,53.907810124,77.467850248,14,5,14.721,0.581893391324,12.467192,8.6345884,53.907810124,-2.23694,-1.342164,0,209.8, 15, -0.9,,,0,0,1024,1185,1024,1024,0,24,0,0,205.1,-90,0,56,3.681,3.681,3.679,3.679,0,0,6.249,76.64,-1.714694608676,10.170604,6,P-GPS
40900,2026-05-09 10:20:09,10.170604,,,-1.714694608676,8.2021,1.9908766,54.206694648,77.782810888,14,5,14.712,0.581893391324,12.467192,8.6345884,54.206694648,-1.789552,-0.894776,0,209.8, 11, -0.7,,,0,0,1001,1351,1024,1024,-3,50,0,0,205.1,-90,0,56,3.678,3.677,3.676,3.673,0,0,6.299,76.64,-1.714694608676,10.170604,6,P-GPS
41000,2026-05-09 10:20:09,10.170604,,,-1.714694608676,7.874016,1.4987498,54.387140848,77.97900512,14,5,14.712,0.581893391324,12.467192,8.6345884,54.387140848,-1.342164,-0.671082,0,209.9, 7.8, 0.6,,,0,0,984,1411,1024,1024,-6,59,0,0,205.1,-90,0,56,3.678,3.677,3.676,3.673,0,0,6.299,76.64,-1.714694608676,10.170604,6,P-GPS
41100,2026-05-09 10:20:09,10.170604,,,-1.714694608676,7.874016,1.11847,54.583006996,78.17913636,14,5,14.712,0.581893391324,12.467192,8.6345884,54.583006996,-0.894776,-0.671082,0,210, 5.5, 3.6,,,0,0,980,1403,1024,1024,-7,57,0,0,205.1,-90,0,56,3.678,3.677,3.676,3.673,0,0,6.299,76.64,-1.714694608676,10.170604,6,P-GPS
41200,2026-05-09 10:20:09,10.170604,,,-1.714694608676,7.874016,0.9395148,54.75229834,78.34974004,14,5,14.712,0.581893391324,12.467192,8.6345884,54.75229834,-0.671082,-0.671082,0,210.1, 4.1, 6.2,,,0,0,979,1394,1024,1024,-7,56,0,0,205.1,-90,0,56,3.678,3.677,3.676,3.673,0,0,6.299,76.64,-1.714694608676,10.170604,6,P-GPS
41300,2026-05-09 10:20:09,10.170604,,,-1.714694608676,7.874016,1.006623,54.877298344,78.475068128,14,5,14.712,0.581893391324,12.467192,8.6345884,54.877298344,-0.447388,-0.894776,0,210.1, 3.2, 7.6,,,0,0,1009,1284,1024,1024,-2,39,0,0,205.1,-90,0,56,3.678,3.677,3.676,3.673,0,0,6.299,76.64,-1.714694608676,10.170604,6,P-GPS
41400,2026-05-09 10:20:09,10.170604,,,-1.714694608676,7.874016,1.1408394,55.084647432,78.689963148,14,5,14.712,0.581893391324,12.467192,8.6345884,55.084647432,-0.223694,-1.11847,0,210.1, 2.8, 7.9,,,0,0,1024,1024,1024,1024,0,0,0,0,205.1,-90,0,56,3.678,3.677,3.676,3.673,0,0,6.299,76.64,-1.714694608676,10.170604,6,P-GPS
41500,2026-05-09 10:20:09,10.170604,,,-1.714694608676,8.2021,1.342164,55.222114628,78.858926408,14,5,14.712,0.581893391324,12.467192,8.6345884,55.222114628,0,-1.342164,0,210.1, 2.4, 5.9,,,0,0,1024,1024,1024,1024,0,0,0,0,205.1,-90,0,56,3.678,3.677,3.676,3.673,0,0,6.299,76.64,-1.714694608676,10.170604,6,P-GPS
41600,2026-05-09 10:20:09,10.170604,,,-1.714694608676,8.2021,1.565858,55.409778676,79.129595708,14,5,14.712,0.581893391324,12.467192,8.6345884,55.409778676,0,-1.565858,0,210, 2, 2.3,,,0,0,1024,1024,1024,1024,0,0,0,0,205.1,-90,0,56,3.678,3.677,3.676,3.673,0,0,6.299,76.64,-1.714694608676,10.170604,6,P-GPS
41700,2026-05-09 10:20:09,10.170604,,,-1.714694608676,8.2021,1.5882274,55.567258996,79.357286004,14,5,14.712,0.581893391324,12.467192,8.6345884,55.567258996,0.223694,-1.565858,0,210, 1.8, 0.1,,,0,0,1024,1024,1024,1024,0,0,0,0,205.1,-90,0,56,3.678,3.677,3.676,3.673,0,0,6.299,76.64,-1.714694608676,10.170604,6,P-GPS
41800,2026-05-09 10:20:10,10.170604,,,-1.714694608676,7.874016,1.5882274,55.727363988,79.602036668,14,5,14.712,0.581893391324,12.467192,8.6345884,55.727363988,0.223694,-1.565858,0,210, 2.5, -3.4,,,0,0,1024,1024,1024,1024,0,0,0,0,205.1,-90,0,56,3.678,3.677,3.676,3.673,0,0,6.299,76.64,-1.714694608676,10.170604,6,P-GPS
41900,2026-05-09 10:20:10,10.170604,,,-1.714694608676,7.545932,1.3645334,55.861550344,79.805448748,14,5,14.707,0.581893391324,12.467192,8.6345884,55.861550344,0.223694,-1.342164,0,209.9, 2.9, -5.4,,,0,0,1024,1024,1024,1024,0,0,0,0,205.1,-90,0,56,3.678,3.678,3.677,3.677,0,0,6.393,76.64,-1.714694608676,10.170604,6,P-GPS
42000,2026-05-09 10:20:10,10.170604,,,-1.714694608676,7.545932,1.1408394,56.005251136,79.999346392,14,5,14.707,0.581893391324,12.467192,8.6345884,56.005251136,0.223694,-1.11847,0,209.9, 2.9, -5.9,,,0,0,1024,1024,1024,1024,0,0,0,0,205.1,-90,0,56,3.678,3.678,3.677,3.677,0,0,6.393,76.64,-1.714694608676,10.170604,6,P-GPS
42100,2026-05-09 10:20:10,10.170604,,,-1.714694608676,7.874016,0.894776,56.119752452,80.170934324,14,5,14.707,0.581893391324,12.467192,8.6345884,56.119752452,0,-0.894776,0,209.9, 2.6, -5.5,,,0,0,1024,1024,1024,1024,0,0,0,0,205.1,-90,0,56,3.678,3.678,3.677,3.677,0,0,6.393,76.64,-1.714694608676,10.170604,6,P-GPS
42200,2026-05-09 10:20:10,10.170604,,,-1.714694608676,8.2021,0.671082,56.208663216,80.293965824,15,5,14.707,0.581893391324,12.467192,8.6345884,56.208663216,0,-0.671082,0,210, 2.4, -4.7,,,0,0,1024,1024,1024,1024,0,0,0,0,205.1,-90,0,56,3.678,3.678,3.677,3.677,0,0,6.393,76.64,-1.714694608676,10.170604,6,P-GPS
42300,2026-05-09 10:20:10,10.170604,,,-1.714694608676,8.2021,0.447388,56.26148474,80.375986824,15,5,14.707,0.581893391324,12.467192,8.6345884,56.26148474,0,-0.447388,0,210, 2.1, -4,,,0,0,1024,1024,1024,1024,0,0,0,0,205.1,-90,0,56,3.678,3.678,3.677,3.677,0,0,6.393,76.64,-1.714694608676,10.170604,6,P-GPS
42400,2026-05-09 10:20:10,10.170604,,,-1.714694608676,8.2021,0.447388,56.310369256,80.45111806,15,5,14.707,0.581893391324,12.467192,8.6345884,56.310369256,0,-0.447388,0,210, 1.9, -3.4,,,0,0,1024,1024,1024,1024,0,0,0,0,205.1,-90,0,56,3.678,3.678,3.677,3.677,0,0,6.393,76.64,-1.714694608676,10.170604,6,P-GPS
42500,2026-05-09 10:20:10,10.170604,,,-1.714694608676,8.530184,0.223694,56.308400752,80.504595752,15,5,14.707,0.581893391324,12.467192,8.6345884,56.310369256,0,-0.223694,0,210, 1.8, -2.9,,,0,0,1024,1024,1024,1024,0,0,0,0,205.1,-90,0,56,3.678,3.678,3.677,3.677,0,0,6.393,76.64,-1.714694608676,10.170604,6,P-GPS
42600,2026-05-09 10:20:10,10.170604,,,-1.714694608676,8.530184,0.223694,56.314634348,80.52657738,15,5,14.707,0.581893391324,12.467192,8.6345884,56.314634348,0,-0.223694,0,210.1, 1.6, -2.5,,,0,0,1024,1024,1024,1024,0,0,0,0,205.1,-90,0,56,3.678,3.678,3.677,3.677,0,0,6.393,76.64,-1.714694608676,10.170604,6,P-GPS
42700,2026-05-09 10:20:10,10.170604,,,-1.714694608676,8.530184,0,56.328085792,80.561682368,15,5,14.707,0.581893391324,12.467192,8.6345884,56.328085792,0,0,0,210.1, 1.4, -2.2,,,0,0,1024,1024,1024,1024,0,0,0,0,205.1,-90,0,56,3.678,3.678,3.677,3.677,0,0,6.393,76.64,-1.714694608676,10.170604,6,P-GPS
42800,2026-05-09 10:20:11,10.170604,,,-1.714694608676,8.530184,0,56.33530364,80.576774232,14,5,14.707,0.581893391324,12.467192,8.6345884,56.33530364,0,0,0,210, 1.3, -2.1,,,0,0,1024,1024,1024,1024,0,0,0,0,205.1,-90,0,56,3.678,3.678,3.677,3.677,0,0,6.393,76.64,-1.714694608676,10.170604,6,P-GPS
42900,2026-05-09 10:20:11,10.170604,,,-1.714694608676,8.858268,0,56.337600228,80.6020367,14,5,14.712,0.581893391324,12.467192,8.6345884,56.337600228,0,0,0,210.1, 1.1, -1.9,,,0,0,1024,1024,1024,1024,0,0,0,0,205.1,-90,0,56,3.678,3.678,3.677,3.676,0,0,6.242,76.82,-1.714694608676,10.170604,6,P-GPS
43000,2026-05-09 10:20:11,10.170604,,,-1.714694608676,8.858268,0,56.334319388,80.621065572,15,5,14.712,0.581893391324,12.467192,8.6345884,56.337600228,0,0,0,210.1, 0.9, -1.8,,,0,0,1024,1024,1024,1024,0,0,0,0,205.1,-90,0,56,3.678,3.678,3.677,3.676,0,0,6.242,76.82,-1.714694608676,10.170604,6,P-GPS
43100,2026-05-09 10:20:11,10.170604,,,-1.714694608676,8.858268,0,56.319227524,80.636157436,15,5,14.712,0.581893391324,12.467192,8.6345884,56.337600228,0,0,0,210.1, 0.8, -1.6,,,0,0,1024,1024,1024,1024,0,0,0,0,205.1,-90,0,56,3.678,3.678,3.677,3.676,0,0,6.242,76.82,-1.714694608676,10.170604,6,P-GPS
43200,2026-05-09 10:20:11,10.170604,,,-1.714694608676,8.858268,0,56.31889944,80.646656124,15,5,14.712,0.581893391324,12.467192,8.6345884,56.337600228,0,0,0,210.1, 0.7, -1.3,,,0,0,1024,1024,998,1024,0,0,-4,0,205.1,-90,0,56,3.678,3.678,3.677,3.676,0,0,6.242,76.82,-1.714694608676,10.170604,6,P-GPS
43300,2026-05-09 10:20:11,10.170604,,,-1.714694608676,8.858268,0,56.312665844,80.653217804,15,5,14.712,0.581893391324,12.467192,8.6345884,56.337600228,0,0,0,210.1, 0.7, -1.1,,,0,0,1024,1024,965,1024,0,0,-9,0,205.1,-90,0,56,3.678,3.678,3.677,3.676,0,0,6.242,76.82,-1.714694608676,10.170604,6,P-GPS
43400,2026-05-09 10:20:11,10.170604,,,-1.714694608676,8.530184,0,56.307744584,80.668965836,15,5,14.712,0.581893391324,12.467192,8.6345884,56.337600228,0,0,0,210.1, 0.7, -0.9,,,0,0,1024,1024,932,1024,0,0,-14,0,205.1,-90,0,56,3.678,3.678,3.677,3.676,0,0,6.242,76.82,-1.714694608676,10.170604,6,P-GPS
43500,2026-05-09 10:20:11,10.170604,,,-1.714694608676,8.530184,0,56.300198652,80.676839852,15,5,14.712,0.581893391324,12.467192,8.6345884,56.337600228,0,0,0,210.1, 0.7, -0.9,,,0,0,1024,1024,904,1024,0,0,-18,0,205.1,-90,0,56,3.678,3.678,3.677,3.676,0,0,6.242,76.82,-1.714694608676,10.170604,6,P-GPS
43600,2026-05-09 10:20:11,9.84252,,,-2.042778608676,8.530184,0,56.280185528,80.69882148,15,5,14.712,0.581893391324,12.467192,8.6345884,56.337600228,0,0,0,210.1, 0.7, -0.8,,,0,0,1024,1024,917,1024,0,0,-16,0,205.1,-90,0,56,3.678,3.678,3.677,3.676,0,0,6.242,76.82,-2.042778608676,9.84252,6,P-GPS
43700,2026-05-09 10:20:11,9.84252,,,-2.042778608676,8.530184,0,56.269358756,80.71030442,15,5,14.712,0.581893391324,12.467192,8.6345884,56.337600228,0,0,0.223694,210.1, 0.7, -0.8,,,0,0,1024,1024,950,1024,0,0,-11,0,205.1,-90,0,56,3.678,3.678,3.677,3.676,0,0,6.242,76.82,-2.042778608676,9.84252,6,P-GPS
43800,2026-05-09 10:20:12,9.84252,,,-2.042778608676,8.530184,0,56.27296768,80.732614132,15,5,14.712,0.581893391324,12.467192,8.6345884,56.337600228,0,0,0.223694,210.1, 0.6, -0.8,,,0,0,1024,1024,982,1024,0,0,-6,0,205.1,-90,0,56,3.678,3.678,3.677,3.676,0,0,6.242,76.82,-2.042778608676,9.84252,6,P-GPS
43900,2026-05-09 10:20:12,9.84252,,,-2.042778608676,8.530184,0,56.263781328,80.741800484,15,5,14.711,0.581893391324,12.467192,8.6345884,56.337600228,0,0,0.223694,210.1, 0.4, -0.8,,,0,0,1024,1024,997,1024,0,0,-4,0,205.1,-90,0,56,3.682,3.681,3.681,3.68,0,0,6.251,76.82,-2.042778608676,9.84252,6,P-GPS
44000,2026-05-09 10:20:12,9.84252,,,-2.042778608676,8.530184,0,56.260172404,80.745737492,16,5,14.711,0.581893391324,12.467192,8.6345884,56.337600228,0,0,0.223694,210.1, 0.4, -0.8,,,0,0,1024,1024,999,1024,0,0,-4,0,205.1,-90,0,56,3.682,3.681,3.681,3.68,0,0,6.251,76.82,-2.042778608676,9.84252,6,P-GPS
44100,2026-05-09 10:20:12,9.84252,,,-2.042778608676,8.2021,0,56.265093664,80.770015708,16,5,14.711,0.581893391324,12.467192,8.6345884,56.337600228,0,0,0,210.1, 0.5, -0.7,,,0,0,1024,1024,948,1024,0,0,-12,0,205.1,-90,0,56,3.682,3.681,3.681,3.68,0,0,6.251,76.82,-2.042778608676,9.84252,6,P-GPS
44200,2026-05-09 10:20:12,9.84252,,,-2.042778608676,8.2021,0,56.276904688,80.786091824,16,5,14.711,0.581893391324,12.467192,8.6345884,56.337600228,0,0,0,210.1, 0.6, -0.7,,,0,0,1024,1024,665,1024,0,0,-54,0,205.1,-90,0,56,3.682,3.681,3.681,3.68,0,0,6.251,76.82,-2.042778608676,9.84252,6,P-GPS
44300,2026-05-09 10:20:12,9.84252,,,-2.042778608676,8.2021,0,56.269358756,80.79560626,16,5,14.711,0.581893391324,12.467192,8.6345884,56.337600228,0,0,0,210.1, 0.7, -0.7,,,0,0,1024,1024,543,1024,0,0,-73,0,205.1,-90,0,56,3.682,3.681,3.681,3.68,0,0,6.251,76.82,-2.042778608676,9.84252,6,P-GPS
44400,2026-05-09 10:20:12,9.514436,,,-2.370862608676,8.530184,0,56.274280016,80.801511772,16,5,14.711,0.581893391324,12.467192,8.6345884,56.337600228,0,0,0.671082,210.1, 0.7, -0.6,,,0,0,1024,1024,529,1024,0,0,-75,0,205.1,-90,0,56,3.682,3.681,3.681,3.68,0,0,6.251,76.82,-2.370862608676,9.514436,6,P-GPS
44500,2026-05-09 10:20:12,9.514436,,,-2.370862608676,8.2021,0,56.269358756,80.811682376,16,5,14.711,0.581893391324,12.467192,8.6345884,56.337600228,0,0,1.565858,210.1, 0.9, -0.8,,,0,0,1024,1024,529,1024,0,0,-75,0,205.1,-90,0,56,3.682,3.681,3.681,3.68,0,0,6.251,76.82,-2.370862608676,9.514436,6,P-GPS
44600,2026-05-09 10:20:12,9.186352,,,-2.698946608676,8.2021,0,56.243112036,80.848427784,16,5,14.711,0.581893391324,12.467192,8.6345884,56.337600228,0,0,2.23694,210.1, 0.9, -0.8,,,0,0,1024,1024,483,1024,0,0,-82,0,205.1,-90,0,56,3.682,3.681,3.681,3.68,0,0,6.251,76.82,-2.698946608676,9.186352,6,P-GPS
44700,2026-05-09 10:20:12,8.858268,,,-3.027030608676,7.545932,0,56.240487364,80.854989464,16,5,14.711,0.581893391324,12.467192,8.6345884,56.337600228,0,0,2.460634,210.1, 0.7, -0.8,,,0,0,1024,1024,482,1024,0,0,-82,0,205.1,-90,0,56,3.682,3.681,3.681,3.68,0,0,6.251,76.82,-3.027030608676,8.858268,6,P-GPS
44800,2026-05-09 10:20:13,8.530184,,,-3.355114608676,7.545932,0,56.218177652,80.887797864,16,5,14.711,0.581893391324,12.467192,8.6345884,56.337600228,0,0,2.460634,210.1, 0.6, -0.8,,,0,0,1024,1024,482,1024,0,0,-82,0,205.1,-90,0,56,3.682,3.681,3.681,3.68,0,0,6.251,76.82,-3.355114608676,8.530184,6,P-GPS
44900,2026-05-09 10:20:13,7.874016,,,-4.011282608676,7.217848,0,56.216865316,80.891734872,16,5,14.705,0.581893391324,12.467192,8.6345884,56.337600228,0,0,2.460634,210.1, 0.5, -0.7,,,0,0,1024,1024,485,1024,0,0,-82,0,205.1,-90,0,56,3.68,3.686,3.704,3.712,0,0,6.089,76.82,-4.011282608676,7.874016,6,P-GPS
45000,2026-05-09 10:20:13,7.545932,,,-4.339366608676,6.889764,0,56.255907312,80.943572144,16,5,14.705,0.581893391324,12.467192,8.6345884,56.337600228,0,0,2.460634,210.1, 0.5, -0.7,,,0,0,1024,1024,485,1024,0,0,-82,0,205.1,-90,0,56,3.68,3.686,3.704,3.712,0,0,6.089,76.82,-4.339366608676,7.545932,6,P-GPS
45100,2026-05-09 10:20:13,7.217848,,,-4.667450608676,6.889764,0,56.25984432,80.948821488,16,5,14.705,0.581893391324,12.467192,8.6345884,56.337600228,0,0,2.23694,210.1, 0.6, -0.7,,,0,0,1024,1024,485,1024,0,0,-82,0,205.1,-90,0,56,3.68,3.686,3.704,3.712,0,0,6.089,76.82,-4.667450608676,7.217848,6,P-GPS
45200,2026-05-09 10:20:13,6.889764,,,-4.995534608676,6.56168,0,56.258531984,80.950133824,15,5,14.705,0.581893391324,12.467192,8.6345884,56.337600228,0,0,2.013246,210.1, 0.6, -0.7,,,0,0,1024,1024,485,1024,0,0,-82,0,205.1,-90,0,56,3.68,3.686,3.704,3.712,0,0,6.089,76.82,-4.995534608676,6.889764,6,P-GPS
45300,2026-05-09 10:20:13,6.56168,,,-5.323618608676,6.233596,0,56.2746081,80.96620994,15,5,14.705,0.581893391324,12.467192,8.6345884,56.337600228,0,0,2.013246,210, 0.7, -0.7,,,0,0,1024,1024,485,1024,0,0,-82,0,205.1,-90,0,56,3.68,3.686,3.704,3.712,0,0,6.089,76.82,-5.323618608676,6.56168,6,P-GPS
45400,2026-05-09 10:20:13,6.56168,,,-5.323618608676,5.905512,0,56.287075292,80.984910728,15,5,14.705,0.581893391324,12.467192,8.6345884,56.337600228,0,0,1.789552,210, 0.9, -0.8,,,0,0,1024,1024,485,1024,0,0,-82,0,205.1,-90,0,56,3.68,3.686,3.704,3.712,0,0,6.089,76.82,-5.323618608676,6.56168,6,P-GPS
45500,2026-05-09 10:20:13,6.233596,,,-5.651702608676,5.905512,0,56.308072668,81.00722044,15,5,14.705,0.581893391324,12.467192,8.6345884,56.337600228,0,0,1.789552,210.1, 1, -0.8,,,0,0,1024,1024,485,1024,0,0,-82,0,205.1,-90,0,56,3.68,3.686,3.704,3.712,0,0,6.089,76.82,-5.651702608676,6.233596,6,P-GPS
45600,2026-05-09 10:20:13,5.905512,,,-5.979786608676,5.577428,0,56.252626472,81.06299472,16,5,14.705,0.581893391324,12.467192,8.6345884,56.337600228,0,0,1.565858,210, 1, -0.9,,,0,0,1024,1024,485,1024,0,0,-82,0,205.1,-90,0,56,3.68,3.686,3.704,3.712,0,0,6.089,76.82,-5.979786608676,5.905512,6,P-GPS
45700,2026-05-09 10:20:13,5.577428,,,-6.307870608676,5.249344,0,56.25984432,81.071852988,16,5,14.705,0.581893391324,12.467192,8.6345884,56.337600228,0,0,1.565858,210, 0.8, -0.9,,,0,0,1024,1024,484,1024,0,0,-82,0,205.1,-90,0,56,3.68,3.686,3.704,3.712,0,0,6.089,76.82,-6.307870608676,5.577428,6,P-GPS
45800,2026-05-09 10:20:14,5.249344,,,-6.635954608676,4.92126,0,56.261156656,81.075461912,16,5,14.705,0.581893391324,12.467192,8.6345884,56.337600228,0,0,1.565858,210, 0.7, -0.9,,,0,0,1024,1024,483,1024,0,0,-82,0,205.1,-90,0,56,3.68,3.686,3.704,3.712,0,0,6.089,76.82,-6.635954608676,5.249344,6,P-GPS
45900,2026-05-09 10:20:14,5.249344,,,-6.635954608676,4.92126,0,56.255579228,81.084648264,16,5,14.732,0.581893391324,12.467192,8.6345884,56.337600228,0,0,1.342164,210.1, 0.6, -1,,,0,0,1024,1024,478,1024,0,0,-83,0,205.1,-90,0,56,3.675,3.675,3.675,3.676,0,0,5.554,77,-6.635954608676,5.249344,6,P-GPS
46000,2026-05-09 10:20:14,4.92126,,,-6.964038608676,4.593176,0,56.241143532,81.09908396,16,5,14.732,0.581893391324,12.467192,8.6345884,56.337600228,0,0,1.342164,210.1, 0.6, -1,,,0,0,1024,1024,474,1024,0,0,-83,0,205.1,-90,0,56,3.675,3.675,3.675,3.676,0,0,5.554,77,-6.964038608676,4.92126,6,P-GPS
46100,2026-05-09 10:20:14,4.92126,,,-6.964038608676,4.593176,0,56.250657968,81.114175824,16,5,14.732,0.581893391324,12.467192,8.6345884,56.337600228,0,0,1.11847,210.1, 0.5, -1,,,0,0,1024,1024,472,1024,0,0,-84,0,205.1,-90,0,56,3.675,3.675,3.675,3.676,0,0,5.554,77,-6.964038608676,4.92126,6,P-GPS
46200,2026-05-09 10:20:14,4.593176,,,-7.292122608676,4.265092,0,56.214896812,81.157154828,15,5,14.732,0.581893391324,12.467192,8.6345884,56.337600228,0,0,1.11847,210.1, 0.4, -1,,,0,0,1024,1024,469,1024,0,0,-84,0,205.1,-90,0,56,3.675,3.675,3.675,3.676,0,0,5.554,77,-7.292122608676,4.593176,6,P-GPS
46300,2026-05-09 10:20:14,4.265092,,,-7.620206608676,3.937008,0,56.207678964,81.164372676,15,5,14.732,0.581893391324,12.467192,8.6345884,56.337600228,0,0,1.11847,210.1, 0.4, -0.8,,,0,0,1024,1024,467,1024,0,0,-84,0,205.1,-90,0,56,3.675,3.675,3.675,3.676,0,0,5.554,77,-7.620206608676,4.265092,6,P-GPS
46400,2026-05-09 10:20:14,4.265092,,,-7.620206608676,3.937008,0,56.194883688,81.204398924,15,5,14.732,0.581893391324,12.467192,8.6345884,56.337600228,0,0,0.894776,210.1, 0.4, -0.7,,,0,0,1024,1024,465,1024,0,0,-85,0,205.1,-90,0,56,3.675,3.675,3.675,3.676,0,0,5.554,77,-7.620206608676,4.265092,6,P-GPS
46500,2026-05-09 10:20:14,3.937008,,,-7.948290608676,3.937008,0,56.187993924,81.211616772,15,5,14.732,0.581893391324,12.467192,8.6345884,56.337600228,0,0,0.894776,210.1, 0.4, -0.7,,,0,0,1024,1024,457,1024,0,0,-86,0,205.1,-90,0,56,3.675,3.675,3.675,3.676,0,0,5.554,77,-7.948290608676,3.937008,6,P-GPS
46600,2026-05-09 10:20:14,3.937008,,,-7.948290608676,3.937008,0,56.16305954,81.239831996,14,5,14.732,0.581893391324,12.467192,8.6345884,56.337600228,0,0,0.894776,210.1, 0.5, -0.7,,,0,0,1024,1024,449,1024,0,0,-87,0,205.1,-90,0,56,3.675,3.675,3.675,3.676,0,0,5.554,77,-7.948290608676,3.937008,6,P-GPS
46700,2026-05-09 10:20:14,3.937008,,,-7.948290608676,3.608924,0,56.160762952,81.243112836,14,5,14.732,0.581893391324,12.467192,8.6345884,56.337600228,0,0,0.894776,210.1, 0.6, -0.8,,,0,0,1024,1024,439,1024,0,0,-89,0,205.1,-90,0,56,3.675,3.675,3.675,3.676,0,0,5.554,77,-7.948290608676,3.937008,6,P-GPS
46800,2026-05-09 10:20:15,3.608924,,,-8.276374608676,3.608924,0,56.159122532,81.247377928,15,5,14.732,0.581893391324,12.467192,8.6345884,56.337600228,0,0,0.894776,210.1, 0.7, -0.7,,,0,0,1024,1024,424,1024,0,0,-91,0,205.1,-90,0,56,3.675,3.675,3.675,3.676,0,0,5.554,77,-8.276374608676,3.608924,6,P-GPS
46900,2026-05-09 10:20:15,3.608924,,,-8.276374608676,3.608924,0,56.221130408,81.316603652,15,5,14.697,0.581893391324,12.467192,8.6345884,56.337600228,0,0,0.671082,210, 0.7, -0.6,,,0,0,1024,1024,412,1024,0,0,-93,0,205.1,-90,0,56,3.676,3.675,3.675,3.674,0,0,6.357,77,-8.276374608676,3.608924,6,P-GPS
47000,2026-05-09 10:20:15,3.28084,,,-8.604458608676,3.28084,0,56.217521484,81.323493416,15,5,14.697,0.581893391324,12.467192,8.6345884,56.337600228,0,0,0.671082,210, 0.8, -0.6,,,0,0,1024,1024,395,1024,0,0,-95,0,205.1,-90,0,56,3.676,3.675,3.675,3.674,0,0,6.357,77,-8.604458608676,3.28084,6,P-GPS
47100,2026-05-09 10:20:15,3.28084,,,-8.604458608676,3.28084,0,56.172573976,81.381892368,15,5,14.697,0.581893391324,12.467192,8.6345884,56.337600228,0,0,0.671082,210, 0.7, -0.6,,,0,0,1024,1024,364,1024,0,0,-100,0,205.1,-90,0,56,3.676,3.675,3.675,3.674,0,0,6.357,77,-8.604458608676,3.28084,6,P-GPS
47200,2026-05-09 10:20:15,3.28084,,,-8.604458608676,3.28084,0,56.187337756,81.43208922,15,5,14.697,0.581893391324,12.467192,8.6345884,56.337600228,0,0,0.671082,210, 0.6, -0.6,,,0,0,1024,1024,364,1024,0,0,-100,0,205.1,-90,0,56,3.676,3.675,3.675,3.674,0,0,6.357,77,-8.604458608676,3.28084,6,P-GPS
47300,2026-05-09 10:20:15,2.952756,,,-8.932542608676,2.952756,0,56.183072664,81.437994732,15,5,14.697,0.581893391324,12.467192,8.6345884,56.337600228,0,0,0.671082,210, 0.5, -0.7,,,0,0,1024,1024,364,1024,0,0,-100,0,205.1,-90,0,56,3.676,3.675,3.675,3.674,0,0,6.357,77,-8.932542608676,2.952756,6,P-GPS
47400,2026-05-09 10:20:15,2.952756,,,-8.932542608676,2.952756,0,56.179791824,81.441603656,15,5,14.697,0.581893391324,12.467192,8.6345884,56.337600228,0,0,0.447388,210, 0.4, -0.8,,,0,0,1024,1024,364,1024,0,0,-100,0,205.1,-90,0,56,3.676,3.675,3.675,3.674,0,0,6.357,77,-8.932542608676,2.952756,6,P-GPS
47500,2026-05-09 10:20:15,2.952756,,,-8.932542608676,2.952756,0,56.15649786,81.46653804,15,5,14.697,0.581893391324,12.467192,8.6345884,56.337600228,0,0,0.447388,210, 0.3, -0.9,,,0,0,1024,1024,364,1024,0,0,-100,0,205.1,-90,0,56,3.676,3.675,3.675,3.674,0,0,6.357,77,-8.932542608676,2.952756,6,P-GPS
47600,2026-05-09 10:20:15,2.952756,,,-8.932542608676,2.952756,0,56.17290206,81.490160088,15,5,14.697,0.581893391324,12.467192,8.6345884,56.337600228,0,0,0.447388,210, 0.4, -0.8,,,0,0,1024,1024,364,1024,0,0,-100,0,205.1,-90,0,56,3.676,3.675,3.675,3.674,0,0,6.357,77,-8.932542608676,2.952756,6,P-GPS
47700,2026-05-09 10:20:15,2.624672,,,-9.260626608676,2.624672,0,56.172573976,81.492456676,15,5,14.697,0.581893391324,12.467192,8.6345884,56.337600228,0,0,0.447388,210, 0.5, -0.8,,,0,0,1024,1024,364,1024,0,0,-100,0,205.1,-90,0,56,3.676,3.675,3.675,3.674,0,0,6.357,77,-9.260626608676,2.624672,6,P-GPS
47800,2026-05-09 10:20:16,2.624672,,,-9.260626608676,2.624672,0,56.16962122,81.496393684,15,5,14.697,0.581893391324,12.467192,8.6345884,56.337600228,0,0,0.447388,210, 0.5, -0.7,,,0,0,1024,1024,364,1024,0,0,-100,0,205.1,-90,0,56,3.676,3.675,3.675,3.674,0,0,6.357,77,-9.260626608676,2.624672,6,P-GPS
47900,2026-05-09 10:20:16,2.624672,,,-9.260626608676,2.624672,0,56.128938804,81.537732268,15,5,14.697,0.581893391324,12.467192,8.6345884,56.337600228,0,0,0.447388,210, 0.5, -0.7,,,0,0,1024,1024,364,1024,0,0,-100,0,205.1,-90,0,56,3.676,3.675,3.675,3.674,0,0,6.357,77,-9.260626608676,2.624672,6,P-GPS
48000,2026-05-09 10:20:16,2.296588,,,-9.588710608676,2.624672,0,56.127954552,81.542653528,15,5,14.697,0.581893391324,12.467192,8.6345884,56.337600228,0,0,0.447388,210, 0.4, -0.7,,,0,0,1024,1024,364,1024,0,0,-100,0,205.1,-90,0,56,3.676,3.675,3.675,3.674,0,0,6.357,77,-9.588710608676,2.296588,6,P-GPS
48100,2026-05-09 10:20:16,2.296588,,,-9.588710608676,2.296588,0,56.174870564,81.594162716,15,5,14.701,0.581893391324,12.467192,8.6345884,56.337600228,0,0,0.447388,210, 0.4, -0.7,,,0,0,1024,1024,364,1024,0,0,-100,0,205.1,-90,0,56,3.676,3.675,3.675,3.674,0,0,6.253,77.18,-9.588710608676,2.296588,6,P-GPS
48200,2026-05-09 10:20:16,2.296588,,,-9.588710608676,2.296588,0,56.162403372,81.620081352,15,5,14.701,0.581893391324,12.467192,8.6345884,56.337600228,0,0,0.447388,210, 0.4, -0.9,,,0,0,1024,1024,364,1024,0,0,-100,0,205.1,-90,0,56,3.676,3.675,3.675,3.674,0,0,6.253,77.18,-9.588710608676,2.296588,6,P-GPS
48300,2026-05-09 10:20:16,2.296588,,,-9.588710608676,2.296588,0,56.164371876,81.622706024,15,5,14.701,0.581893391324,12.467192,8.6345884,56.337600228,0,0,0.447388,210, 0.5, -0.9,,,0,0,1024,1024,364,1024,0,0,-100,0,205.1,-90,0,56,3.676,3.675,3.675,3.674,0,0,6.253,77.18,-9.588710608676,2.296588,6,P-GPS
48400,2026-05-09 10:20:16,2.296588,,,-9.588710608676,2.296588,0,56.162731456,81.630251956,15,5,14.701,0.581893391324,12.467192,8.6345884,56.337600228,0,0,0.447388,210, 0.4, -0.9,,,0,0,1024,1024,364,1024,0,0,-100,0,205.1,-90,0,56,3.676,3.675,3.675,3.674,0,0,6.253,77.18,-9.588710608676,2.296588,6,P-GPS
48500,2026-05-09 10:20:16,1.968504,,,-9.916794608676,2.296588,0,56.165028044,81.632876628,15,5,14.701,0.581893391324,12.467192,8.6345884,56.337600228,0,0,0.447388,210, 0.4, -0.8,,,0,0,1024,1024,364,1024,0,0,-100,0,205.1,-90,0,56,3.676,3.675,3.675,3.674,0,0,6.253,77.18,-9.916794608676,1.968504,6,P-GPS
48600,2026-05-09 10:20:16,1.968504,,,-9.916794608676,2.296588,0,56.164371876,81.634188964,15,5,14.701,0.581893391324,12.467192,8.6345884,56.337600228,0,0,0.447388,210, 0.4, -0.8,,,0,0,1024,1024,364,1024,0,0,-100,0,205.1,-90,0,56,3.676,3.675,3.675,3.674,0,0,6.253,77.18,-9.916794608676,1.968504,6,P-GPS
48700,2026-05-09 10:20:16,1.968504,,,-9.916794608676,2.296588,0,56.170933556,81.656170592,15,5,14.701,0.581893391324,12.467192,8.6345884,56.337600228,0,0,0.223694,210, 0.4, -0.8,,,0,0,1024,1024,364,1024,0,0,-100,0,205.1,-90,0,56,3.676,3.675,3.675,3.674,0,0,6.253,77.18,-9.916794608676,1.968504,6,P-GPS
48800,2026-05-09 10:20:17,1.968504,,,-9.916794608676,1.968504,0,56.158794448,81.66995012,15,5,14.701,0.581893391324,12.467192,8.6345884,56.337600228,0,0,0.223694,210, 0.3, -0.8,,,0,0,1024,1024,364,1024,0,0,-100,0,205.1,-90,0,56,3.676,3.675,3.675,3.674,0,0,6.253,77.18,-9.916794608676,1.968504,6,P-GPS
48900,2026-05-09 10:20:17,1.968504,,,-9.916794608676,1.968504,0,56.157482112,81.67323096,15,5,14.701,0.581893391324,12.467192,8.6345884,56.337600228,0,0,0.223694,210, 0.2, -0.8,,,0,0,1024,1024,364,1024,0,0,-100,0,205.1,-90,0,56,3.676,3.675,3.675,3.674,0,0,6.253,77.18,-9.916794608676,1.968504,6,P-GPS
49000,2026-05-09 10:20:17,1.64042,,,-10.244878608676,1.968504,0,56.160762952,81.682417312,15,5,14.701,0.581893391324,12.467192,8.6345884,56.337600228,0,0,0.223694,210, 0.2, -0.7,,,0,0,1024,1024,364,1024,0,0,-100,0,205.1,-90,0,56,3.676,3.675,3.675,3.674,0,0,6.253,77.18,-10.244878608676,1.64042,6,P-GPS
49100,2026-05-09 10:20:17,1.64042,,,-10.244878608676,1.968504,0,56.16305954,81.68963516,15,5,14.697,0.581893391324,12.467192,8.6345884,56.337600228,0,0,0.223694,210, 0.3, -0.6,,,0,0,1024,1024,364,1024,0,0,-100,0,205.1,-90,0,56,3.674,3.673,3.673,3.673,0,0,6.237,77.18,-10.244878608676,1.64042,6,P-GPS
49200,2026-05-09 10:20:17,1.64042,,,-10.244878608676,1.968504,0,56.160434868,81.694884504,15,5,14.697,0.581893391324,12.467192,8.6345884,56.337600228,0,0,0.223694,210, 0.4, -0.5,,,0,0,1024,1024,364,1024,0,0,-100,0,205.1,-90,0,56,3.674,3.673,3.673,3.673,0,0,6.237,77.18,-10.244878608676,1.64042,6,P-GPS
49300,2026-05-09 10:20:17,1.64042,,,-10.244878608676,1.968504,0,56.159122532,81.698165344,15,5,14.697,0.581893391324,12.467192,8.6345884,56.337600228,0,0,0,210, 0.4, -0.5,,,0,0,1024,1024,364,1024,0,0,-100,0,205.1,-90,0,56,3.674,3.673,3.673,3.673,0,0,6.237,77.18,-10.244878608676,1.64042,6,P-GPS
49400,2026-05-09 10:20:17,1.64042,,,-10.244878608676,1.968504,0,56.156825944,81.712272956,15,5,14.697,0.581893391324,12.467192,8.6345884,56.337600228,0,0,0,210, 0.3, -0.5,,,0,0,1024,1024,364,1024,0,0,-100,0,205.1,-90,0,56,3.674,3.673,3.673,3.673,0,0,6.237,77.18,-10.244878608676,1.64042,6,P-GPS
49500,2026-05-09 10:20:17,1.64042,,,-10.244878608676,1.968504,0,56.153545104,81.71916272,15,5,14.697,0.581893391324,12.467192,8.6345884,56.337600228,0,0,0,210, 0.3, -0.4,,,0,0,1024,1024,364,1024,0,0,-100,0,205.1,-87.8,0,56,3.674,3.673,3.673,3.673,0,0,6.237,77.18,-10.244878608676,1.64042,6,P-GPS
49600,2026-05-09 10:20:17,1.64042,,,-10.244878608676,1.968504,0,56.145999172,81.730973744,15,5,14.697,0.581893391324,12.467192,8.6345884,56.337600228,0,0,0,210, 0.2, -0.4,,,0,0,1024,1024,364,1024,0,0,-100,0,205.1,-62.4,0,56,3.674,3.673,3.673,3.673,0,0,6.237,77.18,-10.244878608676,1.64042,6,P-GPS
49700,2026-05-09 10:20:17,1.64042,,,-10.244878608676,1.968504,0,56.147967676,81.732942248,15,5,14.697,0.581893391324,12.467192,8.6345884,56.337600228,0,0,0,210, 0.3, -0.3,,,0,0,1024,1024,364,1024,0,0,-100,0,205.1,-30.1,0,56,3.674,3.673,3.673,3.673,0,0,6.237,77.18,-10.244878608676,1.64042,33,Confirm_Landing
49800,2026-05-09 10:20:18,1.64042,,,-10.244878608676,1.64042,0,56.153545104,81.739175844,15,5,14.697,0.581893391324,12.467192,8.6345884,56.337600228,0,0,0,210, 0.5, -0.4,,,0,0,1024,1024,364,1024,0,0,-100,0,205.1,-13.6,0,56,3.674,3.673,3.673,3.673,0,0,6.237,77.18,-10.244878608676,1.64042,33,Confirm_Landing
49900,2026-05-09 10:20:18,1.64042,,,-10.244878608676,1.968504,0,56.1597787,81.748362196,15,5,14.697,0.581893391324,12.467192,8.6345884,56.337600228,0,0,0,210.1, 1.1, -0.8,,,0,0,1024,1024,364,1024,0,0,-100,0,205.1,0,0,56,3.674,3.673,3.673,3.673,0,0,6.237,77.18,-10.244878608676,1.64042,33,Confirm_Landing
50000,2026-05-09 10:20:18,1.312336,,,-10.572962608676,1.64042,0,56.16962122,81.76017322,15,5,14.697,0.581893391324,12.467192,8.6345884,56.337600228,0,0,0.671082,210, 1.1, -1,,,0,0,1024,1024,364,1024,0,0,-100,0,205.1,0,0,56,3.674,3.673,3.673,3.673,0,0,6.237,77.18,-10.572962608676,1.312336,33,Confirm_Landing
50100,2026-05-09 10:20:18,1.312336,,,-10.572962608676,1.64042,0,56.173230144,81.764438312,15,5,14.682,0.581893391324,12.467192,8.6345884,56.337600228,0,0,0.894776,210, 1, -1,,,0,0,1024,1024,364,1024,0,0,-100,0,205.1,0,0,56,3.674,3.671,3.668,3.668,0,0,6.394,77.36,-10.572962608676,1.312336,33,Confirm_Landing
50200,2026-05-09 10:20:18,1.312336,,,-10.572962608676,1.64042,0,56.184385,81.777889756,15,5,14.682,0.581893391324,12.467192,8.6345884,56.337600228,0,0,0.894776,210.1, 0.8, -0.9,,,0,0,1024,1024,659,1024,0,0,-55,0,205.1,0,0,56,3.674,3.671,3.668,3.668,0,0,6.394,77.36,-10.572962608676,1.312336,33,Confirm_Landing
50300,2026-05-09 10:20:18,0.984252,,,-10.901046608676,1.312336,0,56.179135656,81.78477952,15,5,14.682,0.581893391324,12.467192,8.6345884,56.337600228,0,0,0.894776,210.1, 0.5, -0.8,,,0,0,1024,1024,1024,1024,0,0,0,0,205.1,0,0,56,3.674,3.671,3.668,3.668,0,0,6.394,77.36,-10.901046608676,0.984252,33,Confirm_Landing
50400,2026-05-09 10:20:18,0.984252,,,-10.901046608676,1.312336,0,56.17126164,81.79626246,15,5,14.682,0.581893391324,12.467192,8.6345884,56.337600228,0,0,0.894776,210.1, 0.4, -0.8,,,0,0,1024,1024,1024,1024,0,0,0,0,205.1,0,0,56,3.674,3.671,3.668,3.668,0,0,6.394,77.36,-10.901046608676,0.984252,33,Confirm_Landing
50500,2026-05-09 10:20:18,0.656168,,,-11.229130608676,0.984252,0,56.146983424,81.820540676,15,5,14.682,0.581893391324,12.467192,8.6345884,56.337600228,0,0,0.671082,210.1, 0.3, -0.7,,,0,0,1024,1024,1024,1024,0,0,0,0,205.1,0,0,56,3.674,3.671,3.668,3.668,0,0,6.394,77.36,-11.229130608676,0.656168,33,Confirm_Landing
50600,2026-05-09 10:20:18,0.656168,,,-11.229130608676,0.984252,0,56.162731456,81.836616792,15,5,14.682,0.581893391324,12.467192,8.6345884,56.337600228,0,0,0.671082,210.2, 0.3, -0.7,,,0,0,1024,1024,1024,1024,0,0,0,0,205.1,0,0,56,3.674,3.671,3.668,3.668,0,0,6.394,77.36,-11.229130608676,0.656168,33,Confirm_Landing
50700,2026-05-09 10:20:18,0.656168,,,-11.229130608676,0.984252,0,56.153545104,81.845803144,15,5,14.682,0.581893391324,12.467192,8.6345884,56.337600228,0,0,0.671082,210.2, 0.3, -0.6,,,0,0,1024,1024,1024,1024,0,0,0,0,205.1,0,0,56,3.674,3.671,3.668,3.668,0,0,6.394,77.36,-11.229130608676,0.656168,33,Confirm_Landing
50800,2026-05-09 10:20:18,0.328084,,,-11.557214608676,0.984252,0,56.142062164,81.857286084,15,5,14.682,0.581893391324,12.467192,8.6345884,56.337600228,0,0,0.671082,210.1, 0.2, -0.7,,,0,0,1024,1024,1024,1024,0,0,0,0,205.1,0,0,56,3.674,3.671,3.668,3.668,0,0,6.394,77.36,-11.557214608676,0.328084,33,Confirm_Landing
50900,2026-05-09 10:20:19,0.328084,,,-11.557214608676,0.656168,0,56.103020168,81.899280836,15,5,14.682,0.581893391324,12.467192,8.6345884,56.337600228,0,0,0.447388,210.2, 0, -0.8,,,0,0,1024,1024,1024,1024,0,0,0,0,205.1,0,0,56,3.674,3.671,3.668,3.668,0,0,6.394,77.36,-11.557214608676,0.328084,33,Confirm_Landing
51000,2026-05-09 10:20:19,0.328084,,,-11.557214608676,0.656168,0,56.103348252,81.903545928,15,5,14.682,0.581893391324,12.467192,8.6345884,56.337600228,0,0,0.447388,210.2, 0, -0.6,,,0,0,1024,1024,1024,1024,0,0,0,0,205.1,0,0,56,3.674,3.671,3.668,3.668,0,0,6.394,77.36,-11.557214608676,0.328084,33,Confirm_Landing
51100,2026-05-09 10:20:19,0.328084,,,-11.557214608676,0.656168,0,56.096458488,81.915356952,15,5,14.693,0.581893391324,12.467192,8.6345884,56.337600228,0,0,0.447388,210.2, 0, -0.7,,,0,0,1024,1024,1024,1024,0,0,0,0,205.1,0,0,56,3.674,3.672,3.673,3.674,0,0,6.006,77.36,-11.557214608676,0.328084,33,Confirm_Landing
51200,2026-05-09 10:20:19,0,,,-11.885298608676,0.656168,0,56.06791518,81.952758528,15,5,14.693,0.581893391324,12.467192,8.6345884,56.337600228,0,0,0.447388,210.2, 0, -1,,,0,0,1024,1024,1024,1024,0,0,0,0,205.1,0,0,56,3.674,3.672,3.673,3.674,0,0,6.006,77.36,-11.885298608676,0,33,Confirm_Landing
51300,2026-05-09 10:20:19,0,,,-11.885298608676,0.328084,0,56.068571348,81.959976376,15,5,14.693,0.581893391324,12.467192,8.6345884,56.337600228,0,0,0.447388,210.2, 0, -1.2,,,0,0,1024,1024,1024,1024,0,0,0,0,205.1,0,0,56,3.674,3.672,3.673,3.674,0,0,6.006,77.36,-11.885298608676,0,33,Confirm_Landing
51400,2026-05-09 10:20:19,0,,,-11.885298608676,0.328084,0,56.079726204,81.995081364,15,5,14.693,0.581893391324,12.467192,8.6345884,56.337600228,0,0,0.447388,210.2, 0, -1,,,0,0,1024,1024,1024,1024,0,0,0,0,205.1,0,0,56,3.674,3.672,3.673,3.674,0,0,6.006,77.36,-11.885298608676,0,33,Confirm_Landing
51500,2026-05-09 10:20:19,0,,,-11.885298608676,0.328084,0,56.077429616,81.998690288,15,5,14.693,0.581893391324,12.467192,8.6345884,56.337600228,0,0,0.447388,210.2, 0, -1,,,0,0,1024,1024,1024,1024,0,0,0,0,205.1,0,0,56,3.674,3.672,3.673,3.674,0,0,6.006,77.36,-11.885298608676,0,33,Confirm_Landing
51600,2026-05-09 10:20:19,0,,,-11.885298608676,0.328084,0,56.054135652,82.022312336,15,5,14.693,0.581893391324,12.467192,8.6345884,56.337600228,0,0,0.447388,210.1, 0.2, -1.1,,,0,0,1024,1024,1024,1024,0,0,0,0,205.1,0,0,56,3.674,3.672,3.673,3.674,0,0,6.006,77.36,-11.885298608676,0,33,Confirm_Landing
51700,2026-05-09 10:20:19,0,,,-11.885298608676,0.328084,0,56.049542476,82.027889764,15,5,14.693,0.581893391324,12.467192,8.6345884,56.337600228,0,0,0.223694,210.1, 0.1, -0.7,,,0,0,1024,1024,1024,1024,0,0,0,0,205.1,0,0,56,3.674,3.672,3.673,3.674,0,0,6.006,77.36,-11.885298608676,0,33,Confirm_Landing
51800,2026-05-09 10:20:20,0,,,-11.885298608676,0.328084,0,56.047902056,82.043309712,15,5,14.693,0.581893391324,12.467192,8.6345884,56.337600228,0,0,0.223694,210.1, -0.1, -0.7,,,0,0,1024,1024,1024,1024,0,0,0,0,205.1,0,0,56,3.674,3.672,3.673,3.674,0,0,6.006,77.36,-11.885298608676,0,33,Confirm_Landing
51900,2026-05-09 10:20:20,0,,,-11.885298608676,0.328084,0,56.043636964,82.047902888,15,5,14.693,0.581893391324,12.467192,8.6345884,56.337600228,0,0,0.223694,210.1, 0, -0.6,,,0,0,1024,1024,1024,1024,0,0,0,0,205.1,0,0,56,3.674,3.672,3.673,3.674,0,0,6.006,77.36,-11.885298608676,0,33,Confirm_Landing
52000,2026-05-09 10:20:20,0,,,-11.885298608676,0,0,56.036419116,82.05544882,15,5,14.693,0.581893391324,12.467192,8.6345884,56.337600228,0,0,0,210.3, 2.6, -1.6,,,0,0,1024,1024,1024,1024,0,0,0,0,205.1,0,0,56,3.674,3.672,3.673,3.674,0,0,6.006,77.36,-11.885298608676,0,33,Confirm_Landing
52100,2026-05-09 10:20:20,0,,,-11.885298608676,0.328084,0,56.052167148,82.07185302,15,5,14.743,0.581893391324,12.467192,8.6345884,56.337600228,0,0,0,210.2, 4.7, -1.5,,,0,0,1024,1024,1024,1024,0,0,0,0,205.1,0,0,56,3.681,3.68,3.682,3.682,0,0,5.447,77.36,-11.885298608676,0,33,Confirm_Landing
52200,2026-05-09 10:20:20,0,,,-11.885298608676,0.328084,0,56.041996544,82.086288716,15,5,14.743,0.581893391324,12.467192,8.6345884,56.337600228,0,0,0,210.2, 6.3, -1.5,,,0,0,1024,1024,1024,1024,0,0,0,0,205.1,0,0,56,3.681,3.68,3.682,3.682,0,0,5.447,77.36,-11.885298608676,0,33,Confirm_Landing
52300,2026-05-09 10:20:20,0,,,-11.885298608676,0,0,56.033794444,82.094490816,15,5,14.743,0.581893391324,12.467192,8.6345884,56.337600228,0,0,0,210.2, 6.7, -1.5,,,0,0,1024,1024,1024,1024,0,0,0,0,205.1,0,0,56,3.681,3.68,3.682,3.682,0,0,5.447,77.36,-11.885298608676,0,33,Confirm_Landing
52400,2026-05-09 10:20:20,0,,,-11.885298608676,0,0,56.056760324,82.12106562,15,5,14.743,0.581893391324,12.467192,8.6345884,56.337600228,0,0,0,210.2, 6.7, -1.5,,,0,0,1024,1024,1024,1024,0,0,0,0,205.1,0,0,56,3.681,3.68,3.682,3.682,0,0,5.447,77.36,-11.885298608676,0,33,Confirm_Landing
52500,2026-05-09 10:20:20,0,,,-11.885298608676,0,0,56.054135652,82.12598688,15,5,14.743,0.581893391324,12.467192,8.6345884,56.337600228,0,0,0,210.2, 6.7, -1.5,,,0,0,1024,1024,1024,1024,0,0,0,0,205.1,0,0,56,3.681,3.68,3.682,3.682,0,0,5.447,77.36,-11.885298608676,0,33,Confirm_Landing
52600,2026-05-09 10:20:20,0,,,-11.885298608676,0,0,56.054463736,82.133860896,15,5,14.743,0.581893391324,12.467192,8.6345884,56.337600228,0,0,0,210.2, 6.7, -1.5,,,0,0,1024,1024,1024,1024,0,0,0,0,205.1,0,0,56,3.681,3.68,3.682,3.682,0,0,5.447,77.36,-11.885298608676,0,33,Confirm_Landing
52700,2026-05-09 10:20:20,0,,,-11.885298608676,0,0,56.053479484,82.136485568,15,5,14.743,0.581893391324,12.467192,8.6345884,56.337600228,0,0,0,210.2, 6.7, -1.5,,,0,0,1024,1024,1024,1024,0,0,0,0,205.1,0,0,56,3.681,3.68,3.682,3.682,0,0,5.447,77.36,-11.885298608676,0,33,Confirm_Landing
52800,2026-05-09 10:20:21,0,,,-11.885298608676,0,0,56.054463736,82.14895276,14,5,14.743,0.581893391324,12.467192,8.6345884,56.337600228,0,0,0,210.2, 6.7, -1.5,,,0,0,1024,1024,1024,1024,0,0,0,0,205.2,0,0,56,3.681,3.68,3.682,3.682,0,0,5.447,77.36,-11.885298608676,0,33,Confirm_Landing
52900,2026-05-09 10:20:21,0,,,-11.885298608676,0.328084,0,56.055776072,82.150265096,14,5,14.743,0.581893391324,12.467192,8.6345884,56.337600228,0,0,0,210.2, 6.7, -1.5,,,0,0,1024,1024,1024,1024,0,0,0,0,205.2,0,0,56,3.681,3.68,3.682,3.682,0,0,5.447,77.36,-11.885298608676,0,33,Confirm_Landing
