time(millisecond),datetime(utc),height_above_takeoff(feet),height_above_ground_at_drone_location(feet),ground_elevation_at_drone_location(feet),altitude_above_seaLevel(feet),height_sonar(feet),speed(mph),distance(feet),mileage(feet),satellites,gpslevel,voltage(v),max_altitude(feet),max_ascent(feet),max_speed(mph),max_distance(feet), xSpeed(mph), ySpeed(mph), zSpeed(mph), compass_heading(degrees), pitch(degrees), roll(degrees),wind_speed(mph),wind_direction(degrees),isPhoto,isVideo,rc_elevator,rc_aileron,rc_throttle,rc_rudder,rc_elevator(percent),rc_aileron(percent),rc_throttle(percent),rc_rudder(percent),gimbal_heading(degrees),gimbal_pitch(degrees),gimbal_roll(degrees),battery_percent,voltageCell1,voltageCell2,voltageCell3,voltageCell4,voltageCell5,voltageCell6,current(A),battery_temperature(f),altitude(feet),ascent(feet),flycStateRaw,flycState
100900,2026-05-09 10:21:18,0,Available with any HD 360 subscription,Available with any HD 360 subscription,-9.863457664712,0.328084,0,0,0,15,5,0,0,0,0,0,0,0,0,30.3, 5.2, -0.3,Available with Enterprise subscription,,0,0,1024,1024,1024,1024,0,0,0,0,25.2,0,0,54,3.72,3.717,3.717,3.719,0,0,0,81.86,-9.863457664712,0,6,P-GPS
101000,2026-05-09 10:21:19,0,,,-9.863457664712,0.328084,0,0.0036473754448,0.0036473754448,15,5,0,0,0,0,0.0036473754448,0,0,0,30.3, 5.3, -0.3,,,0,0,1024,1024,1024,1024,0,0,0,0,25.2,0,0,54,3.72,3.717,3.717,3.719,0,0,0,81.86,-9.863457664712,0,41,Motors_Started
101100,2026-05-09 10:21:19,0,,,-9.863457664712,0.328084,0,0.00246346464576,0.0091017719448,15,5,0,0,0,0,0.0036473754448,0,0,0,30.3, 5.3, -0.3,,,0,0,1024,1024,1024,1024,0,0,0,0,25.2,0,0,54,3.72,3.717,3.717,3.719,0,0,0,81.86,-9.863457664712,0,41,Motors_Started
101200,2026-05-09 10:21:19,0,,,-9.863457664712,0.328084,0,0.004866469972,0.0157313653328,15,5,0,0,0,0,0.004866469972,0,0,0,30.3, 5.3, -0.3,,,0,0,1024,1024,1024,1024,0,0,0,0,25.2,0,0,54,3.72,3.717,3.717,3.719,0,0,0,81.86,-9.863457664712,0,41,Motors_Started
101300,2026-05-09 10:21:19,0,,,-9.863457664712,0.328084,0,0.007631069798,0.0189491147796,15,5,0,0,0,0,0.007631069798,0,0,0,30.3, 5.3, -0.3,,,0,0,1024,1024,1024,1024,0,0,0,0,25.2,0,0,54,3.72,3.717,3.717,3.719,0,0,0,81.86,-9.863457664712,0,41,Motors_Started
101400,2026-05-09 10:21:19,0,,,-9.863457664712,0.328084,0,53.347442652,0.0205929140448,15,5,0,0,0,0,53.347442652,0,0,0,30.3, 5.3, -0.3,,,0,0,1024,1024,1024,1024,0,0,0,0,25.2,0,0,54,3.72,3.717,3.717,3.719,0,0,0,81.86,-9.863457664712,0,41,Motors_Started
101500,2026-05-09 10:21:19,0,,,-9.863457664712,0.328084,0,53.34317756,0.0258321202492,15,5,0,0,0,0,53.347442652,0,0,0,30.3, 5.3, -0.3,,,0,0,1024,1024,1024,1024,0,0,0,0,25.2,0,0,54,3.72,3.717,3.717,3.719,0,0,0,81.86,-9.863457664712,0,41,Motors_Started
101600,2026-05-09 10:21:19,0,,,-9.863457664712,0.328084,0,53.343833728,0.0266366806424,15,5,0,0,0,0,53.347442652,0,0,0,30.3, 5.2, -0.3,,,0,0,1024,1024,1024,1024,0,0,0,0,25.2,0,0,54,3.72,3.717,3.717,3.719,0,0,0,81.86,-9.863457664712,0,41,Motors_Started
101700,2026-05-09 10:21:19,0,,,-9.863457664712,0.328084,0,53.339240552,0.0326082031432,15,5,0,0,0,0,53.347442652,0,0,0,30.3, 5.2, -0.3,,,0,0,1024,1024,1024,1024,0,0,0,0,25.2,0,0,54,3.72,3.717,3.717,3.719,0,0,0,81.86,-9.863457664712,0,41,Motors_Started
101800,2026-05-09 10:21:19,0,,,-9.863457664712,0.328084,0,53.351051576,0.044661090668,15,5,0,0,0,0,53.351051576,0,0,0,30.3, 5.3, -0.3,,,0,0,1024,1024,1024,1024,0,0,0,0,25.2,0,0,54,3.72,3.717,3.717,3.719,0,0,0,81.86,-9.863457664712,0,41,Motors_Started
101900,2026-05-09 10:21:19,0,,,-9.863457664712,0.328084,0,53.352363912,0.0474819569,15,5,0,0,0,0,53.352363912,0,0,0,30.3, 5.2, -0.3,,,0,0,1024,1024,1024,1024,0,0,0,0,25.2,0,0,54,3.72,3.717,3.717,3.719,0,0,0,81.86,-9.863457664712,0,41,Motors_Started
102000,2026-05-09 10:21:20,0,,,-9.863457664712,0.328084,0,53.340552888,0.061257219808,15,5,0,0,0,0,53.352363912,0,0,0,30.3, 5.3, -0.3,,,0,0,1024,1024,1024,1024,0,0,0,0,25.2,0,0,54,3.72,3.717,3.717,3.719,0,0,0,81.86,-9.863457664712,0,41,Motors_Started
102100,2026-05-09 10:21:20,0,,,-9.863457664712,0.328084,0,53.339240552,0.062638781532,15,5,14.873,0,0,0,53.352363912,0,0,0,30.3, 5.3, -0.3,,,0,0,1024,1024,1024,1024,0,0,0,0,25.2,0,0,54,3.683,3.681,3.68,3.68,0,0,0.958,81.86,-9.863457664712,0,41,Motors_Started
102200,2026-05-09 10:21:20,0,,,-9.863457664712,0.328084,0,53.338912468,0.063081038764,15,5,14.873,0,0,0,53.352363912,0,0,0,30.3, 5.3, -0.3,,,0,0,1024,1024,1024,1024,0,0,0,0,25.2,0,0,54,3.683,3.681,3.68,3.68,0,0,0.958,81.86,-9.863457664712,0,41,Motors_Started
102300,2026-05-09 10:21:20,0,,,-9.863457664712,0.328084,0,53.35302008,0.078868768928,15,5,14.873,0,0,0,53.35302008,0,0,0,30.3, 5.3, -0.3,,,0,0,1024,1024,1024,1024,0,0,0,0,25.2,0,0,54,3.683,3.681,3.68,3.68,0,0,0.958,81.86,-9.863457664712,0,41,Motors_Started
102400,2026-05-09 10:21:20,0,,,-9.863457664712,0.328084,0,53.346130316,0.085772312456,15,5,14.873,0,0,0,53.35302008,0,0,0,30.3, 5.3, -0.2,,,0,0,1024,1024,1024,1024,0,0,0,0,25.2,0,0,54,3.683,3.681,3.68,3.68,0,0,0.958,81.86,-9.863457664712,0,41,Motors_Started
102500,2026-05-09 10:21:20,0,,,-9.863457664712,0.328084,0,53.346786484,0.086432745548,15,5,14.873,0,0,0,53.35302008,0,0,0,30.3, 5.3, -0.3,,,0,0,1024,1024,1024,1024,0,0,0,0,25.2,0,0,54,3.683,3.681,3.68,3.68,0,0,0.958,81.86,-9.863457664712,0,11,AutoTakeoff
102600,2026-05-09 10:21:20,0,,,-9.863457664712,0.328084,0,53.347114568,0.086605317732,15,5,14.873,0,0,0,53.35302008,0,0,0,30.3, 5.3, -0.3,,,0,0,1024,1024,1024,1024,0,0,0,0,25.2,0,0,54,3.683,3.681,3.68,3.68,0,0,0.958,81.86,-9.863457664712,0,11,AutoTakeoff
102700,2026-05-09 10:21:20,0,,,-9.863457664712,0.328084,0,53.347770736,0.088489504144,15,5,14.873,0,0,0,53.35302008,0,0,0,30.3, 5.2, -0.2,,,0,0,1024,1024,1024,1024,0,0,0,0,25.2,0,0,54,3.683,3.681,3.68,3.68,0,0,0.958,81.86,-9.863457664712,0,11,AutoTakeoff
102800,2026-05-09 10:21:20,0,,,-9.863457664712,0.328084,0,53.347770736,0.088748690504,15,5,14.873,0,0,0,53.35302008,0,0,0,30.3, 5.2, -0.2,,,0,0,1024,1024,1024,1024,0,0,0,0,25.2,0,0,54,3.683,3.681,3.68,3.68,0,0,0.958,81.86,-9.863457664712,0,11,AutoTakeoff
102900,2026-05-09 10:21:20,0,,,-9.863457664712,0.328084,0,53.340552888,0.097846787908,15,5,14.873,0,0,0,53.35302008,0,0,0,30.4, 4.9, -0.2,,,0,0,1024,1024,1024,1024,0,0,0,0,25.2,0,0,54,3.683,3.681,3.68,3.68,0,0,0.958,81.86,-9.863457664712,0,11,AutoTakeoff
103000,2026-05-09 10:21:21,0,,,-9.863457664712,0.328084,0,53.324476772,0.114122050896,15,5,14.873,0,0,0,53.35302008,0,0,0,30.2, 2.2, -0.2,,,0,0,1024,1024,1024,1024,0,0,0,0,25.2,0,0,54,3.683,3.681,3.68,3.68,0,0,0.958,81.86,-9.863457664712,0,11,AutoTakeoff
103100,2026-05-09 10:21:21,0,,,-9.863457664712,0.328084,0,53.301182808,0.13761319338,15,5,14.742,0,0,0,53.35302008,0,0,-0.223694,30, -0.9, -0.1,,,0,0,1024,1024,1024,1024,0,0,0,0,25.2,0,0,54,3.706,3.702,3.7,3.699,0,0,2.965,82.04,-9.863457664712,0,11,AutoTakeoff
103200,2026-05-09 10:21:21,0,,,-9.863457664712,0.328084,0,53.263781232,0.174953745756,15,5,14.742,0,0,0,53.35302008,0,0,-0.671082,30.1, -1.6, 0.1,,,0,0,1024,1024,1024,1024,0,0,0,0,25.2,0,0,54,3.706,3.702,3.7,3.699,0,0,2.965,82.04,-9.863457664712,0,11,AutoTakeoff
103300,2026-05-09 10:21:21,0,,,-9.863457664712,0.656168,0,53.247048948,0.192178811924,15,5,14.742,0,0,0,53.35302008,0,0,-1.11847,30.2, -0.9, -0.2,,,0,0,1024,1024,1024,1024,0,0,0,0,25.2,0,0,54,3.706,3.702,3.7,3.699,0,0,2.965,82.04,-9.863457664712,0,11,AutoTakeoff
103400,2026-05-09 10:21:21,0.328084,,,-9.535373664712,0.984252,0,53.20866312,0.235362212256,15,5,14.742,0,0.328084,0,53.35302008,0,0,-1.11847,30.3, -0.3, -0.6,,,0,0,1024,1024,1024,1024,0,0,0,0,25.2,0,0,54,3.706,3.702,3.7,3.699,0,0,2.965,82.04,-9.535373664712,0.328084,11,AutoTakeoff
103500,2026-05-09 10:21:21,0.328084,,,-9.535373664712,0.984252,0,53.198492516,0.24547901048,15,5,14.742,0,0.328084,0,53.35302008,0,0,-1.11847,30.3, 0, -0.5,,,0,0,1024,1024,1024,1024,0,0,0,0,25.2,0,0,54,3.706,3.702,3.7,3.699,0,0,2.965,82.04,-9.535373664712,0.328084,11,AutoTakeoff
103600,2026-05-09 10:21:21,0.656168,,,-9.207289664712,0.984252,0,53.181432148,0.26363517904,15,5,14.742,0,0.656168,0,53.35302008,0,0,-1.11847,30.3, 0, -0.4,,,0,0,1024,1024,1024,1024,0,0,0,0,25.2,0,0,54,3.706,3.702,3.7,3.699,0,0,2.965,82.04,-9.207289664712,0.656168,11,AutoTakeoff
103700,2026-05-09 10:21:21,0.656168,,,-9.207289664712,1.312336,0,53.148295664,0.297035114492,15,5,14.742,0,0.656168,0,53.35302008,0,0,-1.11847,30.2, -0.2, -0.1,,,0,0,1024,1024,1024,1024,0,0,0,0,25.2,0,0,54,3.706,3.702,3.7,3.699,0,0,2.965,82.04,-9.207289664712,0.656168,11,AutoTakeoff
103800,2026-05-09 10:21:21,0.984252,,,-8.879205664712,1.312336,0,53.132219548,0.315354668884,15,5,14.742,0,0.984252,0,53.35302008,0,0,-0.894776,30.2, -0.6, 0,,,0,0,1024,1024,1024,1024,0,0,0,0,25.2,0,0,54,3.706,3.702,3.7,3.699,0,0,2.965,82.04,-8.879205664712,0.984252,11,AutoTakeoff
103900,2026-05-09 10:21:21,0.984252,,,-8.879205664712,1.312336,0,53.140093564,0.32977691344,15,5,14.742,0,0.984252,0,53.35302008,0,0,-0.894776,30.2, -0.6, 0.2,,,0,0,1024,1024,1024,1024,0,0,0,0,25.2,0,0,54,3.706,3.702,3.7,3.699,0,0,2.965,82.04,-8.879205664712,0.984252,11,AutoTakeoff
104000,2026-05-09 10:21:22,1.312336,,,-8.551121664712,1.64042,0,53.160762856,0.35550197988,15,5,14.742,0,1.312336,0,53.35302008,0,0,-0.894776,30.2, -0.6, 0.3,,,0,0,1024,1024,1024,1024,0,0,0,0,25.2,0,0,54,3.706,3.702,3.7,3.699,0,0,2.965,82.04,-8.551121664712,1.312336,11,AutoTakeoff
104100,2026-05-09 10:21:22,1.312336,,,-8.551121664712,1.64042,0,53.148623748,0.36923885696,15,5,14.752,0,1.312336,0,53.35302008,0,0,-0.894776,30.2, -0.5, 0.3,,,0,0,1024,1024,1024,1024,0,0,0,0,25.2,0,0,54,3.667,3.666,3.665,3.665,0,0,2.955,81.86,-8.551121664712,1.312336,11,AutoTakeoff
104200,2026-05-09 10:21:22,1.312336,,,-8.551121664712,1.64042,0,53.137796976,0.3805938442,15,5,14.752,0,1.312336,0,53.35302008,0,0,-0.894776,30.2, -0.6, 0.2,,,0,0,1024,1024,1024,1024,0,0,0,0,25.2,0,0,54,3.667,3.666,3.665,3.665,0,0,2.955,81.86,-8.551121664712,1.312336,11,AutoTakeoff
104300,2026-05-09 10:21:22,1.64042,,,-8.223037664712,1.968504,0,53.117127684,0.40278544596,15,5,14.752,0,1.64042,0,53.35302008,0,0,-0.894776,30.2, -0.6, 0.2,,,0,0,1024,1024,1024,1024,0,0,0,0,25.2,0,0,54,3.667,3.666,3.665,3.665,0,0,2.955,81.86,-8.223037664712,1.64042,11,AutoTakeoff
104400,2026-05-09 10:21:22,1.64042,,,-8.223037664712,2.296588,0,53.124017448,0.41225066936,15,5,14.752,0,1.64042,0,53.35302008,0,0,-0.894776,30.2, -0.6, 0.2,,,0,0,1024,1024,1024,1024,0,0,0,0,25.2,0,0,54,3.667,3.666,3.665,3.665,0,0,2.955,81.86,-8.223037664712,1.64042,11,AutoTakeoff
104500,2026-05-09 10:21:22,1.968504,,,-7.894953664712,2.296588,0,53.119752356,0.41692586636,15,5,14.752,0,1.968504,0,53.35302008,0,0,-1.11847,30.2, -0.6, 0.1,,,0,0,1024,1024,1024,1024,0,0,0,0,25.2,0,0,54,3.667,3.666,3.665,3.665,0,0,2.955,81.86,-7.894953664712,1.968504,11,AutoTakeoff
104600,2026-05-09 10:21:22,1.968504,,,-7.894953664712,2.296588,0,53.12008044,0.41986221816,15,5,14.752,0,1.968504,0,53.35302008,0,0,-1.11847,30.2, -0.4, 0,,,0,0,1024,1024,1024,1024,0,0,0,0,25.2,0,0,54,3.667,3.666,3.665,3.665,0,0,2.955,81.86,-7.894953664712,1.968504,11,AutoTakeoff
104700,2026-05-09 10:21:22,2.296588,,,-7.566869664712,2.624672,0,53.095146056,0.4449803292,15,5,14.752,0,2.296588,0,53.35302008,0,0,-1.11847,30.2, -0.3, 0.1,,,0,0,1024,1024,1024,1024,0,0,0,0,25.2,0,0,54,3.667,3.666,3.665,3.665,0,0,2.955,81.86,-7.566869664712,2.296588,11,AutoTakeoff
104800,2026-05-09 10:21:22,2.624672,,,-7.238785664712,2.624672,0,53.101379652,0.4528543452,15,5,14.752,0,2.624672,0,53.35302008,0,0,-1.11847,30.2, -0.3, 0.3,,,0,0,1024,1024,1266,1024,0,0,37,0,25.2,0,0,54,3.667,3.666,3.665,3.665,0,0,2.955,81.86,-7.238785664712,2.624672,11,AutoTakeoff
104900,2026-05-09 10:21:22,2.624672,,,-7.238785664712,2.952756,0,53.149936084,0.50229988484,15,5,14.752,0,2.624672,0,53.35302008,0,0,-1.11847,30.2, -0.2, 0.4,,,0,0,1024,1024,1441,1024,0,0,63,0,25.2,0,0,54,3.667,3.666,3.665,3.665,0,0,2.955,81.86,-7.238785664712,2.624672,11,AutoTakeoff
105000,2026-05-09 10:21:23,2.952756,,,-6.910701664712,2.952756,0,53.154857344,0.50742127608,15,5,14.752,0,2.952756,0,53.35302008,0,0,-1.342164,30.2, -0.2, 0.2,,,0,0,1024,1024,1542,1024,0,0,78,0,25.2,0,0,54,3.667,3.666,3.665,3.665,0,0,2.955,81.86,-6.910701664712,2.952756,11,AutoTakeoff
105100,2026-05-09 10:21:23,2.952756,,,-6.910701664712,3.28084,0,53.176510888,0.53187009576,15,5,14.657,0,2.952756,0,53.35302008,0,0,-2.23694,30.2, -0.3, 0,,,0,0,1024,1024,1541,1024,0,0,78,0,25.2,0,0,54,3.662,3.659,3.656,3.649,0,0,5.926,82.04,-6.910701664712,2.952756,11,AutoTakeoff
105200,2026-05-09 10:21:23,3.608924,,,-6.254533664712,3.608924,0,53.178807476,0.53608597516,15,5,14.657,0,3.608924,0,53.35302008,0,0,-3.35541,30.2, -0.1, 0.1,,,0,0,1024,1024,1522,1024,0,0,75,0,25.2,0,0,54,3.662,3.659,3.656,3.649,0,0,5.926,82.04,-6.254533664712,3.608924,11,AutoTakeoff
105300,2026-05-09 10:21:23,4.265092,,,-5.598365664712,4.265092,0,53.173230048,0.54231300948,15,5,14.657,0,4.265092,0,53.35302008,0,0,-4.47388,30.3, 0, 0.6,,,0,0,1024,1024,1499,1024,0,0,72,0,25.2,0,0,54,3.662,3.659,3.656,3.649,0,0,5.926,82.04,-5.598365664712,4.265092,11,AutoTakeoff
105400,2026-05-09 10:21:23,4.92126,,,-4.942197664712,4.92126,0,53.181104064,0.550442931,15,5,14.657,0,4.92126,0,53.35302008,0,0,-5.59235,30.4, 0, 1,,,0,0,1024,1024,1449,1024,0,0,64,0,25.2,0,0,54,3.662,3.659,3.656,3.649,0,0,5.926,82.04,-4.942197664712,4.92126,6,P-GPS
105500,2026-05-09 10:21:23,5.905512,,,-3.957945664712,5.577428,0,53.173558132,0.55932744572,15,5,14.657,0,5.905512,0,53.35302008,0,0,-6.487126,30.5, 0, 0.9,,,0,0,1024,1024,1367,1024,0,0,52,0,25.2,0,0,54,3.662,3.659,3.656,3.649,0,0,5.926,82.04,-3.957945664712,5.905512,6,P-GPS
105600,2026-05-09 10:21:23,6.889764,,,-2.973693664712,6.56168,0,53.172245796,0.56176510984,15,5,14.657,0,6.889764,0,53.35302008,0,0,-6.487126,30.5, 0, 0.7,,,0,0,1024,1024,1186,1024,0,0,25,0,25.2,0,0,54,3.662,3.659,3.656,3.649,0,0,5.926,82.04,-2.973693664712,6.889764,6,P-GPS
105700,2026-05-09 10:21:23,7.874016,,,-1.989441664712,7.217848,0,53.176838972,0.57382547768,15,5,14.657,0,7.874016,0,53.35302008,0,0,-5.816044,30.5, -0.1, 0.3,,,0,0,1024,1024,1024,1024,0,0,0,0,25.2,0,0,54,3.662,3.659,3.656,3.649,0,0,5.926,82.04,-1.989441664712,7.874016,6,P-GPS
105800,2026-05-09 10:21:23,8.858268,,,-1.005189664712,7.874016,0,53.18077598,0.58210631784,15,5,14.657,0,8.858268,0,53.35302008,0,0,-4.697574,30.5, -0.2, 0.1,,,0,0,1024,1024,1024,1024,0,0,0,0,25.2,0,0,54,3.662,3.659,3.656,3.649,0,0,5.926,82.04,-1.005189664712,8.858268,6,P-GPS
105900,2026-05-09 10:21:23,9.186352,,,-0.677105664712,8.530184,0,53.185041072,0.64747705484,15,5,14.657,0,9.186352,0,53.35302008,0,0,-3.579104,30.5, -0.3, -0.2,,,0,0,1024,1024,1206,1024,0,0,28,0,25.2,0,0,54,3.662,3.659,3.656,3.649,0,0,5.926,82.04,-0.677105664712,9.186352,6,P-GPS
106000,2026-05-09 10:21:24,9.84252,,,-0.020937664712001,8.858268,0,53.189962332,0.659038735,15,5,14.657,0,9.84252,0,53.35302008,0,0,-2.460634,30.5, -0.3, -0.3,,,0,0,1024,1024,1401,1024,0,0,57,0,25.2,0,0,54,3.662,3.659,3.656,3.649,0,0,5.926,82.04,-0.020937664712001,9.84252,6,P-GPS
106100,2026-05-09 10:21:24,9.84252,,,-0.020937664712001,9.186352,0,53.189962332,0.6709645884,15,5,14.731,0,9.84252,0,53.35302008,0,0,-1.342164,30.4, -0.3, -0.3,,,0,0,1024,1024,1450,1024,0,0,65,0,25.2,0,0,54,3.658,3.664,3.664,3.664,0,0,7.069,82.22,-0.020937664712001,9.84252,6,P-GPS
106200,2026-05-09 10:21:24,10.170604,,,0.307146335288,9.186352,0,53.187009576,0.68575133428,16,5,14.731,0.307146335288,10.170604,0,53.35302008,0,0,-1.342164,30.3, -0.4, -0.2,,,0,0,1024,1024,1469,1024,0,0,67,0,25.2,0,0,54,3.658,3.664,3.664,3.664,0,0,7.069,82.22,0.307146335288,10.170604,6,P-GPS
106300,2026-05-09 10:21:24,10.498688,,,0.635230335288,9.514436,0,53.177167056,0.71708991796,16,5,14.731,0.635230335288,10.498688,0,53.35302008,0,0,-2.23694,30.3, -0.4, 0.3,,,0,0,1024,1024,1456,1024,0,0,65,0,25.2,0,0,54,3.658,3.664,3.664,3.664,0,0,7.069,82.22,0.635230335288,10.498688,6,P-GPS
106400,2026-05-09 10:21:24,10.826772,,,0.963314335288,10.170604,0,53.175198552,0.73935697904,16,5,14.731,0.963314335288,10.826772,0,53.35302008,0,0,-3.35541,30.2, -0.5, 0.9,,,0,0,1024,1024,1460,1024,0,0,66,0,25.2,0,0,54,3.658,3.664,3.664,3.664,0,0,7.069,82.22,0.963314335288,10.826772,6,P-GPS
106500,2026-05-09 10:21:24,11.48294,,,1.619482335288,10.170604,0,53.157482016,0.76310041812,16,5,14.731,1.619482335288,11.48294,0,53.35302008,0,0,-4.250186,30.3, -0.6, 1.4,,,0,0,1024,1024,1462,1024,0,0,66,0,25.2,0,0,54,3.658,3.664,3.664,3.664,0,0,7.069,82.22,1.619482335288,11.48294,6,P-GPS
106600,2026-05-09 10:21:24,12.139108,,,2.275650335288,10.498688,0,53.098426896,0.82615160124,16,5,14.731,2.275650335288,12.139108,0,53.35302008,0,0,-5.144962,30.4, -0.9, 1.1,,,0,0,1024,1024,1453,1024,0,0,65,0,25.2,0,0,54,3.658,3.664,3.664,3.664,0,0,7.069,82.22,2.275650335288,12.139108,6,P-GPS
106700,2026-05-09 10:21:24,13.12336,,,3.259902335288,11.154856,0,53.086287788,0.84219818968,16,5,14.731,3.259902335288,13.12336,0,53.35302008,0,0,-5.368656,30.5, -1, 1,,,0,0,1024,1024,1453,1024,0,0,65,0,25.2,0,0,54,3.658,3.664,3.664,3.664,0,0,7.069,82.22,3.259902335288,13.12336,6,P-GPS
106800,2026-05-09 10:21:24,14.107612,,,4.244154335288,12.139108,0,53.078741856,0.86812994904,16,5,14.731,4.244154335288,14.107612,0,53.35302008,0,0,-5.59235,30.5, -0.9, 0.5,,,0,0,1024,1024,1435,1024,0,0,62,0,25.2,0,0,54,3.658,3.664,3.664,3.664,0,0,7.069,82.22,4.244154335288,14.107612,6,P-GPS
106900,2026-05-09 10:21:24,14.76378,,,4.900322335288,12.467192,0,53.077757604,0.9076935986,16,5,14.731,4.900322335288,14.76378,0,53.35302008,0,0,-5.59235,30.5, -0.6, -0.3,,,0,0,1024,1024,1333,1024,0,0,47,0,25.2,0,0,54,3.658,3.664,3.664,3.664,0,0,7.069,82.22,4.900322335288,14.76378,6,P-GPS
107000,2026-05-09 10:21:25,15.748032,,,5.884574335288,13.451444,0,53.068243168,0.925606985,16,5,14.731,5.884574335288,15.748032,0,53.35302008,0,0,-5.368656,30.6, -0.5, -0.6,,,0,0,1024,1024,1217,1024,0,0,29,0,25.2,0,0,54,3.658,3.664,3.664,3.664,0,0,7.069,82.22,5.884574335288,15.748032,6,P-GPS
107100,2026-05-09 10:21:25,16.4042,,,6.540742335288,14.107612,0,53.066274664,0.94853677576,16,5,14.731,6.540742335288,16.4042,0,53.35302008,0,0,-4.47388,30.6, -0.8, -0.8,,,0,0,1024,1024,1137,1024,0,0,17,0,25.2,0,0,54,3.631,3.622,3.612,3.605,0,0,7.069,82.22,6.540742335288,16.4042,6,P-GPS
107200,2026-05-09 10:21:25,17.060368,,,7.196910335288,14.76378,0,53.080054192,1.0161909774,16,5,14.731,7.196910335288,17.060368,0,53.35302008,0,0,-3.35541,30.5, -1, -1,,,0,0,1024,1024,1123,1024,0,0,15,0,25.2,0,0,54,3.631,3.622,3.612,3.605,0,0,7.069,82.22,7.196910335288,17.060368,6,P-GPS
107300,2026-05-09 10:21:25,17.388452,,,7.524994335288,14.76378,0,53.080382276,1.03849084688,16,5,14.731,7.524994335288,17.388452,0,53.35302008,0,0,-2.013246,30.4, -1, -1.3,,,0,0,1024,1024,1175,1024,0,0,23,0,25.2,0,0,54,3.631,3.622,3.612,3.605,0,0,7.069,82.22,7.524994335288,17.388452,6,P-GPS
107400,2026-05-09 10:21:25,17.716536,,,7.853078335288,15.091864,0,53.084975452,1.04964898372,16,5,14.731,7.853078335288,17.716536,0,53.35302008,0,0,-1.11847,30.3, -0.9, -1.3,,,0,0,1024,1024,1316,1024,0,0,44,0,25.2,0,0,54,3.631,3.622,3.612,3.605,0,0,7.069,82.22,7.853078335288,17.716536,6,P-GPS
107500,2026-05-09 10:21:25,17.716536,,,7.853078335288,15.091864,0,53.052495136,1.08777562536,16,5,14.731,7.853078335288,17.716536,0,53.35302008,0,0,-0.671082,30.2, -0.8, -1.1,,,0,0,1024,1024,1382,1024,0,0,54,0,25.2,0,0,54,3.631,3.622,3.612,3.605,0,0,7.069,82.22,7.853078335288,17.716536,6,P-GPS
107600,2026-05-09 10:21:25,17.716536,,,7.853078335288,14.76378,0,53.04462112,1.09666670176,16,5,14.731,7.853078335288,17.716536,0,53.35302008,0,0,-1.11847,30.1, -0.8, -0.7,,,0,0,1024,1024,1415,1024,0,0,59,0,25.2,0,0,54,3.631,3.622,3.612,3.605,0,0,7.069,82.22,7.853078335288,17.716536,6,P-GPS
107700,2026-05-09 10:21:25,18.04462,,,8.181162335288,15.091864,0,53.0593849,1.11211617732,16,5,14.731,8.181162335288,18.04462,0,53.35302008,0,0,-2.23694,30.1, -0.7, -0.2,,,0,0,1024,1024,1421,1024,0,0,60,0,25.2,0,0,54,3.631,3.622,3.612,3.605,0,0,7.069,82.22,8.181162335288,18.04462,6,P-GPS
107800,2026-05-09 10:21:25,18.700788,,,8.837330335288,15.419948,0,53.050854716,1.12440620396,16,5,14.731,8.837330335288,18.700788,0,53.35302008,0,0,-3.35541,30.2, -0.9, 0.1,,,0,0,1024,1024,1426,1024,0,0,61,0,25.2,0,0,54,3.631,3.622,3.612,3.605,0,0,7.069,82.22,8.837330335288,18.700788,6,P-GPS
107900,2026-05-09 10:21:25,19.356956,,,9.493498335288,15.748032,0,53.06922742,1.15591539132,16,5,14.731,9.493498335288,19.356956,0,53.35302008,0,0,-4.250186,30.2, -1.1, 0.4,,,0,0,1024,1024,1441,1024,0,0,63,0,25.2,0,0,54,3.631,3.622,3.612,3.605,0,0,7.069,82.22,9.493498335288,19.356956,6,P-GPS
108000,2026-05-09 10:21:26,20.013124,,,10.149666335288,16.4042,0,53.069555504,1.16668638904,16,5,14.731,10.149666335288,20.013124,0,53.35302008,0,0,-4.697574,30.2, -1, 0.4,,,0,0,1024,1024,1471,1024,0,0,68,0,25.2,0,0,54,3.631,3.622,3.612,3.605,0,0,7.069,82.22,10.149666335288,20.013124,6,P-GPS
108100,2026-05-09 10:21:26,20.669292,,,10.805834335288,17.060368,0,53.086615872,1.19842851604,16,5,14.517,10.805834335288,20.669292,0,53.35302008,0,0,-4.921268,30.3, -0.9, 0.3,,,0,0,1024,1024,1477,1024,0,0,69,0,25.2,0,0,54,3.622,3.624,3.626,3.629,0,0,7.937,82.22,10.805834335288,20.669292,6,P-GPS
108200,2026-05-09 10:21:26,21.32546,,,11.462002335288,17.716536,0,53.097770728,1.21097116736,16,5,14.517,11.462002335288,21.32546,0,53.35302008,0,0,-5.368656,30.3, -0.6, 0.3,,,0,0,1024,1024,1480,1024,0,0,69,0,25.2,0,0,54,3.622,3.624,3.626,3.629,0,0,7.937,82.22,11.462002335288,21.32546,6,P-GPS
108300,2026-05-09 10:21:26,22.309712,,,12.446254335288,18.372704,0,53.12992296,1.24527234956,16,5,14.517,12.446254335288,22.309712,0,53.35302008,0,0,-5.816044,30.3, -0.3, 0.2,,,0,0,1024,1024,1481,1024,0,0,69,0,25.2,0,0,54,3.622,3.624,3.626,3.629,0,0,7.937,82.22,12.446254335288,22.309712,6,P-GPS
108400,2026-05-09 10:21:26,23.293964,,,13.430506335288,19.028872,0,53.14304632,1.27673232432,16,5,14.517,13.430506335288,23.293964,0,53.35302008,0,0,-6.039738,30.3, 0, 0.2,,,0,0,1024,1024,1481,1024,0,0,69,0,25.2,0,0,54,3.622,3.624,3.626,3.629,0,0,7.937,82.22,13.430506335288,23.293964,6,P-GPS
108500,2026-05-09 10:21:26,24.278216,,,14.414758335288,19.356956,0,53.176838972,1.31103678736,16,5,14.517,14.414758335288,24.278216,0,53.35302008,0,0,-6.263432,30.4, 0.1, 0,,,0,0,1024,1024,1481,1024,0,0,69,0,25.2,0,0,54,3.622,3.624,3.626,3.629,0,0,7.937,82.22,14.414758335288,24.278216,6,P-GPS
108600,2026-05-09 10:21:26,25.262468,,,15.399010335288,20.013124,0,53.1578101,1.34682090924,16,5,14.517,15.399010335288,25.262468,0,53.35302008,0,0,-6.263432,30.4, 0.1, 0,,,0,0,1024,1024,1481,1024,0,0,69,0,25.2,0,0,54,3.622,3.624,3.626,3.629,0,0,7.937,82.22,15.399010335288,25.262468,6,P-GPS
108700,2026-05-09 10:21:26,26.24672,,,16.383262335288,20.997376,0,53.17585472,1.36493114604,16,5,14.517,16.383262335288,26.24672,0,53.35302008,0,0,-6.263432,30.4, 0.5, 0.1,,,0,0,1024,1024,1481,1024,0,0,69,0,25.2,0,0,54,3.622,3.624,3.626,3.629,0,0,7.937,82.22,16.383262335288,26.24672,6,P-GPS
108800,2026-05-09 10:21:26,27.230972,,,17.367514335288,21.653544,0,53.186025324,1.37528547708,17,5,14.517,17.367514335288,27.230972,0,53.35302008,0,0,-6.263432,30.3, 0.5, 0,,,0,0,1024,1024,1480,1024,0,0,69,0,25.2,0,0,54,3.622,3.624,3.626,3.629,0,0,7.937,82.22,17.367514335288,27.230972,6,P-GPS
108900,2026-05-09 10:21:26,28.215224,,,18.351766335288,22.637796,0,53.133859968,1.44428810396,17,5,14.517,18.351766335288,28.215224,0,53.35302008,0,0,-6.263432,30.2, 0.1, -0.1,,,0,0,1024,1024,1479,1024,0,0,69,0,25.2,0,0,54,3.622,3.624,3.626,3.629,0,0,7.937,82.22,18.351766335288,28.215224,6,P-GPS
109000,2026-05-09 10:21:27,29.199476,,,19.336018335288,23.293964,0,53.085303536,1.50488521876,17,5,14.517,19.336018335288,29.199476,0,53.35302008,0,0,-6.263432,30.3, -0.5, -0.3,,,0,0,1024,1024,1471,1024,0,0,68,0,25.2,0,0,54,3.622,3.624,3.626,3.629,0,0,7.937,82.22,19.336018335288,29.199476,6,P-GPS
109100,2026-05-09 10:21:27,30.183728,,,20.320270335288,24.278216,0,53.052167052,1.53889112536,17,5,14.692,20.320270335288,30.183728,0,53.35302008,0,0,-6.263432,30.2, -1.2, 0.1,,,0,0,1024,1024,1326,1024,0,0,46,0,25.2,0,0,53,3.639,3.637,3.637,3.635,0,0,5.804,82.4,20.320270335288,30.183728,6,P-GPS
109200,2026-05-09 10:21:27,31.16798,,,21.304522335288,24.934384,0,53.006563376,1.5861385022,17,5,14.692,21.304522335288,31.16798,0,53.35302008,0,0,-6.263432,30.2, -1.8, 0.6,,,0,0,1024,1024,1024,1024,0,0,0,0,25.2,0,0,53,3.639,3.637,3.637,3.635,0,0,5.804,82.4,21.304522335288,31.16798,6,P-GPS
109300,2026-05-09 10:21:27,32.152232,,,22.288774335288,25.262468,0.223694,52.960303532,1.6475722312,17,5,14.692,22.288774335288,32.152232,0.223694,53.35302008,-0.223694,0,-6.039738,30.3, -2.5, 0,,,0,0,1024,1024,1024,1024,0,0,0,0,25.2,0,0,53,3.639,3.637,3.637,3.635,0,0,5.804,82.4,22.288774335288,32.152232,6,P-GPS
109400,2026-05-09 10:21:27,32.8084,,,22.944942335288,25.918636,0.223694,52.949804844,1.69599086792,17,5,14.692,22.944942335288,32.8084,0.223694,53.35302008,-0.223694,0,-4.921268,30.4, -2.8, -0.7,,,0,0,1024,1024,1024,1024,0,0,0,0,25.2,0,0,53,3.639,3.637,3.637,3.635,0,0,5.804,82.4,22.944942335288,32.8084,6,P-GPS
109500,2026-05-09 10:21:27,33.464568,,,23.601110335288,26.574804,0.223694,52.91338752,1.74203745732,17,5,14.692,23.601110335288,33.464568,0.223694,53.35302008,-0.223694,0,-3.802798,30.4, -3.2, -1.4,,,0,0,1024,1024,1024,1024,0,0,0,0,25.2,0,0,53,3.639,3.637,3.637,3.635,0,0,5.804,82.4,23.601110335288,33.464568,6,P-GPS
109600,2026-05-09 10:21:27,33.792652,,,23.929194335288,26.574804,0.223694,52.88057912,1.80656829928,17,5,14.692,23.929194335288,33.792652,0.223694,53.35302008,-0.223694,0,-2.684328,30.4, -3.2, -1.9,,,0,0,1024,1024,1024,1024,0,0,0,0,25.2,0,0,53,3.639,3.637,3.637,3.635,0,0,5.804,82.4,23.929194335288,33.792652,6,P-GPS
109700,2026-05-09 10:21:27,33.792652,,,23.929194335288,36.08924,0.223694,52.847114552,1.86356961344,17,5,14.692,23.929194335288,33.792652,0.223694,53.35302008,-0.223694,0,-1.565858,30.4, -3.2, -2.1,,,0,0,1024,1024,923,1024,0,0,-15,0,25.2,0,0,53,3.639,3.637,3.637,3.635,0,0,5.804,82.4,23.929194335288,33.792652,6,P-GPS
109800,2026-05-09 10:21:27,34.120736,,,24.257278335288,36.08924,0.223694,52.809384892,1.90975071728,17,5,14.692,24.257278335288,34.120736,0.223694,53.35302008,-0.223694,0,-0.447388,30.4, -3.1, -2.2,,,0,0,1024,1024,664,1024,0,0,-55,0,25.2,0,0,53,3.639,3.637,3.637,3.635,0,0,5.804,82.4,24.257278335288,34.120736,6,P-GPS
109900,2026-05-09 10:21:27,34.120736,,,24.257278335288,36.08924,0,52.800854708,1.94628615152,17,5,14.692,24.257278335288,34.120736,0.223694,53.35302008,0,0,0,30.3, -2.9, -2,,,0,0,1024,1024,664,1024,0,0,-55,0,25.2,0,0,53,3.639,3.637,3.637,3.635,0,0,5.804,82.4,24.257278335288,34.120736,6,P-GPS
110000,2026-05-09 10:21:28,34.120736,,,24.257278335288,8.530184,0,52.777888828,2.01713917216,17,5,14.692,24.257278335288,34.120736,0.223694,53.35302008,0,0,0,30.3, -2.7, -1.8,,,0,0,1024,1024,532,1024,0,0,-75,0,25.2,0,0,53,3.639,3.637,3.637,3.635,0,0,5.804,82.4,24.257278335288,34.120736,6,P-GPS
110100,2026-05-09 10:21:28,34.120736,,,24.257278335288,8.530184,0,52.747048932,2.06251975104,17,5,14.546,24.257278335288,34.120736,0.223694,53.35302008,0,0,1.11847,30.2, -2.9, -1.9,,,0,0,1024,1024,530,1024,0,0,-75,0,25.2,0,0,53,3.678,3.672,3.671,3.672,0,0,8.166,82.4,24.257278335288,34.120736,6,P-GPS
110200,2026-05-09 10:21:28,33.792652,,,23.929194335288,8.2021,0,52.770342896,2.10012801996,17,5,14.546,24.257278335288,34.120736,0.223694,53.35302008,0,0,2.013246,30.2, -3, -2.1,,,0,0,1024,1024,548,1024,0,0,-72,0,25.2,0,0,53,3.678,3.672,3.671,3.672,0,0,8.166,82.4,23.929194335288,33.792652,6,P-GPS
110300,2026-05-09 10:21:28,33.464568,,,23.601110335288,8.2021,0,52.761812712,2.12616148536,17,5,14.546,24.257278335288,34.120736,0.223694,53.35302008,0,0,2.460634,30.1, -2.6, -2.2,,,0,0,1024,1024,626,1024,0,0,-60,0,25.2,0,0,53,3.678,3.672,3.671,3.672,0,0,8.166,82.4,23.601110335288,33.464568,6,P-GPS
110400,2026-05-09 10:21:28,32.8084,,,22.944942335288,34.44882,0,52.735565992,2.15686686692,17,5,14.546,24.257278335288,34.120736,0.223694,53.35302008,0,0,2.684328,30.1, -2.1, -2.4,,,0,0,1024,1024,1024,1024,0,0,0,0,25.2,0,0,53,3.678,3.672,3.671,3.672,0,0,8.166,82.4,22.944942335288,32.8084,6,P-GPS
110500,2026-05-09 10:21:28,32.480316,,,22.616858335288,33.792652,0,52.73622216,2.16964901956,17,5,14.546,24.257278335288,34.120736,0.223694,53.35302008,0,0,2.684328,30.1, -2.2, -1.9,,,0,0,1024,1024,1024,1024,0,0,0,0,25.2,0,0,53,3.678,3.672,3.671,3.672,0,0,8.166,82.4,22.616858335288,32.480316,6,P-GPS
110600,2026-05-09 10:21:28,32.152232,,,22.288774335288,33.792652,0,52.774279904,2.20796266908,17,5,14.546,24.257278335288,34.120736,0.223694,53.35302008,0,0,1.789552,30.1, -2.1, -1.5,,,0,0,1024,1024,1024,1024,0,0,0,0,25.2,0,0,53,3.678,3.672,3.671,3.672,0,0,8.166,82.4,22.288774335288,32.152232,6,P-GPS
110700,2026-05-09 10:21:28,31.824148,,,21.960690335288,10.826772,0,52.792652608,2.22661424448,17,5,14.546,24.257278335288,34.120736,0.223694,53.35302008,0,0,0.894776,30.1, -1.7, -0.8,,,0,0,1024,1024,1024,1024,0,0,0,0,25.2,0,0,53,3.678,3.672,3.671,3.672,0,0,8.166,82.4,21.960690335288,31.824148,6,P-GPS
110800,2026-05-09 10:21:28,31.824148,,,21.960690335288,10.498688,0,52.764765468,2.25719823496,17,5,14.546,24.257278335288,34.120736,0.223694,53.35302008,0,0,0.223694,30.1, -2, -0.7,,,0,0,1024,1024,1024,1024,0,0,0,0,25.2,0,0,53,3.678,3.672,3.671,3.672,0,0,8.166,82.4,21.960690335288,31.824148,6,P-GPS
110900,2026-05-09 10:21:28,31.824148,,,21.960690335288,10.498688,0,52.792324524,2.28506240908,17,5,14.546,24.257278335288,34.120736,0.223694,53.35302008,0,0,0,30.1, -2, -1.2,,,0,0,1024,1024,1024,1024,0,0,0,0,25.2,0,0,53,3.678,3.672,3.671,3.672,0,0,8.166,82.4,21.960690335288,31.824148,6,P-GPS
111000,2026-05-09 10:21:29,31.824148,,,21.960690335288,9.84252,0,52.824148672,2.31814639964,17,5,14.546,24.257278335288,34.120736,0.223694,53.35302008,0,0,0,30, -1.9, -1.4,,,0,0,1024,1024,881,1024,0,0,-22,0,25.2,0,0,53,3.678,3.672,3.671,3.672,0,0,8.166,82.4,21.960690335288,31.824148,6,P-GPS
111100,2026-05-09 10:21:29,31.824148,,,21.960690335288,9.84252,0,52.804791716,2.3395505998,17,5,14.735,24.257278335288,34.120736,0.223694,53.35302008,0,0,0,30.1, -1.8, -1.2,,,0,0,1024,1024,568,1024,0,0,-69,0,25.2,0,0,53,3.646,3.643,3.645,3.646,0,0,5.145,82.58,21.960690335288,31.824148,6,P-GPS
111200,2026-05-09 10:21:29,31.824148,,,21.960690335288,9.186352,0,52.777560744,2.37291018092,17,5,14.735,24.257278335288,34.120736,0.223694,53.35302008,0,0,0.223694,30.1, -1.8, -1.4,,,0,0,1024,1024,562,1024,0,0,-70,0,25.2,0,0,53,3.646,3.643,3.645,3.646,0,0,5.145,82.58,21.960690335288,31.824148,6,P-GPS
111300,2026-05-09 10:21:29,31.824148,,,21.960690335288,8.858268,0,52.677823208,2.4729003416,17,5,14.735,24.257278335288,34.120736,0.223694,53.35302008,0,0,1.11847,30.1, -2.6, -1.6,,,0,0,1024,1024,950,1024,0,0,-11,0,25.2,0,0,53,3.646,3.643,3.645,3.646,0,0,5.145,82.58,21.960690335288,31.824148,6,P-GPS
111400,2026-05-09 10:21:29,31.496064,,,21.632606335288,8.530184,0,52.658138168,2.49595808512,17,5,14.735,24.257278335288,34.120736,0.223694,53.35302008,0,0,2.23694,30.1, -2.7, -1.7,,,0,0,1024,1024,1024,1024,0,0,0,0,25.2,0,0,53,3.646,3.643,3.645,3.646,0,0,5.145,82.58,21.632606335288,31.496064,6,P-GPS
111500,2026-05-09 10:21:29,31.16798,,,21.304522335288,8.2021,0,52.631891448,2.522555855,17,5,14.735,24.257278335288,34.120736,0.223694,53.35302008,0,0,2.23694,30, -2.4, -1.9,,,0,0,1024,1024,1024,1024,0,0,0,0,25.2,0,0,53,3.646,3.643,3.645,3.646,0,0,5.145,82.58,21.304522335288,31.16798,6,P-GPS
111600,2026-05-09 10:21:29,30.839896,,,20.976438335288,11.48294,0,52.579398008,2.57515756272,17,5,14.735,24.257278335288,34.120736,0.223694,53.35302008,0,0,1.342164,30, -1.7, -1.8,,,0,0,1024,1024,1024,1024,0,0,0,0,25.2,0,0,53,3.646,3.643,3.645,3.646,0,0,5.145,82.58,20.976438335288,30.839896,6,P-GPS
111700,2026-05-09 10:21:29,30.839896,,,20.976438335288,11.48294,0,52.6328757,2.65589247344,17,5,14.735,24.257278335288,34.120736,0.223694,53.35302008,0,0,0.447388,30.1, -2.6, -1.4,,,0,0,1024,1024,915,1024,0,0,-17,0,25.2,0,0,53,3.646,3.643,3.645,3.646,0,0,5.145,82.58,20.976438335288,30.839896,6,P-GPS
111800,2026-05-09 10:21:29,30.511812,,,20.648354335288,11.48294,0,52.628610608,2.68999024356,17,5,14.735,24.257278335288,34.120736,0.223694,53.35302008,0,0,0,30.2, -3.2, -1,,,0,0,1024,1024,627,1024,0,0,-60,0,25.2,0,0,53,3.646,3.643,3.645,3.646,0,0,5.145,82.58,20.648354335288,30.511812,6,P-GPS
111900,2026-05-09 10:21:29,30.511812,,,20.648354335288,11.811024,0,52.703741844,2.77205717532,17,5,14.735,24.257278335288,34.120736,0.223694,53.35302008,0,0,0,30.2, -3.1, -0.3,,,0,0,1024,1024,644,1024,0,0,-58,0,25.2,0,0,53,3.646,3.643,3.645,3.646,0,0,5.145,82.58,20.648354335288,30.511812,6,P-GPS
112000,2026-05-09 10:21:30,30.511812,,,20.648354335288,11.811024,0,52.731628984,2.80187673008,17,5,14.735,24.257278335288,34.120736,0.223694,53.35302008,0,0,0.671082,30.3, -3.1, -0.5,,,0,0,1024,1024,1024,1024,0,0,0,0,25.2,0,0,53,3.646,3.643,3.645,3.646,0,0,5.145,82.58,20.648354335288,30.511812,6,P-GPS
112100,2026-05-09 10:21:30,30.511812,,,20.648354335288,11.811024,0,52.799214288,2.8706037664,17,5,14.652,24.257278335288,34.120736,0.223694,53.35302008,0,0,1.789552,30.3, -2.5, -0.7,,,0,0,1024,1024,1024,1024,0,0,0,0,25.2,0,0,53,3.629,3.634,3.641,3.638,0,0,5.226,82.58,20.648354335288,30.511812,6,P-GPS
112200,2026-05-09 10:21:30,30.183728,,,20.320270335288,11.48294,0.223694,52.698820584,2.9722113812,17,5,14.652,24.257278335288,34.120736,0.223694,53.35302008,0.223694,0,1.565858,30.3, -1.3, -0.9,,,0,0,1024,1024,1024,1024,0,0,0,0,25.2,0,0,53,3.629,3.634,3.641,3.638,0,0,5.226,82.58,20.320270335288,30.183728,6,P-GPS
112300,2026-05-09 10:21:30,29.855644,,,19.992186335288,10.826772,0,52.721130296,2.998441697,17,5,14.652,24.257278335288,34.120736,0.223694,53.35302008,0,0,0.671082,30.3, -0.7, -1,,,0,0,1024,1024,1024,1024,0,0,0,0,25.2,0,0,53,3.629,3.634,3.641,3.638,0,0,5.226,82.58,19.992186335288,29.855644,6,P-GPS
112400,2026-05-09 10:21:30,29.855644,,,19.992186335288,10.498688,0,52.709647356,3.01785442728,17,5,14.652,24.257278335288,34.120736,0.223694,53.35302008,0,0,0.223694,30.2, -1.1, -0.8,,,0,0,1024,1024,1024,1024,0,0,0,0,25.2,0,0,53,3.629,3.634,3.641,3.638,0,0,5.226,82.58,19.992186335288,29.855644,6,P-GPS
112500,2026-05-09 10:21:30,29.855644,,,19.992186335288,9.84252,0,52.65256074,3.07586295932,17,5,14.652,24.257278335288,34.120736,0.223694,53.35302008,0,0,0,30.3, -2.4, -0.8,,,0,0,1024,1024,1024,1024,0,0,0,0,25.2,0,0,53,3.629,3.634,3.641,3.638,0,0,5.226,82.58,19.992186335288,29.855644,6,P-GPS
112600,2026-05-09 10:21:30,29.855644,,,19.992186335288,9.514436,0,52.62795444,3.1010335638,17,5,14.652,24.257278335288,34.120736,0.223694,53.35302008,0,0,0,30.3, -2.8, -0.9,,,0,0,1024,1024,1024,1024,0,0,0,0,25.2,0,0,53,3.629,3.634,3.641,3.638,0,0,5.226,82.58,19.992186335288,29.855644,6,P-GPS
112700,2026-05-09 10:21:30,29.855644,,,19.992186335288,9.84252,0,52.743440008,3.23181112704,17,5,14.652,24.257278335288,34.120736,0.223694,53.35302008,0,0,0,30.3, -2.8, -0.8,,,0,0,1024,1024,1024,1024,0,0,0,0,25.2,0,0,53,3.629,3.634,3.641,3.638,0,0,5.226,82.58,19.992186335288,29.855644,6,P-GPS
112800,2026-05-09 10:21:30,29.855644,,,19.992186335288,9.84252,0,52.758859956,3.25896335888,17,5,14.652,24.257278335288,34.120736,0.223694,53.35302008,0,0,0,30.3, -2.4, -0.5,,,0,0,1024,1024,910,1024,0,0,-17,0,25.2,0,0,53,3.629,3.634,3.641,3.638,0,0,5.226,82.58,19.992186335288,29.855644,6,P-GPS
112900,2026-05-09 10:21:30,29.855644,,,19.992186335288,9.514436,0,52.819555496,3.3336287156,17,5,14.652,24.257278335288,34.120736,0.223694,53.35302008,0,0,0,30.4, -2.1, -0.2,,,0,0,1024,1024,587,1024,0,0,-66,0,25.2,0,0,53,3.629,3.634,3.641,3.638,0,0,5.226,82.58,19.992186335288,29.855644,6,P-GPS
113000,2026-05-09 10:21:31,29.855644,,,19.992186335288,9.186352,0,52.858597492,3.3728347536,17,5,14.652,24.257278335288,34.120736,0.223694,53.35302008,0,0,0,30.3, -1.8, -0.1,,,0,0,1024,1024,826,994,0,0,-30,-5,25.2,0,0,53,3.629,3.634,3.641,3.638,0,0,5.226,82.58,19.992186335288,29.855644,6,P-GPS
113100,2026-05-09 10:21:31,29.855644,,,19.992186335288,9.186352,0,52.8871408,3.4085959096,17,5,14.542,24.257278335288,34.120736,0.223694,53.35302008,0,0,0.447388,30.3, -1.7, -0.5,,,0,0,1024,1024,1024,1024,0,0,0,0,25.2,0,0,53,3.652,3.638,3.637,3.639,0,0,6.539,82.76,19.992186335288,29.855644,6,P-GPS
113200,2026-05-09 10:21:31,29.855644,,,19.992186335288,9.186352,0,52.897967572,3.4196851488,17,5,14.542,24.257278335288,34.120736,0.223694,53.35302008,0,0,1.342164,30.2, -1.8, -0.5,,,0,0,1024,1024,1024,1024,0,0,0,0,25.1,0,0,53,3.652,3.638,3.637,3.639,0,0,6.539,82.76,19.992186335288,29.855644,6,P-GPS
113300,2026-05-09 10:21:31,29.52756,,,19.664102335288,8.530184,0.223694,52.931104056,3.4559712392,17,5,14.542,24.257278335288,34.120736,0.223694,53.35302008,0.223694,0,1.11847,30.2, -1.1, -0.4,,,0,0,1024,1024,1024,1024,0,0,0,0,25.1,0,0,53,3.652,3.638,3.637,3.639,0,0,6.539,82.76,19.664102335288,29.52756,6,P-GPS
113400,2026-05-09 10:21:31,29.52756,,,19.664102335288,8.2021,0.223694,52.936025316,3.4646982736,17,5,14.542,24.257278335288,34.120736,0.223694,53.35302008,0,0,0.223694,30.2, -0.6, -0.2,,,0,0,1024,1024,1024,1024,0,0,0,0,25.1,0,0,53,3.652,3.638,3.637,3.639,0,0,6.539,82.76,19.664102335288,29.52756,6,P-GPS
113500,2026-05-09 10:21:31,29.52756,,,19.664102335288,8.2021,0,52.95767886,3.4877625788,17,5,14.542,24.257278335288,34.120736,0.223694,53.35302008,0,0,0,30.2, -1.1, -0.2,,,0,0,1024,1024,1024,1024,0,0,0,0,25.1,0,0,53,3.652,3.638,3.637,3.639,0,0,6.539,82.76,19.664102335288,29.52756,6,P-GPS
113600,2026-05-09 10:21:31,29.52756,,,19.664102335288,8.2021,0,53.0019702,3.5427822656,17,5,14.542,24.257278335288,34.120736,0.223694,53.35302008,0,0,0,30.2, -1.4, 0,,,0,0,1024,1024,1024,1024,0,0,0,0,25.1,0,0,53,3.652,3.638,3.637,3.639,0,0,6.539,82.76,19.664102335288,29.52756,6,P-GPS
113700,2026-05-09 10:21:31,29.52756,,,19.664102335288,7.545932,0,53.02329566,3.5648623188,17,5,14.542,24.257278335288,34.120736,0.223694,53.35302008,0,0,0,30.2, -1.4, -0.3,,,0,0,1024,1024,1024,1024,0,0,0,0,25.1,0,0,53,3.652,3.638,3.637,3.639,0,0,6.539,82.76,19.664102335288,29.52756,6,P-GPS
113800,2026-05-09 10:21:31,29.52756,,,19.664102335288,8.2021,0,53.02493608,3.6357940796,17,5,14.542,24.257278335288,34.120736,0.223694,53.35302008,0,0,0,30.2, -1.4, -0.4,,,0,0,1024,1024,1024,1024,0,0,0,0,25.1,0,0,53,3.652,3.638,3.637,3.639,0,0,6.539,82.76,19.664102335288,29.52756,6,P-GPS
113900,2026-05-09 10:21:31,29.52756,,,19.664102335288,7.874016,0,53.018046316,3.6704725584,17,5,14.542,24.257278335288,34.120736,0.223694,53.35302008,0,0,0,30.2, -1.6, -0.2,,,0,0,1024,1040,1024,1024,0,2,0,0,25.1,0,0,53,3.652,3.638,3.637,3.639,0,0,6.539,82.76,19.664102335288,29.52756,6,P-GPS
114000,2026-05-09 10:21:32,29.52756,,,19.664102335288,7.874016,0,53.048230044,3.7093833208,17,5,14.542,24.257278335288,34.120736,0.223694,53.35302008,0,0,0,30.2, -1.6, 0,,,0,0,1024,1040,1024,1024,0,2,0,0,25.1,0,0,53,3.652,3.638,3.637,3.639,0,0,6.539,82.76,19.664102335288,29.52756,6,P-GPS
114100,2026-05-09 10:21:32,29.52756,,,19.664102335288,7.874016,0,53.060041068,3.7429135056,17,5,14.566,24.257278335288,34.120736,0.223694,53.35302008,0,0,0,30.2, -1.5, 0.3,,,0,0,1024,1024,1024,1024,0,0,0,0,25.1,0,0,53,3.649,3.65,3.651,3.649,0,0,6.909,82.76,19.664102335288,29.52756,6,P-GPS
114200,2026-05-09 10:21:32,29.52756,,,19.664102335288,7.874016,0,53.073164428,3.7632547136,17,5,14.566,24.257278335288,34.120736,0.223694,53.35302008,0,0,0,30.3, -1.4, 0.5,,,0,0,1024,1024,1024,1024,0,0,0,0,25.1,0,0,53,3.649,3.65,3.651,3.649,0,0,6.909,82.76,19.664102335288,29.52756,6,P-GPS
114300,2026-05-09 10:21:32,29.52756,,,19.664102335288,7.545932,0,53.086287788,3.796424006,17,5,14.566,24.257278335288,34.120736,0.223694,53.35302008,0,0,0,30.3, -1.3, 0.6,,,0,0,1024,1024,1024,1024,0,0,0,0,25.1,0,0,53,3.649,3.65,3.651,3.649,0,0,6.909,82.76,19.664102335288,29.52756,6,P-GPS
114400,2026-05-09 10:21:32,29.52756,,,19.664102335288,7.545932,0,53.090880964,3.8143373924,17,5,14.566,24.257278335288,34.120736,0.223694,53.35302008,0,0,0,30.3, -1.3, 0.5,,,0,0,1024,1024,1024,1024,0,0,0,0,25.1,0,0,53,3.649,3.65,3.651,3.649,0,0,6.909,82.76,19.664102335288,29.52756,6,P-GPS
114500,2026-05-09 10:21:32,29.52756,,,19.664102335288,7.545932,0,53.100067316,3.8419620652,17,5,14.566,24.257278335288,34.120736,0.223694,53.35302008,0,0,0,30.3, -1.2, 0.6,,,0,0,1024,1172,1024,1024,0,22,0,0,25.1,0,0,53,3.649,3.65,3.651,3.649,0,0,6.909,82.76,19.664102335288,29.52756,6,P-GPS
114600,2026-05-09 10:21:32,29.52756,,,19.664102335288,7.217848,0,53.1003954,3.8686681028,17,5,14.566,24.257278335288,34.120736,0.223694,53.35302008,0,0,0,30.3, -1.4, 0.9,,,0,0,1024,1390,1024,1024,0,55,0,0,25.1,0,0,53,3.649,3.65,3.651,3.649,0,0,6.909,82.76,19.664102335288,29.52756,6,P-GPS
114700,2026-05-09 10:21:32,29.52756,,,19.664102335288,7.217848,0,53.08235078,3.8967520932,17,5,14.566,24.257278335288,34.120736,0.223694,53.35302008,0,0,0,30.3, -1.6, 2.8,,,0,0,1024,1469,1024,1024,0,67,0,0,25.1,0,0,53,3.649,3.65,3.651,3.649,0,0,6.909,82.76,19.664102335288,29.52756,6,P-GPS
114800,2026-05-09 10:21:32,29.52756,,,19.664102335288,7.217848,0,53.097770728,3.9124345084,17,5,14.566,24.257278335288,34.120736,0.223694,53.35302008,0,0,0,30.3, -1.5, 6.6,,,0,0,1024,1449,1024,1024,0,64,0,0,25.1,0,0,53,3.649,3.65,3.651,3.649,0,0,6.909,82.76,19.664102335288,29.52756,6,P-GPS
114900,2026-05-09 10:21:32,29.52756,,,19.664102335288,6.889764,0.223694,53.092849468,3.943405638,17,5,14.566,24.257278335288,34.120736,0.223694,53.35302008,0,0.223694,0,30.3, -1.4, 9.6,,,0,0,1024,1410,1024,1024,0,58,0,0,25.1,0,0,53,3.649,3.65,3.651,3.649,0,0,6.909,82.76,19.664102335288,29.52756,6,P-GPS
115000,2026-05-09 10:21:33,29.52756,,,19.664102335288,6.889764,0.4921268,53.122377028,4.0550198148,17,5,14.566,24.257278335288,34.120736,0.4921268,53.35302008,-0.223694,0.447388,0,30.5, -1.4, 10,,,0,0,1024,1369,1024,1024,0,52,0,0,25.1,0,0,53,3.649,3.65,3.651,3.649,0,0,6.909,82.76,19.664102335288,29.52756,6,P-GPS
115100,2026-05-09 10:21:33,29.52756,,,19.664102335288,6.889764,1.006623,53.13484422,4.2122048592,17,5,14.69,24.257278335288,34.120736,1.006623,53.35302008,-0.447388,0.894776,0,30.8, -1.5, 9.1,,,0,0,1024,1035,1024,1024,0,2,0,0,25.1,0,0,53,3.653,3.65,3.65,3.649,0,0,6.345,82.76,19.664102335288,29.52756,6,P-GPS
115200,2026-05-09 10:21:33,29.52756,,,19.664102335288,6.889764,1.2974252,53.148295664,4.4335303256,17,5,14.69,24.257278335288,34.120736,1.2974252,53.35302008,-0.671082,1.11847,0,31.3, -1.5, 6.7,,,0,0,1024,1024,1024,1024,0,0,0,0,25.1,0,0,53,3.653,3.65,3.65,3.649,0,0,6.345,82.76,19.664102335288,29.52756,6,P-GPS
115300,2026-05-09 10:21:33,29.52756,,,19.664102335288,19.028872,1.4987498,53.169949208,4.6641405692,17,5,14.69,24.257278335288,34.120736,1.4987498,53.35302008,-0.671082,1.342164,0,31.6, -1.4, 2.9,,,0,0,1024,1024,1024,1024,0,0,0,0,25.1,0,0,53,3.653,3.65,3.65,3.649,0,0,6.345,82.76,19.664102335288,29.52756,6,P-GPS
115400,2026-05-09 10:21:33,29.52756,,,19.664102335288,18.700788,1.4987498,53.1906185,4.9355972708,17,5,14.69,24.257278335288,34.120736,1.4987498,53.35302008,-0.671082,1.342164,0,31.9, -1.2, 0.9,,,0,0,1024,1024,1024,1201,0,0,0,27,25.1,0,0,53,3.653,3.65,3.65,3.649,0,0,6.345,82.76,19.664102335288,29.52756,6,P-GPS
115500,2026-05-09 10:21:33,29.52756,,,19.664102335288,18.372704,1.4987498,53.208991204,5.1540684064,17,5,14.69,24.257278335288,34.120736,1.4987498,53.35302008,-0.671082,1.342164,0,32.1, -1.3, -2.7,,,0,0,1024,1024,1024,1589,0,0,0,86,25.2,0,0,53,3.653,3.65,3.65,3.649,0,0,6.345,82.76,19.664102335288,29.52756,6,P-GPS
115600,2026-05-09 10:21:33,29.52756,,,19.664102335288,18.04462,1.4987498,53.22178648,5.431102536,17,5,14.69,24.257278335288,34.120736,1.4987498,53.35302008,-0.671082,1.342164,0,32, -1.1, -5.4,,,0,0,1024,1024,1024,1684,0,0,0,100,26.5,0,0,53,3.653,3.65,3.65,3.649,0,0,6.345,82.76,19.664102335288,29.52756,6,P-GPS
115700,2026-05-09 10:21:33,29.52756,,,19.664102335288,18.04462,1.2974252,53.212928212,5.5759188136,17,5,14.69,24.257278335288,34.120736,1.4987498,53.35302008,-0.671082,1.11847,0,33.5, -0.9, -6.3,,,0,0,1024,1024,1024,1684,0,0,0,100,30.5,0,0,53,3.653,3.65,3.65,3.649,0,0,6.345,82.76,19.664102335288,29.52756,6,P-GPS
115800,2026-05-09 10:21:33,29.52756,,,19.664102335288,18.700788,1.006623,53.22998858,5.772802022,17,5,14.69,24.257278335288,34.120736,1.4987498,53.35302008,-0.447388,0.894776,0,37.8, -0.4, -6,,,0,0,1024,1024,1024,1684,0,0,0,100,36,0,0,53,3.653,3.65,3.65,3.649,0,0,6.345,82.76,19.664102335288,29.52756,6,P-GPS
115900,2026-05-09 10:21:33,29.52756,,,19.664102335288,18.372704,0.8052984,53.25295446,5.926673418,17,5,14.69,24.257278335288,34.120736,1.4987498,53.35302008,-0.447388,0.671082,0,43.1, 0, -5.1,,,0,0,1024,1024,1024,1684,0,0,0,100,42,0,0,53,3.653,3.65,3.65,3.649,0,0,6.345,82.76,19.664102335288,29.52756,6,P-GPS
116000,2026-05-09 10:21:34,29.52756,,,19.664102335288,18.372704,0.4921268,53.278873096,6.0292324764,17,5,14.69,24.257278335288,34.120736,1.4987498,53.35302008,-0.223694,0.447388,0,48.7, 0.3, -4.3,,,0,0,1024,1024,1024,1684,0,0,0,100,47.9,0,0,53,3.653,3.65,3.65,3.649,0,0,6.345,82.76,19.664102335288,29.52756,6,P-GPS
116100,2026-05-09 10:21:34,29.52756,,,19.664102335288,18.372704,0.4921268,53.267062072,6.1022967832,17,5,14.604,24.257278335288,34.120736,1.4987498,53.35302008,-0.223694,0.447388,0,54.2, 0.2, -3.7,,,0,0,1024,1024,1024,1684,0,0,0,100,53.9,0,0,53,3.653,3.649,3.649,3.649,0,0,6.115,82.94,19.664102335288,29.52756,6,P-GPS
116200,2026-05-09 10:21:34,29.52756,,,19.664102335288,18.700788,0.4921268,53.310041076,6.2305120104,17,5,14.604,24.257278335288,34.120736,1.4987498,53.35302008,-0.223694,0.447388,0,59.8, 0.2, -3.1,,,0,0,1024,1024,1024,1684,0,0,0,100,59.9,0,0,53,3.653,3.649,3.649,3.649,0,0,6.115,82.94,19.664102335288,29.52756,6,P-GPS
116300,2026-05-09 10:21:34,29.52756,,,19.664102335288,18.700788,0.3131716,53.328085696,6.3270015148,17,5,14.604,24.257278335288,34.120736,1.4987498,53.35302008,-0.223694,0.223694,0,65.4, 0.3, -2.9,,,0,0,1024,1024,1024,1684,0,0,0,100,65.9,0,0,53,3.653,3.649,3.649,3.649,0,0,6.115,82.94,19.664102335288,29.52756,6,P-GPS
116400,2026-05-09 10:21:34,29.52756,,,19.664102335288,19.028872,0.3131716,53.311025328,6.4163715964,17,5,14.604,24.257278335288,34.120736,1.4987498,53.35302008,-0.223694,0.223694,0,71.3, 0.4, -3.2,,,0,0,1024,1024,1024,1684,0,0,0,100,71.9,0,0,53,3.653,3.649,3.649,3.649,0,0,6.115,82.94,19.664102335288,29.52756,6,P-GPS
116500,2026-05-09 10:21:34,29.52756,,,19.664102335288,19.028872,0.3131716,53.295277296,6.4873361656,17,5,14.604,24.257278335288,34.120736,1.4987498,53.35302008,-0.223694,0.223694,0,77.2, 0.5, -3.3,,,0,0,1024,1024,1024,1684,0,0,0,100,77.9,0,0,53,3.653,3.649,3.649,3.649,0,0,6.115,82.94,19.664102335288,29.52756,6,P-GPS
116600,2026-05-09 10:21:34,29.52756,,,19.664102335288,19.028872,0.3131716,53.283466272,6.5494096584,17,5,14.604,24.257278335288,34.120736,1.4987498,53.35302008,-0.223694,0.223694,0,83.3, 0.4, -3.4,,,0,0,1024,1024,1024,1684,0,0,0,100,83.9,0,0,53,3.653,3.649,3.649,3.649,0,0,6.115,82.94,19.664102335288,29.52756,6,P-GPS
116700,2026-05-09 10:21:34,29.52756,,,19.664102335288,18.700788,0.3131716,53.311353412,6.6170277708,17,5,14.604,24.257278335288,34.120736,1.4987498,53.35302008,-0.223694,0.223694,0,89.3, 0.7, -3.2,,,0,0,1024,1024,1024,1684,0,0,0,100,89.9,0,0,53,3.653,3.649,3.649,3.649,0,0,6.115,82.94,19.664102335288,29.52756,6,P-GPS
116800,2026-05-09 10:21:34,29.52756,,,19.664102335288,18.700788,0.223694,53.305775984,6.6668965388,17,5,14.604,24.257278335288,34.120736,1.4987498,53.35302008,-0.223694,0,0,95.4, 0.9, -2.9,,,0,0,1024,1024,1024,1684,0,0,0,100,92.9,0,0,53,3.653,3.649,3.649,3.649,0,0,6.115,82.94,19.664102335288,29.52756,6,P-GPS
116900,2026-05-09 10:21:34,29.52756,,,19.664102335288,18.372704,0.223694,53.310697244,6.7479989036,17,5,14.604,24.257278335288,34.120736,1.4987498,53.35302008,-0.223694,0,0,101.4, 1.2, -2.6,,,0,0,1024,1024,1024,1684,0,0,0,100,101.9,0,0,53,3.653,3.649,3.649,3.649,0,0,6.115,82.94,19.664102335288,29.52756,6,P-GPS
117000,2026-05-09 10:21:35,29.52756,,,19.664102335288,18.372704,0.223694,53.307416404,6.7930120284,17,5,14.604,24.257278335288,34.120736,1.4987498,53.35302008,-0.223694,0,0,107.4, 1.5, -2.5,,,0,0,1024,1024,1024,1684,0,0,0,100,107.9,0,0,53,3.653,3.649,3.649,3.649,0,0,6.115,82.94,19.664102335288,29.52756,6,P-GPS
117100,2026-05-09 10:21:35,29.52756,,,19.664102335288,18.04462,0,53.301182808,6.84711308,17,5,14.604,24.257278335288,34.120736,1.4987498,53.35302008,0,0,0,113.6, 1.7, -2.3,,,0,0,1024,1024,1024,1684,0,0,0,100,113.9,0,0,53,3.653,3.649,3.649,3.648,0,0,6.115,82.94,19.664102335288,29.52756,6,P-GPS
117200,2026-05-09 10:21:35,29.52756,,,19.664102335288,17.716536,0,53.28412244,6.8862535012,17,5,14.604,24.257278335288,34.120736,1.4987498,53.35302008,0,0,0,119.7, 1.7, -2.1,,,0,0,1024,1024,1024,1684,0,0,0,100,119.9,0,0,53,3.653,3.649,3.649,3.648,0,0,6.115,82.94,19.664102335288,29.52756,6,P-GPS
117300,2026-05-09 10:21:35,29.52756,,,19.664102335288,18.04462,0,53.247048948,6.924704946,17,5,14.604,24.257278335288,34.120736,1.4987498,53.35302008,0,0,0,125.8, 1.7, -1.9,,,0,0,1024,1024,1024,1684,0,0,0,100,125.9,0,0,53,3.653,3.649,3.649,3.648,0,0,6.115,82.94,19.664102335288,29.52756,6,P-GPS
117400,2026-05-09 10:21:35,29.52756,,,19.664102335288,18.04462,0,53.250329788,6.9490487788,17,5,14.604,24.257278335288,34.120736,1.4987498,53.35302008,0,0,0,131.9, 1.8, -1.8,,,0,0,1024,1024,1024,1684,0,0,0,100,131.9,0,0,53,3.653,3.649,3.649,3.648,0,0,6.115,82.94,19.664102335288,29.52756,6,P-GPS
117500,2026-05-09 10:21:35,29.52756,,,19.664102335288,18.04462,0,53.232941336,6.9697508792,17,5,14.604,24.257278335288,34.120736,1.4987498,53.35302008,0,0,0,138, 1.8, -1.7,,,0,0,1024,1024,1024,1684,0,0,0,100,137.9,0,0,53,3.653,3.649,3.649,3.648,0,0,6.115,82.94,19.664102335288,29.52756,6,P-GPS
117600,2026-05-09 10:21:35,29.52756,,,19.664102335288,18.04462,0,53.233597504,7.00869445,17,5,14.604,24.257278335288,34.120736,1.4987498,53.35302008,0,0,0,144.1, 1.9, -1.6,,,0,0,1024,1024,1024,1684,0,0,0,100,143.9,0,0,53,3.653,3.649,3.649,3.648,0,0,6.115,82.94,19.664102335288,29.52756,6,P-GPS
117700,2026-05-09 10:21:35,29.52756,,,19.664102335288,18.372704,0,53.221130312,7.0278217472,17,5,14.604,24.257278335288,34.120736,1.4987498,53.35302008,0,0,0,150.2, 1.9, -1.3,,,0,0,1024,1024,1024,1684,0,0,0,100,149.9,0,0,53,3.653,3.649,3.649,3.648,0,0,6.115,82.94,19.664102335288,29.52756,6,P-GPS
117800,2026-05-09 10:21:35,29.52756,,,19.664102335288,18.700788,0,53.181432148,7.0676511448,17,5,14.604,24.257278335288,34.120736,1.4987498,53.35302008,0,0,0,156.2, 1.9, -1.5,,,0,0,1024,1024,1024,1684,0,0,0,100,155.9,0,0,53,3.653,3.649,3.649,3.648,0,0,6.115,82.94,19.664102335288,29.52756,6,P-GPS
117900,2026-05-09 10:21:35,29.52756,,,19.664102335288,18.700788,0,53.174542384,7.0865815916,17,5,14.604,24.257278335288,34.120736,1.4987498,53.35302008,0,0,0,162.3, 2, -1.4,,,0,0,1024,1024,1024,1684,0,0,0,100,161.9,0,0,53,3.653,3.649,3.649,3.648,0,0,6.115,82.94,19.664102335288,29.52756,6,P-GPS
118000,2026-05-09 10:21:36,29.52756,,,19.664102335288,18.700788,0,53.126970204,7.1371065276,17,5,14.604,24.257278335288,34.120736,1.4987498,53.35302008,0,0,0,168.4, 2.1, -1.3,,,0,0,1024,1024,1024,1684,0,0,0,100,167.9,0,0,53,3.653,3.649,3.649,3.648,0,0,6.115,82.94,19.664102335288,29.52756,6,P-GPS
118100,2026-05-09 10:21:36,29.52756,,,19.664102335288,18.700788,0,53.113190676,7.1511157144,17,5,14.601,24.257278335288,34.120736,1.4987498,53.35302008,0,0,0,174.5, 2, -1.2,,,0,0,1024,1024,1024,1684,0,0,0,100,173.9,0,0,53,3.651,3.647,3.647,3.647,0,0,6.199,83.12,19.664102335288,29.52756,6,P-GPS
118200,2026-05-09 10:21:36,29.52756,,,19.664102335288,18.700788,0,53.092521384,7.1718178148,17,5,14.601,24.257278335288,34.120736,1.4987498,53.35302008,0,0,0,180.7, 1.9, -1.1,,,0,0,1024,1024,1024,1684,0,0,0,100,179.9,0,0,53,3.651,3.647,3.647,3.647,0,0,6.199,83.12,19.664102335288,29.52756,6,P-GPS
118300,2026-05-09 10:21:36,29.52756,,,19.664102335288,18.700788,0,53.060369152,7.2071196532,17,5,14.601,24.257278335288,34.120736,1.4987498,53.35302008,0,0,0,186.7, 1.8, -0.8,,,0,0,1024,1024,1024,1684,0,0,0,100,185.9,0,0,53,3.651,3.647,3.647,3.647,0,0,6.199,83.12,19.664102335288,29.52756,6,P-GPS
118400,2026-05-09 10:21:36,29.52756,,,19.664102335288,19.028872,0,53.046589624,7.2262469504,17,5,14.601,24.257278335288,34.120736,1.4987498,53.35302008,0,0,0,192.8, 1.8, -0.5,,,0,0,1024,1024,1024,1684,0,0,0,100,191.9,0,0,53,3.651,3.647,3.647,3.647,0,0,6.199,83.12,19.664102335288,29.52756,6,P-GPS
118500,2026-05-09 10:21:36,29.52756,,,19.664102335288,19.68504,0,53.035106684,7.237697082,17,5,14.601,24.257278335288,34.120736,1.4987498,53.35302008,0,0,0,198.9, 1.9, -0.4,,,0,0,1024,1024,1024,1684,0,0,0,100,197.9,0,0,53,3.651,3.647,3.647,3.647,0,0,6.199,83.12,19.664102335288,29.52756,6,P-GPS
118600,2026-05-09 10:21:36,29.52756,,,19.664102335288,19.68504,0,53.030185424,7.2427167672,17,5,14.601,24.257278335288,34.120736,1.4987498,53.35302008,0,0,0,205, 1.8, -0.3,,,0,0,1024,1024,1024,1024,0,0,0,0,200.9,0,0,53,3.651,3.647,3.647,3.647,0,0,6.199,83.12,19.664102335288,29.52756,6,P-GPS
118700,2026-05-09 10:21:36,29.52756,,,19.664102335288,19.68504,0,53.041668364,7.2666997076,17,5,14.601,24.257278335288,34.120736,1.4987498,53.35302008,0,0,0,210.9, 1.6, 0,,,0,0,1024,1024,1024,1024,0,0,0,0,207.8,0,0,53,3.651,3.647,3.647,3.647,0,0,6.199,83.12,19.664102335288,29.52756,6,P-GPS
118800,2026-05-09 10:21:36,29.52756,,,19.664102335288,20.013124,0,53.058728732,7.2935041704,17,5,14.601,24.257278335288,34.120736,1.4987498,53.35302008,0,0,0,214.1, 1.4, 0,,,0,0,1024,1024,1024,1024,0,0,0,0,208.7,0,0,53,3.651,3.647,3.647,3.647,0,0,6.199,83.12,19.664102335288,29.52756,6,P-GPS
118900,2026-05-09 10:21:36,29.52756,,,19.664102335288,20.013124,0,53.066930832,7.3020671628,17,5,14.601,24.257278335288,34.120736,1.4987498,53.35302008,0,0,0,214.2, 1.4, 0.2,,,0,0,1024,1024,1024,1024,0,0,0,0,208.8,0,0,53,3.651,3.647,3.647,3.647,0,0,6.199,83.12,19.664102335288,29.52756,6,P-GPS
119000,2026-05-09 10:21:37,29.52756,,,19.664102335288,20.013124,0,53.05774448,7.3127298928,17,5,14.601,24.257278335288,34.120736,1.4987498,53.35302008,0,0,0,214.2, 1.4, 0.5,,,0,0,1024,1024,1024,1024,0,0,0,0,208.8,0,0,53,3.651,3.647,3.647,3.647,0,0,6.199,83.12,19.664102335288,29.52756,6,P-GPS
119100,2026-05-09 10:21:37,29.52756,,,19.664102335288,19.68504,0,53.061353404,7.3205711004,17,5,14.588,24.257278335288,34.120736,1.4987498,53.35302008,0,0,0,214.2, 1.4, 0.5,,,0,0,1024,1024,1024,1290,0,0,0,40,208.8,0,0,53,3.649,3.647,3.646,3.646,0,0,6.265,83.12,19.664102335288,29.52756,6,P-GPS
119200,2026-05-09 10:21:37,29.52756,,,19.664102335288,19.68504,0,53.069555504,7.3296590272,17,5,14.588,24.257278335288,34.120736,1.4987498,53.35302008,0,0,0,214.3, 1.4, 0.3,,,0,0,1024,1024,1024,1594,0,0,0,86,208.8,0,0,53,3.649,3.647,3.646,3.646,0,0,6.265,83.12,19.664102335288,29.52756,6,P-GPS
119300,2026-05-09 10:21:37,29.52756,,,19.664102335288,19.68504,0,53.066930832,7.341043542,17,5,14.588,24.257278335288,34.120736,1.4987498,53.35302008,0,0,0,214.3, 1.2, 0.3,,,0,0,1024,1024,1024,1024,0,0,0,0,209.6,0,0,53,3.649,3.647,3.646,3.646,0,0,6.265,83.12,19.664102335288,29.52756,6,P-GPS
119400,2026-05-09 10:21:37,29.52756,,,19.664102335288,20.013124,0,53.071852092,7.3619096844,17,5,14.588,24.257278335288,34.120736,1.4987498,53.35302008,0,0,0,215.3, 1.2, 0.4,,,0,0,1024,1024,1024,1024,0,0,0,0,211.6,0,0,53,3.649,3.647,3.646,3.646,0,0,6.265,83.12,19.664102335288,29.52756,6,P-GPS
119500,2026-05-09 10:21:37,29.52756,,,19.664102335288,20.013124,0,53.088256292,7.3822508924,17,5,14.588,24.257278335288,34.120736,1.4987498,53.35302008,0,0,0,217.5, 1, 0.5,,,0,0,1024,1024,1024,1024,0,0,0,0,212.4,0,0,53,3.649,3.647,3.646,3.646,0,0,6.265,83.12,19.664102335288,29.52756,6,P-GPS
119600,2026-05-09 10:21:37,29.52756,,,19.664102335288,20.013124,0,53.056432144,7.4267390828,17,5,14.588,24.257278335288,34.120736,1.4987498,53.35302008,0,0,0,217.8, 1, 0.2,,,0,0,1024,1024,1024,1024,0,0,0,0,212.5,0,0,53,3.649,3.647,3.646,3.646,0,0,6.265,83.12,19.664102335288,29.52756,6,P-GPS
119700,2026-05-09 10:21:37,29.52756,,,19.664102335288,20.013124,0,53.060041068,7.441109162,17,5,14.588,24.257278335288,34.120736,1.4987498,53.35302008,0,0,0,217.7, 1, 0,,,0,0,1024,1024,1024,1024,0,0,0,0,212.5,0,0,53,3.649,3.647,3.646,3.646,0,0,6.265,83.12,19.664102335288,29.52756,6,P-GPS
119800,2026-05-09 10:21:37,29.52756,,,19.664102335288,20.013124,0,53.053479388,7.4583007636,17,5,14.588,24.257278335288,34.120736,1.4987498,53.35302008,0,0,0,217.6, 1, -0.4,,,0,0,1024,1024,1024,1024,0,0,0,0,212.5,0,0,53,3.649,3.647,3.646,3.646,0,0,6.265,83.12,19.664102335288,29.52756,6,P-GPS
119900,2026-05-09 10:21:37,29.52756,,,19.664102335288,20.013124,0,53.006235292,7.5273296372,17,5,14.588,24.257278335288,34.120736,1.4987498,53.35302008,0,0,0,217.5, 1.2, -0.6,,,0,0,1024,1024,1024,1024,0,0,0,0,212.5,0,0,53,3.649,3.647,3.646,3.646,0,0,6.265,83.12,19.664102335288,29.52756,6,P-GPS
120000,2026-05-09 10:21:38,29.52756,,,19.664102335288,20.013124,0,52.990815344,7.555446436,17,5,14.588,24.257278335288,34.120736,1.4987498,53.35302008,0,0,0,217.5, 1.3, -0.4,,,0,0,1024,1024,1024,1024,0,0,0,0,212.5,0,0,53,3.649,3.647,3.646,3.646,0,0,6.265,83.12,19.664102335288,29.52756,6,P-GPS
120100,2026-05-09 10:21:38,29.52756,,,19.664102335288,20.013124,0,52.975395396,7.5776249144,17,5,14.59,24.257278335288,34.120736,1.4987498,53.35302008,0,0,0,217.4, 1.4, -0.2,,,0,0,1024,1024,1024,1024,0,0,0,0,212.5,0,0,53,3.649,3.645,3.645,3.644,0,0,6.255,83.12,19.664102335288,29.52756,6,P-GPS
120200,2026-05-09 10:21:38,29.52756,,,19.664102335288,20.013124,0,52.960303532,7.5932745212,17,5,14.59,24.257278335288,34.120736,1.4987498,53.35302008,0,0,0,217.3, 1.6, 0,,,0,0,1024,1024,1024,1024,0,0,0,0,212.5,0,0,53,3.649,3.645,3.645,3.644,0,0,6.255,83.12,19.664102335288,29.52756,6,P-GPS
120300,2026-05-09 10:21:38,29.52756,,,19.664102335288,20.341208,0,52.959975448,7.6019031304,17,5,14.59,24.257278335288,34.120736,1.4987498,53.35302008,0,0,0,217.2, 1.6, 0.1,,,0,0,1024,1024,1024,1024,0,0,0,0,212.5,0,0,53,3.649,3.645,3.645,3.644,0,0,6.255,83.12,19.664102335288,29.52756,6,P-GPS
120400,2026-05-09 10:21:38,29.52756,,,19.664102335288,20.013124,0,52.953413768,7.6140750468,17,5,14.59,24.257278335288,34.120736,1.4987498,53.35302008,0,0,0,217.2, 1.5, 0.2,,,0,0,1024,1024,1024,1024,0,0,0,0,212.5,0,0,53,3.649,3.645,3.645,3.644,0,0,6.255,83.12,19.664102335288,29.52756,6,P-GPS
120500,2026-05-09 10:21:38,29.52756,,,19.664102335288,20.013124,0,52.964896708,7.6590881716,17,5,14.59,24.257278335288,34.120736,1.4987498,53.35302008,0,0,0,217.1, 1.4, 0.1,,,0,0,1027,1024,1024,1024,0,0,0,0,212.5,0,0,53,3.649,3.645,3.645,3.644,0,0,6.255,83.12,19.664102335288,29.52756,6,P-GPS
120600,2026-05-09 10:21:38,29.52756,,,19.664102335288,20.341208,0,52.96752138,7.7028545772,17,5,14.59,24.257278335288,34.120736,1.4987498,53.35302008,0,0,0,217.1, 1.3, 0,,,0,0,1194,1024,1024,1024,26,0,0,0,212.5,0,0,53,3.649,3.645,3.645,3.644,0,0,6.255,83.12,19.664102335288,29.52756,6,P-GPS
120700,2026-05-09 10:21:38,29.52756,,,19.664102335288,20.341208,0,52.967849464,7.7275593024,17,5,14.59,24.257278335288,34.120736,1.4987498,53.35302008,0,0,0,217, 1.1, -0.2,,,0,0,1229,1024,1024,1024,31,0,0,0,212.5,0,0,53,3.649,3.645,3.645,3.644,0,0,6.255,83.12,19.664102335288,29.52756,6,P-GPS
120800,2026-05-09 10:21:38,29.52756,,,19.664102335288,20.341208,0,52.9609597,7.7414044472,17,5,14.59,24.257278335288,34.120736,1.4987498,53.35302008,0,0,0,217, 0.2, -0.2,,,0,0,1299,1024,1024,1024,42,0,0,0,212.5,0,0,53,3.649,3.645,3.645,3.644,0,0,6.255,83.12,19.664102335288,29.52756,6,P-GPS
120900,2026-05-09 10:21:38,29.52756,,,19.664102335288,20.341208,0,52.950132928,7.7694556292,17,5,14.59,24.257278335288,34.120736,1.4987498,53.35302008,0,0,0,217, -0.6, -0.2,,,0,0,1372,1024,1024,1024,53,0,0,0,212.5,0,0,53,3.649,3.645,3.645,3.644,0,0,6.255,83.12,19.664102335288,29.52756,6,P-GPS
121000,2026-05-09 10:21:39,29.52756,,,19.664102335288,20.013124,0,52.943571248,7.7916012992,17,5,14.59,24.257278335288,34.120736,1.4987498,53.35302008,0,0,0,217, -1.9, -0.1,,,0,0,1421,1024,1024,1024,60,0,0,0,212.5,0,0,53,3.649,3.645,3.645,3.644,0,0,6.255,83.12,19.664102335288,29.52756,6,P-GPS
121100,2026-05-09 10:21:39,29.52756,,,19.664102335288,20.013124,0,52.929463636,7.8059057616,17,5,14.587,24.257278335288,34.120736,1.4987498,53.35302008,0,0,0,217, -4, -0.2,,,0,0,1472,1024,1024,1024,68,0,0,0,212.5,0,0,53,3.65,3.647,3.647,3.647,0,0,6.258,83.3,19.664102335288,29.52756,6,P-GPS
121200,2026-05-09 10:21:39,29.52756,,,19.664102335288,20.013124,0.3131716,52.837600116,7.897966132,17,5,14.587,24.257278335288,34.120736,1.4987498,53.35302008,-0.223694,-0.223694,0,217, -6.3, -0.3,,,0,0,1492,1024,1024,1024,71,0,0,0,212.5,0,0,53,3.65,3.647,3.647,3.647,0,0,6.258,83.3,19.664102335288,29.52756,6,P-GPS
121300,2026-05-09 10:21:39,29.52756,,,19.664102335288,20.013124,0.6263432,52.761156544,7.9745081292,17,5,14.587,24.257278335288,34.120736,1.4987498,53.35302008,-0.447388,-0.447388,0,217, -8.7, -0.1,,,0,0,1507,1024,1024,1024,73,0,0,0,212.5,0,0,53,3.65,3.647,3.647,3.647,0,0,6.258,83.3,19.664102335288,29.52756,6,P-GPS
121400,2026-05-09 10:21:39,29.52756,,,19.664102335288,20.013124,0.9395148,52.543308768,8.1928480312,17,5,14.587,24.257278335288,34.120736,1.4987498,53.35302008,-0.671082,-0.671082,0,217.1, -10.6, 0,,,0,0,1492,1024,1024,1024,71,0,0,0,212.5,0,0,53,3.65,3.647,3.647,3.647,0,0,6.258,83.3,19.664102335288,29.52756,6,P-GPS
121500,2026-05-09 10:21:39,29.52756,,,19.664102335288,20.013124,0.9395148,52.313321884,8.4229661488,17,5,14.587,24.257278335288,34.120736,1.4987498,53.35302008,-1.11847,-0.894776,0,217.1, -11.9, 0,,,0,0,1367,1024,1024,1024,52,0,0,0,212.5,0,0,53,3.65,3.647,3.647,3.647,0,0,6.258,83.3,19.664102335288,29.52756,6,P-GPS
121600,2026-05-09 10:21:39,29.52756,,,19.664102335288,20.013124,1.9237684,52.058072532,8.6785107764,17,5,14.587,24.257278335288,34.120736,1.9237684,53.35302008,-1.565858,-1.11847,0,217.1, -12.1, 0,,,0,0,1024,1024,1024,1024,0,0,0,0,212.5,0,0,53,3.65,3.647,3.647,3.647,0,0,6.258,83.3,19.664102335288,29.52756,6,P-GPS
121700,2026-05-09 10:21:39,29.52756,,,19.664102335288,20.013124,2.3711564,51.68799378,9.0490160376,17,5,14.587,24.257278335288,34.120736,2.3711564,53.35302008,-1.789552,-1.565858,0,217.2, -9.9, 0,,,0,0,1024,1024,1024,1024,0,0,0,0,212.5,0,0,53,3.65,3.647,3.647,3.647,0,0,6.258,83.3,19.664102335288,29.52756,6,P-GPS
121800,2026-05-09 10:21:39,29.52756,,,19.664102335288,19.028872,2.7290668,51.303479332,9.4346459712,17,5,14.587,24.257278335288,34.120736,2.7290668,53.35302008,-2.23694,-1.565858,0,217.3, -5, 0,,,0,0,1024,1024,1024,1024,0,0,0,0,212.5,0,0,53,3.65,3.647,3.647,3.647,0,0,6.258,83.3,19.664102335288,29.52756,6,P-GPS
121900,2026-05-09 10:21:39,29.52756,,,19.664102335288,19.356956,2.8632832,50.822180104,9.9161420496,17,5,14.587,24.257278335288,34.120736,2.8632832,53.35302008,-2.23694,-1.789552,0,217.3, -1.2, 0.1,,,0,0,1024,1024,1024,1024,0,0,0,0,212.5,0,0,53,3.65,3.647,3.647,3.647,0,0,6.258,83.3,19.664102335288,29.52756,6,P-GPS
122000,2026-05-09 10:21:40,29.52756,,,19.664102335288,19.68504,2.8632832,50.396655156,10.347277234,17,5,14.587,24.257278335288,34.120736,2.8632832,53.35302008,-2.23694,-1.789552,0,217.3, 2.8, 0.1,,,0,0,1024,1024,1024,1024,0,0,0,0,212.5,0,0,53,3.65,3.647,3.647,3.647,0,0,6.258,83.3,19.664102335288,29.52756,6,P-GPS
122100,2026-05-09 10:21:40,29.52756,,,19.664102335288,19.68504,2.8632832,49.926510784,10.8180449656,17,5,14.588,24.257278335288,34.120736,2.8632832,53.35302008,-2.23694,-1.789552,0,217.3, 8.2, 0,,,0,0,1024,1024,1024,1024,0,0,0,0,212.5,0,0,53,3.65,3.646,3.646,3.645,0,0,6.183,83.48,19.664102335288,29.52756,6,P-GPS
122200,2026-05-09 10:21:40,29.52756,,,19.664102335288,19.68504,2.3711564,49.538387412,11.2069885476,17,5,14.588,24.257278335288,34.120736,2.8632832,53.35302008,-1.789552,-1.565858,0,217.2, 10.5, -0.1,,,0,0,1024,1024,1024,1024,0,0,0,0,212.5,-9.5,0,53,3.65,3.646,3.646,3.645,0,0,6.183,83.48,19.664102335288,29.52756,6,P-GPS
122300,2026-05-09 10:21:40,29.52756,,,19.664102335288,19.68504,2.0579848,49.257219424,11.4884190028,17,5,14.588,24.257278335288,34.120736,2.8632832,53.35302008,-1.565858,-1.342164,0,217.2, 10.6, -0.3,,,0,0,1024,1024,1024,1024,0,0,0,0,212.5,-38.5,0,53,3.65,3.646,3.646,3.645,0,0,6.183,83.48,19.664102335288,29.52756,6,P-GPS
122400,2026-05-09 10:21:40,29.52756,,,19.664102335288,19.68504,1.4316416,49.009844088,11.7577759668,17,5,14.588,24.257278335288,34.120736,2.8632832,53.35302008,-1.11847,-0.894776,0,217.2, 9.5, -0.6,,,0,0,1024,1024,1024,1024,0,0,0,0,212.5,-71.8,0,53,3.65,3.646,3.646,3.645,0,0,6.183,83.48,19.664102335288,29.52756,6,P-GPS
122500,2026-05-09 10:21:40,29.52756,,,19.664102335288,19.68504,1.11847,48.824148544,11.9500659992,17,5,14.588,24.257278335288,34.120736,2.8632832,53.35302008,-0.894776,-0.671082,0,217.2, 8.1, -0.9,,,0,0,1024,1024,1024,1024,0,0,0,0,212.5,-89.8,0,53,3.65,3.646,3.646,3.645,0,0,6.183,83.48,19.664102335288,29.52756,6,P-GPS
122600,2026-05-09 10:21:40,29.52756,,,19.664102335288,19.68504,0.9395148,48.71555274,12.0604990736,17,5,14.588,24.257278335288,34.120736,2.8632832,53.35302008,-0.671082,-0.671082,0,217.2, 6.8, -0.8,,,0,0,1024,1024,1024,1024,0,0,0,0,212.5,-90,0,53,3.65,3.646,3.646,3.645,0,0,6.183,83.48,19.664102335288,29.52756,6,P-GPS
122700,2026-05-09 10:21:40,29.52756,,,19.664102335288,19.356956,0.6263432,48.623361136,12.1699150876,17,5,14.588,24.257278335288,34.120736,2.8632832,53.35302008,-0.447388,-0.447388,0,217.3, 5.6, -0.6,,,0,0,1024,1024,1024,1024,0,0,0,0,212.5,-90,0,53,3.65,3.646,3.646,3.645,0,0,6.183,83.48,19.664102335288,29.52756,6,P-GPS
122800,2026-05-09 10:21:40,29.52756,,,19.664102335288,19.356956,0.4921268,48.39239,12.406988586,17,5,14.588,24.257278335288,34.120736,2.8632832,53.35302008,-0.447388,-0.223694,0,217.3, 4.7, -0.4,,,0,0,1132,1024,1024,1024,16,0,0,0,212.5,-90,0,53,3.65,3.646,3.646,3.645,0,0,6.183,83.48,19.664102335288,29.52756,6,P-GPS
122900,2026-05-09 10:21:40,29.52756,,,19.664102335288,19.356956,0.3131716,48.283794196,12.5221788784,17,5,14.588,24.257278335288,34.120736,2.8632832,53.35302008,-0.223694,-0.223694,0,217.3, 4, -0.3,,,0,0,1340,1024,1024,1024,48,0,0,0,212.5,-90,0,53,3.65,3.646,3.646,3.645,0,0,6.183,83.48,19.664102335288,29.52756,6,P-GPS
123000,2026-05-09 10:21:41,29.52756,,,19.664102335288,19.028872,0.3131716,48.235565848,12.5894360984,17,5,14.588,24.257278335288,34.120736,2.8632832,53.35302008,-0.223694,-0.223694,0,217.3, 2.5, -0.3,,,0,0,1445,1024,1024,1024,64,0,0,0,212.5,-90,0,53,3.65,3.646,3.646,3.645,0,0,6.183,83.48,19.664102335288,29.52756,6,P-GPS
123100,2026-05-09 10:21:41,29.52756,,,19.664102335288,19.028872,0.3131716,48.146327,12.6823822956,17,5,14.582,24.257278335288,34.120736,2.8632832,53.35302008,-0.223694,-0.223694,0,217.3, -0.8, -0.4,,,0,0,1532,1024,1024,1024,77,0,0,0,212.5,-90,0,53,3.647,3.644,3.643,3.643,0,0,6.208,83.48,19.664102335288,29.52756,6,P-GPS
123200,2026-05-09 10:21:41,29.52756,,,19.664102335288,18.700788,0.4921268,48.071523848,12.758202508,17,5,14.582,24.257278335288,34.120736,2.8632832,53.35302008,-0.447388,-0.223694,0,217.3, -5.4, -0.5,,,0,0,1560,1024,1024,1024,81,0,0,0,212.5,-90,0,53,3.647,3.644,3.643,3.643,0,0,6.208,83.48,19.664102335288,29.52756,6,P-GPS
123300,2026-05-09 10:21:41,29.52756,,,19.664102335288,18.700788,0.8052984,47.96752122,12.8624347948,17,5,14.582,24.257278335288,34.120736,2.8632832,53.35302008,-0.671082,-0.447388,0,217.3, -9.9, -0.4,,,0,0,1570,1024,1024,1024,83,0,0,0,212.5,-90,0,53,3.647,3.644,3.643,3.643,0,0,6.208,83.48,19.664102335288,29.52756,6,P-GPS
123400,2026-05-09 10:21:41,29.52756,,,19.664102335288,18.700788,1.11847,47.794292868,13.0411421496,17,5,14.582,24.257278335288,34.120736,2.8632832,53.35302008,-0.894776,-0.671082,0,217.3, -13.2, -0.4,,,0,0,1585,1024,1024,1024,85,0,0,0,212.5,-90,0,53,3.647,3.644,3.643,3.643,0,0,6.208,83.48,19.664102335288,29.52756,6,P-GPS
123500,2026-05-09 10:21:41,29.52756,,,19.664102335288,18.372704,1.6105968,47.529857164,13.3055778536,17,5,14.582,24.257278335288,34.120736,2.8632832,53.35302008,-1.342164,-0.894776,0,217.3, -15.1, -0.3,,,0,0,1590,1024,1024,1024,86,0,0,0,212.5,-90,0,53,3.647,3.644,3.643,3.643,0,0,6.208,83.48,19.664102335288,29.52756,6,P-GPS
123600,2026-05-09 10:21:41,29.52756,,,19.664102335288,18.372704,2.4158952,47.214240356,13.6211290448,17,5,14.582,24.257278335288,34.120736,2.8632832,53.35302008,-2.013246,-1.342164,0,217.3, -16, -0.2,,,0,0,1589,1024,1024,1024,86,0,0,0,212.5,-90,0,53,3.647,3.644,3.643,3.643,0,0,6.208,83.48,19.664102335288,29.52756,6,P-GPS
123700,2026-05-09 10:21:41,29.52756,,,19.664102335288,18.04462,3.0422384,46.710631416,14.1273626568,17,5,14.582,24.257278335288,34.120736,3.0422384,53.35302008,-2.460634,-1.789552,0,217.3, -16.4, -0.1,,,0,0,1579,1024,1024,1024,84,0,0,0,212.5,-90,0,53,3.647,3.644,3.643,3.643,0,0,6.208,83.48,19.664102335288,29.52756,6,P-GPS
123800,2026-05-09 10:21:41,29.52756,,,19.664102335288,17.716536,3.6685816,46.185697016,14.6524610988,17,5,14.582,24.257278335288,34.120736,3.6685816,53.35302008,-2.908022,-2.23694,0,217.3, -16.4, -0.1,,,0,0,1577,1024,1024,1024,84,0,0,0,212.5,-90,0,53,3.647,3.644,3.643,3.643,0,0,6.208,83.48,19.664102335288,29.52756,6,P-GPS
123900,2026-05-09 10:21:41,29.52756,,,19.664102335288,17.388452,4.1607084,45.571195684,15.268373192,17,5,14.582,24.257278335288,34.120736,4.1607084,53.35302008,-3.35541,-2.460634,0,217.3, -16.2, 0,,,0,0,1577,1024,1024,1024,84,0,0,0,212.5,-90,0,53,3.647,3.644,3.643,3.643,0,0,6.208,83.48,19.664102335288,29.52756,6,P-GPS
124000,2026-05-09 10:21:42,29.52756,,,19.664102335288,17.388452,4.9660068,44.873361016,15.9669296448,17,5,14.582,24.257278335288,34.120736,4.9660068,53.35302008,-4.026492,-2.908022,0,217.4, -16, 0.2,,,0,0,1577,1024,1024,1024,84,0,0,0,212.5,-90,0,53,3.647,3.644,3.643,3.643,0,0,6.208,83.48,19.664102335288,29.52756,6,P-GPS
124100,2026-05-09 10:21:42,29.52756,,,19.664102335288,17.388452,5.59235,44.034450228,16.8059060496,17,5,14.577,24.257278335288,34.120736,5.59235,53.35302008,-4.47388,-3.35541,0,217.4, -15.5, 0.3,,,0,0,1578,1024,1024,1024,84,0,0,0,212.5,-90,0,53,3.649,3.645,3.644,3.644,0,0,6.361,83.66,19.664102335288,29.52756,6,P-GPS
124200,2026-05-09 10:21:42,29.52756,,,19.664102335288,17.716536,6.2186932,42.986878016,17.8551186816,17,5,14.577,24.257278335288,34.120736,6.2186932,53.35302008,-4.921268,-3.802798,0,217.3, -15.4, 0.2,,,0,0,1577,1024,1024,1024,84,0,0,0,212.5,-90,0,53,3.649,3.645,3.644,3.644,0,0,6.361,83.66,19.664102335288,29.52756,6,P-GPS
124300,2026-05-09 10:21:42,29.52756,,,19.664102335288,18.04462,6.5318648,42.131891112,18.7111882628,17,5,14.577,24.257278335288,34.120736,6.5318648,53.35302008,-5.144962,-4.026492,0,217.3, -15.4, 0,,,0,0,1578,1024,1024,1024,84,0,0,0,212.5,-90,0,53,3.649,3.645,3.644,3.644,0,0,6.361,83.66,19.664102335288,29.52756,6,P-GPS
124400,2026-05-09 10:21:42,29.52756,,,19.664102335288,18.04462,7.158208,40.996064304,19.8492788504,17,5,14.577,24.257278335288,34.120736,7.158208,53.35302008,-5.59235,-4.47388,0,217.3, -15.4, -0.3,,,0,0,1577,1024,1024,1024,84,0,0,0,212.5,-90,0,53,3.649,3.645,3.644,3.644,0,0,6.361,83.66,19.664102335288,29.52756,6,P-GPS
124500,2026-05-09 10:21:42,29.52756,,,19.664102335288,18.04462,7.6503348,40.013452724,20.833826126,17,5,14.577,24.257278335288,34.120736,7.6503348,53.35302008,-6.039738,-4.697574,0,217.3, -15.2, -0.5,,,0,0,1577,1024,1024,1024,84,0,0,0,212.5,-90,0,53,3.649,3.645,3.644,3.644,0,0,6.361,83.66,19.664102335288,29.52756,6,P-GPS
124600,2026-05-09 10:21:42,29.52756,,,19.664102335288,17.716536,8.1424616,38.642389688,22.206529582,17,5,14.577,24.257278335288,34.120736,8.1424616,53.35302008,-6.487126,-4.921268,0,217.2, -14.8, -0.4,,,0,0,1575,1024,1024,1024,83,0,0,0,212.5,-90,0,53,3.649,3.645,3.644,3.644,0,0,6.361,83.66,19.664102335288,29.52756,6,P-GPS
124700,2026-05-09 10:21:42,29.52756,,,19.664102335288,17.716536,8.6345884,37.447179676,23.404200224,17,5,14.577,24.257278335288,34.120736,8.6345884,53.35302008,-6.934514,-5.144962,0,217.3, -14.8, -0.1,,,0,0,1538,1024,1024,1024,78,0,0,0,212.5,-90,0,53,3.649,3.645,3.644,3.644,0,0,6.361,83.66,19.664102335288,29.52756,6,P-GPS
124800,2026-05-09 10:21:42,29.52756,,,19.664102335288,18.04462,9.2609316,36.132875172,24.7200795312,17,5,14.577,24.257278335288,34.120736,9.2609316,53.35302008,-7.381902,-5.59235,0,217.3, -14.7, 0.3,,,0,0,1370,1024,1024,1024,52,0,0,0,212.5,-90,0,53,3.649,3.645,3.644,3.644,0,0,6.361,83.66,19.664102335288,29.52756,6,P-GPS
124900,2026-05-09 10:21:42,29.52756,,,19.664102335288,18.372704,9.5741032,34.814961744,26.0410441404,17,5,14.577,24.257278335288,34.120736,9.5741032,53.35302008,-7.605596,-5.816044,0,217.4, -13.4, 0.3,,,0,0,1024,1024,1024,1024,0,0,0,0,212.5,-90,0,53,3.649,3.645,3.644,3.644,0,0,6.361,83.66,19.664102335288,29.52756,6,P-GPS
125000,2026-05-09 10:21:43,29.52756,,,19.664102335288,18.372704,9.8872748,33.383859336,27.4751649212,17,5,14.577,24.257278335288,34.120736,9.8872748,53.35302008,-7.82929,-6.039738,0,217.4, -8.9, 0.4,,,0,0,1024,1024,1024,1024,0,0,0,0,212.5,-90,0,53,3.649,3.645,3.644,3.644,0,0,6.361,83.66,19.664102335288,29.52756,6,P-GPS
125100,2026-05-09 10:21:43,29.52756,,,19.664102335288,18.372704,10.2004464,31.8769039072,28.9834983028,17,5,14.57,24.257278335288,34.120736,10.2004464,53.35302008,-8.052984,-6.263432,0,217.4, -2.6, 0.3,,,0,0,1024,1024,1024,1024,0,0,0,0,212.5,-90,0,53,3.646,3.643,3.642,3.642,0,0,6.364,83.48,19.664102335288,29.52756,6,P-GPS
125200,2026-05-09 10:21:43,29.52756,,,19.664102335288,18.372704,9.8872748,30.1572844296,30.7089248672,17,5,14.57,24.257278335288,34.120736,10.2004464,53.35302008,-7.82929,-6.039738,0,217.3, 1.7, 0,,,0,0,1024,1024,1024,1024,0,0,0,0,212.5,-90,0,53,3.646,3.643,3.642,3.642,0,0,6.364,83.48,19.664102335288,29.52756,6,P-GPS
125300,2026-05-09 10:21:43,29.52756,,,19.664102335288,18.372704,9.5741032,28.7880914724,32.081365856,17,5,14.57,24.257278335288,34.120736,10.2004464,53.35302008,-7.605596,-5.816044,0,217.3, 11.9, -0.3,,,0,0,1024,1024,1024,1024,0,0,0,0,212.5,-90,0,53,3.646,3.643,3.642,3.642,0,0,6.364,83.48,19.664102335288,29.52756,6,P-GPS
125400,2026-05-09 10:21:43,29.52756,,,19.664102335288,18.700788,9.0819764,27.3563985132,33.522310784,17,5,14.57,24.257278335288,34.120736,10.2004464,53.35302008,-7.158208,-5.59235,0,217.6, 25.9, -0.2,,,0,0,1024,1024,1024,1024,0,0,0,0,212.5,-90,0,53,3.646,3.643,3.642,3.642,0,0,6.364,83.48,19.664102335288,29.52756,6,P-GPS
125500,2026-05-09 10:21:43,29.52756,,,19.664102335288,18.700788,7.82929,26.159613698,34.723754392,17,5,14.57,24.257278335288,34.120736,10.2004464,53.35302008,-6.263432,-4.697574,0,217.4, 30.7, -0.4,,,0,0,1024,1024,1024,1024,0,0,0,0,212.5,-90,0,53,3.646,3.643,3.642,3.642,0,0,6.364,83.48,19.664102335288,29.52756,6,P-GPS
125600,2026-05-09 10:21:43,29.52756,,,19.664102335288,18.372704,6.5318648,25.2948826992,35.59547358,17,5,14.57,24.257278335288,34.120736,10.2004464,53.35302008,-5.144962,-4.026492,0,217.2, 30.5, -0.2,,,0,0,1024,1024,1024,1024,0,0,0,0,212.5,-90,0,53,3.646,3.643,3.642,3.642,0,0,6.364,83.48,19.664102335288,29.52756,6,P-GPS
125700,2026-05-09 10:21:43,29.52756,,,19.664102335288,18.372704,5.1002232,24.379265872,36.517061536,17,5,14.57,24.257278335288,34.120736,10.2004464,53.35302008,-4.026492,-3.131716,0,217.1, 26.4, -0.3,,,0,0,1024,1024,1024,1024,0,0,0,0,212.5,-90,0,53,3.646,3.643,3.642,3.642,0,0,6.364,83.48,19.664102335288,29.52756,6,P-GPS
125800,2026-05-09 10:21:43,29.52756,,,19.664102335288,18.04462,3.8475368,23.7633209704,37.136812212,17,5,14.57,24.257278335288,34.120736,10.2004464,53.35302008,-3.131716,-2.23694,0,217.1, 21.3, 0,,,0,0,1041,1024,1024,1024,3,0,0,0,212.5,-90,0,53,3.646,3.643,3.642,3.642,0,0,6.364,83.48,19.664102335288,29.52756,6,P-GPS
125900,2026-05-09 10:21:43,29.52756,,,19.664102335288,17.716536,3.0422384,23.3595479916,37.545604876,17,5,14.57,24.257278335288,34.120736,10.2004464,53.35302008,-2.460634,-1.789552,0,217.1, 17.3, 0,,,0,0,1041,1024,1024,1024,3,0,0,0,212.5,-90,0,53,3.646,3.643,3.642,3.642,0,0,6.364,83.48,19.664102335288,29.52756,6,P-GPS
126000,2026-05-09 10:21:44,29.52756,,,19.664102335288,17.716536,2.23694,23.0436030996,37.862862104,17,5,14.57,24.257278335288,34.120736,10.2004464,53.35302008,-1.789552,-1.342164,0,217.1, 13.8, 0,,,0,0,1257,1024,1024,1024,35,0,0,0,212.5,-90,0,53,3.646,3.643,3.642,3.642,0,0,6.364,83.48,19.664102335288,29.52756,6,P-GPS
126100,2026-05-09 10:21:44,29.52756,,,19.664102335288,17.716536,1.7448132,22.811844562,38.099082584,17,5,14.578,24.257278335288,34.120736,10.2004464,53.35302008,-1.342164,-1.11847,0,217.1, 9.7, -0.2,,,0,0,1463,1024,1024,1024,67,0,0,0,212.5,-90,0,53,3.64,3.637,3.633,3.628,0,0,6.362,83.66,19.664102335288,29.52756,6,P-GPS
126200,2026-05-09 10:21:44,29.52756,,,19.664102335288,17.716536,1.4316416,22.5675532156,38.350066844,17,5,14.578,24.257278335288,34.120736,10.2004464,53.35302008,-1.11847,-0.894776,0,217.1, 5.1, -0.4,,,0,0,1575,1024,1024,1024,83,0,0,0,212.5,-90,0,53,3.64,3.637,3.633,3.628,0,0,6.362,83.66,19.664102335288,29.52756,6,P-GPS
126300,2026-05-09 10:21:44,29.52756,,,19.664102335288,17.716536,1.4316416,22.3244101632,38.598098348,17,5,14.578,24.257278335288,34.120736,10.2004464,53.35302008,-1.11847,-0.894776,0,217, -1.8, -0.5,,,0,0,1594,1024,1024,1024,86,0,0,0,212.5,-90,0,53,3.64,3.637,3.633,3.628,0,0,6.362,83.66,19.664102335288,29.52756,6,P-GPS
126400,2026-05-09 10:21:44,29.52756,,,19.664102335288,17.388452,1.4316416,21.932743484,38.99442382,17,5,14.578,24.257278335288,34.120736,10.2004464,53.35302008,-1.11847,-0.894776,0,217.1, -8.5, -0.7,,,0,0,1567,1024,1024,1024,82,0,0,0,212.5,-90,0,53,3.64,3.637,3.633,3.628,0,0,6.362,83.66,19.664102335288,29.52756,6,P-GPS
126500,2026-05-09 10:21:44,29.52756,,,19.664102335288,17.060368,1.9237684,21.6272644716,39.305775536,17,5,14.578,24.257278335288,34.120736,10.2004464,53.35302008,-1.565858,-1.11847,0,217.1, -12.4, -0.6,,,0,0,1424,1024,1024,1024,61,0,0,0,212.5,-90,0,53,3.64,3.637,3.633,3.628,0,0,6.362,83.66,19.664102335288,29.52756,6,P-GPS
126600,2026-05-09 10:21:44,29.52756,,,19.664102335288,17.060368,1.9237684,21.2008536968,39.735565576,17,5,14.578,24.257278335288,34.120736,10.2004464,53.35302008,-2.013246,-1.342164,0,217.2, -13.5, -0.5,,,0,0,1158,1024,1024,1024,20,0,0,0,212.5,-90,0,53,3.64,3.637,3.633,3.628,0,0,6.362,83.66,19.664102335288,29.52756,6,P-GPS
126700,2026-05-09 10:21:44,29.52756,,,19.664102335288,17.060368,3.0422384,20.7606962024,40.181759816,17,5,14.578,24.257278335288,34.120736,10.2004464,53.35302008,-2.460634,-1.789552,0,217.2, -10.4, -0.2,,,0,0,1024,1024,1024,1024,0,0,0,0,212.5,-90,0,53,3.64,3.637,3.633,3.628,0,0,6.362,83.66,19.664102335288,29.52756,6,P-GPS
126800,2026-05-09 10:21:44,29.52756,,,19.664102335288,17.060368,3.0422384,20.2667657404,40.682416,17,5,14.578,24.257278335288,34.120736,10.2004464,53.35302008,-2.684328,-2.013246,0,217.2, -4.6, 0,,,0,0,1024,1024,1024,1024,0,0,0,0,212.5,-90,0,53,3.64,3.637,3.633,3.628,0,0,6.362,83.66,19.664102335288,29.52756,6,P-GPS
126900,2026-05-09 10:21:44,29.52756,,,19.664102335288,17.388452,3.5343652,19.6205058772,41.334646992,17,5,14.578,24.257278335288,34.120736,10.2004464,53.35302008,-2.908022,-2.013246,0,217.2, 0, 0,,,0,0,1024,1024,1024,1024,0,0,0,0,212.5,-90,0,53,3.64,3.637,3.633,3.628,0,0,6.362,83.66,19.664102335288,29.52756,6,P-GPS
127000,2026-05-09 10:21:44,29.52756,,,19.664102335288,17.060368,3.6685816,19.1654861776,41.795605012,17,5,14.578,24.257278335288,34.120736,10.2004464,53.35302008,-2.908022,-2.23694,0,217.2, 2.3, 0,,,0,0,1396,1024,1024,1024,56,0,0,0,212.5,-90,0,53,3.64,3.637,3.633,3.628,0,0,6.362,83.66,19.664102335288,29.52756,6,P-GPS
127100,2026-05-09 10:21:45,29.52756,,,19.664102335288,17.388452,3.35541,18.5681764472,42.40321658,17,5,14.555,24.257278335288,34.120736,10.2004464,53.35302008,-2.684328,-2.013246,0,217.2, 5.4, -0.2,,,0,0,1589,1024,1024,1024,86,0,0,0,212.5,-90,0,53,3.643,3.639,3.638,3.638,0,0,6.749,83.84,19.664102335288,29.52756,6,P-GPS
127200,2026-05-09 10:21:45,29.52756,,,19.664102335288,17.716536,3.1764548,18.1149612096,42.86745544,17,5,14.555,24.257278335288,34.120736,10.2004464,53.35302008,-2.460634,-2.013246,0,217.1, 1.9, -0.4,,,0,0,1620,1024,1024,1024,90,0,0,0,212.5,-90,0,53,3.643,3.639,3.638,3.638,0,0,6.749,83.84,19.664102335288,29.52756,6,P-GPS
127300,2026-05-09 10:21:45,29.52756,,,19.664102335288,17.716536,3.1764548,17.6729336364,43.31036884,17,5,14.555,24.257278335288,34.120736,10.2004464,53.35302008,-2.460634,-2.013246,0,217, -5.9, -0.4,,,0,0,1510,1024,1024,1024,74,0,0,0,212.5,-90,0,53,3.643,3.639,3.638,3.638,0,0,6.749,83.84,19.664102335288,29.52756,6,P-GPS
127400,2026-05-09 10:21:45,29.52756,,,19.664102335288,17.388452,3.35541,17.1601711528,43.823492216,17,5,14.555,24.257278335288,34.120736,10.2004464,53.35302008,-2.684328,-2.013246,0,217, -12.1, -0.2,,,0,0,1355,1024,1024,1024,50,0,0,0,212.5,-90,0,53,3.643,3.639,3.638,3.638,0,0,6.749,83.84,19.664102335288,29.52756,6,P-GPS
127500,2026-05-09 10:21:45,29.52756,,,19.664102335288,17.388452,3.35541,16.627133078,44.359581472,17,5,14.555,24.257278335288,34.120736,10.2004464,53.35302008,-3.131716,-2.23694,0,217.1, -13.1, 0.2,,,0,0,1024,1024,1024,1024,0,0,0,0,212.5,-90,0,53,3.643,3.639,3.638,3.638,0,0,6.749,83.84,19.664102335288,29.52756,6,P-GPS
127600,2026-05-09 10:21:45,29.52756,,,19.664102335288,17.388452,4.47388,15.8988194064,45.094817716,17,5,14.555,24.257278335288,34.120736,10.2004464,53.35302008,-3.579104,-2.684328,0,217.2, -9.2, 0.4,,,0,0,1024,1024,1024,1024,0,0,0,0,212.5,-90,0,53,3.643,3.639,3.638,3.638,0,0,6.749,83.84,19.664102335288,29.52756,6,P-GPS
127700,2026-05-09 10:21:45,29.52756,,,19.664102335288,17.388452,4.6528352,15.2824151872,45.715552644,17,5,14.555,24.257278335288,34.120736,10.2004464,53.35302008,-3.802798,-2.684328,0,217.3, -3.1, 0.4,,,0,0,1024,1024,1024,1024,0,0,0,0,212.5,-90,0,53,3.643,3.639,3.638,3.638,0,0,6.749,83.84,19.664102335288,29.52756,6,P-GPS
127800,2026-05-09 10:21:45,29.52756,,,19.664102335288,17.716536,4.6528352,14.5493442976,46.467193088,17,5,14.555,24.257278335288,34.120736,10.2004464,53.35302008,-3.802798,-2.684328,0,217.3, 0.5, 0.3,,,0,0,1024,1024,1024,1024,0,0,0,0,212.5,-90,0,53,3.643,3.639,3.638,3.638,0,0,6.749,83.84,19.664102335288,29.52756,6,P-GPS
127900,2026-05-09 10:21:46,29.52756,,,19.664102335288,17.388452,4.6528352,13.8221133032,47.208662928,17,5,14.555,24.257278335288,34.120736,10.2004464,53.35302008,-3.802798,-2.684328,0,217.3, 7.5, 0.1,,,0,0,1117,1024,1024,1024,14,0,0,0,212.5,-90,0,53,3.643,3.639,3.638,3.638,0,0,6.749,83.84,19.664102335288,29.52756,6,P-GPS
128000,2026-05-09 10:21:46,29.52756,,,19.664102335288,17.716536,4.6528352,13.1671920224,47.872704944,17,5,14.555,24.257278335288,34.120736,10.2004464,53.35302008,-3.35541,-2.460634,0,217.4, 13.8, 0.1,,,0,0,1230,1024,1024,1024,31,0,0,0,212.5,-90,0,53,3.643,3.639,3.638,3.638,0,0,6.749,83.84,19.664102335288,29.52756,6,P-GPS
128100,2026-05-09 10:21:46,29.52756,,,19.664102335288,17.716536,3.6685816,12.6608599852,48.38910916,17,5,14.554,24.257278335288,34.120736,10.2004464,53.35302008,-2.908022,-2.23694,0,217.2, 11.5, 0,,,0,0,1409,1024,1024,1024,58,0,0,0,212.5,-90,0,53,3.643,3.639,3.639,3.638,0,0,6.756,83.84,19.664102335288,29.52756,6,P-GPS
128200,2026-05-09 10:21:46,29.52756,,,19.664102335288,18.04462,3.6685816,12.1178481568,48.94029028,17,5,14.554,24.257278335288,34.120736,10.2004464,53.35302008,-2.684328,-2.013246,0,217.1, 7.6, 0,,,0,0,1549,1024,1024,1024,80,0,0,0,212.5,-90,0,53,3.643,3.639,3.639,3.638,0,0,6.756,83.84,19.664102335288,29.52756,6,P-GPS
128300,2026-05-09 10:21:46,29.52756,,,19.664102335288,18.04462,3.0422384,11.707021372,49.359909716,17,5,14.554,24.257278335288,34.120736,10.2004464,53.35302008,-2.460634,-1.789552,0,217.1, 2.8, 0,,,0,0,1549,1024,1024,1024,80,0,0,0,212.5,-90,0,53,3.643,3.639,3.639,3.638,0,0,6.756,83.84,19.664102335288,29.52756,6,P-GPS
128400,2026-05-09 10:21:46,29.52756,,,19.664102335288,18.04462,2.8632832,11.2376315932,49.834975348,17,5,14.554,24.257278335288,34.120736,10.2004464,53.35302008,-2.23694,-1.789552,0,217.1, -3.1, 0,,,0,0,1554,1024,1024,1024,80,0,0,0,212.5,-90,0,53,3.643,3.639,3.639,3.638,0,0,6.756,83.84,19.664102335288,29.52756,6,P-GPS
128500,2026-05-09 10:21:46,29.52756,,,19.664102335288,17.716536,3.0422384,10.737861236,50.340880876,17,5,14.554,24.257278335288,34.120736,10.2004464,53.35302008,-2.460634,-1.789552,0,217, -8.9, 0.2,,,0,0,1554,1024,1024,1024,80,0,0,0,212.5,-90,0,53,3.643,3.639,3.639,3.638,0,0,6.756,83.84,19.664102335288,29.52756,6,P-GPS
128600,2026-05-09 10:21:46,29.52756,,,19.664102335288,17.716536,3.35541,10.3383205408,50.747376952,17,5,14.554,24.257278335288,34.120736,10.2004464,53.35302008,-2.684328,-2.013246,0,217, -12.2, 0.4,,,0,0,1420,1024,1024,1024,60,0,0,0,212.5,-90,0,53,3.643,3.639,3.639,3.638,0,0,6.756,83.84,19.664102335288,29.52756,6,P-GPS
128700,2026-05-09 10:21:46,29.52756,,,19.664102335288,17.388452,3.8475368,9.7627299712,51.33858432,17,5,14.554,24.257278335288,34.120736,10.2004464,53.35302008,-3.131716,-2.23694,0,217.1, -12.6, 0.6,,,0,0,1219,1024,1024,1024,30,0,0,0,212.5,-90,0,53,3.643,3.639,3.639,3.638,0,0,6.756,83.84,19.664102335288,29.52756,6,P-GPS
128800,2026-05-09 10:21:46,29.52756,,,19.664102335288,17.388452,4.3396636,9.177165648,51.941274628,17,5,14.554,24.257278335288,34.120736,10.2004464,53.35302008,-3.579104,-2.460634,0,217.2, -9.1, 0.7,,,0,0,1024,1024,1024,1024,0,0,0,0,212.5,-90,0,53,3.643,3.639,3.639,3.638,0,0,6.756,83.84,19.664102335288,29.52756,6,P-GPS
128900,2026-05-09 10:21:46,29.52756,,,19.664102335288,17.388452,4.6528352,8.3147640456,52.83628778,17,5,14.554,24.257278335288,34.120736,10.2004464,53.35302008,-3.802798,-2.684328,0,217.3, -3.6, 0.7,,,0,0,1024,1024,1024,1024,0,0,0,0,212.5,-90,0,53,3.643,3.639,3.639,3.638,0,0,6.756,83.84,19.664102335288,29.52756,6,P-GPS
129000,2026-05-09 10:21:47,29.52756,,,19.664102335288,17.388452,4.6528352,7.723425444,53.459319296,17,5,14.554,24.257278335288,34.120736,10.2004464,53.35302008,-3.802798,-2.684328,0,217.3, 0.2, 0.9,,,0,0,1024,1024,1024,1024,0,0,0,0,212.5,-90,0,53,3.643,3.639,3.639,3.638,0,0,6.756,83.84,19.664102335288,29.52756,6,P-GPS
129100,2026-05-09 10:21:47,29.52756,,,19.664102335288,17.388452,4.6528352,6.9897968116,54.23556604,17,5,14.546,24.257278335288,34.120736,10.2004464,53.35302008,-3.802798,-2.684328,0,217.2, 3.3, 0.8,,,0,0,1024,1024,1024,1024,0,0,0,0,212.5,-90,0,53,3.643,3.639,3.638,3.638,0,0,6.76,83.84,19.664102335288,29.52756,6,P-GPS
129200,2026-05-09 10:21:47,29.52756,,,19.664102335288,17.388452,4.47388,6.3814634588,54.881235352,17,5,14.546,24.257278335288,34.120736,10.2004464,53.35302008,-3.579104,-2.684328,0,217.4, 11.8, 0.6,,,0,0,1027,1024,1024,1024,0,0,0,0,212.5,-90,0,53,3.643,3.639,3.638,3.638,0,0,6.76,83.84,19.664102335288,29.52756,6,P-GPS
129300,2026-05-09 10:21:47,29.52756,,,19.664102335288,17.388452,3.8475368,5.8565946756,55.464568704,17,5,14.546,24.257278335288,34.120736,10.2004464,53.35302008,-3.131716,-2.23694,0,217.3, 15.8, 0.3,,,0,0,1139,1024,1024,1024,17,0,0,0,212.5,-90,0,53,3.643,3.639,3.638,3.638,0,0,6.76,83.84,19.664102335288,29.52756,6,P-GPS
129400,2026-05-09 10:21:47,29.52756,,,19.664102335288,17.388452,3.1764548,5.3854660516,55.989831188,17,5,14.546,24.257278335288,34.120736,10.2004464,53.35302008,-2.460634,-2.013246,0,217.1, 13.2, 0,,,0,0,1232,1024,1024,1024,32,0,0,0,212.5,-90,0,53,3.643,3.639,3.638,3.638,0,0,6.76,83.84,19.664102335288,29.52756,6,P-GPS
129500,2026-05-09 10:21:47,29.52756,,,19.664102335288,17.388452,2.5501116,5.0598426816,56.365815452,17,5,14.546,24.257278335288,34.120736,10.2004464,53.35302008,-2.013246,-1.565858,0,217, 9, -0.1,,,0,0,1232,1024,1024,1024,32,0,0,0,212.5,-90,0,53,3.643,3.639,3.638,3.638,0,0,6.76,83.84,19.664102335288,29.52756,6,P-GPS
129600,2026-05-09 10:21:47,29.52756,,,19.664102335288,17.060368,2.23694,4.7103676048,56.746720976,17,5,14.546,24.257278335288,34.120736,10.2004464,53.35302008,-1.789552,-1.342164,0,217, 5.3, -0.1,,,0,0,1114,1024,1024,1024,14,0,0,0,212.5,-90,0,53,3.643,3.639,3.638,3.638,0,0,6.76,83.84,19.664102335288,29.52756,6,P-GPS
129700,2026-05-09 10:21:47,29.52756,,,19.664102335288,17.060368,2.23694,4.4927166792,57.003610748,17,5,14.546,24.257278335288,34.120736,10.2004464,53.35302008,-1.789552,-1.342164,0,217.1, 2.9, -0.1,,,0,0,1024,1024,1024,1024,0,0,0,0,212.5,-90,0,53,3.643,3.639,3.638,3.638,0,0,6.76,83.84,19.664102335288,29.52756,6,P-GPS
129800,2026-05-09 10:21:47,29.52756,,,19.664102335288,17.060368,1.9237684,4.1952757248,57.353676376,17,5,14.546,24.257278335288,34.120736,10.2004464,53.35302008,-1.565858,-1.11847,0,217.1, 2.5, 0,,,0,0,1024,1024,1024,1024,0,0,0,0,212.5,-90,0,53,3.643,3.639,3.638,3.638,0,0,6.76,83.84,19.664102335288,29.52756,6,P-GPS
129900,2026-05-09 10:21:47,29.52756,,,19.664102335288,8.858268,1.9237684,3.9415683676,57.647967724,17,5,14.546,24.257278335288,34.120736,10.2004464,53.35302008,-1.565858,-1.11847,0,217.1, 2.6, 0.1,,,0,0,1024,1024,1024,1024,0,0,0,0,212.5,-90,0,53,3.643,3.639,3.638,3.638,0,0,6.76,83.84,19.664102335288,29.52756,6,P-GPS
130000,2026-05-09 10:21:48,29.52756,,,19.664102335288,8.858268,1.7448132,3.691601168,57.955382432,17,5,14.546,24.257278335288,34.120736,10.2004464,53.35302008,-1.342164,-1.11847,0,217.2, 5.2, 0.2,,,0,0,1024,1024,1024,1024,0,0,0,0,212.5,-90,0,53,3.643,3.639,3.638,3.638,0,0,6.76,83.84,19.664102335288,29.52756,6,P-GPS
130100,2026-05-09 10:21:48,29.52756,,,19.664102335288,8.858268,1.6105968,3.50065628,58.2431121,17,5,14.554,24.257278335288,34.120736,10.2004464,53.35302008,-1.342164,-0.894776,0,217.2, 7.3, 0,,,0,0,1330,1024,1024,1024,46,0,0,0,212.5,-90,0,53,3.636,3.638,3.638,3.635,0,0,6.538,84.02,19.664102335288,29.52756,6,P-GPS
130200,2026-05-09 10:21:48,29.52756,,,19.664102335288,8.858268,1.2974252,3.357447614,58.450789272,17,5,14.554,24.257278335288,34.120736,10.2004464,53.35302008,-1.11847,-0.671082,0,217.1, 7, 0,,,0,0,1600,1011,1024,1024,87,-2,0,0,212.5,-90,0,53,3.636,3.638,3.638,3.635,0,0,6.538,84.02,19.664102335288,29.52756,6,P-GPS
130300,2026-05-09 10:21:48,29.52756,,,19.664102335288,8.858268,1.11847,3.22255259656,58.65977878,17,5,14.554,24.257278335288,34.120736,10.2004464,53.35302008,-0.894776,-0.671082,0,217.1, 3.2, 0,,,0,0,1631,999,1024,1024,92,-4,0,0,212.5,-90,0,53,3.636,3.638,3.638,3.635,0,0,6.538,84.02,19.664102335288,29.52756,6,P-GPS
130400,2026-05-09 10:21:48,29.52756,,,19.664102335288,8.858268,1.11847,3.0912402564,58.818243352,17,5,14.554,24.257278335288,34.120736,10.2004464,53.35302008,-0.894776,-0.671082,0,216.9, -5.2, 0.1,,,0,0,1494,1018,1024,1024,71,-1,0,0,212.5,-90,0,53,3.636,3.638,3.638,3.635,0,0,6.538,84.02,19.664102335288,29.52756,6,P-GPS
130500,2026-05-09 10:21:48,29.52756,,,19.664102335288,8.858268,1.2974252,2.94727043552,59.019358844,17,5,14.554,24.257278335288,34.120736,10.2004464,53.35302008,-1.11847,-0.671082,0,216.9, -12.4, 0.3,,,0,0,1239,1024,1024,1024,33,0,0,0,212.5,-90,0,53,3.636,3.638,3.638,3.635,0,0,6.538,84.02,19.664102335288,29.52756,6,P-GPS
130600,2026-05-09 10:21:48,29.52756,,,19.664102335288,8.858268,1.8119214,2.7739830284,59.316931032,17,5,14.554,24.257278335288,34.120736,10.2004464,53.35302008,-1.565858,-0.894776,0,217, -13.5, 0.5,,,0,0,1082,1024,1024,1024,9,0,0,0,212.5,-90,0,53,3.636,3.638,3.638,3.635,0,0,6.538,84.02,19.664102335288,29.52756,6,P-GPS
130700,2026-05-09 10:21:48,29.52756,,,19.664102335288,8.530184,2.4158952,2.5773786914,59.656169888,17,5,14.554,24.257278335288,34.120736,10.2004464,53.35302008,-2.013246,-1.342164,0,217.2, -8.7, 0.6,,,0,0,1024,1024,1024,1024,0,0,0,0,212.5,-90,0,53,3.636,3.638,3.638,3.635,0,0,6.538,84.02,19.664102335288,29.52756,6,P-GPS
130800,2026-05-09 10:21:48,29.52756,,,19.664102335288,8.530184,2.7290668,2.37530191328,60.101379876,17,5,14.554,24.257278335288,34.120736,10.2004464,53.35302008,-2.23694,-1.565858,0,217.2, -3.3, 0.8,,,0,0,1024,1024,1024,1024,0,0,0,0,212.5,-90,0,53,3.636,3.638,3.638,3.635,0,0,6.538,84.02,19.664102335288,29.52756,6,P-GPS
130900,2026-05-09 10:21:48,29.52756,,,19.664102335288,8.530184,2.7290668,2.25179797232,60.564634484,17,5,14.554,24.257278335288,34.120736,10.2004464,53.35302008,-2.23694,-1.565858,0,217.2, 0.1, 0.9,,,0,0,1024,1024,1024,1024,0,0,0,0,212.5,-90,0,53,3.636,3.638,3.638,3.635,0,0,6.538,84.02,19.664102335288,29.52756,6,P-GPS
131000,2026-05-09 10:21:49,29.52756,,,19.664102335288,8.530184,2.7290668,2.22202106848,61.008532136,17,5,14.554,24.257278335288,34.120736,10.2004464,53.35302008,-2.23694,-1.565858,0,217.2, 3.4, 0.8,,,0,0,1024,1024,1024,1024,0,0,0,0,212.5,-90,0,53,3.636,3.638,3.638,3.635,0,0,6.538,84.02,19.664102335288,29.52756,6,P-GPS
131100,2026-05-09 10:21:49,29.52756,,,19.664102335288,19.68504,2.5501116,2.26391739528,61.378282804,17,5,14.554,24.257278335288,34.120736,10.2004464,53.35302008,-2.013246,-1.565858,0,217.3, 8.4, 0.8,,,0,0,1024,1024,1024,869,0,0,0,-23,212.5,-90,0,52,3.639,3.636,3.636,3.637,0,0,6.407,84.02,19.664102335288,29.52756,6,P-GPS
131200,2026-05-09 10:21:49,29.52756,,,19.664102335288,19.356956,2.23694,2.40630913212,61.736222448,17,5,14.554,24.257278335288,34.120736,10.2004464,53.35302008,-1.789552,-1.342164,0,217.3, 10.6, 0.7,,,0,0,1024,1024,1024,869,0,0,0,-23,212.5,-90,0,52,3.639,3.636,3.636,3.637,0,0,6.407,84.02,19.664102335288,29.52756,6,P-GPS
131300,2026-05-09 10:21:49,29.52756,,,19.664102335288,19.356956,1.7448132,2.53596792892,61.99311222,17,5,14.554,24.257278335288,34.120736,10.2004464,53.35302008,-1.342164,-1.11847,0,217.2, 10.5, 0.3,,,0,0,1024,1024,1024,364,0,0,0,-100,212.2,-90,0,52,3.639,3.636,3.636,3.637,0,0,6.407,84.02,19.664102335288,29.52756,6,P-GPS
131400,2026-05-09 10:21:49,29.52756,,,19.664102335288,19.356956,1.4316416,2.68151583384,62.251970496,17,5,14.554,24.257278335288,34.120736,10.2004464,53.35302008,-1.11847,-0.894776,0,216.6, 9.4, 0,,,0,0,1024,1024,1024,552,0,0,0,-72,209.3,-90,0,52,3.639,3.636,3.636,3.637,0,0,6.407,84.02,19.664102335288,29.52756,6,P-GPS
131500,2026-05-09 10:21:49,29.52756,,,19.664102335288,19.356956,1.11847,2.74530520596,62.424870764,17,5,14.554,24.257278335288,34.120736,10.2004464,53.35302008,-0.894776,-0.671082,0,212.9, 7.9, -0.7,,,0,0,1024,1024,1024,1022,0,0,0,-0,205.4,-90,0,52,3.639,3.636,3.636,3.637,0,0,6.407,84.02,19.664102335288,29.52756,6,P-GPS
131600,2026-05-09 10:21:49,29.52756,,,19.664102335288,19.356956,0.8052984,2.81808736052,62.553807776,17,5,14.554,24.257278335288,34.120736,10.2004464,53.35302008,-0.671082,-0.447388,0,208.9, 6.5, -1.2,,,0,0,1024,1024,1024,1024,0,0,0,0,204,-90,0,52,3.639,3.636,3.636,3.637,0,0,6.407,84.02,19.664102335288,29.52756,6,P-GPS
131700,2026-05-09 10:21:49,29.52756,,,19.664102335288,19.356956,0.4921268,2.86342200764,62.71981828,17,5,14.554,24.257278335288,34.120736,10.2004464,53.35302008,-0.447388,-0.223694,0,208.3, 5.4, -0.8,,,0,0,1024,1024,1024,1024,0,0,0,0,203.7,-90,0,52,3.639,3.636,3.636,3.637,0,0,6.407,84.02,19.664102335288,29.52756,6,P-GPS
131800,2026-05-09 10:21:49,29.52756,,,19.664102335288,19.028872,0.4921268,2.91643053952,62.817587312,17,5,14.554,24.257278335288,34.120736,10.2004464,53.35302008,-0.447388,-0.223694,0,208.6, 4.6, -0.6,,,0,0,1024,1024,1024,1016,0,0,0,-1,203.7,-90,0,52,3.639,3.636,3.636,3.637,0,0,6.407,84.02,19.664102335288,29.52756,6,P-GPS
131900,2026-05-09 10:21:49,29.52756,,,19.664102335288,18.700788,0.3131716,2.96359261452,62.875002012,17,5,14.554,24.257278335288,34.120736,10.2004464,53.35302008,-0.223694,-0.223694,0,208.8, 3.9, -0.5,,,0,0,1024,1024,1024,806,0,0,0,-33,203.7,-90,0,52,3.639,3.636,3.636,3.637,0,0,6.407,84.02,19.664102335288,29.52756,6,P-GPS
132000,2026-05-09 10:21:50,29.52756,,,19.664102335288,19.028872,0.223694,2.9920276548,62.912403588,17,5,14.554,24.257278335288,34.120736,10.2004464,53.35302008,-0.223694,0,0,208.9, 3.5, -0.3,,,0,0,1024,1024,1024,928,0,0,0,-15,203.6,-90,0,52,3.639,3.636,3.636,3.637,0,0,6.407,84.02,19.664102335288,29.52756,6,P-GPS
132100,2026-05-09 10:21:50,29.52756,,,19.664102335288,19.028872,0.223694,3.024032249,62.94455582,17,5,14.549,24.257278335288,34.120736,10.2004464,53.35302008,-0.223694,0,0,208.8, 3.2, 0,,,0,0,1080,924,1024,1024,8,-15,0,0,203.1,-90,0,52,3.639,3.635,3.635,3.635,0,0,6.545,84.02,19.664102335288,29.52756,6,P-GPS
132200,2026-05-09 10:21:50,29.52756,,,19.664102335288,19.356956,0,3.02481308892,62.988190992,17,5,14.549,24.257278335288,34.120736,10.2004464,53.35302008,0,0,0,208.2, 2.7, 0,,,0,0,1160,599,1024,1024,21,-64,0,0,202.9,-90,0,52,3.639,3.635,3.635,3.635,0,0,6.545,84.02,19.664102335288,29.52756,6,P-GPS
132300,2026-05-09 10:21:50,29.52756,,,19.664102335288,19.356956,0,3.0319226692,63.014437712,17,5,14.549,24.257278335288,34.120736,10.2004464,53.35302008,0,0,0,208.1, 2.1, -0.9,,,0,0,1220,507,1024,1024,30,-78,0,0,202.8,-90,0,52,3.639,3.635,3.635,3.635,0,0,6.545,84.02,19.664102335288,29.52756,6,P-GPS
132400,2026-05-09 10:21:50,29.52756,,,19.664102335288,19.356956,0,3.01622056896,63.060041388,17,5,14.549,24.257278335288,34.120736,10.2004464,53.35302008,0,0,0,208, 1.2, -5.3,,,0,0,1230,687,1024,1024,31,-51,0,0,202.8,-90,0,52,3.639,3.635,3.635,3.635,0,0,6.545,84.02,19.664102335288,29.52756,6,P-GPS
132500,2026-05-09 10:21:50,29.52756,,,19.664102335288,19.68504,0.3131716,2.9967520644,63.0987553,17,5,14.549,24.257278335288,34.120736,10.2004464,53.35302008,-0.223694,0.223694,0,207.9, 0.2, -9,,,0,0,1225,749,1024,1024,30,-42,0,0,202.8,-90,0,52,3.639,3.635,3.635,3.635,0,0,6.545,84.02,19.664102335288,29.52756,6,P-GPS
132600,2026-05-09 10:21:50,29.52756,,,19.664102335288,20.013124,0.6263432,2.909776996,63.229660816,17,5,14.549,24.257278335288,34.120736,10.2004464,53.35302008,-0.447388,0.447388,0,207.9, -0.3, -8.6,,,0,0,1171,896,1024,1024,22,-19,0,0,202.8,-90,0,52,3.639,3.635,3.635,3.635,0,0,6.545,84.02,19.664102335288,29.52756,6,P-GPS
132700,2026-05-09 10:21:50,29.52756,,,19.664102335288,20.013124,0.9395148,2.83411098308,63.344490216,17,5,14.549,24.257278335288,34.120736,10.2004464,53.35302008,-0.671082,0.671082,0,207.8, -0.5, -6.1,,,0,0,1024,1024,1024,1024,0,0,0,0,202.8,-90,0,52,3.639,3.635,3.635,3.635,0,0,6.545,84.02,19.664102335288,29.52756,6,P-GPS
132800,2026-05-09 10:21:50,29.52756,,,19.664102335288,20.013124,1.11847,2.71041019172,63.553479724,17,5,14.549,24.257278335288,34.120736,10.2004464,53.35302008,-0.671082,0.894776,0,207.7, -0.1, -3.2,,,0,0,1024,1024,1024,1024,0,0,0,0,202.8,-90,0,52,3.639,3.635,3.635,3.635,0,0,6.545,84.02,19.664102335288,29.52756,6,P-GPS
132900,2026-05-09 10:21:50,29.52756,,,19.664102335288,19.68504,1.2750558,2.60340887596,63.790684456,17,5,14.549,24.257278335288,34.120736,10.2004464,53.35302008,-0.894776,0.894776,0,207.7, 0.5, -1.1,,,0,0,1024,906,1024,1024,0,-18,0,0,202.8,-90,0,52,3.639,3.635,3.635,3.635,0,0,6.545,84.02,19.664102335288,29.52756,6,P-GPS
133000,2026-05-09 10:21:51,29.52756,,,19.664102335288,19.68504,1.2750558,2.52509522516,64.042324884,17,5,14.549,24.257278335288,34.120736,10.2004464,53.35302008,-0.894776,0.894776,0,207.7, 1, 0.1,,,0,0,1219,486,1024,1024,30,-82,0,0,202.8,-90,0,52,3.639,3.635,3.635,3.635,0,0,6.545,84.02,19.664102335288,29.52756,6,P-GPS
133100,2026-05-09 10:21:51,29.52756,,,19.664102335288,20.013124,1.2750558,2.46581044636,64.250986308,17,5,14.554,24.257278335288,34.120736,10.2004464,53.35302008,-0.894776,0.894776,0,207.7, 1.3, 0,,,0,0,1263,395,1024,1024,36,-95,0,0,202.8,-90,0,52,3.643,3.638,3.638,3.637,0,0,6.431,84.2,19.664102335288,29.52756,6,P-GPS
133200,2026-05-09 10:21:51,29.52756,,,19.664102335288,20.013124,1.2750558,2.42774942152,64.415684476,17,5,14.554,24.257278335288,34.120736,10.2004464,53.35302008,-0.894776,0.894776,0,207.6, 0.9, -4.2,,,0,0,1279,516,1024,1024,39,-77,0,0,202.8,-90,0,52,3.643,3.638,3.638,3.637,0,0,6.431,84.2,19.664102335288,29.52756,6,P-GPS
133300,2026-05-09 10:21:51,29.52756,,,19.664102335288,20.013124,1.2750558,2.42534784664,64.660763224,17,5,14.554,24.257278335288,34.120736,10.2004464,53.35302008,-0.894776,0.894776,0,207.6, 0.2, -8.4,,,0,0,1179,1024,1024,1024,23,0,0,0,202.8,-90,0,52,3.643,3.638,3.638,3.637,0,0,6.431,84.2,19.664102335288,29.52756,6,P-GPS
133400,2026-05-09 10:21:51,29.52756,,,19.664102335288,20.013124,1.7448132,2.32168970684,64.929792104,17,5,14.554,24.257278335288,34.120736,10.2004464,53.35302008,-1.11847,1.342164,0,207.7, -0.7, -10.6,,,0,0,1024,1024,1024,1024,0,0,0,0,202.8,-90,0,52,3.643,3.638,3.638,3.637,0,0,6.431,84.2,19.664102335288,29.52756,6,P-GPS
133500,2026-05-09 10:21:51,29.52756,,,19.664102335288,19.68504,1.7448132,2.33046923468,65.238191064,17,5,14.554,24.257278335288,34.120736,10.2004464,53.35302008,-1.342164,1.565858,0,207.8, -1, -7.5,,,0,0,1024,1024,1024,1024,0,0,0,0,202.8,-90,0,52,3.643,3.638,3.638,3.637,0,0,6.431,84.2,19.664102335288,29.52756,6,P-GPS
133600,2026-05-09 10:21:51,29.52756,,,19.664102335288,19.68504,2.3711564,2.40544299036,65.631235696,17,5,14.554,24.257278335288,34.120736,10.2004464,53.35302008,-1.565858,1.789552,0,207.8, 0, -3.3,,,0,0,1024,837,1024,1024,0,-28,0,0,202.8,-90,0,52,3.643,3.638,3.638,3.637,0,0,6.431,84.2,19.664102335288,29.52756,6,P-GPS
133700,2026-05-09 10:21:51,29.52756,,,19.664102335288,19.356956,2.3711564,2.51699811204,65.976380064,17,5,14.554,24.257278335288,34.120736,10.2004464,53.35302008,-1.565858,1.789552,0,207.8, 0.8, -1.1,,,0,0,1079,651,1024,1024,8,-57,0,0,202.8,-90,0,52,3.643,3.638,3.638,3.637,0,0,6.431,84.2,19.664102335288,29.52756,6,P-GPS
133800,2026-05-09 10:21:51,29.52756,,,19.664102335288,19.356956,2.3711564,2.66177173872,66.308729156,17,5,14.554,24.257278335288,34.120736,10.2004464,53.35302008,-1.565858,1.789552,0,207.8, 1.5, 0.7,,,0,0,1024,1024,1024,1024,0,0,0,0,202.8,-90,0,52,3.643,3.638,3.638,3.637,0,0,6.431,84.2,19.664102335288,29.52756,6,P-GPS
133900,2026-05-09 10:21:51,29.52756,,,19.664102335288,19.356956,2.3711564,2.87336623368,66.758204236,17,5,14.554,24.257278335288,34.120736,10.2004464,53.35302008,-1.565858,1.789552,0,207.7, 1.6, -1,,,0,0,1024,1024,1024,1024,0,0,0,0,202.8,-90,0,52,3.643,3.638,3.638,3.637,0,0,6.431,84.2,19.664102335288,29.52756,6,P-GPS
134000,2026-05-09 10:21:51,29.52756,,,19.664102335288,19.028872,2.3711564,3.0961779206,67.080382724,17,5,14.554,24.257278335288,34.120736,10.2004464,53.35302008,-1.565858,1.789552,0,207.7, 1.5, -2,,,0,0,1024,1024,1024,1024,0,0,0,0,202.8,-90,0,52,3.643,3.638,3.638,3.637,0,0,6.431,84.2,19.664102335288,29.52756,6,P-GPS
134100,2026-05-09 10:21:52,29.52756,,,19.664102335288,19.028872,2.3711564,3.3281497128,67.424214756,17,5,14.555,24.257278335288,34.120736,10.2004464,53.35302008,-1.565858,1.789552,0,207.7, 1.7, -0.6,,,0,0,1024,1024,984,1024,0,0,-6,0,202.8,-90,0,52,3.639,3.637,3.635,3.632,0,0,6.326,84.38,19.664102335288,29.52756,6,P-GPS
134200,2026-05-09 10:21:52,29.52756,,,19.664102335288,19.028872,2.3711564,3.659612978,67.8723775,17,5,14.555,24.257278335288,34.120736,10.2004464,53.35302008,-1.565858,1.789552,0,207.7, 1.7, 0.5,,,0,0,1024,1024,984,1024,0,0,-6,0,202.8,-90,0,52,3.639,3.637,3.635,3.632,0,0,6.326,84.38,19.664102335288,29.52756,6,P-GPS
134300,2026-05-09 10:21:52,29.52756,,,19.664102335288,19.028872,2.3711564,3.8908465812,68.166996932,17,5,14.555,24.257278335288,34.120736,10.2004464,53.35302008,-1.565858,1.789552,0,207.8, 2.8, 5.1,,,0,0,1024,1024,364,1130,0,0,-100,16,202.8,-90,0,52,3.639,3.637,3.635,3.632,0,0,6.326,84.38,19.664102335288,29.52756,6,P-GPS
134400,2026-05-09 10:21:52,29.52756,,,19.664102335288,19.028872,2.0579848,4.1562009204,68.501642612,17,5,14.555,24.257278335288,34.120736,10.2004464,53.35302008,-1.342164,1.565858,0.223694,208, 3.6, 7.9,,,0,0,1024,1024,364,1079,0,0,-100,8,202.9,-90,0,52,3.639,3.637,3.635,3.632,0,0,6.326,84.38,19.664102335288,29.52756,6,P-GPS
134500,2026-05-09 10:21:52,29.199476,,,19.336018335288,27.230972,2.0579848,4.4308728452,68.850395904,17,5,14.555,24.257278335288,34.120736,10.2004464,53.35302008,-1.11847,1.342164,1.11847,208.1, 3.9, 9.1,,,0,0,1024,1024,364,1090,0,0,-100,10,202.9,-90,0,52,3.639,3.637,3.635,3.632,0,0,6.326,84.38,19.336018335288,29.199476,6,P-GPS
134600,2026-05-09 10:21:52,29.199476,,,19.336018335288,27.230972,1.5882274,4.6019358428,69.042653128,17,5,14.555,24.257278335288,34.120736,10.2004464,53.35302008,-1.11847,1.11847,2.460634,208.2, 4, 9.5,,,0,0,1024,1024,364,1110,0,0,-100,13,203,-90,0,52,3.639,3.637,3.635,3.632,0,0,6.326,84.38,19.336018335288,29.199476,6,P-GPS
134700,2026-05-09 10:21:52,28.543308,,,18.679850335288,25.918636,1.5882274,4.82529543,69.303807992,17,5,14.555,24.257278335288,34.120736,10.2004464,53.35302008,-0.894776,1.11847,3.579104,208.2, 3.6, 9.1,,,0,0,1024,1024,364,1152,0,0,-100,19,203,-90,0,52,3.639,3.637,3.635,3.632,0,0,6.326,84.38,18.679850335288,28.543308,6,P-GPS
134800,2026-05-09 10:21:52,27.88714,,,18.023682335288,38.385828,1.11847,4.9873361176,69.502626896,17,5,14.555,24.257278335288,34.120736,10.2004464,53.35302008,-0.671082,0.894776,4.47388,208.2, 2.8, 8.8,,,0,0,1024,1024,364,1166,0,0,-100,22,203.1,-90,0,52,3.639,3.637,3.635,3.632,0,0,6.326,84.38,18.023682335288,27.88714,6,P-GPS
134900,2026-05-09 10:21:52,27.230972,,,17.367514335288,37.72966,0.8052984,5.1044292972,69.649280444,17,5,14.555,24.257278335288,34.120736,10.2004464,53.35302008,-0.447388,0.671082,4.921268,208.2, 1.3, 7.6,,,0,0,1024,1024,364,1200,0,0,-100,27,203.3,-90,0,52,3.639,3.637,3.635,3.632,0,0,6.326,84.38,17.367514335288,27.230972,6,P-GPS
135000,2026-05-09 10:21:53,26.574804,,,16.711346335288,16.732284,0.6263432,5.2329398,69.782482548,17,5,14.555,24.257278335288,34.120736,10.2004464,53.35302008,-0.447388,0.447388,5.144962,208.1, 1.2, 5.6,,,0,0,1024,1024,364,1221,0,0,-100,30,203.5,-90,0,52,3.639,3.637,3.635,3.632,0,0,6.326,84.38,16.711346335288,26.574804,6,P-GPS
135100,2026-05-09 10:21:53,25.590552,,,15.727094335288,16.076116,0.3131716,5.2903216916,69.8490836,17,5,14.546,24.257278335288,34.120736,10.2004464,53.35302008,-0.223694,0.223694,5.368656,208.3, 1.7, 3.8,,,0,0,1024,1024,364,1240,0,0,-100,33,203.8,-90,0,52,3.673,3.669,3.667,3.665,0,0,6.463,84.38,15.727094335288,25.590552,6,P-GPS
135200,2026-05-09 10:21:53,24.934384,,,15.070926335288,15.091864,0.3131716,5.3145014824,69.88517284,17,5,14.546,24.257278335288,34.120736,10.2004464,53.35302008,-0.223694,0.223694,5.368656,208.5, 1.5, 2.4,,,0,0,1024,1024,364,1261,0,0,-100,36,204.2,-90,0,52,3.673,3.669,3.667,3.665,0,0,6.463,84.38,15.070926335288,24.934384,6,P-GPS
135300,2026-05-09 10:21:53,23.950132,,,14.086674335288,14.76378,0,5.3653873108,69.955054732,17,5,14.546,24.257278335288,34.120736,10.2004464,53.35302008,0,0,5.368656,208.8, 1.2, 2.1,,,0,0,1024,1024,364,1279,0,0,-100,39,204.7,-90,0,52,3.673,3.669,3.667,3.665,0,0,6.463,84.38,14.086674335288,23.950132,6,P-GPS
135400,2026-05-09 10:21:53,23.293964,,,13.430506335288,16.732284,0,5.4557416444,70.045934,16,5,14.546,24.257278335288,34.120736,10.2004464,53.35302008,0,0,5.368656,209.4, 0.8, 2.3,,,0,0,1024,1024,364,1287,0,0,-100,40,205.3,-90,0,52,3.673,3.669,3.667,3.665,0,0,6.463,84.38,13.430506335288,23.293964,6,P-GPS
135500,2026-05-09 10:21:53,22.637796,,,12.774338335288,16.076116,0,5.4744752408,70.074805392,16,5,14.546,24.257278335288,34.120736,10.2004464,53.35302008,0,0,5.368656,210.1, 1.3, 2.4,,,0,0,1024,1024,364,1304,0,0,-100,42,206,-90,0,52,3.673,3.669,3.667,3.665,0,0,6.463,84.38,12.774338335288,22.637796,6,P-GPS
135600,2026-05-09 10:21:53,21.653544,,,11.790086335288,15.091864,0,5.5587928288,70.16732508,16,5,14.546,24.257278335288,34.120736,10.2004464,53.35302008,0,0,5.368656,210.7, 1.8, 2.1,,,0,0,1024,1024,364,1321,0,0,-100,45,206.8,-90,0,52,3.673,3.669,3.667,3.665,0,0,6.463,84.38,11.790086335288,21.653544,6,P-GPS
135700,2026-05-09 10:21:53,20.997376,,,11.133918335288,14.435696,0,5.6041012292,70.212928756,16,5,14.546,24.257278335288,34.120736,10.2004464,53.35302008,0,0,5.368656,211.6, 2.4, 1.6,,,0,0,1024,1024,364,1342,0,0,-100,48,207.6,-90,0,52,3.673,3.669,3.667,3.665,0,0,6.463,84.38,11.133918335288,20.997376,6,P-GPS
135800,2026-05-09 10:21:53,20.341208,,,10.477750335288,13.779528,0,5.64058417,70.2509865,16,5,14.546,24.257278335288,34.120736,10.2004464,53.35302008,0,0,5.368656,212.5, 2.5, 1.2,,,0,0,1024,1024,364,1350,0,0,-100,49,208.6,-90,0,52,3.673,3.669,3.667,3.665,0,0,6.463,84.38,10.477750335288,20.341208,6,P-GPS
135900,2026-05-09 10:21:53,19.68504,,,9.821582335288,13.451444,0,5.6309385004,70.268046868,16,5,14.546,24.257278335288,34.120736,10.2004464,53.35302008,0,0,5.144962,213.7, 2.3, 1.1,,,0,0,1024,1024,364,1364,0,0,-100,52,209.7,-90,0,52,3.673,3.669,3.667,3.665,0,0,6.463,84.38,9.821582335288,19.68504,6,P-GPS
136000,2026-05-09 10:21:54,18.700788,,,8.837330335288,12.795276,0,5.6211944056,70.281498312,16,5,14.546,24.257278335288,34.120736,10.2004464,53.35302008,0,0,4.921268,214.9, 1.7, 1.3,,,0,0,1024,1024,364,1382,0,0,-100,54,210.9,-90,0,52,3.673,3.669,3.667,3.665,0,0,6.463,84.38,8.837330335288,18.700788,6,P-GPS
136100,2026-05-09 10:21:54,18.372704,,,8.509246335288,12.467192,0,5.6259516236,70.286419572,16,5,14.548,24.257278335288,34.120736,10.2004464,53.35302008,0,0,4.697574,216.1, 2.5, 1.1,,,0,0,1024,1024,364,1387,0,0,-100,55,212.2,-90,0,52,3.639,3.632,3.628,3.627,0,0,5.313,84.38,8.509246335288,18.372704,6,P-GPS
136200,2026-05-09 10:21:54,17.716536,,,7.853078335288,11.811024,0,5.6261812824,70.300855268,16,5,14.548,24.257278335288,34.120736,10.2004464,53.35302008,0,0,4.47388,217.5, 2.5, 1.2,,,0,0,1024,1024,364,1398,0,0,-100,57,213.6,-90,0,52,3.639,3.632,3.628,3.627,0,0,5.313,84.38,7.853078335288,17.716536,6,P-GPS
136300,2026-05-09 10:21:54,17.388452,,,7.524994335288,11.48294,0,5.6084975548,70.32152456,16,5,14.548,24.257278335288,34.120736,10.2004464,53.35302008,0,0,4.250186,219.1, 2.4, 0.8,,,0,0,1024,1024,364,1412,0,0,-100,59,215.2,-90,0,52,3.639,3.632,3.628,3.627,0,0,5.313,84.38,7.524994335288,17.388452,6,P-GPS
136400,2026-05-09 10:21:54,16.732284,,,6.868826335288,11.154856,0,5.5895342996,70.3576138,16,5,14.548,24.257278335288,34.120736,10.2004464,53.35302008,0,0,4.026492,220.7, 2.2, 0.3,,,0,0,1024,1024,364,1419,0,0,-100,60,216.8,-90,0,52,3.639,3.632,3.628,3.627,0,0,5.313,84.38,6.868826335288,16.732284,6,P-GPS
136500,2026-05-09 10:21:54,16.076116,,,6.212658335288,10.826772,0,5.5726051652,70.374674168,16,5,14.548,24.257278335288,34.120736,10.2004464,53.35302008,0,0,3.802798,222.5, 2, 0.2,,,0,0,1024,1024,364,1422,0,0,-100,60,218.6,-90,0,52,3.639,3.632,3.628,3.627,0,0,5.313,84.38,6.212658335288,16.076116,6,P-GPS
136600,2026-05-09 10:21:54,15.748032,,,5.884574335288,10.498688,0,5.558235086,70.3904222,16,5,14.548,24.257278335288,34.120736,10.2004464,53.35302008,0,0,3.802798,224.4, 1.9, 0.4,,,0,0,1024,1024,364,1425,0,0,-100,61,220.4,-90,0,52,3.639,3.632,3.628,3.627,0,0,5.313,84.38,5.884574335288,15.748032,6,P-GPS
136700,2026-05-09 10:21:54,15.091864,,,5.228406335288,10.170604,0,5.5190618564,70.430776532,16,5,14.548,24.257278335288,34.120736,10.2004464,53.35302008,0,0,3.579104,226.3, 1.5, 0,,,0,0,1024,1024,364,1426,0,0,-100,61,221.3,-90,0,52,3.639,3.632,3.628,3.627,0,0,5.313,84.38,5.228406335288,15.091864,6,P-GPS
136800,2026-05-09 10:21:54,14.76378,,,4.900322335288,9.514436,0,5.4841537188,70.46588152,16,5,14.548,24.257278335288,34.120736,10.2004464,53.35302008,0,0,3.35541,228.3, 1.1, -0.4,,,0,0,1024,1024,364,1427,0,0,-100,61,224.2,-90,0,52,3.639,3.632,3.628,3.627,0,0,5.313,84.38,4.900322335288,14.76378,6,P-GPS
136900,2026-05-09 10:21:54,14.107612,,,4.244154335288,9.514436,0,5.4960303596,70.488519316,16,5,14.548,24.257278335288,34.120736,10.2004464,53.35302008,0,0,3.35541,230.1, 1.1, -0.2,,,0,0,1024,1024,364,1425,0,0,-100,61,226.1,-90,0,52,3.639,3.632,3.628,3.627,0,0,5.313,84.38,4.244154335288,14.107612,6,P-GPS
137000,2026-05-09 10:21:55,13.451444,,,3.587986335288,9.514436,0,5.4886156612,70.498361836,16,5,14.548,24.257278335288,34.120736,10.2004464,53.35302008,0,0,3.131716,232.1, 0.9, -0.4,,,0,0,1024,1024,486,1325,0,0,-82,46,228,-90,0,52,3.639,3.632,3.628,3.627,0,0,5.313,84.38,3.587986335288,13.451444,6,P-GPS
137100,2026-05-09 10:21:55,13.12336,,,3.259902335288,9.186352,0,5.461614348,70.525592808,16,5,14.527,24.257278335288,34.120736,10.2004464,53.35302008,0,0,3.131716,234, 1.1, -0.2,,,0,0,1024,1024,769,1058,0,0,-39,5,229.7,-90,0,52,3.635,3.63,3.629,3.628,0,0,7.006,84.56,3.259902335288,13.12336,6,P-GPS
137200,2026-05-09 10:21:55,12.467192,,,2.603734335288,9.186352,0,5.447342694,70.541997008,16,5,14.527,24.257278335288,34.120736,10.2004464,53.35302008,0,0,3.131716,235.5, 1.2, -0.1,,,0,0,1024,1024,1024,1024,0,0,0,0,230.5,-90,0,52,3.635,3.63,3.629,3.628,0,0,7.006,84.56,2.603734335288,12.467192,6,P-GPS
137300,2026-05-09 10:21:55,12.139108,,,2.275650335288,8.530184,0,5.4300526672,70.56758756,16,5,14.527,24.257278335288,34.120736,10.2004464,53.35302008,0,0,2.908022,236.2, 1.1, -0.4,,,0,0,1024,1024,1024,1024,0,0,0,0,230.8,-90,0,52,3.635,3.63,3.629,3.628,0,0,7.006,84.56,2.275650335288,12.139108,6,P-GPS
137400,2026-05-09 10:21:55,11.48294,,,1.619482335288,8.530184,0,5.4001314064,70.617456328,16,5,14.527,24.257278335288,34.120736,10.2004464,53.35302008,0,0,2.23694,236.2, 1.7, -0.5,,,0,0,1024,1024,1024,1024,0,0,0,0,230.8,-90,0,52,3.635,3.63,3.629,3.628,0,0,7.006,84.56,1.619482335288,11.48294,6,P-GPS
137500,2026-05-09 10:21:55,11.154856,,,1.291398335288,8.530184,0,5.3802167076,70.638781788,16,5,14.527,24.257278335288,34.120736,10.2004464,53.35302008,0,0,1.11847,236.4, 1.9, -0.4,,,0,0,1024,1024,1024,1024,0,0,0,0,230.8,-90,0,52,3.635,3.63,3.629,3.628,0,0,7.006,84.56,1.291398335288,11.154856,6,P-GPS
137600,2026-05-09 10:21:55,11.154856,,,1.291398335288,8.530184,0,5.3637796992,70.655185988,16,5,14.527,24.257278335288,34.120736,10.2004464,53.35302008,0,0,0.223694,236.3, 2, 0,,,0,0,1024,1024,1024,1024,0,0,0,0,230.8,-90,0,52,3.635,3.63,3.629,3.628,0,0,7.006,84.56,1.291398335288,11.154856,6,P-GPS
137700,2026-05-09 10:21:55,11.154856,,,1.291398335288,8.530184,0,5.3917652644,70.688650556,16,5,14.527,24.257278335288,34.120736,10.2004464,53.35302008,0,0,0,236.3, 1.9, 0,,,0,0,1024,1024,1024,1024,0,0,0,0,230.8,-90,0,52,3.635,3.63,3.629,3.628,0,0,7.006,84.56,1.291398335288,11.154856,6,P-GPS
137800,2026-05-09 10:21:55,11.154856,,,1.291398335288,8.530184,0,5.4288387564,70.73162956,16,5,14.527,24.257278335288,34.120736,10.2004464,53.35302008,0,0,0,236.3, 1.4, 0,,,0,0,1024,1024,1024,1348,0,0,0,49,230.8,-90,0,52,3.635,3.63,3.629,3.628,0,0,7.006,84.56,1.291398335288,11.154856,6,P-GPS
137900,2026-05-09 10:21:55,11.154856,,,1.291398335288,8.858268,0,5.4372377068,70.753283104,16,5,14.527,24.257278335288,34.120736,10.2004464,53.35302008,0,0,0,236.2, 1.1, 0.4,,,0,0,1024,1024,1024,1466,0,0,0,67,230.9,-90,0,52,3.635,3.63,3.629,3.628,0,0,7.006,84.56,1.291398335288,11.154856,6,P-GPS
138000,2026-05-09 10:21:56,11.154856,,,1.291398335288,8.530184,0,5.4417980744,70.766406464,16,5,14.527,24.257278335288,34.120736,10.2004464,53.35302008,0,0,0,236.3, 1, 0.6,,,0,0,1024,1024,1024,1024,0,0,0,0,231.6,-90,0,52,3.635,3.63,3.629,3.628,0,0,7.006,84.56,1.291398335288,11.154856,6,P-GPS
138100,2026-05-09 10:21:56,11.154856,,,1.291398335288,8.530184,0,5.4337600164,70.79560594,16,5,14.53,24.257278335288,34.120736,10.2004464,53.35302008,0,0,0,237.2, 0.9, 0.6,,,0,0,1024,1024,1024,1024,0,0,0,0,232.9,-90,0,52,3.638,3.634,3.63,3.601,0,0,7.039,84.56,1.291398335288,11.154856,6,P-GPS
138200,2026-05-09 10:21:56,11.154856,,,1.291398335288,8.858268,0,5.4395014864,70.80380804,16,5,14.53,24.257278335288,34.120736,10.2004464,53.35302008,0,0,0,238.6, 0.8, 0.6,,,0,0,1024,1024,1024,1024,0,0,0,0,233.4,-90,0,52,3.638,3.634,3.63,3.601,0,0,7.039,84.56,1.291398335288,11.154856,6,P-GPS
138300,2026-05-09 10:21:56,11.154856,,,1.291398335288,8.858268,0,5.4419949248,70.813978644,16,5,14.53,24.257278335288,34.120736,10.2004464,53.35302008,0,0,0,238.8, 0.9, 0.4,,,0,0,1024,1318,1024,1024,0,45,0,0,233.4,-90,0,52,3.638,3.634,3.63,3.601,0,0,7.039,84.56,1.291398335288,11.154856,6,P-GPS
138400,2026-05-09 10:21:56,11.154856,,,1.291398335288,8.530184,0,5.458169466,70.830710928,16,5,14.53,24.257278335288,34.120736,10.2004464,53.35302008,0,0,0,238.7, 1.1, 0.9,,,0,0,1024,1618,1024,1024,0,90,0,0,233.5,-90,0,52,3.638,3.634,3.63,3.601,0,0,7.039,84.56,1.291398335288,11.154856,6,P-GPS
138500,2026-05-09 10:21:56,11.154856,,,1.291398335288,8.858268,0,5.4617455816,70.840553448,16,5,14.53,24.257278335288,34.120736,10.2004464,53.35302008,0,0,0,238.8, 1.2, 4.4,,,0,0,1024,1606,1024,1024,0,88,0,0,233.5,-90,0,52,3.638,3.634,3.63,3.601,0,0,7.039,84.56,1.291398335288,11.154856,6,P-GPS
138600,2026-05-09 10:21:56,11.154856,,,1.291398335288,8.530184,0,5.45193587,70.85630148,16,5,14.53,24.257278335288,34.120736,10.2004464,53.35302008,0,0,0,238.8, 1.1, 7.6,,,0,0,1024,1571,1024,1024,0,83,0,0,233.5,-90,0,52,3.638,3.634,3.63,3.601,0,0,7.039,84.56,1.291398335288,11.154856,6,P-GPS
138700,2026-05-09 10:21:56,11.154856,,,1.291398335288,8.530184,0.3131716,5.404691774,70.90551408,16,5,14.53,24.257278335288,34.120736,10.2004464,53.35302008,0.223694,-0.223694,0,238.9, 1, 10.3,,,0,0,1024,1024,1024,1024,0,0,0,0,233.5,-90,0,52,3.638,3.634,3.63,3.601,0,0,7.039,84.56,1.291398335288,11.154856,6,P-GPS
138800,2026-05-09 10:21:56,11.154856,,,1.291398335288,8.530184,0.8052984,5.3025920332,71.012469464,16,5,14.53,24.257278335288,34.120736,10.2004464,53.35302008,0.671082,-0.447388,0,238.9, 1.1, 11.3,,,0,0,1024,1024,1024,1024,0,0,0,0,233.5,-90,0,52,3.638,3.634,3.63,3.601,0,0,7.039,84.56,1.291398335288,11.154856,6,P-GPS
138900,2026-05-09 10:21:56,11.154856,,,1.291398335288,8.530184,1.11847,5.1003610556,71.223427476,16,5,14.53,24.257278335288,34.120736,10.2004464,53.35302008,0.894776,-0.671082,0,238.9, 1.3, 6.8,,,0,0,1024,1024,1024,1024,0,0,0,0,233.5,-90,0,52,3.638,3.634,3.63,3.601,0,0,7.039,84.56,1.291398335288,11.154856,6,P-GPS
139000,2026-05-09 10:21:57,11.154856,,,1.291398335288,8.530184,1.2974252,4.8973754848,71.431432732,16,5,14.53,24.257278335288,34.120736,10.2004464,53.35302008,1.11847,-0.671082,0,238.8, 1.4, 3.5,,,0,0,1024,1024,1024,1024,0,0,0,0,233.5,-90,0,52,3.638,3.634,3.63,3.601,0,0,7.039,84.56,1.291398335288,11.154856,6,P-GPS
139100,2026-05-09 10:21:57,11.154856,,,1.291398335288,8.530184,1.2974252,4.704560518,71.630251636,16,5,14.546,24.257278335288,34.120736,10.2004464,53.35302008,1.11847,-0.671082,0,238.8, 1.5, 0,,,0,0,1024,1024,1024,1024,0,0,0,0,233.5,-90,0,52,3.638,3.634,3.632,3.631,0,0,6.712,84.56,1.291398335288,11.154856,6,P-GPS
139200,2026-05-09 10:21:57,11.154856,,,1.291398335288,8.530184,1.2974252,4.4686025052,71.867456368,16,5,14.546,24.257278335288,34.120736,10.2004464,53.35302008,1.11847,-0.671082,0,238.8, 1.4, -3.1,,,0,0,1024,1024,1024,1024,0,0,0,0,233.5,-90,0,52,3.638,3.634,3.632,3.631,0,0,6.712,84.56,1.291398335288,11.154856,6,P-GPS
139300,2026-05-09 10:21:57,11.154856,,,1.291398335288,8.2021,1.006623,4.3356956768,72.000986556,16,5,14.546,24.257278335288,34.120736,10.2004464,53.35302008,0.894776,-0.447388,0,238.8, 1.3, -4.6,,,0,0,1024,1024,990,1024,0,0,-5,0,233.5,-90,0,52,3.638,3.634,3.632,3.631,0,0,6.712,84.56,1.291398335288,11.154856,6,P-GPS
139400,2026-05-09 10:21:57,11.154856,,,1.291398335288,8.530184,0.8052984,4.184383336,72.1538737,16,5,14.546,24.257278335288,34.120736,10.2004464,53.35302008,0.671082,-0.447388,0,238.8, 1.2, -4.6,,,0,0,1024,1024,793,1024,0,0,-35,0,233.5,-90,0,52,3.638,3.634,3.632,3.631,0,0,6.712,84.56,1.291398335288,11.154856,6,P-GPS
139500,2026-05-09 10:21:57,11.154856,,,1.291398335288,8.530184,0.4921268,4.0575460616,72.286091552,16,5,14.546,24.257278335288,34.120736,10.2004464,53.35302008,0.447388,-0.223694,0,238.8, 1.3, -3.8,,,0,0,1024,1024,676,1024,0,0,-53,0,233.5,-90,0,52,3.638,3.634,3.632,3.631,0,0,6.712,84.56,1.291398335288,11.154856,6,P-GPS
139600,2026-05-09 10:21:57,11.154856,,,1.291398335288,8.530184,0.4921268,3.9804135132,72.365815964,16,5,14.546,24.257278335288,34.120736,10.2004464,53.35302008,0.447388,-0.223694,0.447388,238.7, 1.6, -3,,,0,0,1024,1024,678,1065,0,0,-52,6,233.5,-90,0,52,3.638,3.634,3.632,3.631,0,0,6.712,84.56,1.291398335288,11.154856,6,P-GPS
139700,2026-05-09 10:21:57,10.826772,,,0.963314335288,8.530184,0.3131716,3.8693570792,72.492784472,16,5,14.546,24.257278335288,34.120736,10.2004464,53.35302008,0.223694,-0.223694,1.565858,238.7, 1.6, -2.5,,,0,0,1024,1024,499,1201,0,0,-80,27,233.5,-90,0,52,3.638,3.634,3.632,3.631,0,0,6.712,84.56,0.963314335288,10.826772,6,P-GPS
139800,2026-05-09 10:21:57,10.498688,,,0.635230335288,8.2021,0.3131716,3.8054135076,72.561025944,16,5,14.546,24.257278335288,34.120736,10.2004464,53.35302008,0.223694,-0.223694,2.460634,238.5, 1.4, -2.1,,,0,0,1024,1024,364,1219,0,0,-100,30,233.5,-90,0,52,3.638,3.634,3.632,3.631,0,0,6.712,84.56,0.635230335288,10.498688,6,P-GPS
139900,2026-05-09 10:21:57,10.170604,,,0.307146335288,7.874016,0.223694,3.717355762,72.657154556,16,5,14.546,24.257278335288,34.120736,10.2004464,53.35302008,0.223694,0,2.684328,238.6, 1, -1.9,,,0,0,1024,1024,364,1210,0,0,-100,28,233.8,-90,0,52,3.638,3.634,3.632,3.631,0,0,6.712,84.56,0.307146335288,10.170604,6,P-GPS
140000,2026-05-09 10:21:58,9.84252,,,-0.020937664712001,7.545932,0,3.6664699336,72.716865844,16,5,14.546,24.257278335288,34.120736,10.2004464,53.35302008,0,0,2.684328,238.9, 0.9, -1.6,,,0,0,1024,1024,364,1216,0,0,-100,29,234.1,-90,0,52,3.638,3.634,3.632,3.631,0,0,6.712,84.56,-0.020937664712001,9.84252,6,P-GPS
140100,2026-05-09 10:21:58,9.514436,,,-0.349021664712,7.217848,0,3.613189092,72.78215456,16,5,14.546,24.257278335288,34.120736,10.2004464,53.35302008,0,0,2.460634,239.3, 1.3, -1.7,,,0,0,1024,1024,364,1221,0,0,-100,30,234.5,-90,0,52,3.641,3.643,3.653,3.664,0,0,6.358,84.74,-0.349021664712,9.514436,6,P-GPS
140200,2026-05-09 10:21:58,9.186352,,,-0.677105664712,6.889764,0,3.5702757048,72.833991832,16,5,14.546,24.257278335288,34.120736,10.2004464,53.35302008,0,0,2.23694,239.6, 1.7, -1.8,,,0,0,1024,1024,364,1222,0,0,-100,30,234.8,-90,0,52,3.641,3.643,3.653,3.664,0,0,6.358,84.74,-0.677105664712,9.186352,6,P-GPS
140300,2026-05-09 10:21:58,8.858268,,,-1.005189664712,6.889764,0,3.5529528696,72.855645376,16,5,14.546,24.257278335288,34.120736,10.2004464,53.35302008,0,0,2.23694,240, 2, -1.6,,,0,0,1024,1024,364,1221,0,0,-100,30,235.2,-90,0,52,3.641,3.643,3.653,3.664,0,0,6.358,84.74,-1.005189664712,8.858268,6,P-GPS
140400,2026-05-09 10:21:58,8.530184,,,-1.333273664712,6.56168,0,3.5436024756,72.875330416,16,5,14.546,24.257278335288,34.120736,10.2004464,53.35302008,0,0,2.013246,240.4, 2, -1.5,,,0,0,1024,1024,364,1221,0,0,-100,30,235.6,-90,0,52,3.641,3.643,3.653,3.664,0,0,6.358,84.74,-1.333273664712,8.530184,6,P-GPS
140500,2026-05-09 10:21:58,8.2021,,,-1.661357664712,6.233596,0,3.5065289836,72.922574512,16,5,14.546,24.257278335288,34.120736,10.2004464,53.35302008,0,0,2.013246,240.9, 2.1, -1.8,,,0,0,1024,1024,364,1219,0,0,-100,30,236,-90,0,52,3.641,3.643,3.653,3.664,0,0,6.358,84.74,-1.661357664712,8.2021,6,P-GPS
140600,2026-05-09 10:21:58,7.874016,,,-1.989441664712,6.233596,0,3.4744751768,72.967850104,16,5,14.546,24.257278335288,34.120736,10.2004464,53.35302008,0,0,1.789552,241.3, 2.1, -1.9,,,0,0,1024,1024,364,1220,0,0,-100,30,236.3,-90,0,52,3.641,3.643,3.653,3.664,0,0,6.358,84.74,-1.989441664712,7.874016,6,P-GPS
140700,2026-05-09 10:21:58,7.545932,,,-2.317525664712,5.905512,0,3.5270342336,73.022968216,16,5,14.546,24.257278335288,34.120736,10.2004464,53.35302008,0,0,1.789552,241.6, 2.2, -1.6,,,0,0,1024,1024,364,1220,0,0,-100,30,236.5,-90,0,52,3.641,3.643,3.653,3.664,0,0,6.358,84.74,-2.317525664712,7.545932,6,P-GPS
140800,2026-05-09 10:21:58,7.217848,,,-2.645609664712,5.577428,0,3.5658793792,73.064962968,16,5,14.546,24.257278335288,34.120736,10.2004464,53.35302008,0,0,1.789552,241.9, 2, -1,,,0,0,1024,1024,364,1219,0,0,-100,30,237.1,-90,0,52,3.641,3.643,3.653,3.664,0,0,6.358,84.74,-2.645609664712,7.217848,6,P-GPS
140900,2026-05-09 10:21:58,6.889764,,,-2.973693664712,5.577428,0,3.5827100884,73.082023336,16,5,14.546,24.257278335288,34.120736,10.2004464,53.35302008,0,0,1.565858,242.3, 1.9, -0.5,,,0,0,1024,1024,364,1219,0,0,-100,30,237.3,-90,0,52,3.641,3.643,3.653,3.664,0,0,6.358,84.74,-2.973693664712,6.889764,6,P-GPS
141000,2026-05-09 10:21:58,6.56168,,,-3.301777664712,5.249344,0,3.624672032,73.141078456,16,5,14.546,24.257278335288,34.120736,10.2004464,53.35302008,0,0,1.565858,242.7, 1.7, -0.4,,,0,0,1024,1024,364,1219,0,0,-100,30,237.8,-90,0,52,3.641,3.643,3.653,3.664,0,0,6.358,84.74,-3.301777664712,6.56168,6,P-GPS
141100,2026-05-09 10:21:59,6.56168,,,-3.301777664712,5.249344,0,3.657480432,73.174871108,16,5,14.576,24.257278335288,34.120736,10.2004464,53.35302008,0,0,1.565858,243.1, 1.7, -0.1,,,0,0,1024,1024,364,1219,0,0,-100,30,238.2,-90,0,52,3.636,3.631,3.631,3.631,0,0,5.546,84.74,-3.301777664712,6.56168,6,P-GPS
141200,2026-05-09 10:21:59,6.233596,,,-3.629861664712,4.92126,0,3.7127953944,73.2857635,16,5,14.576,24.257278335288,34.120736,10.2004464,53.35302008,0,0,1.342164,243.4, 1.5, 0.3,,,0,0,1024,1024,364,1220,0,0,-100,30,238.4,-90,0,52,3.636,3.631,3.631,3.631,0,0,5.546,84.74,-3.629861664712,6.233596,6,P-GPS
141300,2026-05-09 10:21:59,5.905512,,,-3.957945664712,4.92126,0,3.7402560252,73.334319932,16,5,14.576,24.257278335288,34.120736,10.2004464,53.35302008,0,0,1.342164,243.7, 1.2, 0.4,,,0,0,1024,1024,364,1220,0,0,-100,30,238.9,-90,0,52,3.636,3.631,3.631,3.631,0,0,5.546,84.74,-3.957945664712,5.905512,6,P-GPS
141400,2026-05-09 10:21:59,5.905512,,,-3.957945664712,4.265092,0,3.7711287296,73.370409172,16,5,14.576,24.257278335288,34.120736,10.2004464,53.35302008,0,0,1.342164,244.1, 1, 0.5,,,0,0,1024,1024,364,1220,0,0,-100,30,239.3,-90,0,52,3.636,3.631,3.631,3.631,0,0,5.546,84.74,-3.957945664712,5.905512,6,P-GPS
141500,2026-05-09 10:21:59,5.577428,,,-4.286029664712,4.265092,0,3.8060040588,73.414372428,16,5,14.576,24.257278335288,34.120736,10.2004464,53.35302008,0,0,1.11847,244.5, 0.7, 1,,,0,0,1024,1024,364,1221,0,0,-100,30,239.5,-90,0,52,3.636,3.631,3.631,3.631,0,0,5.546,84.74,-4.286029664712,5.577428,6,P-GPS
141600,2026-05-09 10:21:59,5.577428,,,-4.286029664712,3.937008,0,3.840387262,73.45144592,15,5,14.576,24.257278335288,34.120736,10.2004464,53.35302008,0,0,0.894776,244.9, 0.5, 1.6,,,0,0,1024,1024,364,1224,0,0,-100,30,240,-90,0,52,3.636,3.631,3.631,3.631,0,0,5.546,84.74,-4.286029664712,5.577428,6,P-GPS
141700,2026-05-09 10:21:59,5.249344,,,-4.614113664712,3.608924,0,3.8860893632,73.510172956,15,5,14.576,24.257278335288,34.120736,10.2004464,53.35302008,0,0,0.894776,245.3, 0.2, 1.7,,,0,0,1024,1024,364,1232,0,0,-100,32,240.4,-90,0,52,3.636,3.631,3.631,3.631,0,0,5.546,84.74,-4.614113664712,5.249344,6,P-GPS
141800,2026-05-09 10:21:59,5.249344,,,-4.614113664712,3.608924,0,3.9137468444,73.540684768,15,5,14.576,24.257278335288,34.120736,10.2004464,53.35302008,0,0,0.894776,245.7, 0.2, 1.4,,,0,0,1024,1024,364,1243,0,0,-100,33,240.8,-90,0,52,3.636,3.631,3.631,3.631,0,0,5.546,84.74,-4.614113664712,5.249344,6,P-GPS
141900,2026-05-09 10:21:59,4.92126,,,-4.942197664712,3.608924,0,3.9208662672,73.550855372,15,5,14.576,24.257278335288,34.120736,10.2004464,53.35302008,0,0,0.671082,246, 0.5, 1.4,,,0,0,1024,1024,364,1254,0,0,-100,35,241.2,-90,0,52,3.636,3.631,3.631,3.631,0,0,5.546,84.74,-4.942197664712,4.92126,6,P-GPS
142000,2026-05-09 10:22:00,4.92126,,,-4.942197664712,3.608924,0,3.9541011764,73.603348812,15,5,14.576,24.257278335288,34.120736,10.2004464,53.35302008,0,0,0.671082,246.5, 0.8, 1.2,,,0,0,1024,1024,364,1259,0,0,-100,36,241.6,-90,0,52,3.636,3.631,3.631,3.631,0,0,5.546,84.74,-4.942197664712,4.92126,6,P-GPS
142100,2026-05-09 10:22:00,4.92126,,,-4.942197664712,3.28084,0,3.9620408092,73.614503668,15,5,14.536,24.257278335288,34.120736,10.2004464,53.35302008,0,0,0.671082,246.9, 0.9, 0.8,,,0,0,1024,1024,364,1267,0,0,-100,37,242.1,-90,0,52,3.638,3.631,3.627,3.628,0,0,6.515,84.92,-4.942197664712,4.92126,6,P-GPS
142200,2026-05-09 10:22:00,4.593176,,,-5.270281664712,3.28084,0,3.9702757176,73.652889496,15,5,14.536,24.257278335288,34.120736,10.2004464,53.35302008,0,0,0.671082,247.4, 1, 0.7,,,0,0,1024,1024,364,1272,0,0,-100,38,242.6,-90,0,52,3.638,3.631,3.627,3.628,0,0,6.515,84.92,-5.270281664712,4.593176,6,P-GPS
142300,2026-05-09 10:22:00,4.593176,,,-5.270281664712,3.28084,0,3.9739830668,73.657810756,15,5,14.536,24.257278335288,34.120736,10.2004464,53.35302008,0,0,0.671082,247.9, 1.1, 0.9,,,0,0,1024,1024,364,1278,0,0,-100,38,243.2,-90,0,52,3.638,3.631,3.627,3.628,0,0,6.515,84.92,-5.270281664712,4.593176,6,P-GPS
142400,2026-05-09 10:22:00,4.593176,,,-5.270281664712,3.28084,0,3.975393828,73.662075848,15,5,14.536,24.257278335288,34.120736,10.2004464,53.35302008,0,0,0.671082,248.5, 1.2, 0.9,,,0,0,1024,1024,364,1284,0,0,-100,39,243.5,-90,0,52,3.638,3.631,3.627,3.628,0,0,6.515,84.92,-5.270281664712,4.593176,6,P-GPS
142500,2026-05-09 10:22:00,4.265092,,,-5.598365664712,3.28084,0,3.9812009148,73.66798136,15,5,14.536,24.257278335288,34.120736,10.2004464,53.35302008,0,0,0.447388,249.2, 1.2, 0.6,,,0,0,1024,1024,364,1288,0,0,-100,40,244.5,-90,0,52,3.638,3.631,3.627,3.628,0,0,6.515,84.92,-5.598365664712,4.265092,6,P-GPS
142600,2026-05-09 10:22:00,4.265092,,,-5.598365664712,2.952756,0,3.9942258496,73.68602598,15,5,14.536,24.257278335288,34.120736,10.2004464,53.35302008,0,0,0.447388,249.8, 1.2, 0.6,,,0,0,1024,1024,364,1292,0,0,-100,41,244.8,-90,0,52,3.638,3.631,3.627,3.628,0,0,6.515,84.92,-5.598365664712,4.265092,6,P-GPS
142700,2026-05-09 10:22:00,4.265092,,,-5.598365664712,2.952756,0,3.9997048524,73.693899996,15,5,14.536,24.257278335288,34.120736,10.2004464,53.35302008,0,0,0.447388,250.5, 1.3, 0.7,,,0,0,1024,1024,364,1300,0,0,-100,42,245.9,-90,0,52,3.638,3.631,3.627,3.628,0,0,6.515,84.92,-5.598365664712,4.265092,6,P-GPS
142800,2026-05-09 10:22:00,4.265092,,,-5.598365664712,2.952756,0,4.0000985532,73.69750892,15,5,14.536,24.257278335288,34.120736,10.2004464,53.35302008,0,0,0.447388,251.2, 1.3, 0.7,,,0,0,1024,1024,364,1307,0,0,-100,43,246.6,-90,0,52,3.638,3.631,3.627,3.628,0,0,6.515,84.92,-5.598365664712,4.265092,6,P-GPS
142900,2026-05-09 10:22:00,3.937008,,,-5.926449664712,2.624672,0,4.0022639076,73.722443304,15,5,14.536,24.257278335288,34.120736,10.2004464,53.35302008,0,0,0.447388,251.9, 1.1, 0.7,,,0,0,1024,1024,364,1310,0,0,-100,43,247.4,-90,0,52,3.638,3.631,3.627,3.628,0,0,6.515,84.92,-5.926449664712,3.937008,6,P-GPS
143000,2026-05-09 10:22:01,3.937008,,,-5.926449664712,2.624672,0,3.988517188,73.736222832,15,5,14.536,24.257278335288,34.120736,10.2004464,53.35302008,0,0,0.447388,252.8, 1.1, 0.5,,,0,0,1024,1024,364,1310,0,0,-100,43,248.3,-90,0,52,3.638,3.631,3.627,3.628,0,0,6.515,84.92,-5.926449664712,3.937008,6,P-GPS
143100,2026-05-09 10:22:01,3.937008,,,-5.926449664712,2.624672,0,3.9408137744,73.787075852,15,5,14.538,24.257278335288,34.120736,10.2004464,53.35302008,0,0,0.447388,253.6, 1, 0,,,0,0,1024,1024,364,1312,0,0,-100,44,249.1,-90,0,52,3.639,3.635,3.635,3.635,0,0,6.507,84.92,-5.926449664712,3.937008,6,P-GPS
143200,2026-05-09 10:22:01,3.608924,,,-6.254533664712,2.624672,0,3.9612205992,73.809385564,15,5,14.538,24.257278335288,34.120736,10.2004464,53.35302008,0,0,0.447388,254.5, 0.7, -0.2,,,0,0,1024,1024,364,1313,0,0,-100,44,250,-90,0,52,3.639,3.635,3.635,3.635,0,0,6.507,84.92,-6.254533664712,3.608924,6,P-GPS
143300,2026-05-09 10:22:01,3.608924,,,-6.254533664712,2.296588,0,3.9532153496,73.823165092,15,5,14.538,24.257278335288,34.120736,10.2004464,53.35302008,0,0,0.447388,255.4, 0.2, -0.1,,,0,0,1024,1024,364,1313,0,0,-100,44,250.9,-90,0,52,3.639,3.635,3.635,3.635,0,0,6.507,84.92,-6.254533664712,3.608924,6,P-GPS
143400,2026-05-09 10:22:01,3.608924,,,-6.254533664712,2.296588,0,3.9500985516,73.869424936,15,5,14.538,24.257278335288,34.120736,10.2004464,53.35302008,0,0,0.447388,256.2, 0, 0,,,0,0,1024,1024,364,1313,0,0,-100,44,251.8,-90,0,52,3.639,3.635,3.635,3.635,0,0,6.507,84.92,-6.254533664712,3.608924,6,P-GPS
143500,2026-05-09 10:22:01,3.608924,,,-6.254533664712,2.296588,0,3.9506891028,73.878283204,15,5,14.538,24.257278335288,34.120736,10.2004464,53.35302008,0,0,0.447388,257.1, 0.3, 0.1,,,0,0,1024,1024,364,1312,0,0,-100,44,252.7,-90,0,52,3.639,3.635,3.635,3.635,0,0,6.507,84.92,-6.254533664712,3.608924,6,P-GPS
143600,2026-05-09 10:22:01,3.608924,,,-6.254533664712,2.296588,0,3.9572507828,73.894031236,15,5,14.538,24.257278335288,34.120736,10.2004464,53.35302008,0,0,0.223694,258, 0.5, 0.2,,,0,0,1024,1024,364,1311,0,0,-100,43,253.6,-90,0,52,3.639,3.635,3.635,3.635,0,0,6.507,84.92,-6.254533664712,3.608924,6,P-GPS
143700,2026-05-09 10:22:01,3.28084,,,-6.582617664712,2.296588,0,3.9470473704,73.911747772,15,5,14.538,24.257278335288,34.120736,10.2004464,53.35302008,0,0,0.223694,258.9, 0.5, 0.3,,,0,0,1024,1024,364,1251,0,0,-100,34,254.5,-90,0,52,3.639,3.635,3.635,3.635,0,0,6.507,84.92,-6.582617664712,3.28084,6,P-GPS
143800,2026-05-09 10:22:01,3.28084,,,-6.582617664712,2.296588,0,3.9582022264,73.929464308,15,5,14.538,24.257278335288,34.120736,10.2004464,53.35302008,0,0,0.223694,259.8, 0.4, 0.2,,,0,0,1024,1024,364,1254,0,0,-100,35,254.9,-90,0,52,3.639,3.635,3.635,3.635,0,0,6.507,84.92,-6.582617664712,3.28084,6,P-GPS
143900,2026-05-09 10:22:01,3.28084,,,-6.582617664712,2.296588,0,3.9630250612,73.941603416,15,5,14.538,24.257278335288,34.120736,10.2004464,53.35302008,0,0,0.223694,260.6, 0.3, 0.3,,,0,0,1024,1024,383,1189,0,0,-97,25,255.9,-90,0,52,3.639,3.635,3.635,3.635,0,0,6.507,84.92,-6.582617664712,3.28084,6,P-GPS
144000,2026-05-09 10:22:02,3.28084,,,-6.582617664712,1.968504,0,3.965387266,73.946524676,15,5,14.538,24.257278335288,34.120736,10.2004464,53.35302008,0,0,0.223694,261.1, 0.1, 0.4,,,0,0,1024,1024,741,1024,0,0,-43,0,256.3,-90,0,52,3.639,3.635,3.635,3.635,0,0,6.507,84.92,-6.582617664712,3.28084,6,P-GPS
144100,2026-05-09 10:22:02,3.28084,,,-6.582617664712,1.968504,0,3.9569226988,73.95505486,15,5,14.537,24.257278335288,34.120736,10.2004464,53.35302008,0,0,0.223694,261.5, 0, 0.3,,,0,0,1024,1024,1024,1024,0,0,0,0,256.6,-90,0,52,3.639,3.633,3.633,3.633,0,0,6.242,85.1,-6.582617664712,3.28084,6,P-GPS
144200,2026-05-09 10:22:02,3.28084,,,-6.582617664712,1.968504,0,3.9513780792,73.968506304,15,5,14.537,24.257278335288,34.120736,10.2004464,53.35302008,0,0,0.223694,261.6, 0.2, 0.5,,,0,0,1024,1024,1024,1024,0,0,0,0,256.6,-90,0,52,3.639,3.633,3.633,3.633,0,0,6.242,85.1,-6.582617664712,3.28084,6,P-GPS
144300,2026-05-09 10:22:02,2.952756,,,-6.910701664712,1.968504,0,3.9486877904,73.97145906,15,5,14.537,24.257278335288,34.120736,10.2004464,53.35302008,0,0,0,261.6, 0.3, 0.5,,,0,0,1024,1024,1024,1024,0,0,0,0,256.6,-90,0,52,3.639,3.633,3.633,3.633,0,0,6.242,85.1,-6.910701664712,2.952756,6,P-GPS
144400,2026-05-09 10:22:02,2.952756,,,-6.910701664712,1.968504,0,3.9563321476,73.993440688,15,5,14.537,24.257278335288,34.120736,10.2004464,53.35302008,0,0,0,261.7, 0.5, 0.3,,,0,0,1024,1024,1024,1024,0,0,0,0,256.6,-90,0,52,3.639,3.633,3.633,3.633,0,0,6.242,85.1,-6.910701664712,2.952756,6,P-GPS
144500,2026-05-09 10:22:02,2.952756,,,-6.910701664712,1.968504,0,3.9536746672,73.99606536,15,5,14.537,24.257278335288,34.120736,10.2004464,53.35302008,0,0,0,261.8, 0.5, 0.1,,,0,0,1024,1024,1024,1024,0,0,0,0,256.6,-90,0,52,3.639,3.633,3.633,3.633,0,0,6.242,85.1,-6.910701664712,2.952756,6,P-GPS
144600,2026-05-09 10:22:02,2.952756,,,-6.910701664712,1.968504,0,3.9527232236,73.997049612,15,5,14.537,24.257278335288,34.120736,10.2004464,53.35302008,0,0,0,261.7, 0.4, 0.1,,,0,0,1024,1024,1024,1024,0,0,0,0,256.6,-90,0,52,3.639,3.633,3.633,3.633,0,0,6.242,85.1,-6.910701664712,2.952756,6,P-GPS
144700,2026-05-09 10:22:02,2.952756,,,-6.910701664712,1.968504,0,3.9346786036,74.0157504,15,5,14.537,24.257278335288,34.120736,10.2004464,53.35302008,0,0,0,261.8, 0.4, 0.1,,,0,0,1024,1024,1024,1024,0,0,0,0,256.6,-90,0,52,3.639,3.633,3.633,3.633,0,0,6.242,85.1,-6.910701664712,2.952756,6,P-GPS
144800,2026-05-09 10:22:02,2.952756,,,-6.910701664712,1.968504,0,3.9301838528,74.02559292,15,5,14.537,24.257278335288,34.120736,10.2004464,53.35302008,0,0,0,261.8, 0.5, 0.3,,,0,0,1024,1024,1024,1024,0,0,0,0,256.6,-90,0,52,3.639,3.633,3.633,3.633,0,0,6.242,85.1,-6.910701664712,2.952756,6,P-GPS
144900,2026-05-09 10:22:02,2.952756,,,-6.910701664712,1.968504,0,3.9389108872,74.037732028,15,5,14.537,24.257278335288,34.120736,10.2004464,53.35302008,0,0,0,261.7, 0.5, 0.4,,,0,0,1024,1071,1024,1024,0,7,0,0,256.6,-90,0,52,3.639,3.633,3.633,3.633,0,0,6.242,85.1,-6.910701664712,2.952756,6,P-GPS
145000,2026-05-09 10:22:03,2.952756,,,-6.910701664712,1.968504,0,3.9357284724,74.047574548,15,5,14.537,24.257278335288,34.120736,10.2004464,53.35302008,0,0,0,261.7, 0.7, 0.4,,,0,0,1024,1236,1024,1024,0,32,0,0,256.6,-90,0,52,3.639,3.633,3.633,3.633,0,0,6.242,85.1,-6.910701664712,2.952756,6,P-GPS
145100,2026-05-09 10:22:03,2.952756,,,-6.910701664712,1.968504,0,3.9395998636,74.051511556,15,5,14.522,24.257278335288,34.120736,10.2004464,53.35302008,0,0,0,261.7, 0.8, 0.5,,,0,0,1024,1115,1024,1024,0,14,0,0,256.6,-90,0,52,3.638,3.634,3.633,3.633,0,0,6.321,85.1,-6.910701664712,2.952756,6,P-GPS
145200,2026-05-09 10:22:03,2.952756,,,-6.910701664712,1.968504,0,3.9326116744,74.059713656,15,5,14.522,24.257278335288,34.120736,10.2004464,53.35302008,0,0,0,261.7, 0.8, 1.2,,,0,0,1024,1024,1024,1024,0,0,0,0,256.6,-90,0,52,3.638,3.634,3.633,3.633,0,0,6.321,85.1,-6.910701664712,2.952756,6,P-GPS
145300,2026-05-09 10:22:03,2.952756,,,-6.910701664712,1.968504,0,3.9269358212,74.070540428,15,5,14.522,24.257278335288,34.120736,10.2004464,53.35302008,0,0,0,261.7, 0.8, 1.6,,,0,0,1024,1024,1024,1024,0,0,0,0,256.6,-90,0,52,3.638,3.634,3.633,3.633,0,0,6.321,85.1,-6.910701664712,2.952756,6,P-GPS
145400,2026-05-09 10:22:03,2.952756,,,-6.910701664712,1.968504,0,3.9163715164,74.08300762,16,5,14.522,24.257278335288,34.120736,10.2004464,53.35302008,0,0,0,261.7, 0.8, 1.1,,,0,0,1024,1024,1024,1024,0,0,0,0,256.6,-90,0,52,3.638,3.634,3.633,3.633,0,0,6.321,85.1,-6.910701664712,2.952756,6,P-GPS
145500,2026-05-09 10:22:03,2.952756,,,-6.910701664712,1.968504,0,3.8894030116,74.111550928,16,5,14.522,24.257278335288,34.120736,10.2004464,53.35302008,0,0,0,261.7, 1, 0.7,,,0,0,1024,1024,1024,1024,0,0,0,0,256.6,-90,0,52,3.638,3.634,3.633,3.633,0,0,6.321,85.1,-6.910701664712,2.952756,6,P-GPS
145600,2026-05-09 10:22:03,2.952756,,,-6.910701664712,1.968504,0,3.8696195464,74.132876388,16,5,14.522,24.257278335288,34.120736,10.2004464,53.35302008,0,0,0,261.7, 1.3, 0.4,,,0,0,1024,1358,1024,1024,0,51,0,0,256.6,-90,0,52,3.638,3.634,3.633,3.633,0,0,6.321,85.1,-6.910701664712,2.952756,6,P-GPS
145700,2026-05-09 10:22:03,2.952756,,,-6.910701664712,1.968504,0,3.8278216448,74.176839644,16,5,14.522,24.257278335288,34.120736,10.2004464,53.35302008,0,0,0,261.7, 1.3, 0.3,,,0,0,1024,1434,1024,1024,0,62,0,0,256.6,-90,0,52,3.638,3.634,3.633,3.633,0,0,6.321,85.1,-6.910701664712,2.952756,6,P-GPS
145800,2026-05-09 10:22:03,2.952756,,,-6.910701664712,1.968504,0,3.7879266304,74.218834396,15,5,14.522,24.257278335288,34.120736,10.2004464,53.35302008,0,0,0,261.7, 1.1, 1.1,,,0,0,1024,1024,1024,1024,0,0,0,0,256.6,-90,0,52,3.638,3.634,3.633,3.633,0,0,6.321,85.1,-6.910701664712,2.952756,6,P-GPS
145900,2026-05-09 10:22:03,2.952756,,,-6.910701664712,1.968504,0,3.75820222,74.249346208,15,5,14.522,24.257278335288,34.120736,10.2004464,53.35302008,0,0,0,261.7, 1, 2.2,,,0,0,1024,1024,1024,1024,0,0,0,0,256.6,-90,0,52,3.638,3.634,3.633,3.633,0,0,6.321,85.1,-6.910701664712,2.952756,6,P-GPS
146000,2026-05-09 10:22:04,2.952756,,,-6.910701664712,1.968504,0.223694,3.7052494624,74.303808152,15,5,14.522,24.257278335288,34.120736,10.2004464,53.35302008,0.223694,0,0,261.7, 1.1, 1.8,,,0,0,1024,1024,1024,1024,0,0,0,0,256.6,-90,0,52,3.638,3.634,3.633,3.633,0,0,6.321,85.1,-6.910701664712,2.952756,6,P-GPS
146100,2026-05-09 10:22:04,2.952756,,,-6.910701664712,1.968504,0.223694,3.6606956552,74.348427576,15,5,14.536,24.257278335288,34.120736,10.2004464,53.35302008,0.223694,0,0,261.7, 1.1, 0.7,,,0,0,1024,1024,1024,1024,0,0,0,0,256.6,-90,0,52,3.636,3.631,3.63,3.63,0,0,6.325,85.1,-6.910701664712,2.952756,6,P-GPS
146200,2026-05-09 10:22:04,2.952756,,,-6.910701664712,1.968504,0.223694,3.6168636328,74.392390832,15,5,14.536,24.257278335288,34.120736,10.2004464,53.35302008,0.223694,0,0,261.7, 1.3, 0.1,,,0,0,1024,1024,1024,1024,0,0,0,0,256.6,-90,0,52,3.636,3.631,3.63,3.63,0,0,6.325,85.1,-6.910701664712,2.952756,6,P-GPS
146300,2026-05-09 10:22:04,2.952756,,,-6.910701664712,1.968504,0.223694,3.5827428968,74.42749582,15,5,14.536,24.257278335288,34.120736,10.2004464,53.35302008,0.223694,0,0,261.7, 1.6, -0.3,,,0,0,1024,1024,1024,1024,0,0,0,0,256.6,-90,0,52,3.636,3.631,3.63,3.63,0,0,6.325,85.1,-6.910701664712,2.952756,6,P-GPS
146400,2026-05-09 10:22:04,2.952756,,,-6.910701664712,1.968504,0.223694,3.55889119,74.451445952,15,5,14.536,24.257278335288,34.120736,10.2004464,53.35302008,0,0,0,261.7, 1.6, -0.3,,,0,0,1024,1024,1024,1024,0,0,0,0,256.6,-90,0,52,3.636,3.631,3.63,3.63,0,0,6.325,85.1,-6.910701664712,2.952756,6,P-GPS
146500,2026-05-09 10:22:04,2.952756,,,-6.910701664712,1.968504,0,3.5358596932,74.475396084,15,5,14.536,24.257278335288,34.120736,10.2004464,53.35302008,0,0,0,261.7, 1.1, -0.3,,,0,0,1024,1024,811,1024,0,0,-32,0,256.6,-90,0,52,3.636,3.631,3.63,3.63,0,0,6.325,85.1,-6.910701664712,2.952756,6,P-GPS
146600,2026-05-09 10:22:04,2.952756,,,-6.910701664712,1.968504,0,3.5084318708,74.506892148,15,5,14.536,24.257278335288,34.120736,10.2004464,53.35302008,0,0,0,261.7, 0.8, 0.3,,,0,0,1024,1024,364,1074,0,0,-100,8,256.6,-90,0,52,3.636,3.631,3.63,3.63,0,0,6.325,85.1,-6.910701664712,2.952756,6,P-GPS
146700,2026-05-09 10:22:04,2.952756,,,-6.910701664712,1.968504,0,3.4899279332,74.528545692,15,5,14.536,24.257278335288,34.120736,10.2004464,53.35302008,0,0,0,261.8, 0.7, -0.1,,,0,0,1024,1024,364,1024,0,0,-100,0,256.6,-90,0,52,3.636,3.631,3.63,3.63,0,0,6.325,85.1,-6.910701664712,2.952756,6,P-GPS
146800,2026-05-09 10:22:04,2.952756,,,-6.910701664712,1.968504,0,3.446686462,74.579398712,15,5,14.536,24.257278335288,34.120736,10.2004464,53.35302008,0,0,0,261.8, 0.5, -0.7,,,0,0,1024,1024,364,1024,0,0,-100,0,256.6,-90,0,52,3.636,3.631,3.63,3.63,0,0,6.325,85.1,-6.910701664712,2.952756,6,P-GPS
146900,2026-05-09 10:22:04,2.952756,,,-6.910701664712,1.968504,0,3.4253938104,74.603348844,15,5,14.536,24.257278335288,34.120736,10.2004464,53.35302008,0,0,0,261.8, 0.5, -0.8,,,0,0,1024,1024,364,1024,0,0,-100,0,256.6,-90,0,52,3.636,3.631,3.63,3.63,0,0,6.325,85.1,-6.910701664712,2.952756,6,P-GPS
147000,2026-05-09 10:22:04,2.952756,,,-6.910701664712,1.968504,0,3.4057743872,74.624674304,15,5,14.536,24.257278335288,34.120736,10.2004464,53.35302008,0,0,0,261.8, 0.4, -1,,,0,0,1024,1024,364,1024,0,0,-100,0,256.6,-90,0,52,3.636,3.631,3.63,3.63,0,0,6.325,85.1,-6.910701664712,2.952756,6,P-GPS
147100,2026-05-09 10:22:05,2.952756,,,-6.910701664712,1.968504,0,3.3834646752,74.6473121,15,5,14.535,24.257278335288,34.120736,10.2004464,53.35302008,0,0,0,261.7, 0.7, -1.1,,,0,0,1024,1024,364,1024,0,0,-100,0,256.6,-90,0,52,3.637,3.632,3.63,3.63,0,0,6.336,85.1,-6.910701664712,2.952756,6,P-GPS
147200,2026-05-09 10:22:05,2.952756,,,-6.910701664712,1.968504,0,3.374015856,74.674543072,15,5,14.535,24.257278335288,34.120736,10.2004464,53.35302008,0,0,0,261.7, 1, -1.1,,,0,0,1024,1024,364,1024,0,0,-100,0,256.6,-90,0,52,3.637,3.632,3.63,3.63,0,0,6.336,85.1,-6.910701664712,2.952756,6,P-GPS
147300,2026-05-09 10:22:05,2.952756,,,-6.910701664712,1.968504,0,3.3667323912,74.68176092,15,5,14.535,24.257278335288,34.120736,10.2004464,53.35302008,0,0,0,261.6, 1.1, -1,,,0,0,1024,1024,364,1024,0,0,-100,0,256.6,-90,0,52,3.637,3.632,3.63,3.63,0,0,6.336,85.1,-6.910701664712,2.952756,6,P-GPS
147400,2026-05-09 10:22:05,2.952756,,,-6.910701664712,1.968504,0,3.3643701864,74.691931524,15,5,14.535,24.257278335288,34.120736,10.2004464,53.35302008,0,0,0,261.6, 1.1, -0.6,,,0,0,1024,1024,364,1024,0,0,-100,0,256.6,-90,0,52,3.637,3.632,3.63,3.63,0,0,6.336,85.1,-6.910701664712,2.952756,6,P-GPS
147500,2026-05-09 10:22:05,2.952756,,,-6.910701664712,1.968504,0,3.3661746484,74.693900028,15,5,14.535,24.257278335288,34.120736,10.2004464,53.35302008,0,0,0,261.7, 0.9, -0.3,,,0,0,1024,1024,364,1024,0,0,-100,0,256.6,-90,0,52,3.637,3.632,3.63,3.63,0,0,6.336,85.1,-6.910701664712,2.952756,6,P-GPS
147600,2026-05-09 10:22:05,2.952756,,,-6.910701664712,1.64042,0,3.3665683492,74.699477456,15,5,14.535,24.257278335288,34.120736,10.2004464,53.35302008,0,0,0,261.7, 1, -0.3,,,0,0,1024,1024,364,1024,0,0,-100,0,256.6,-90,0,52,3.637,3.632,3.63,3.63,0,0,6.336,85.1,-6.910701664712,2.952756,6,P-GPS
147700,2026-05-09 10:22:05,2.952756,,,-6.910701664712,1.64042,0,3.3655512888,74.725068008,15,5,14.535,24.257278335288,34.120736,10.2004464,53.35302008,0,0,0,261.7, 1.2, -0.5,,,0,0,1024,1024,364,1024,0,0,-100,0,256.6,-73.9,0,52,3.637,3.632,3.63,3.63,0,0,6.336,85.1,-6.910701664712,2.952756,6,P-GPS
147800,2026-05-09 10:22:05,2.952756,,,-6.910701664712,1.64042,0,3.363845252,74.73261394,15,5,14.535,24.257278335288,34.120736,10.2004464,53.35302008,0,0,0,261.7, 1.2, -0.4,,,0,0,1024,1024,364,1024,0,0,-100,0,256.6,-43.4,0,52,3.637,3.632,3.63,3.63,0,0,6.336,85.1,-6.910701664712,2.952756,33,Confirm_Landing
147900,2026-05-09 10:22:05,2.952756,,,-6.910701664712,1.64042,0,3.3639108688,74.73261394,15,5,14.535,24.257278335288,34.120736,10.2004464,53.35302008,0,0,0,261.7, 1.2, -0.1,,,0,0,1024,1024,364,1024,0,0,-100,0,256.6,-10.8,0,52,3.637,3.632,3.63,3.63,0,0,6.336,85.1,-6.910701664712,2.952756,33,Confirm_Landing
148000,2026-05-09 10:22:06,2.952756,,,-6.910701664712,1.64042,0,3.3784121816,74.74737772,14,5,14.535,24.257278335288,34.120736,10.2004464,53.35302008,0,0,0,261.7, 1.2, 0.1,,,0,0,1024,1024,364,1024,0,0,-100,0,256.6,0,0,52,3.637,3.632,3.63,3.63,0,0,6.336,85.1,-6.910701664712,2.952756,33,Confirm_Landing
148100,2026-05-09 10:22:06,2.624672,,,-7.238785664712,1.64042,0,3.3883859352,74.757548324,14,5,14.532,24.257278335288,34.120736,10.2004464,53.35302008,0,0,0.447388,261.7, 1.2, 0.4,,,0,0,1024,1024,364,1024,0,0,-100,0,256.6,0,0,52,3.635,3.63,3.629,3.63,0,0,6.243,85.28,-7.238785664712,2.624672,33,Confirm_Landing
148200,2026-05-09 10:22:06,2.624672,,,-7.238785664712,1.64042,0,3.388123468,74.762797668,14,5,14.532,24.257278335288,34.120736,10.2004464,53.35302008,0,0,0.671082,261.8, 1.2, 0.3,,,0,0,1024,1024,688,1024,0,0,-51,0,256.6,0,0,52,3.635,3.63,3.629,3.63,0,0,6.243,85.28,-7.238785664712,2.624672,33,Confirm_Landing
148300,2026-05-09 10:22:06,2.624672,,,-7.238785664712,1.312336,0,3.3937665128,74.771327852,14,5,14.532,24.257278335288,34.120736,10.2004464,53.35302008,0,0,0.894776,261.9, 1, 0.3,,,0,0,1024,1024,1024,1024,0,0,0,0,256.6,0,0,52,3.635,3.63,3.629,3.63,0,0,6.243,85.28,-7.238785664712,2.624672,33,Confirm_Landing
148400,2026-05-09 10:22:06,2.296588,,,-7.566869664712,1.312336,0,3.4003281928,74.786419716,14,5,14.532,24.257278335288,34.120736,10.2004464,53.35302008,0,0,0.894776,262, 0.7, 0.2,,,0,0,1024,1024,1024,1024,0,0,0,0,256.6,0,0,52,3.635,3.63,3.629,3.63,0,0,6.243,85.28,-7.566869664712,2.296588,33,Confirm_Landing
148500,2026-05-09 10:22:06,2.296588,,,-7.566869664712,1.312336,0,3.4215552276,74.814306856,14,5,14.532,24.257278335288,34.120736,10.2004464,53.35302008,0,0,0.671082,262, 0.4, 0,,,0,0,1024,1024,1024,1024,0,0,0,0,256.6,0,0,52,3.635,3.63,3.629,3.63,0,0,6.243,85.28,-7.566869664712,2.296588,33,Confirm_Landing
148600,2026-05-09 10:22:06,2.296588,,,-7.566869664712,0.984252,0,3.4286090336,74.823165124,13,5,14.532,24.257278335288,34.120736,10.2004464,53.35302008,0,0,0.671082,262, 0.3, 0,,,0,0,1024,1024,1024,1024,0,0,0,0,256.6,0,0,52,3.635,3.63,3.629,3.63,0,0,6.243,85.28,-7.566869664712,2.296588,33,Confirm_Landing
148700,2026-05-09 10:22:06,1.968504,,,-7.894953664712,0.984252,0,3.4300526032,74.82939872,13,5,14.532,24.257278335288,34.120736,10.2004464,53.35302008,0,0,0.671082,262.1, 0.4, 0.1,,,0,0,1024,1024,1024,1024,0,0,0,0,256.6,0,0,52,3.635,3.63,3.629,3.63,0,0,6.243,85.28,-7.894953664712,1.968504,33,Confirm_Landing
148800,2026-05-09 10:22:06,1.968504,,,-7.894953664712,0.984252,0,3.4314961728,74.836288484,14,5,14.532,24.257278335288,34.120736,10.2004464,53.35302008,0,0,0.671082,262.1, 0.5, 0.3,,,0,0,1024,1024,1024,1024,0,0,0,0,256.6,0,0,52,3.635,3.63,3.629,3.63,0,0,6.243,85.28,-7.894953664712,1.968504,33,Confirm_Landing
148900,2026-05-09 10:22:06,1.968504,,,-7.894953664712,0.656168,0,3.4318242568,74.871393472,14,5,14.532,24.257278335288,34.120736,10.2004464,53.35302008,0,0,0.447388,262.1, 0.4, 0.3,,,0,0,1024,1024,1024,1024,0,0,0,0,256.6,0,0,52,3.635,3.63,3.629,3.63,0,0,6.243,85.28,-7.894953664712,1.968504,33,Confirm_Landing
149000,2026-05-09 10:22:07,1.64042,,,-8.223037664712,0.656168,0,3.4389436796,74.913716308,14,5,14.532,24.257278335288,34.120736,10.2004464,53.35302008,0,0,0.447388,262.1, 0.3, 0.3,,,0,0,1024,1024,1024,1024,0,0,0,0,256.6,0,0,52,3.635,3.63,3.629,3.63,0,0,6.243,85.28,-8.223037664712,1.64042,33,Confirm_Landing
149100,2026-05-09 10:22:07,1.64042,,,-8.223037664712,0.656168,0,3.437664152,74.927495836,14,5,14.599,24.257278335288,34.120736,10.2004464,53.35302008,0,0,0.447388,262.2, 0.2, 0,,,0,0,1024,1024,1024,1024,0,0,0,0,256.6,0,0,52,3.637,3.632,3.631,3.631,0,0,6.022,85.28,-8.223037664712,1.64042,33,Confirm_Landing
149200,2026-05-09 10:22:07,1.64042,,,-8.223037664712,0.656168,0,3.4528216328,74.970146756,15,5,14.599,24.257278335288,34.120736,10.2004464,53.35302008,0,0,0.447388,262.2, 0, 0.2,,,0,0,1024,1024,1024,1024,0,0,0,0,256.6,0,0,52,3.637,3.632,3.631,3.631,0,0,6.022,85.28,-8.223037664712,1.64042,33,Confirm_Landing
149300,2026-05-09 10:22:07,1.64042,,,-8.223037664712,0.656168,0,3.448654966,74.974411848,15,5,14.599,24.257278335288,34.120736,10.2004464,53.35302008,0,0,0.447388,262.1, 0.1, 0.1,,,0,0,1024,1024,1024,1024,0,0,0,0,256.6,0,0,52,3.637,3.632,3.631,3.631,0,0,6.022,85.28,-8.223037664712,1.64042,33,Confirm_Landing
149400,2026-05-09 10:22:07,1.312336,,,-8.551121664712,0.328084,0,3.4303478788,74.992784552,14,5,14.599,24.257278335288,34.120736,10.2004464,53.35302008,0,0,0.447388,262.2, 0.3, -0.3,,,0,0,1024,1024,1024,1024,0,0,0,0,256.6,0,0,52,3.637,3.632,3.631,3.631,0,0,6.022,85.28,-8.551121664712,1.312336,33,Confirm_Landing
149500,2026-05-09 10:22:07,1.312336,,,-8.551121664712,0.328084,0,3.4233268812,75.005251744,14,5,14.599,24.257278335288,34.120736,10.2004464,53.35302008,0,0,0.447388,262.2, 0.3, -0.5,,,0,0,1024,1024,1024,1024,0,0,0,0,256.6,0,0,52,3.637,3.632,3.631,3.631,0,0,6.022,85.28,-8.551121664712,1.312336,33,Confirm_Landing
149600,2026-05-09 10:22:07,1.312336,,,-8.551121664712,0.328084,0,3.4146326552,75.014110012,13,5,14.599,24.257278335288,34.120736,10.2004464,53.35302008,0,0,0.447388,262.2, 0.3, -0.5,,,0,0,1024,1024,1024,1024,0,0,0,0,256.6,0,0,52,3.637,3.632,3.631,3.631,0,0,6.022,85.28,-8.551121664712,1.312336,33,Confirm_Landing
149700,2026-05-09 10:22:07,1.312336,,,-8.551121664712,0.328084,0,3.4108596892,75.023624448,13,5,14.599,24.257278335288,34.120736,10.2004464,53.35302008,0,0,0.223694,262.2, 0.2, -0.3,,,0,0,1024,1024,1024,1024,0,0,0,0,256.6,0,0,52,3.637,3.632,3.631,3.631,0,0,6.022,85.28,-8.551121664712,1.312336,33,Confirm_Landing
149800,2026-05-09 10:22:07,0.984252,,,-8.879205664712,0.328084,0,3.4020014212,75.05577668,13,5,14.599,24.257278335288,34.120736,10.2004464,53.35302008,0,0,0.223694,262.1, 0, -0.6,,,0,0,1024,1024,1024,1024,0,0,0,0,256.6,0,0,52,3.637,3.632,3.631,3.631,0,0,6.022,85.28,-8.879205664712,0.984252,33,Confirm_Landing
149900,2026-05-09 10:22:07,0.984252,,,-8.879205664712,0.328084,0,3.397637904,75.069556208,13,5,14.599,24.257278335288,34.120736,10.2004464,53.35302008,0,0,0.223694,262.1, -0.2, -0.8,,,0,0,1024,1024,1024,1024,0,0,0,0,256.6,0,0,52,3.637,3.632,3.631,3.631,0,0,6.022,85.28,-8.879205664712,0.984252,33,Confirm_Landing
150000,2026-05-09 10:22:08,0.984252,,,-8.879205664712,0,0,3.375820318,75.105973532,13,5,14.599,24.257278335288,34.120736,10.2004464,53.35302008,0,0,0,261.8, 2.3, 1.3,,,0,0,1024,1024,1024,1024,0,0,0,0,256.6,0,0,52,3.637,3.632,3.631,3.631,0,0,6.022,85.28,-8.879205664712,0.984252,33,Confirm_Landing
150100,2026-05-09 10:22:08,0.984252,,,-8.879205664712,0.328084,0,3.371227142,75.119096892,13,5,14.549,24.257278335288,34.120736,10.2004464,53.35302008,0,0,0,261.6, 4.2, 1.2,,,0,0,1024,1024,1024,1024,0,0,0,0,256.6,0,0,52,3.639,3.634,3.634,3.633,0,0,5.988,85.46,-8.879205664712,0.984252,33,Confirm_Landing
150200,2026-05-09 10:22:08,0.984252,,,-8.879205664712,0.328084,0,3.3606956456,75.136485344,13,5,14.549,24.257278335288,34.120736,10.2004464,53.35302008,0,0,0,261.7, 6.2, 1.2,,,0,0,1024,1024,1024,1024,0,0,0,0,256.6,0,0,52,3.639,3.634,3.634,3.633,0,0,5.988,85.46,-8.879205664712,0.984252,33,Confirm_Landing
150300,2026-05-09 10:22:08,0.984252,,,-8.879205664712,0.328084,0,3.3588583752,75.141406604,13,5,14.549,24.257278335288,34.120736,10.2004464,53.35302008,0,0,0,261.8, 6.5, 1.2,,,0,0,1024,1024,1024,1024,0,0,0,0,256.6,0,0,52,3.639,3.634,3.634,3.633,0,0,5.988,85.46,-8.879205664712,0.984252,33,Confirm_Landing
150400,2026-05-09 10:22:08,0.984252,,,-8.879205664712,0.328084,0,3.3558400024,75.146327864,14,5,14.549,24.257278335288,34.120736,10.2004464,53.35302008,0,0,0,261.8, 6.5, 1.2,,,0,0,1024,1024,1024,1024,0,0,0,0,256.6,0,0,52,3.639,3.634,3.634,3.633,0,0,5.988,85.46,-8.879205664712,0.984252,33,Confirm_Landing
150500,2026-05-09 10:22:08,0.984252,,,-8.879205664712,0.328084,0,3.3663386904,75.16076356,14,5,14.549,24.257278335288,34.120736,10.2004464,53.35302008,0,0,0,261.8, 6.6, 1.1,,,0,0,1024,1024,1024,1024,0,0,0,0,256.6,0,0,52,3.639,3.634,3.634,3.633,0,0,5.988,85.46,-8.879205664712,0.984252,33,Confirm_Landing
150600,2026-05-09 10:22:08,0.984252,,,-8.879205664712,0.328084,0,3.3638124436,75.166997156,14,5,14.549,24.257278335288,34.120736,10.2004464,53.35302008,0,0,0,261.8, 6.6, 1.1,,,0,0,1024,1024,1024,1024,0,0,0,0,256.6,0,0,52,3.639,3.634,3.634,3.633,0,0,5.988,85.46,-8.879205664712,0.984252,33,Confirm_Landing
150700,2026-05-09 10:22:08,0.984252,,,-8.879205664712,0.328084,0,3.3621720236,75.170934164,14,5,14.549,24.257278335288,34.120736,10.2004464,53.35302008,0,0,0,261.8, 6.6, 1.1,,,0,0,1024,1024,1024,1024,0,0,0,0,256.6,0,0,52,3.639,3.634,3.634,3.633,0,0,5.988,85.46,-8.879205664712,0.984252,33,Confirm_Landing
150800,2026-05-09 10:22:08,0.984252,,,-8.879205664712,0.328084,0,3.3612533884,75.174543088,14,5,14.549,24.257278335288,34.120736,10.2004464,53.35302008,0,0,0,261.8, 6.6, 1.1,,,0,0,1024,1024,1024,1024,0,0,0,0,256.6,0,0,52,3.639,3.634,3.634,3.633,0,0,5.988,85.46,-8.879205664712,0.984252,33,Confirm_Landing
150800,2026-05-09 10:22:08,0,,,-9.863457664712,0.328084,0,3.361548664,75.182745188,14,5,14.549,24.257278335288,34.120736,10.2004464,53.35302008,0,0,0,261.8, 6.6, 1.1,,,0,0,1024,1024,1024,1024,0,0,0,0,256.6,0,0,52,3.639,3.634,3.634,3.633,0,0,5.988,85.46,-9.863457664712,0,33,Confirm_Landing
